#-----------------------------------------------------------
# Vivado v2025.2 (64-bit)
# SW Build 6299465 on Fri Nov 14 12:34:56 MST 2025
# IP Build 6300035 on Fri Nov 14 10:48:45 MST 2025
# SharedData Build 6298862 on Thu Nov 13 04:50:51 MST 2025
# Start of session at: Mon May 25 14:43:50 2026
# Process ID         : 20321
# Current directory  : /home/nhanenten/Desktop/HW_SW/Lab3/Lab3_HLS/Lab3_HLS/hls/impl/verilog
# Command line       : vivado -mode batch -source run_vivado.tcl
# Log file           : /home/nhanenten/Desktop/HW_SW/Lab3/Lab3_HLS/Lab3_HLS/hls/impl/verilog/vivado.log
# Journal file       : /home/nhanenten/Desktop/HW_SW/Lab3/Lab3_HLS/Lab3_HLS/hls/impl/verilog/vivado.jou
# Running On         : NhanEnten
# Platform           : Ubuntu
# Operating System   : Ubuntu 24.04.4 LTS
# Processor Detail   : 13th Gen Intel(R) Core(TM) i5-1335U
# CPU Frequency      : 4172.111 MHz
# CPU Physical cores : 10
# CPU Logical cores  : 12
# Host memory        : 16383 MB
# Swap memory        : 0 MB
# Total Virtual      : 16383 MB
# Available Virtual  : 8497 MB
#-----------------------------------------------------------
source run_vivado.tcl
# source ./settings.tcl
## set top_module matmul
## set language verilog
## set family zynq
## set device xc7z010
## set package -clg400
## set speed -1
## set clock ap_clk
## set fsm_ext "off"
## set add_io_buffers false 
# source -notrace ./extraction.tcl
# set vivado_proj_name project
# set vivado_proj_dir .
# set target_device "${device}${package}${speed}"
# set target_clk_period_ns "10.000"
# set target_clk_freq_hz [expr {floor(1000 / $target_clk_period_ns) * 1000000}]
# set other_clks_freq_hz {}
# set ip_vlnv xilinx.com:hls:matmul:1.0
# set ip_repo_path ../ip
# set bd_design_name bd_0
# set bd_inst_name hls_inst
# set bd_props {}
# set has_synth true
# set synth_design_args {-directive sdx_optimization_effort_high}
# set synth_dcp ""
# set synth_props {}
# set has_impl 1
# set impl_props {}
# set has_subcore 0
# set report_options [dict create]
# dict set report_options report_level 2
# dict set report_options report_max_paths 10
# dict set report_options stdout_hls_reports 1
# dict set report_options stdout_vivado_reports 0
# dict set report_options hls_project Lab3_HLS
# dict set report_options hls_solution hls
# dict set report_options has_synth $has_synth
# dict set report_options has_impl $has_impl
# dict set report_options vivado_reportbasename $top_module
# dict set report_options vivado_reportdir ./report
# dict set report_options hls_impl_dir ..
# dict set report_options hls_reportdir ../report/$language
# dict set report_options target_clk_period $target_clk_period_ns
# dict set report_options target_device $target_device
# dict set report_options language $language
# dict set report_options clock_name $clock
# dict set report_options error_if_impl_timing_fails false
# dict set report_options topmodule "matmul"
# dict set report_options funcmodules {}
# dict set report_options bindmodules {matmul_mul_32s_32s_32_2_1 matmul_flow_control_loop_pipe}
# dict set report_options max_module_depth 5
# create_project $vivado_proj_name $vivado_proj_dir -part $target_device -force
# set_property target_language $language [current_project]
# if { ![file exists $ip_repo_path] } {
#   error "Cannot find packaged HLS IP"
# }
# set_property ip_repo_paths [file normalize $ip_repo_path] [current_project]
# update_ip_catalog
INFO: [IP_Flow 19-234] Refreshing IP repositories
INFO: [IP_Flow 19-1700] Loaded user IP repository '/home/nhanenten/Desktop/HW_SW/Lab3/Lab3_HLS/Lab3_HLS/hls/impl/ip'.
INFO: [IP_Flow 19-2313] Loaded Vivado IP repository '/home/nhanenten/2025.2/data/ip'.
# create_bd_design bd_0
Wrote  : </home/nhanenten/Desktop/HW_SW/Lab3/Lab3_HLS/Lab3_HLS/hls/impl/verilog/project.srcs/sources_1/bd/bd_0/bd_0.bd> 
# set cell_inst [create_bd_cell -type ip -vlnv $ip_vlnv $bd_inst_name]
# if { [llength $bd_props] } { 
#   set_property -dict $bd_props $cell_inst 
# }
# make_bd_pins_external $cell_inst
# make_bd_intf_pins_external $cell_inst
# set bd_clk_ports [get_bd_ports -filter {TYPE==clk}]
# if { $target_clk_freq_hz ne "" } { 
#   foreach bd_clk_port $bd_clk_ports {
#     # Remove "_0" suffix from BD ports & interfaces so they match IP ports 
#     set clk_name [regsub {_0$} [get_property name $bd_clk_port] {}]
#     set port_freq_hz $target_clk_freq_hz
#     if { [dict exists $other_clks_freq_hz $clk_name] } {
#         set port_freq_hz [dict get $other_clks_freq_hz $clk_name]
#     }
#     set_property CONFIG.FREQ_HZ $port_freq_hz $bd_clk_port
#   }
# }
# foreach bd_port [get_bd_intf_ports] {
#   set_property name [regsub {_0$} [get_property name $bd_port] {}] $bd_port
# }
# foreach bd_port [get_bd_ports -filter {INTF!=TRUE}] {
#   set_property name [regsub {_0$} [get_property name $bd_port] {}] $bd_port
# }
# set s_axi_addr_width_min 32
WARNING: [BD 5-233] No interface ports matched 'get_bd_intf_ports -filter {MODE == "Slave" && VLNV =~ "xilinx.com:interface:aximm_rtl:*"}'
# foreach bd_port [get_bd_intf_ports -filter {MODE == "Slave" && VLNV =~ "xilinx.com:interface:aximm_rtl:*"}] {
#   set bd_port_addr_width [get_property CONFIG.ADDR_WIDTH $bd_port]
#   if { $bd_port_addr_width < $s_axi_addr_width_min } {
#     puts "INFO: Updating $bd_port CONFIG.ADDR_WIDTH to $s_axi_addr_width_min"
#     set_property CONFIG.ADDR_WIDTH $s_axi_addr_width_min $bd_port
#   }
# }
# set_msg_config -id {[BD 41-1265]} -severity {CRITICAL WARNING} -new_severity {INFO}
# assign_bd_address
INFO: [BD 41-3093] Triggering Legacy Auto Assign Algorithm
Wrote  : </home/nhanenten/Desktop/HW_SW/Lab3/Lab3_HLS/Lab3_HLS/hls/impl/verilog/project.srcs/sources_1/bd/bd_0/bd_0.bd> 
Verilog Output written to : /home/nhanenten/Desktop/HW_SW/Lab3/Lab3_HLS/Lab3_HLS/hls/impl/verilog/project.gen/sources_1/bd/bd_0/synth/bd_0.v
Verilog Output written to : /home/nhanenten/Desktop/HW_SW/Lab3/Lab3_HLS/Lab3_HLS/hls/impl/verilog/project.gen/sources_1/bd/bd_0/sim/bd_0.v
Verilog Output written to : /home/nhanenten/Desktop/HW_SW/Lab3/Lab3_HLS/Lab3_HLS/hls/impl/verilog/project.gen/sources_1/bd/bd_0/hdl/bd_0_wrapper.v
# set toprtl [make_wrapper -files [get_files ${bd_design_name}.bd] -top]
# add_files -norecurse $toprtl
# set top_inst_name [file root [file tail $toprtl]]
# puts "Using BD top: $top_inst_name"
Using BD top: bd_0_wrapper
# set xdc_files [glob -nocomplain ./*.xdc]
# if { [llength $xdc_files] } {
#     add_files -fileset constrs_1 -norecurse $xdc_files
# }
# launch_runs synth_1 -scripts_only
INFO: [BD 41-1662] The design 'bd_0.bd' is already validated. Therefore parameter propagation will not be re-run.
Verilog Output written to : /home/nhanenten/Desktop/HW_SW/Lab3/Lab3_HLS/Lab3_HLS/hls/impl/verilog/project.gen/sources_1/bd/bd_0/synth/bd_0.v
Verilog Output written to : /home/nhanenten/Desktop/HW_SW/Lab3/Lab3_HLS/Lab3_HLS/hls/impl/verilog/project.gen/sources_1/bd/bd_0/sim/bd_0.v
Verilog Output written to : /home/nhanenten/Desktop/HW_SW/Lab3/Lab3_HLS/Lab3_HLS/hls/impl/verilog/project.gen/sources_1/bd/bd_0/hdl/bd_0_wrapper.v
INFO: [BD 41-1029] Generation completed for the IP Integrator block hls_inst .
Exporting to file /home/nhanenten/Desktop/HW_SW/Lab3/Lab3_HLS/Lab3_HLS/hls/impl/verilog/project.gen/sources_1/bd/bd_0/hw_handoff/bd_0.hwh
Generated Hardware Definition File /home/nhanenten/Desktop/HW_SW/Lab3/Lab3_HLS/Lab3_HLS/hls/impl/verilog/project.gen/sources_1/bd/bd_0/synth/bd_0.hwdef
INFO: [BD 41-3262] Generated VHDL Instantiation Template file /home/nhanenten/Desktop/HW_SW/Lab3/Lab3_HLS/Lab3_HLS/hls/impl/verilog/project.gen/sources_1/bd/bd_0/bd_0.vho
INFO: [BD 41-3262] Generated Verilog Instantiation Template file /home/nhanenten/Desktop/HW_SW/Lab3/Lab3_HLS/Lab3_HLS/hls/impl/verilog/project.gen/sources_1/bd/bd_0/bd_0.veo
INFO: [BD 41-3262] Generated System Verilog Instantiation Template file /home/nhanenten/Desktop/HW_SW/Lab3/Lab3_HLS/Lab3_HLS/hls/impl/verilog/project.gen/sources_1/bd/bd_0/bd_0_sv.sveo
WARNING: [Vivado 12-7122] Auto Incremental Compile:: No reference checkpoint was found in run synth_1. Auto-incremental flow will not be run, the standard flow will be run instead.
# foreach run [get_runs -filter {IS_SYNTHESIS == 1}] {
#   reset_run [get_runs $run]
# }
# set_property XPM_LIBRARIES {XPM_MEMORY XPM_FIFO} [current_project]
# hls_vivado_reports_setup $report_options
TIMESTAMP: HLS-REPORT: initialize report directories: 2026-05-25 14:43:56 +07
# if { $has_subcore } { report_ip_status }
# if { $has_synth || $has_impl } {
#   # synth properties setting
#   set_property -name {STEPS.SYNTH_DESIGN.ARGS.MORE OPTIONS} -value {-mode out_of_context} -objects [get_runs synth_1]
#   set ip_inst [get_ips -quiet ${bd_design_name}*${bd_inst_name}*]
#   if { ![llength $ip_inst] } {
#       error "Cannot find HLS IP instance: ${bd_design_name}*${bd_inst_name}*"
#   }
#   set synth_run [get_runs -filter {IS_SYNTHESIS == 1} ${ip_inst}*]
#   if { ![llength $synth_run] } {
#       error "Cannot find synth run for HLS IP: ${ip_inst}*"
#   }
# 
#   if { [llength $synth_design_args] } {
#       set_property -name {STEPS.SYNTH_DESIGN.ARGS.MORE OPTIONS} -value $synth_design_args -objects $synth_run
#   }
# 
#   if { [llength $synth_props] } {
#     set_property -dict $synth_props $synth_run
#   }
# 
#   # launch run synth
#   launch_runs synth_1
#   wait_on_run synth_1
#   # synth reports
#   hls_vivado_reports_synth synth_1 $report_options
#   if { $synth_dcp ne "" } {
#     file mkdir [file dirname $synth_dcp]
#     set run_dcp [glob -nocomplain [get_property DIRECTORY $synth_run]/*.dcp]
#     if { [llength $run_dcp] != 1 } { error "Cannot find single dcp file for run $synth_run" }
#     file copy -force $run_dcp $synth_dcp
#   }
# }
WARNING: [Vivado 12-7122] Auto Incremental Compile:: No reference checkpoint was found in run synth_1. Auto-incremental flow will not be run, the standard flow will be run instead.
[Mon May 25 14:43:56 2026] Launched bd_0_hls_inst_0_synth_1...
Run output will be captured here: /home/nhanenten/Desktop/HW_SW/Lab3/Lab3_HLS/Lab3_HLS/hls/impl/verilog/project.runs/bd_0_hls_inst_0_synth_1/runme.log
[Mon May 25 14:43:56 2026] Launched synth_1...
Run output will be captured here: /home/nhanenten/Desktop/HW_SW/Lab3/Lab3_HLS/Lab3_HLS/hls/impl/verilog/project.runs/synth_1/runme.log
[Mon May 25 14:43:56 2026] Waiting for synth_1 to finish...

*** Running vivado
    with args -log bd_0_wrapper.vds -m64 -product Vivado -mode batch -messageDb vivado.pb -notrace -source bd_0_wrapper.tcl


****** Vivado v2025.2 (64-bit)
  **** SW Build 6299465 on Fri Nov 14 12:34:56 MST 2025
  **** IP Build 6300035 on Fri Nov 14 10:48:45 MST 2025
  **** SharedData Build 6298862 on Thu Nov 13 04:50:51 MST 2025
  **** Start of session at: Mon May 25 14:44:23 2026
    ** Copyright 1986-2022 Xilinx, Inc. All Rights Reserved.
    ** Copyright 2022-2025 Advanced Micro Devices, Inc. All Rights Reserved.

source bd_0_wrapper.tcl -notrace
INFO: Dispatch client connection id - 34863
INFO: [IP_Flow 19-234] Refreshing IP repositories
INFO: [IP_Flow 19-1700] Loaded user IP repository '/home/nhanenten/Desktop/HW_SW/Lab3/Lab3_HLS/Lab3_HLS/hls/impl/ip'.
INFO: [IP_Flow 19-2313] Loaded Vivado IP repository '/home/nhanenten/2025.2/data/ip'.
Command: synth_design -top bd_0_wrapper -part xc7z010clg400-1 -mode out_of_context
Starting synth_design
Attempting to get a license for feature 'Synthesis' and/or device 'xc7z010'
INFO: [Common 17-349] Got license for feature 'Synthesis' and/or device 'xc7z010'
INFO: [Device 21-403] Loading part xc7z010clg400-1
INFO: [Synth 8-7079] Multithreading enabled for synth_design using a maximum of 7 processes.
INFO: [Synth 8-7078] Launching helper process for spawning children vivado processes
INFO: [Synth 8-7075] Helper process launched with PID 21125
---------------------------------------------------------------------------------
Starting RTL Elaboration : Time (s): cpu = 00:00:03 ; elapsed = 00:00:03 . Memory (MB): peak = 2238.738 ; gain = 486.156 ; free physical = 384 ; free virtual = 6641
---------------------------------------------------------------------------------
INFO: [Synth 8-6157] synthesizing module 'bd_0_wrapper' [/home/nhanenten/Desktop/HW_SW/Lab3/Lab3_HLS/Lab3_HLS/hls/impl/verilog/project.gen/sources_1/bd/bd_0/hdl/bd_0_wrapper.v:13]
INFO: [Synth 8-6157] synthesizing module 'bd_0' [/home/nhanenten/Desktop/HW_SW/Lab3/Lab3_HLS/Lab3_HLS/hls/impl/verilog/project.gen/sources_1/bd/bd_0/synth/bd_0.v:13]
INFO: [Synth 8-6157] synthesizing module 'bd_0_hls_inst_0' [/home/nhanenten/Desktop/HW_SW/Lab3/Lab3_HLS/Lab3_HLS/hls/impl/verilog/project.runs/synth_1/.Xil/Vivado-21077-NhanEnten/realtime/bd_0_hls_inst_0_stub.v:6]
INFO: [Synth 8-6155] done synthesizing module 'bd_0_hls_inst_0' (0#1) [/home/nhanenten/Desktop/HW_SW/Lab3/Lab3_HLS/Lab3_HLS/hls/impl/verilog/project.runs/synth_1/.Xil/Vivado-21077-NhanEnten/realtime/bd_0_hls_inst_0_stub.v:6]
INFO: [Synth 8-6155] done synthesizing module 'bd_0' (0#1) [/home/nhanenten/Desktop/HW_SW/Lab3/Lab3_HLS/Lab3_HLS/hls/impl/verilog/project.gen/sources_1/bd/bd_0/synth/bd_0.v:13]
INFO: [Synth 8-6155] done synthesizing module 'bd_0_wrapper' (0#1) [/home/nhanenten/Desktop/HW_SW/Lab3/Lab3_HLS/Lab3_HLS/hls/impl/verilog/project.gen/sources_1/bd/bd_0/hdl/bd_0_wrapper.v:13]
---------------------------------------------------------------------------------
Finished RTL Elaboration : Time (s): cpu = 00:00:04 ; elapsed = 00:00:04 . Memory (MB): peak = 2329.707 ; gain = 577.125 ; free physical = 289 ; free virtual = 6546
---------------------------------------------------------------------------------
---------------------------------------------------------------------------------
Start Handling Custom Attributes
---------------------------------------------------------------------------------
---------------------------------------------------------------------------------
Finished Handling Custom Attributes : Time (s): cpu = 00:00:04 ; elapsed = 00:00:04 . Memory (MB): peak = 2344.551 ; gain = 591.969 ; free physical = 289 ; free virtual = 6546
---------------------------------------------------------------------------------
---------------------------------------------------------------------------------
Finished RTL Optimization Phase 1 : Time (s): cpu = 00:00:04 ; elapsed = 00:00:04 . Memory (MB): peak = 2344.551 ; gain = 591.969 ; free physical = 289 ; free virtual = 6546
---------------------------------------------------------------------------------
Netlist sorting complete. Time (s): cpu = 00:00:00 ; elapsed = 00:00:00 . Memory (MB): peak = 2344.551 ; gain = 0.000 ; free physical = 289 ; free virtual = 6546
INFO: [Project 1-570] Preparing netlist for logic optimization

Processing XDC Constraints
Initializing timing engine
Parsing XDC File [/home/nhanenten/Desktop/HW_SW/Lab3/Lab3_HLS/Lab3_HLS/hls/impl/verilog/project.gen/sources_1/bd/bd_0/ip/bd_0_hls_inst_0/bd_0_hls_inst_0/bd_0_hls_inst_0_in_context.xdc] for cell 'bd_0_i/hls_inst'
Finished Parsing XDC File [/home/nhanenten/Desktop/HW_SW/Lab3/Lab3_HLS/Lab3_HLS/hls/impl/verilog/project.gen/sources_1/bd/bd_0/ip/bd_0_hls_inst_0/bd_0_hls_inst_0/bd_0_hls_inst_0_in_context.xdc] for cell 'bd_0_i/hls_inst'
Parsing XDC File [/home/nhanenten/Desktop/HW_SW/Lab3/Lab3_HLS/Lab3_HLS/hls/impl/verilog/matmul.xdc]
Finished Parsing XDC File [/home/nhanenten/Desktop/HW_SW/Lab3/Lab3_HLS/Lab3_HLS/hls/impl/verilog/matmul.xdc]
Parsing XDC File [/home/nhanenten/Desktop/HW_SW/Lab3/Lab3_HLS/Lab3_HLS/hls/impl/verilog/project.runs/synth_1/dont_touch.xdc]
Finished Parsing XDC File [/home/nhanenten/Desktop/HW_SW/Lab3/Lab3_HLS/Lab3_HLS/hls/impl/verilog/project.runs/synth_1/dont_touch.xdc]
Completed Processing XDC Constraints

Netlist sorting complete. Time (s): cpu = 00:00:00 ; elapsed = 00:00:00 . Memory (MB): peak = 2393.477 ; gain = 0.000 ; free physical = 291 ; free virtual = 6551
INFO: [Project 1-111] Unisim Transformation Summary:
No Unisim elements were transformed.

Constraint Validation Runtime : Time (s): cpu = 00:00:00.01 ; elapsed = 00:00:00.01 . Memory (MB): peak = 2393.512 ; gain = 0.000 ; free physical = 291 ; free virtual = 6551
---------------------------------------------------------------------------------
Finished Constraint Validation : Time (s): cpu = 00:00:08 ; elapsed = 00:00:08 . Memory (MB): peak = 2393.512 ; gain = 640.930 ; free physical = 365 ; free virtual = 6610
---------------------------------------------------------------------------------
---------------------------------------------------------------------------------
Start Loading Part and Timing Information
---------------------------------------------------------------------------------
Loading part: xc7z010clg400-1
---------------------------------------------------------------------------------
Finished Loading Part and Timing Information : Time (s): cpu = 00:00:08 ; elapsed = 00:00:08 . Memory (MB): peak = 2401.480 ; gain = 648.898 ; free physical = 365 ; free virtual = 6610
---------------------------------------------------------------------------------
---------------------------------------------------------------------------------
Start Applying 'set_property' XDC Constraints
---------------------------------------------------------------------------------
---------------------------------------------------------------------------------
Finished applying 'set_property' XDC Constraints : Time (s): cpu = 00:00:08 ; elapsed = 00:00:08 . Memory (MB): peak = 2401.480 ; gain = 648.898 ; free physical = 365 ; free virtual = 6610
---------------------------------------------------------------------------------
---------------------------------------------------------------------------------
Finished RTL Optimization Phase 2 : Time (s): cpu = 00:00:08 ; elapsed = 00:00:08 . Memory (MB): peak = 2401.480 ; gain = 648.898 ; free physical = 373 ; free virtual = 6619
---------------------------------------------------------------------------------
---------------------------------------------------------------------------------
Start RTL Component Statistics 
---------------------------------------------------------------------------------
Detailed RTL Component Info : 
---------------------------------------------------------------------------------
Finished RTL Component Statistics 
---------------------------------------------------------------------------------
---------------------------------------------------------------------------------
Start Part Resource Summary
---------------------------------------------------------------------------------
Part Resources:
DSPs: 80 (col length:40)
BRAMs: 120 (col length: RAMB18 40 RAMB36 20)
---------------------------------------------------------------------------------
Finished Part Resource Summary
---------------------------------------------------------------------------------
---------------------------------------------------------------------------------
Start Cross Boundary and Area Optimization
---------------------------------------------------------------------------------
---------------------------------------------------------------------------------
Finished Cross Boundary and Area Optimization : Time (s): cpu = 00:00:08 ; elapsed = 00:00:09 . Memory (MB): peak = 2401.480 ; gain = 648.898 ; free physical = 375 ; free virtual = 6622
---------------------------------------------------------------------------------
---------------------------------------------------------------------------------
Start Applying XDC Timing Constraints
---------------------------------------------------------------------------------
---------------------------------------------------------------------------------
Finished Applying XDC Timing Constraints : Time (s): cpu = 00:00:11 ; elapsed = 00:00:11 . Memory (MB): peak = 2491.480 ; gain = 738.898 ; free physical = 333 ; free virtual = 6579
---------------------------------------------------------------------------------
---------------------------------------------------------------------------------
Start Timing Optimization
---------------------------------------------------------------------------------
---------------------------------------------------------------------------------
Finished Timing Optimization : Time (s): cpu = 00:00:11 ; elapsed = 00:00:12 . Memory (MB): peak = 2491.480 ; gain = 738.898 ; free physical = 333 ; free virtual = 6579
---------------------------------------------------------------------------------
---------------------------------------------------------------------------------
Start Technology Mapping
---------------------------------------------------------------------------------
---------------------------------------------------------------------------------
Finished Technology Mapping : Time (s): cpu = 00:00:11 ; elapsed = 00:00:12 . Memory (MB): peak = 2501.496 ; gain = 748.914 ; free physical = 321 ; free virtual = 6568
---------------------------------------------------------------------------------
---------------------------------------------------------------------------------
Start IO Insertion
---------------------------------------------------------------------------------
---------------------------------------------------------------------------------
Start Flattening Before IO Insertion
---------------------------------------------------------------------------------
---------------------------------------------------------------------------------
Finished Flattening Before IO Insertion
---------------------------------------------------------------------------------
---------------------------------------------------------------------------------
Start Final Netlist Cleanup
---------------------------------------------------------------------------------
---------------------------------------------------------------------------------
Finished Final Netlist Cleanup
---------------------------------------------------------------------------------
---------------------------------------------------------------------------------
Finished IO Insertion : Time (s): cpu = 00:00:13 ; elapsed = 00:00:14 . Memory (MB): peak = 2688.309 ; gain = 935.727 ; free physical = 240 ; free virtual = 6486
---------------------------------------------------------------------------------
---------------------------------------------------------------------------------
Start Renaming Generated Instances
---------------------------------------------------------------------------------
---------------------------------------------------------------------------------
Finished Renaming Generated Instances : Time (s): cpu = 00:00:13 ; elapsed = 00:00:14 . Memory (MB): peak = 2688.309 ; gain = 935.727 ; free physical = 240 ; free virtual = 6486
---------------------------------------------------------------------------------
---------------------------------------------------------------------------------
Start Rebuilding User Hierarchy
---------------------------------------------------------------------------------
---------------------------------------------------------------------------------
Finished Rebuilding User Hierarchy : Time (s): cpu = 00:00:13 ; elapsed = 00:00:14 . Memory (MB): peak = 2688.309 ; gain = 935.727 ; free physical = 240 ; free virtual = 6486
---------------------------------------------------------------------------------
---------------------------------------------------------------------------------
Start Renaming Generated Ports
---------------------------------------------------------------------------------
---------------------------------------------------------------------------------
Finished Renaming Generated Ports : Time (s): cpu = 00:00:13 ; elapsed = 00:00:14 . Memory (MB): peak = 2688.309 ; gain = 935.727 ; free physical = 240 ; free virtual = 6486
---------------------------------------------------------------------------------
---------------------------------------------------------------------------------
Start Handling Custom Attributes
---------------------------------------------------------------------------------
---------------------------------------------------------------------------------
Finished Handling Custom Attributes : Time (s): cpu = 00:00:13 ; elapsed = 00:00:14 . Memory (MB): peak = 2688.309 ; gain = 935.727 ; free physical = 240 ; free virtual = 6486
---------------------------------------------------------------------------------
---------------------------------------------------------------------------------
Start Renaming Generated Nets
---------------------------------------------------------------------------------
---------------------------------------------------------------------------------
Finished Renaming Generated Nets : Time (s): cpu = 00:00:13 ; elapsed = 00:00:14 . Memory (MB): peak = 2688.309 ; gain = 935.727 ; free physical = 240 ; free virtual = 6486
---------------------------------------------------------------------------------
---------------------------------------------------------------------------------
Start Writing Synthesis Report
---------------------------------------------------------------------------------

Report BlackBoxes: 
+------+----------------+----------+
|      |BlackBox name   |Instances |
+------+----------------+----------+
|1     |bd_0_hls_inst_0 |         1|
+------+----------------+----------+

Report Cell Usage: 
+------+--------------+------+
|      |Cell          |Count |
+------+--------------+------+
|1     |bd_0_hls_inst |     1|
+------+--------------+------+
---------------------------------------------------------------------------------
Finished Writing Synthesis Report : Time (s): cpu = 00:00:13 ; elapsed = 00:00:14 . Memory (MB): peak = 2688.309 ; gain = 935.727 ; free physical = 240 ; free virtual = 6486
---------------------------------------------------------------------------------
Synthesis finished with 0 errors, 0 critical warnings and 0 warnings.
Synthesis Optimization Runtime : Time (s): cpu = 00:00:12 ; elapsed = 00:00:13 . Memory (MB): peak = 2688.309 ; gain = 886.766 ; free physical = 239 ; free virtual = 6486
Synthesis Optimization Complete : Time (s): cpu = 00:00:13 ; elapsed = 00:00:14 . Memory (MB): peak = 2688.316 ; gain = 935.727 ; free physical = 239 ; free virtual = 6486
INFO: [Project 1-571] Translating synthesized netlist
Netlist sorting complete. Time (s): cpu = 00:00:00 ; elapsed = 00:00:00 . Memory (MB): peak = 2688.316 ; gain = 0.000 ; free physical = 239 ; free virtual = 6486
INFO: [Project 1-570] Preparing netlist for logic optimization
INFO: [Opt 31-138] Pushed 0 inverter(s) to 0 load pin(s).
Netlist sorting complete. Time (s): cpu = 00:00:00 ; elapsed = 00:00:00 . Memory (MB): peak = 2688.316 ; gain = 0.000 ; free physical = 391 ; free virtual = 6640
INFO: [Project 1-111] Unisim Transformation Summary:
No Unisim elements were transformed.

Synth Design complete | Checksum: b15a2a87
INFO: [Common 17-83] Releasing license: Synthesis
21 Infos, 0 Warnings, 0 Critical Warnings and 0 Errors encountered.
synth_design completed successfully
synth_design: Time (s): cpu = 00:00:19 ; elapsed = 00:00:18 . Memory (MB): peak = 2688.344 ; gain = 1049.395 ; free physical = 390 ; free virtual = 6638
INFO: [Common 17-2834] synth_design peak Physical Memory [PSS] (MB): overall = 1717.245; main = 1717.245; forked = 253.898
INFO: [Common 17-2834] synth_design peak Virtual Memory [VSS] (MB): overall = 3421.242; main = 2688.312; forked = 1019.758
INFO: [Common 17-1381] The checkpoint '/home/nhanenten/Desktop/HW_SW/Lab3/Lab3_HLS/Lab3_HLS/hls/impl/verilog/project.runs/synth_1/bd_0_wrapper.dcp' has been generated.
INFO: [Vivado 12-24828] Executing command : report_utilization -file bd_0_wrapper_utilization_synth.rpt -pb bd_0_wrapper_utilization_synth.pb
INFO: [Common 17-206] Exiting Vivado at Mon May 25 14:44:44 2026...
[Mon May 25 14:44:45 2026] synth_1 finished
wait_on_runs: Time (s): cpu = 00:01:09 ; elapsed = 00:00:48 . Memory (MB): peak = 1749.410 ; gain = 0.000 ; free physical = 1816 ; free virtual = 8064
TIMESTAMP: HLS-REPORT: synthesis open_run: 2026-05-25 14:44:45 +07
INFO: HLS-REPORT: Opening synthesis design database: open_run synth_1
Design is defaulting to impl run constrset: constrs_1
Design is defaulting to synth run part: xc7z010clg400-1
INFO: [Device 21-403] Loading part xc7z010clg400-1
INFO: [Project 1-5699] Read binary netlist with skipMacroContent - 1
INFO: [Project 1-454] Reading design checkpoint '/home/nhanenten/Desktop/HW_SW/Lab3/Lab3_HLS/Lab3_HLS/hls/impl/verilog/project.gen/sources_1/bd/bd_0/ip/bd_0_hls_inst_0/bd_0_hls_inst_0.dcp' for cell 'bd_0_i/hls_inst'
Netlist sorting complete. Time (s): cpu = 00:00:00.01 ; elapsed = 00:00:00 . Memory (MB): peak = 1887.715 ; gain = 0.000 ; free physical = 1741 ; free virtual = 7986
INFO: [Netlist 29-17] Analyzing 143 Unisim elements for replacement
INFO: [Netlist 29-28] Unisim Transformation completed in 0 CPU seconds
WARNING: [Netlist 29-43] Netlist 'bd_0_wrapper' is not ideal for floorplanning, since the cellview 'bd_0_hls_inst_0_matmul' defined in file 'bd_0_hls_inst_0.edf' contains large number of primitives.  Please consider enabling hierarchy in synthesis if you want to do floorplanning.
INFO: [Project 1-479] Netlist was created with Vivado 2025.2
INFO: [Project 1-570] Preparing netlist for logic optimization
Parsing XDC File [/home/nhanenten/Desktop/HW_SW/Lab3/Lab3_HLS/Lab3_HLS/hls/impl/verilog/matmul.xdc]
Finished Parsing XDC File [/home/nhanenten/Desktop/HW_SW/Lab3/Lab3_HLS/Lab3_HLS/hls/impl/verilog/matmul.xdc]
INFO: [Opt 31-138] Pushed 0 inverter(s) to 0 load pin(s).
Netlist sorting complete. Time (s): cpu = 00:00:00 ; elapsed = 00:00:00 . Memory (MB): peak = 2029.133 ; gain = 0.000 ; free physical = 1616 ; free virtual = 7862
INFO: [Project 1-111] Unisim Transformation Summary:
No Unisim elements were transformed.

TIMESTAMP: HLS-REPORT: synthesis generate_reports_vivado: 2026-05-25 14:44:47 +07
INFO: HLS-REPORT: Running report: report_utilization -file ./report/matmul_utilization_synth.rpt
INFO: HLS-REPORT: Running report: report_utilization -hierarchical -hierarchical_depth 5 -file ./report/matmul_utilization_hierarchical_synth.rpt
INFO: HLS-REPORT: Running report: report_timing_summary -file ./report/matmul_timing_synth.rpt
INFO: [Timing 38-35] Done setting XDC timing constraints.
INFO: [Timing 38-91] UpdateTimingParams: Speed grade: -1, Delay Type: min_max.
INFO: [Timing 38-191] Multithreading enabled for timing update using a maximum of 8 CPUs
WARNING: [Timing 38-242] The property HD.CLK_SRC of clock port "ap_clk" is not set. In out-of-context mode, this prevents timing estimation for clock delay/skew
Resolution: Set the HD.CLK_SRC property of the out-of-context port to the location of the clock buffer instance in the top-level design
INFO: HLS-REPORT: Running report: report_power -file ./report/matmul_power_synth.rpt -xpe ./matmul_power.xpe
Command: report_power -file ./report/matmul_power_synth.rpt -xpe ./matmul_power.xpe
Running Vector-less Activity Propagation...

Finished Running Vector-less Activity Propagation
12 Infos, 3 Warnings, 0 Critical Warnings and 0 Errors encountered.
report_power completed successfully
INFO: HLS-REPORT: Running report: report_timing -max_paths 10 -file ./report/matmul_timing_paths_synth.rpt
INFO: [Timing 38-91] UpdateTimingParams: Speed grade: -1, Delay Type: max.
INFO: [Timing 38-191] Multithreading enabled for timing update using a maximum of 8 CPUs
INFO: [Timing 38-78] ReportTimingParams: -max_paths 10 -nworst 1 -delay_type max -sort_by slack.
INFO: HLS-REPORT: Running report: report_design_analysis -file ./report/matmul_design_analysis_synth.rpt
INFO: [Implflow 30-839]  
INFO: HLS-REPORT: Running report: ::tclapp::xilinx::designutils::report_failfast -detailed_report synth -file ./report/matmul_failfast_synth.rpt
 -I- design metrics completed in 0 seconds
 -I- DONT_TOUCH metric completed in 0 seconds
 -I- MARK_DEBUG metric completed in 0 seconds
 -I- utilization metrics completed in 0 seconds
 -I- control set metrics completed in 0 seconds
 -I- methodology check metrics completed in 0 seconds
 -I- average fanout metrics completed in 0 seconds (0 modules)
 -I- non-FD high fanout nets completed in 0 seconds
 -I- path budgeting metrics completed in 0 seconds
#  +-----------------------------------------------------------------------------------------+
#  | Design Summary                                                                          |
#  | design_1                                                                                |
#  | xc7z010clg400-1                                                                         |
#  +-----------------------------------------------------------+-----------+--------+--------+
#  | Criteria                                                  | Guideline | Actual | Status |
#  +-----------------------------------------------------------+-----------+--------+--------+
#  | LUT                                                       | 70%       | 4.78%  | OK     |
#  | FD                                                        | 50%       | 1.17%  | OK     |
#  | LUTRAM+SRL                                                | 25%       | 0.00%  | OK     |
#  | MUXF7                                                     | 15%       | 0.00%  | OK     |
#  | DSP                                                       | 80%       | 7.50%  | OK     |
#  | RAMB/FIFO                                                 | 80%       | 0.00%  | OK     |
#  | DSP+RAMB+URAM (Avg)                                       | 70%       | 7.50%  | OK     |
#  | BUFGCE* + BUFGCTRL                                        | 24        | 0      | OK     |
#  | DONT_TOUCH (cells/nets)                                   | 0         | 0      | OK     |
#  | MARK_DEBUG (nets)                                         | 0         | 0      | OK     |
#  | Control Sets                                              | 330       | 13     | OK     |
#  | Average Fanout for modules > 100k cells                   | 4         | 2.36   | OK     |
#  | Max Average Fanout for modules > 100k cells               | 4         | 0      | OK     |
#  | Non-FD high fanout nets > 10k loads                       | 0         | 0      | OK     |
#  +-----------------------------------------------------------+-----------+--------+--------+
#  | TIMING-6 (No common primary clock between related clocks) | 0         | 0      | OK     |
#  | TIMING-7 (No common node between related clocks)          | 0         | 0      | OK     |
#  | TIMING-8 (No common period between related clocks)        | 0         | 0      | OK     |
#  | TIMING-14 (LUT on the clock tree)                         | 0         | 0      | OK     |
#  | TIMING-35 (No common node in paths with the same clock)   | 0         | 0      | OK     |
#  +-----------------------------------------------------------+-----------+--------+--------+
#  | Number of paths above max LUT budgeting (0.575ns)         | 0         | 0      | OK     |
#  | Number of paths above max Net budgeting (0.403ns)         | 0         | 0      | OK     |
#  +-----------------------------------------------------------+-----------+--------+--------+
 -I- Generated file /home/nhanenten/Desktop/HW_SW/Lab3/Lab3_HLS/Lab3_HLS/hls/impl/verilog/report/matmul_failfast_synth.rpt
 -I- Number of criteria to review: 0
 -I- This report should be run before placing the design and uses conservative guidelines beyond which runtime and timing closure will likely be more challenging
 -I- report_failfast completed in 0 seconds
TIMESTAMP: HLS-REPORT: synthesis gen_data_dict_vivado: 2026-05-25 14:44:51 +07
TIMESTAMP: HLS-REPORT: synth extract_util_hier: 2026-05-25 14:44:51 +07
TIMESTAMP: HLS-REPORT: synth get_cell_hier_data: 2026-05-25 14:44:51 +07
TIMESTAMP: HLS-REPORT: synth get_timing_paths: 2026-05-25 14:44:51 +07
TIMESTAMP: HLS-REPORT: synth process timing paths: 2026-05-25 14:44:51 +07
TIMESTAMP: HLS-REPORT: synth get_all_vv_rpt_files: 2026-05-25 14:44:51 +07
TIMESTAMP: HLS-REPORT: synthesis write_reports_vivado: 2026-05-25 14:44:51 +07
HLS EXTRACTION: synth area_totals:  0 17600 35200 80 120 0 0
HLS EXTRACTION: synth area_current: 0 842 411 6 0 0 0 0 0 0
HLS EXTRACTION: synth resources_dict: AVAIL_LUT 17600 LUT 842 AVAIL_FF 35200 FF 411 AVAIL_DSP 80 DSP 6 AVAIL_BRAM 120 BRAM 0 AVAIL_URAM 0 URAM 0 LATCH 0 SRL 0 AVAIL_CLB 0 CLB 0
INFO: HLS-REPORT: generated /home/nhanenten/Desktop/HW_SW/Lab3/Lab3_HLS/Lab3_HLS/hls/impl/verilog/report/vivado_syn.xml
INFO: HLS-REPORT: generated /home/nhanenten/Desktop/HW_SW/Lab3/Lab3_HLS/Lab3_HLS/hls/impl/report/verilog/matmul_export.rpt


Implementation tool: Xilinx Vivado v.2025.2
Project:             Lab3_HLS
Solution:            hls
Device target:       xc7z010-clg400-1
Report date:         Mon May 25 14:44:51 +07 2026

#=== Post-Synthesis Resource usage ===
SLICE:            0
LUT:            842
FF:             411
DSP:              6
BRAM:             0
URAM:             0
LATCH:            0
SRL:              0
CLB:              0

#=== Final timing ===
CP required:                     10.000
CP achieved post-synthesis:      3.826
Timing met

TIMESTAMP: HLS-REPORT: synthesis end: 2026-05-25 14:44:51 +07
# if { $has_impl } {
#   # launch run impl
#   if { [llength $impl_props] } {
#     set_property -dict $impl_props [get_runs impl_1]
#   }
#   launch_runs impl_1
#   wait_on_run impl_1
#   # impl reports
#   hls_vivado_reports_impl impl_1 $report_options
# }
INFO: [Timing 38-480] Writing timing data to binary archive.
Write ShapeDB Complete: Time (s): cpu = 00:00:00.01 ; elapsed = 00:00:00 . Memory (MB): peak = 2713.902 ; gain = 0.000 ; free physical = 1059 ; free virtual = 7326
WARNING: [Common 17-210] 'write_hwdef' is deprecated.
[Mon May 25 14:44:52 2026] Launched impl_1...
Run output will be captured here: /home/nhanenten/Desktop/HW_SW/Lab3/Lab3_HLS/Lab3_HLS/hls/impl/verilog/project.runs/impl_1/runme.log
[Mon May 25 14:44:52 2026] Waiting for impl_1 to finish...

*** Running vivado
    with args -log bd_0_wrapper.vdi -applog -m64 -product Vivado -messageDb vivado.pb -mode batch -source bd_0_wrapper.tcl -notrace


****** Vivado v2025.2 (64-bit)
  **** SW Build 6299465 on Fri Nov 14 12:34:56 MST 2025
  **** IP Build 6300035 on Fri Nov 14 10:48:45 MST 2025
  **** SharedData Build 6298862 on Thu Nov 13 04:50:51 MST 2025
  **** Start of session at: Mon May 25 14:44:53 2026
    ** Copyright 1986-2022 Xilinx, Inc. All Rights Reserved.
    ** Copyright 2022-2025 Advanced Micro Devices, Inc. All Rights Reserved.

source bd_0_wrapper.tcl -notrace
INFO: Dispatch client connection id - 34863
Command: open_checkpoint /home/nhanenten/Desktop/HW_SW/Lab3/Lab3_HLS/Lab3_HLS/hls/impl/verilog/project.runs/impl_1/bd_0_wrapper.dcp
INFO: [Device 21-403] Loading part xc7z010clg400-1
Netlist sorting complete. Time (s): cpu = 00:00:00.01 ; elapsed = 00:00:00.01 . Memory (MB): peak = 1775.914 ; gain = 0.000 ; free physical = 357 ; free virtual = 6637
INFO: [Netlist 29-17] Analyzing 143 Unisim elements for replacement
INFO: [Netlist 29-28] Unisim Transformation completed in 0 CPU seconds
WARNING: [Netlist 29-43] Netlist 'bd_0_wrapper' is not ideal for floorplanning, since the cellview 'bd_0_hls_inst_0_matmul' defined in file 'bd_0_hls_inst_0.edf' contains large number of primitives.  Please consider enabling hierarchy in synthesis if you want to do floorplanning.
INFO: [Project 1-479] Netlist was created with Vivado 2025.2
INFO: [Project 1-570] Preparing netlist for logic optimization
Read ShapeDB Complete: Time (s): cpu = 00:00:00 ; elapsed = 00:00:00.01 . Memory (MB): peak = 1850.695 ; gain = 0.000 ; free physical = 247 ; free virtual = 6527
INFO: [Timing 38-478] Restoring timing data from binary archive.
INFO: [Timing 38-479] Binary timing data restore complete.
INFO: [Project 1-856] Restoring constraints from binary archive.
INFO: [Project 1-853] Binary constraint restore complete.
Netlist sorting complete. Time (s): cpu = 00:00:00 ; elapsed = 00:00:00 . Memory (MB): peak = 2369.195 ; gain = 0.000 ; free physical = 216 ; free virtual = 6174
INFO: [Project 1-111] Unisim Transformation Summary:
No Unisim elements were transformed.

INFO: [Project 1-604] Checkpoint was created with Vivado v2025.2 (64-bit) build 6299465
open_checkpoint: Time (s): cpu = 00:00:17 ; elapsed = 00:00:07 . Memory (MB): peak = 2369.230 ; gain = 851.840 ; free physical = 216 ; free virtual = 6173
INFO: [IP_Flow 19-234] Refreshing IP repositories
INFO: [IP_Flow 19-1700] Loaded user IP repository '/home/nhanenten/Desktop/HW_SW/Lab3/Lab3_HLS/Lab3_HLS/hls/impl/ip'.
INFO: [IP_Flow 19-2313] Loaded Vivado IP repository '/home/nhanenten/2025.2/data/ip'.
Command: opt_design
Attempting to get a license for feature 'Implementation' and/or device 'xc7z010'
INFO: [Common 17-349] Got license for feature 'Implementation' and/or device 'xc7z010'
Running DRC as a precondition to command opt_design

Starting DRC Task
INFO: [DRC 23-27] Running DRC with 8 threads
WARNING: [DRC 23-814] Not all possible (connectivity based) DRCs may have been run because this design is seen as Out of Context.
INFO: [Project 1-461] DRC finished with 0 Errors
INFO: [Project 1-462] Please refer to the DRC report (report_drc) for more information.

Time (s): cpu = 00:00:00.52 ; elapsed = 00:00:00.23 . Memory (MB): peak = 2505.141 ; gain = 129.008 ; free physical = 271 ; free virtual = 6112

Starting Cache Timing Information Task
Ending Cache Timing Information Task | Checksum: 18e1c6cbc

Time (s): cpu = 00:00:00 ; elapsed = 00:00:00 . Memory (MB): peak = 2505.141 ; gain = 0.000 ; free physical = 274 ; free virtual = 6112

Starting Logic Optimization Task

Phase 1 Initialization

Phase 1.1 Core Generation And Design Setup
Phase 1.1 Core Generation And Design Setup | Checksum: 18e1c6cbc

Time (s): cpu = 00:00:00 ; elapsed = 00:00:00 . Memory (MB): peak = 2783.953 ; gain = 0.000 ; free physical = 151 ; free virtual = 5781

Phase 1.2 Setup Constraints And Sort Netlist
Phase 1.2 Setup Constraints And Sort Netlist | Checksum: 18e1c6cbc

Time (s): cpu = 00:00:00 ; elapsed = 00:00:00 . Memory (MB): peak = 2783.953 ; gain = 0.000 ; free physical = 151 ; free virtual = 5781
Phase 1 Initialization | Checksum: 18e1c6cbc

Time (s): cpu = 00:00:00 ; elapsed = 00:00:00 . Memory (MB): peak = 2783.953 ; gain = 0.000 ; free physical = 151 ; free virtual = 5781

Phase 2 Timer Update And Timing Data Collection

Phase 2.1 Detect if minReqCache needed
Phase 2.1 Detect if minReqCache needed | Checksum: 18e1c6cbc

Time (s): cpu = 00:00:00.01 ; elapsed = 00:00:00.01 . Memory (MB): peak = 2783.953 ; gain = 0.000 ; free physical = 160 ; free virtual = 5790

Phase 2.2 Timer Update
Phase 2.2 Timer Update | Checksum: 18e1c6cbc

Time (s): cpu = 00:00:00.01 ; elapsed = 00:00:00.01 . Memory (MB): peak = 2783.953 ; gain = 0.000 ; free physical = 158 ; free virtual = 5788
Phase 2 Timer Update And Timing Data Collection | Checksum: 18e1c6cbc

Time (s): cpu = 00:00:00.01 ; elapsed = 00:00:00.01 . Memory (MB): peak = 2783.953 ; gain = 0.000 ; free physical = 163 ; free virtual = 5791

Phase 3 Retarget
INFO: [Opt 31-1851] Number of loadless carry chains removed were: 0
INFO: [Opt 31-1834] Total Chains To Be Transformed Were: 0 AND Number of Transformed insts Created are: 0
INFO: [Opt 31-138] Pushed 0 inverter(s) to 0 load pin(s).
INFO: [Opt 31-49] Retargeted 0 cell(s).
Phase 3 Retarget | Checksum: 18e1c6cbc

Time (s): cpu = 00:00:00.03 ; elapsed = 00:00:00.03 . Memory (MB): peak = 2783.953 ; gain = 0.000 ; free physical = 211 ; free virtual = 5790
Retarget | Checksum: 18e1c6cbc
INFO: [Opt 31-389] Phase Retarget created 0 cells and removed 0 cells

Phase 4 Constant propagation
INFO: [Opt 31-138] Pushed 0 inverter(s) to 0 load pin(s).
Phase 4 Constant propagation | Checksum: 12f7abed3

Time (s): cpu = 00:00:00.04 ; elapsed = 00:00:00.04 . Memory (MB): peak = 2783.953 ; gain = 0.000 ; free physical = 212 ; free virtual = 5791
Constant propagation | Checksum: 12f7abed3
INFO: [Opt 31-389] Phase Constant propagation created 0 cells and removed 0 cells

Phase 5 Sweep
INFO: [Constraints 18-11670] Building netlist checker database with flags, 0x8
Done building netlist checker database: Time (s): cpu = 00:00:00 ; elapsed = 00:00:00 . Memory (MB): peak = 2783.953 ; gain = 0.000 ; free physical = 212 ; free virtual = 5791
INFO: [Constraints 18-11670] Building netlist checker database with flags, 0x8
Done building netlist checker database: Time (s): cpu = 00:00:00 ; elapsed = 00:00:00 . Memory (MB): peak = 2783.953 ; gain = 0.000 ; free physical = 211 ; free virtual = 5790
Phase 5 Sweep | Checksum: 1f3d3e007

Time (s): cpu = 00:00:00.06 ; elapsed = 00:00:00.06 . Memory (MB): peak = 2783.953 ; gain = 0.000 ; free physical = 211 ; free virtual = 5790
Sweep | Checksum: 1f3d3e007
INFO: [Opt 31-389] Phase Sweep created 0 cells and removed 0 cells

Phase 6 BUFG optimization
Phase 6 BUFG optimization | Checksum: 1f3d3e007

Time (s): cpu = 00:00:00.06 ; elapsed = 00:00:00.07 . Memory (MB): peak = 2815.969 ; gain = 32.016 ; free physical = 210 ; free virtual = 5789
BUFG optimization | Checksum: 1f3d3e007
INFO: [Opt 31-662] Phase BUFG optimization created 0 cells of which 0 are BUFGs and removed 0 cells.

Phase 7 Shift Register Optimization
INFO: [Opt 31-1064] SRL Remap converted 0 SRLs to 0 registers and converted 0 registers of register chains to 0 SRLs
Phase 7 Shift Register Optimization | Checksum: 1f3d3e007

Time (s): cpu = 00:00:00.06 ; elapsed = 00:00:00.07 . Memory (MB): peak = 2815.969 ; gain = 32.016 ; free physical = 210 ; free virtual = 5789
Shift Register Optimization | Checksum: 1f3d3e007
INFO: [Opt 31-389] Phase Shift Register Optimization created 0 cells and removed 0 cells

Phase 8 Post Processing Netlist
Phase 8 Post Processing Netlist | Checksum: 1f3d3e007

Time (s): cpu = 00:00:00.06 ; elapsed = 00:00:00.07 . Memory (MB): peak = 2815.969 ; gain = 32.016 ; free physical = 210 ; free virtual = 5789
Post Processing Netlist | Checksum: 1f3d3e007
INFO: [Opt 31-389] Phase Post Processing Netlist created 0 cells and removed 0 cells

Phase 9 Finalization

Phase 9.1 Finalizing Design Cores and Updating Shapes
Phase 9.1 Finalizing Design Cores and Updating Shapes | Checksum: 1806480f8

Time (s): cpu = 00:00:00.15 ; elapsed = 00:00:00.11 . Memory (MB): peak = 2839.980 ; gain = 56.027 ; free physical = 203 ; free virtual = 5786

Phase 9.2 Verifying Netlist Connectivity

Starting Connectivity Check Task

Time (s): cpu = 00:00:00 ; elapsed = 00:00:00 . Memory (MB): peak = 2839.980 ; gain = 0.000 ; free physical = 203 ; free virtual = 5786
Phase 9.2 Verifying Netlist Connectivity | Checksum: 1806480f8

Time (s): cpu = 00:00:00.15 ; elapsed = 00:00:00.11 . Memory (MB): peak = 2839.980 ; gain = 56.027 ; free physical = 203 ; free virtual = 5786
Phase 9 Finalization | Checksum: 1806480f8

Time (s): cpu = 00:00:00.15 ; elapsed = 00:00:00.11 . Memory (MB): peak = 2839.980 ; gain = 56.027 ; free physical = 203 ; free virtual = 5786
Opt_design Change Summary
=========================


-------------------------------------------------------------------------------------------------------------------------
|  Phase                        |  #Cells created  |  #Cells Removed  |  #Constrained objects preventing optimizations  |
-------------------------------------------------------------------------------------------------------------------------
|  Retarget                     |               0  |               0  |                                              0  |
|  Constant propagation         |               0  |               0  |                                              0  |
|  Sweep                        |               0  |               0  |                                              0  |
|  BUFG optimization            |               0  |               0  |                                              0  |
|  Shift Register Optimization  |               0  |               0  |                                              0  |
|  Post Processing Netlist      |               0  |               0  |                                              0  |
-------------------------------------------------------------------------------------------------------------------------


Ending Logic Optimization Task | Checksum: 1806480f8

Time (s): cpu = 00:00:00.15 ; elapsed = 00:00:00.11 . Memory (MB): peak = 2839.980 ; gain = 56.027 ; free physical = 203 ; free virtual = 5786

Starting Power Optimization Task
INFO: [Pwropt 34-132] Skipping clock gating for clocks with a period < 2.00 ns.
Ending Power Optimization Task | Checksum: 1806480f8

Time (s): cpu = 00:00:00 ; elapsed = 00:00:00 . Memory (MB): peak = 2839.980 ; gain = 0.000 ; free physical = 201 ; free virtual = 5786

Starting Final Cleanup Task
Ending Final Cleanup Task | Checksum: 1806480f8

Time (s): cpu = 00:00:00 ; elapsed = 00:00:00 . Memory (MB): peak = 2839.980 ; gain = 0.000 ; free physical = 201 ; free virtual = 5786
Netlist sorting complete. Time (s): cpu = 00:00:00 ; elapsed = 00:00:00 . Memory (MB): peak = 2839.980 ; gain = 0.000 ; free physical = 201 ; free virtual = 5786
INFO: [Common 17-83] Releasing license: Implementation
34 Infos, 2 Warnings, 0 Critical Warnings and 0 Errors encountered.
opt_design completed successfully
INFO: [Vivado 12-24828] Executing command : report_drc -file bd_0_wrapper_drc_opted.rpt -pb bd_0_wrapper_drc_opted.pb -rpx bd_0_wrapper_drc_opted.rpx
Command: report_drc -file bd_0_wrapper_drc_opted.rpt -pb bd_0_wrapper_drc_opted.pb -rpx bd_0_wrapper_drc_opted.rpx
INFO: [IP_Flow 19-1839] IP Catalog is up to date.
INFO: [DRC 23-27] Running DRC with 8 threads
WARNING: [DRC 23-814] Not all possible (connectivity based) DRCs may have been run because this design is seen as Out of Context.
INFO: [Vivado_Tcl 2-168] The results of DRC are in file /home/nhanenten/Desktop/HW_SW/Lab3/Lab3_HLS/Lab3_HLS/hls/impl/verilog/project.runs/impl_1/bd_0_wrapper_drc_opted.rpt.
report_drc completed successfully
INFO: [Timing 38-35] Done setting XDC timing constraints.
INFO: [Timing 38-480] Writing timing data to binary archive.
Write ShapeDB Complete: Time (s): cpu = 00:00:00.02 ; elapsed = 00:00:00.01 . Memory (MB): peak = 2871.996 ; gain = 0.000 ; free physical = 192 ; free virtual = 5778
INFO: [Common 17-1381] The checkpoint '/home/nhanenten/Desktop/HW_SW/Lab3/Lab3_HLS/Lab3_HLS/hls/impl/verilog/project.runs/impl_1/bd_0_wrapper_opt.dcp' has been generated.
Command: place_design
Attempting to get a license for feature 'Implementation' and/or device 'xc7z010'
INFO: [Common 17-349] Got license for feature 'Implementation' and/or device 'xc7z010'
INFO: [Common 17-83] Releasing license: Implementation
INFO: [DRC 23-27] Running DRC with 8 threads
WARNING: [DRC 23-814] Not all possible (connectivity based) DRCs may have been run because this design is seen as Out of Context.
INFO: [Vivado_Tcl 4-198] DRC finished with 0 Errors
INFO: [Vivado_Tcl 4-199] Please refer to the DRC report (report_drc) for more information.
Running DRC as a precondition to command place_design
INFO: [DRC 23-27] Running DRC with 8 threads
WARNING: [DRC 23-814] Not all possible (connectivity based) DRCs may have been run because this design is seen as Out of Context.
INFO: [Vivado_Tcl 4-198] DRC finished with 0 Errors
INFO: [Vivado_Tcl 4-199] Please refer to the DRC report (report_drc) for more information.
INFO: [Place 30-611] Multithreading enabled for place_design using a maximum of 8 CPUs

Starting Placer Task

Phase 1 Placer Initialization

Phase 1.1 Placer Initialization Netlist Sorting
Netlist sorting complete. Time (s): cpu = 00:00:00 ; elapsed = 00:00:00 . Memory (MB): peak = 2871.996 ; gain = 0.000 ; free physical = 224 ; free virtual = 5780
Phase 1.1 Placer Initialization Netlist Sorting | Checksum: 998e2b1c

Time (s): cpu = 00:00:00.01 ; elapsed = 00:00:00 . Memory (MB): peak = 2871.996 ; gain = 0.000 ; free physical = 224 ; free virtual = 5780
Netlist sorting complete. Time (s): cpu = 00:00:00 ; elapsed = 00:00:00 . Memory (MB): peak = 2871.996 ; gain = 0.000 ; free physical = 224 ; free virtual = 5780

Phase 1.2 IO Placement/ Clock Placement/ Build Placer Device
Phase 1.2 IO Placement/ Clock Placement/ Build Placer Device | Checksum: aa3d9331

Time (s): cpu = 00:00:00.29 ; elapsed = 00:00:00.08 . Memory (MB): peak = 2871.996 ; gain = 0.000 ; free physical = 224 ; free virtual = 5780

Phase 1.3 Build Placer Netlist Model
Phase 1.3 Build Placer Netlist Model | Checksum: 1974bf7cb

Time (s): cpu = 00:00:00.95 ; elapsed = 00:00:00.34 . Memory (MB): peak = 2911.039 ; gain = 39.043 ; free physical = 223 ; free virtual = 5780

Phase 1.4 Constrain Clocks/Macros
Phase 1.4 Constrain Clocks/Macros | Checksum: 1974bf7cb

Time (s): cpu = 00:00:00.96 ; elapsed = 00:00:00.34 . Memory (MB): peak = 2911.039 ; gain = 39.043 ; free physical = 223 ; free virtual = 5780
Phase 1 Placer Initialization | Checksum: 1974bf7cb

Time (s): cpu = 00:00:00.97 ; elapsed = 00:00:00.34 . Memory (MB): peak = 2911.039 ; gain = 39.043 ; free physical = 223 ; free virtual = 5781

Phase 2 Global Placement

Phase 2.1 Floorplanning
Phase 2.1 Floorplanning | Checksum: ba9283a7

Time (s): cpu = 00:00:01 ; elapsed = 00:00:00.44 . Memory (MB): peak = 2911.039 ; gain = 39.043 ; free physical = 206 ; free virtual = 5765

Phase 2.2 Update Timing before SLR Path Opt
Phase 2.2 Update Timing before SLR Path Opt | Checksum: da34c77f

Time (s): cpu = 00:00:01 ; elapsed = 00:00:00.51 . Memory (MB): peak = 2911.039 ; gain = 39.043 ; free physical = 210 ; free virtual = 5770

Phase 2.3 Post-Processing in Floorplanning
Phase 2.3 Post-Processing in Floorplanning | Checksum: da34c77f

Time (s): cpu = 00:00:01 ; elapsed = 00:00:00.51 . Memory (MB): peak = 2911.039 ; gain = 39.043 ; free physical = 210 ; free virtual = 5770

Phase 2.4 Global Place Phase1
Phase 2.4 Global Place Phase1 | Checksum: 161527c16

Time (s): cpu = 00:00:04 ; elapsed = 00:00:01 . Memory (MB): peak = 2919.043 ; gain = 47.047 ; free physical = 169 ; free virtual = 5730

Phase 2.5 Global Place Phase2

Phase 2.5.1 UpdateTiming Before Physical Synthesis
Phase 2.5.1 UpdateTiming Before Physical Synthesis | Checksum: 137a0900c

Time (s): cpu = 00:00:04 ; elapsed = 00:00:01 . Memory (MB): peak = 2919.043 ; gain = 47.047 ; free physical = 172 ; free virtual = 5733

Phase 2.5.2 Physical Synthesis In Placer
INFO: [Physopt 32-1035] Found 0 LUTNM shape to break, 6 LUT instances to create LUTNM shape
INFO: [Physopt 32-1044] Break lutnm for timing: one critical 0, two critical 0, total 0, new lutff created 0
INFO: [Physopt 32-1138] End 1 Pass. Optimized 2 nets or LUTs. Breaked 0 LUT, combined 2 existing LUTs and moved 0 existing LUT
INFO: [Physopt 32-65] No nets found for high-fanout optimization.
INFO: [Physopt 32-232] Optimized 0 net. Created 0 new instance.
INFO: [Physopt 32-775] End 1 Pass. Optimized 0 net or cell. Created 0 new cell, deleted 0 existing cell and moved 0 existing cell
INFO: [Physopt 32-670] No setup violation found.  DSP Register Optimization was not performed.
INFO: [Physopt 32-670] No setup violation found.  Shift Register to Pipeline Optimization was not performed.
INFO: [Physopt 32-670] No setup violation found.  Shift Register Optimization was not performed.
INFO: [Physopt 32-670] No setup violation found.  BRAM Register Optimization was not performed.
INFO: [Physopt 32-670] No setup violation found.  URAM Register Optimization was not performed.
INFO: [Physopt 32-949] No candidate nets found for dynamic/static region interface net replication
INFO: [Physopt 32-775] End 1 Pass. Optimized 0 net or cell. Created 0 new cell, deleted 0 existing cell and moved 0 existing cell
Netlist sorting complete. Time (s): cpu = 00:00:00 ; elapsed = 00:00:00 . Memory (MB): peak = 2919.043 ; gain = 0.000 ; free physical = 169 ; free virtual = 5733

Summary of Physical Synthesis Optimizations
============================================


-----------------------------------------------------------------------------------------------------------------------------------------------------------
|  Optimization                                     |  Added Cells  |  Removed Cells  |  Optimized Cells/Nets  |  Dont Touch  |  Iterations  |  Elapsed   |
-----------------------------------------------------------------------------------------------------------------------------------------------------------
|  LUT Combining                                    |            0  |              2  |                     2  |           0  |           1  |  00:00:00  |
|  Retime                                           |            0  |              0  |                     0  |           0  |           1  |  00:00:00  |
|  Very High Fanout                                 |            0  |              0  |                     0  |           0  |           1  |  00:00:00  |
|  DSP Register                                     |            0  |              0  |                     0  |           0  |           0  |  00:00:00  |
|  Shift Register to Pipeline                       |            0  |              0  |                     0  |           0  |           0  |  00:00:00  |
|  Shift Register                                   |            0  |              0  |                     0  |           0  |           0  |  00:00:00  |
|  BRAM Register                                    |            0  |              0  |                     0  |           0  |           0  |  00:00:00  |
|  URAM Register                                    |            0  |              0  |                     0  |           0  |           0  |  00:00:00  |
|  Dynamic/Static Region Interface Net Replication  |            0  |              0  |                     0  |           0  |           1  |  00:00:00  |
|  Total                                            |            0  |              2  |                     2  |           0  |           4  |  00:00:00  |
-----------------------------------------------------------------------------------------------------------------------------------------------------------


Phase 2.5.2 Physical Synthesis In Placer | Checksum: 1dc548999

Time (s): cpu = 00:00:05 ; elapsed = 00:00:02 . Memory (MB): peak = 2919.043 ; gain = 47.047 ; free physical = 169 ; free virtual = 5733
Phase 2.5 Global Place Phase2 | Checksum: 223f63853

Time (s): cpu = 00:00:05 ; elapsed = 00:00:02 . Memory (MB): peak = 2919.043 ; gain = 47.047 ; free physical = 169 ; free virtual = 5733
Phase 2 Global Placement | Checksum: 223f63853

Time (s): cpu = 00:00:05 ; elapsed = 00:00:02 . Memory (MB): peak = 2919.043 ; gain = 47.047 ; free physical = 169 ; free virtual = 5733

Phase 3 Detail Placement

Phase 3.1 Commit Multi Column Macros
Phase 3.1 Commit Multi Column Macros | Checksum: 20d6a32fa

Time (s): cpu = 00:00:05 ; elapsed = 00:00:02 . Memory (MB): peak = 2919.043 ; gain = 47.047 ; free physical = 167 ; free virtual = 5732

Phase 3.2 Commit Most Macros & LUTRAMs
Phase 3.2 Commit Most Macros & LUTRAMs | Checksum: 17f3db850

Time (s): cpu = 00:00:06 ; elapsed = 00:00:02 . Memory (MB): peak = 2919.043 ; gain = 47.047 ; free physical = 167 ; free virtual = 5732

Phase 3.3 Area Swap Optimization
Phase 3.3 Area Swap Optimization | Checksum: 1f9fea2f0

Time (s): cpu = 00:00:06 ; elapsed = 00:00:02 . Memory (MB): peak = 2919.043 ; gain = 47.047 ; free physical = 167 ; free virtual = 5732

Phase 3.4 Pipeline Register Optimization
Phase 3.4 Pipeline Register Optimization | Checksum: 19ca6aa04

Time (s): cpu = 00:00:06 ; elapsed = 00:00:02 . Memory (MB): peak = 2919.043 ; gain = 47.047 ; free physical = 167 ; free virtual = 5732

Phase 3.5 Small Shape Detail Placement
Phase 3.5 Small Shape Detail Placement | Checksum: 11f766f1f

Time (s): cpu = 00:00:06 ; elapsed = 00:00:02 . Memory (MB): peak = 2919.043 ; gain = 47.047 ; free physical = 167 ; free virtual = 5732

Phase 3.6 Re-assign LUT pins
Phase 3.6 Re-assign LUT pins | Checksum: 176f99a93

Time (s): cpu = 00:00:06 ; elapsed = 00:00:02 . Memory (MB): peak = 2919.043 ; gain = 47.047 ; free physical = 167 ; free virtual = 5732

Phase 3.7 Pipeline Register Optimization
Phase 3.7 Pipeline Register Optimization | Checksum: 1dbe1a5a7

Time (s): cpu = 00:00:06 ; elapsed = 00:00:02 . Memory (MB): peak = 2919.043 ; gain = 47.047 ; free physical = 167 ; free virtual = 5732
Phase 3 Detail Placement | Checksum: 1dbe1a5a7

Time (s): cpu = 00:00:06 ; elapsed = 00:00:02 . Memory (MB): peak = 2919.043 ; gain = 47.047 ; free physical = 167 ; free virtual = 5732

Phase 4 Post Placement Optimization and Clean-Up

Phase 4.1 Post Commit Optimization
INFO: [Timing 38-35] Done setting XDC timing constraints.

Phase 4.1.1 Post Placement Optimization
Post Placement Optimization Initialization | Checksum: 1855a6a39

Phase 4.1.1.1 BUFG Insertion

Starting Physical Synthesis Task

Phase 1 Physical Synthesis Initialization
INFO: [Physopt 32-721] Multithreading enabled for phys_opt_design using a maximum of 8 CPUs
INFO: [Physopt 32-619] Estimated Timing Summary | WNS=5.997 | TNS=0.000 |
Phase 1 Physical Synthesis Initialization | Checksum: 1576f5be5

Time (s): cpu = 00:00:00.07 ; elapsed = 00:00:00.01 . Memory (MB): peak = 2919.043 ; gain = 0.000 ; free physical = 167 ; free virtual = 5733
INFO: [Place 46-56] BUFG insertion identified 0 candidate nets. Inserted BUFG: 0, Replicated BUFG Driver: 0, Skipped due to Placement/Routing Conflicts: 0, Skipped due to Timing Degradation: 0, Skipped due to netlist editing failed: 0.
Ending Physical Synthesis Task | Checksum: 21ccf032b

Time (s): cpu = 00:00:00.08 ; elapsed = 00:00:00.01 . Memory (MB): peak = 2919.043 ; gain = 0.000 ; free physical = 167 ; free virtual = 5733
Phase 4.1.1.1 BUFG Insertion | Checksum: 1855a6a39

Time (s): cpu = 00:00:07 ; elapsed = 00:00:02 . Memory (MB): peak = 2919.043 ; gain = 47.047 ; free physical = 167 ; free virtual = 5733

Phase 4.1.1.2 Post Placement Timing Optimization
INFO: [Place 30-746] Post Placement Timing Summary WNS=5.997. For the most accurate timing information please run report_timing.
Phase 4.1.1.2 Post Placement Timing Optimization | Checksum: 1d8037f9a

Time (s): cpu = 00:00:07 ; elapsed = 00:00:02 . Memory (MB): peak = 2919.043 ; gain = 47.047 ; free physical = 168 ; free virtual = 5733

Time (s): cpu = 00:00:07 ; elapsed = 00:00:02 . Memory (MB): peak = 2919.043 ; gain = 47.047 ; free physical = 168 ; free virtual = 5733
Phase 4.1 Post Commit Optimization | Checksum: 1d8037f9a

Time (s): cpu = 00:00:07 ; elapsed = 00:00:02 . Memory (MB): peak = 2919.043 ; gain = 47.047 ; free physical = 168 ; free virtual = 5733

Phase 4.2 Post Placement Cleanup
Phase 4.2 Post Placement Cleanup | Checksum: 1d8037f9a

Time (s): cpu = 00:00:07 ; elapsed = 00:00:02 . Memory (MB): peak = 2919.043 ; gain = 47.047 ; free physical = 168 ; free virtual = 5733

Phase 4.3 Placer Reporting

Phase 4.3.1 Print Estimated Congestion
INFO: [Place 30-612] Post-Placement Estimated Congestion 
 ____________________________________________________
|           | Global Congestion | Short Congestion  |
| Direction | Region Size       | Region Size       |
|___________|___________________|___________________|
|      North|                1x1|                1x1|
|___________|___________________|___________________|
|      South|                1x1|                1x1|
|___________|___________________|___________________|
|       East|                1x1|                1x1|
|___________|___________________|___________________|
|       West|                1x1|                1x1|
|___________|___________________|___________________|

Phase 4.3.1 Print Estimated Congestion | Checksum: 1d8037f9a

Time (s): cpu = 00:00:07 ; elapsed = 00:00:02 . Memory (MB): peak = 2919.043 ; gain = 47.047 ; free physical = 168 ; free virtual = 5733
Phase 4.3 Placer Reporting | Checksum: 1d8037f9a

Time (s): cpu = 00:00:07 ; elapsed = 00:00:02 . Memory (MB): peak = 2919.043 ; gain = 47.047 ; free physical = 168 ; free virtual = 5733

Phase 4.4 Final Placement Cleanup
Netlist sorting complete. Time (s): cpu = 00:00:00 ; elapsed = 00:00:00 . Memory (MB): peak = 2919.043 ; gain = 0.000 ; free physical = 168 ; free virtual = 5733

Time (s): cpu = 00:00:07 ; elapsed = 00:00:02 . Memory (MB): peak = 2919.043 ; gain = 47.047 ; free physical = 168 ; free virtual = 5733
Phase 4 Post Placement Optimization and Clean-Up | Checksum: 1d7debf6e

Time (s): cpu = 00:00:07 ; elapsed = 00:00:02 . Memory (MB): peak = 2919.043 ; gain = 47.047 ; free physical = 168 ; free virtual = 5733
Ending Placer Task | Checksum: 135d3ed23

Time (s): cpu = 00:00:07 ; elapsed = 00:00:02 . Memory (MB): peak = 2919.043 ; gain = 47.047 ; free physical = 168 ; free virtual = 5733
69 Infos, 5 Warnings, 0 Critical Warnings and 0 Errors encountered.
place_design completed successfully
INFO: [Vivado 12-24838] Running report commands "report_control_sets, report_io, report_utilization" in parallel.
Running report generation with 3 threads.
INFO: [Vivado 12-24828] Executing command : report_control_sets -verbose -file bd_0_wrapper_control_sets_placed.rpt
report_control_sets: Time (s): cpu = 00:00:00.07 ; elapsed = 00:00:00.06 . Memory (MB): peak = 2919.043 ; gain = 0.000 ; free physical = 170 ; free virtual = 5735
INFO: [Vivado 12-24828] Executing command : report_utilization -file bd_0_wrapper_utilization_placed.rpt -pb bd_0_wrapper_utilization_placed.pb
INFO: [Vivado 12-24828] Executing command : report_io -file bd_0_wrapper_io_placed.rpt
report_io: Time (s): cpu = 00:00:00.13 ; elapsed = 00:00:00.13 . Memory (MB): peak = 2919.043 ; gain = 0.000 ; free physical = 168 ; free virtual = 5733
INFO: [Timing 38-480] Writing timing data to binary archive.
Wrote PlaceDB: Time (s): cpu = 00:00:00 ; elapsed = 00:00:00 . Memory (MB): peak = 2919.043 ; gain = 0.000 ; free physical = 171 ; free virtual = 5736
Wrote PulsedLatchDB: Time (s): cpu = 00:00:00 ; elapsed = 00:00:00 . Memory (MB): peak = 2919.043 ; gain = 0.000 ; free physical = 171 ; free virtual = 5736
Write ShapeDB Complete: Time (s): cpu = 00:00:00.02 ; elapsed = 00:00:00 . Memory (MB): peak = 2919.043 ; gain = 0.000 ; free physical = 171 ; free virtual = 5737
Writing XDEF routing.
Writing XDEF routing logical nets.
Writing XDEF routing special nets.
Wrote RouteStorage: Time (s): cpu = 00:00:00.21 ; elapsed = 00:00:00.07 . Memory (MB): peak = 2919.043 ; gain = 0.000 ; free physical = 170 ; free virtual = 5736
Wrote PlaceStorage: Time (s): cpu = 00:00:00.02 ; elapsed = 00:00:00.03 . Memory (MB): peak = 2919.043 ; gain = 0.000 ; free physical = 170 ; free virtual = 5736
Wrote Netlist Cache: Time (s): cpu = 00:00:00 ; elapsed = 00:00:00 . Memory (MB): peak = 2919.043 ; gain = 0.000 ; free physical = 170 ; free virtual = 5737
Wrote Device Cache: Time (s): cpu = 00:00:00.01 ; elapsed = 00:00:00 . Memory (MB): peak = 2919.043 ; gain = 0.000 ; free physical = 169 ; free virtual = 5736
Write Physdb Complete: Time (s): cpu = 00:00:00.24 ; elapsed = 00:00:00.1 . Memory (MB): peak = 2919.043 ; gain = 0.000 ; free physical = 169 ; free virtual = 5736
INFO: [Common 17-1381] The checkpoint '/home/nhanenten/Desktop/HW_SW/Lab3/Lab3_HLS/Lab3_HLS/hls/impl/verilog/project.runs/impl_1/bd_0_wrapper_placed.dcp' has been generated.
Command: phys_opt_design
Attempting to get a license for feature 'Implementation' and/or device 'xc7z010'
INFO: [Common 17-349] Got license for feature 'Implementation' and/or device 'xc7z010'

Starting Initial Update Timing Task
WARNING: [Timing 38-242] The property HD.CLK_SRC of clock port "ap_clk" is not set. In out-of-context mode, this prevents timing estimation for clock delay/skew
Resolution: Set the HD.CLK_SRC property of the out-of-context port to the location of the clock buffer instance in the top-level design

Time (s): cpu = 00:00:00.28 ; elapsed = 00:00:00.07 . Memory (MB): peak = 2919.043 ; gain = 0.000 ; free physical = 168 ; free virtual = 5734
INFO: [Vivado_Tcl 4-2279] Estimated Timing Summary | WNS= 5.997 | TNS= 0.000 | 
INFO: [Vivado_Tcl 4-383] Design worst setup slack (WNS) is greater than or equal to 0.000 ns. All physical synthesis setup optimizations will be skipped.
INFO: [Vivado_Tcl 4-232] No setup violation found. The netlist was not modified.
INFO: [Common 17-83] Releasing license: Implementation
80 Infos, 6 Warnings, 0 Critical Warnings and 0 Errors encountered.
phys_opt_design completed successfully
INFO: [Timing 38-480] Writing timing data to binary archive.
Wrote PlaceDB: Time (s): cpu = 00:00:00 ; elapsed = 00:00:00 . Memory (MB): peak = 2919.043 ; gain = 0.000 ; free physical = 168 ; free virtual = 5734
Wrote PulsedLatchDB: Time (s): cpu = 00:00:00 ; elapsed = 00:00:00 . Memory (MB): peak = 2919.043 ; gain = 0.000 ; free physical = 168 ; free virtual = 5734
Writing XDEF routing.
Write ShapeDB Complete: Time (s): cpu = 00:00:00.02 ; elapsed = 00:00:00 . Memory (MB): peak = 2919.043 ; gain = 0.000 ; free physical = 168 ; free virtual = 5734
Writing XDEF routing logical nets.
Writing XDEF routing special nets.
Wrote RouteStorage: Time (s): cpu = 00:00:00.07 ; elapsed = 00:00:00.02 . Memory (MB): peak = 2919.043 ; gain = 0.000 ; free physical = 168 ; free virtual = 5734
Wrote PlaceStorage: Time (s): cpu = 00:00:00.11 ; elapsed = 00:00:00.02 . Memory (MB): peak = 2919.043 ; gain = 0.000 ; free physical = 168 ; free virtual = 5735
Wrote Netlist Cache: Time (s): cpu = 00:00:00 ; elapsed = 00:00:00.01 . Memory (MB): peak = 2919.043 ; gain = 0.000 ; free physical = 168 ; free virtual = 5735
Wrote Device Cache: Time (s): cpu = 00:00:00.01 ; elapsed = 00:00:00 . Memory (MB): peak = 2919.043 ; gain = 0.000 ; free physical = 168 ; free virtual = 5736
Write Physdb Complete: Time (s): cpu = 00:00:00.19 ; elapsed = 00:00:00.05 . Memory (MB): peak = 2919.043 ; gain = 0.000 ; free physical = 167 ; free virtual = 5736
INFO: [Common 17-1381] The checkpoint '/home/nhanenten/Desktop/HW_SW/Lab3/Lab3_HLS/Lab3_HLS/hls/impl/verilog/project.runs/impl_1/bd_0_wrapper_physopt.dcp' has been generated.
Command: route_design
Attempting to get a license for feature 'Implementation' and/or device 'xc7z010'
INFO: [Common 17-349] Got license for feature 'Implementation' and/or device 'xc7z010'


Starting Routing Task
INFO: [Route 35-254] Multithreading enabled for route_design using a maximum of 8 CPUs

Phase 1 Build RT Design
Checksum: PlaceDB: ab290d05 ConstDB: 0 ShapeSum: 211288f3 RouteDB: 6998572b
WARNING: [Route 35-198] Port "size[24]" does not have an associated HD.PARTPIN_LOCS, which will prevent the partial routing of the signal "size[24]". Without this partial route, timing analysis to/from this port will not be accurate, and no routing information for this port can be exported.
WARNING: [Route 35-198] Port "size[25]" does not have an associated HD.PARTPIN_LOCS, which will prevent the partial routing of the signal "size[25]". Without this partial route, timing analysis to/from this port will not be accurate, and no routing information for this port can be exported.
WARNING: [Route 35-198] Port "size[30]" does not have an associated HD.PARTPIN_LOCS, which will prevent the partial routing of the signal "size[30]". Without this partial route, timing analysis to/from this port will not be accurate, and no routing information for this port can be exported.
WARNING: [Route 35-198] Port "size[31]" does not have an associated HD.PARTPIN_LOCS, which will prevent the partial routing of the signal "size[31]". Without this partial route, timing analysis to/from this port will not be accurate, and no routing information for this port can be exported.
WARNING: [Route 35-198] Port "size[28]" does not have an associated HD.PARTPIN_LOCS, which will prevent the partial routing of the signal "size[28]". Without this partial route, timing analysis to/from this port will not be accurate, and no routing information for this port can be exported.
WARNING: [Route 35-198] Port "size[29]" does not have an associated HD.PARTPIN_LOCS, which will prevent the partial routing of the signal "size[29]". Without this partial route, timing analysis to/from this port will not be accurate, and no routing information for this port can be exported.
WARNING: [Route 35-198] Port "size[26]" does not have an associated HD.PARTPIN_LOCS, which will prevent the partial routing of the signal "size[26]". Without this partial route, timing analysis to/from this port will not be accurate, and no routing information for this port can be exported.
WARNING: [Route 35-198] Port "size[27]" does not have an associated HD.PARTPIN_LOCS, which will prevent the partial routing of the signal "size[27]". Without this partial route, timing analysis to/from this port will not be accurate, and no routing information for this port can be exported.
WARNING: [Route 35-197] Clock port "ap_clk" does not have an associated HD.CLK_SRC. Without this constraint, timing analysis may not be accurate and upstream checks cannot be done to ensure correct clock placement.
WARNING: [Route 35-198] Port "size[22]" does not have an associated HD.PARTPIN_LOCS, which will prevent the partial routing of the signal "size[22]". Without this partial route, timing analysis to/from this port will not be accurate, and no routing information for this port can be exported.
WARNING: [Route 35-198] Port "size[23]" does not have an associated HD.PARTPIN_LOCS, which will prevent the partial routing of the signal "size[23]". Without this partial route, timing analysis to/from this port will not be accurate, and no routing information for this port can be exported.
WARNING: [Route 35-198] Port "size[20]" does not have an associated HD.PARTPIN_LOCS, which will prevent the partial routing of the signal "size[20]". Without this partial route, timing analysis to/from this port will not be accurate, and no routing information for this port can be exported.
WARNING: [Route 35-198] Port "size[21]" does not have an associated HD.PARTPIN_LOCS, which will prevent the partial routing of the signal "size[21]". Without this partial route, timing analysis to/from this port will not be accurate, and no routing information for this port can be exported.
WARNING: [Route 35-198] Port "size[18]" does not have an associated HD.PARTPIN_LOCS, which will prevent the partial routing of the signal "size[18]". Without this partial route, timing analysis to/from this port will not be accurate, and no routing information for this port can be exported.
WARNING: [Route 35-198] Port "size[19]" does not have an associated HD.PARTPIN_LOCS, which will prevent the partial routing of the signal "size[19]". Without this partial route, timing analysis to/from this port will not be accurate, and no routing information for this port can be exported.
WARNING: [Route 35-198] Port "size[16]" does not have an associated HD.PARTPIN_LOCS, which will prevent the partial routing of the signal "size[16]". Without this partial route, timing analysis to/from this port will not be accurate, and no routing information for this port can be exported.
WARNING: [Route 35-198] Port "size[17]" does not have an associated HD.PARTPIN_LOCS, which will prevent the partial routing of the signal "size[17]". Without this partial route, timing analysis to/from this port will not be accurate, and no routing information for this port can be exported.
WARNING: [Route 35-198] Port "size[14]" does not have an associated HD.PARTPIN_LOCS, which will prevent the partial routing of the signal "size[14]". Without this partial route, timing analysis to/from this port will not be accurate, and no routing information for this port can be exported.
WARNING: [Route 35-198] Port "size[15]" does not have an associated HD.PARTPIN_LOCS, which will prevent the partial routing of the signal "size[15]". Without this partial route, timing analysis to/from this port will not be accurate, and no routing information for this port can be exported.
WARNING: [Route 35-198] Port "size[12]" does not have an associated HD.PARTPIN_LOCS, which will prevent the partial routing of the signal "size[12]". Without this partial route, timing analysis to/from this port will not be accurate, and no routing information for this port can be exported.
WARNING: [Route 35-198] Port "size[13]" does not have an associated HD.PARTPIN_LOCS, which will prevent the partial routing of the signal "size[13]". Without this partial route, timing analysis to/from this port will not be accurate, and no routing information for this port can be exported.
WARNING: [Route 35-198] Port "size[10]" does not have an associated HD.PARTPIN_LOCS, which will prevent the partial routing of the signal "size[10]". Without this partial route, timing analysis to/from this port will not be accurate, and no routing information for this port can be exported.
WARNING: [Route 35-198] Port "size[11]" does not have an associated HD.PARTPIN_LOCS, which will prevent the partial routing of the signal "size[11]". Without this partial route, timing analysis to/from this port will not be accurate, and no routing information for this port can be exported.
WARNING: [Route 35-198] Port "size[8]" does not have an associated HD.PARTPIN_LOCS, which will prevent the partial routing of the signal "size[8]". Without this partial route, timing analysis to/from this port will not be accurate, and no routing information for this port can be exported.
WARNING: [Route 35-198] Port "size[9]" does not have an associated HD.PARTPIN_LOCS, which will prevent the partial routing of the signal "size[9]". Without this partial route, timing analysis to/from this port will not be accurate, and no routing information for this port can be exported.
WARNING: [Route 35-198] Port "size[6]" does not have an associated HD.PARTPIN_LOCS, which will prevent the partial routing of the signal "size[6]". Without this partial route, timing analysis to/from this port will not be accurate, and no routing information for this port can be exported.
WARNING: [Route 35-198] Port "size[7]" does not have an associated HD.PARTPIN_LOCS, which will prevent the partial routing of the signal "size[7]". Without this partial route, timing analysis to/from this port will not be accurate, and no routing information for this port can be exported.
WARNING: [Route 35-198] Port "size[4]" does not have an associated HD.PARTPIN_LOCS, which will prevent the partial routing of the signal "size[4]". Without this partial route, timing analysis to/from this port will not be accurate, and no routing information for this port can be exported.
WARNING: [Route 35-198] Port "size[5]" does not have an associated HD.PARTPIN_LOCS, which will prevent the partial routing of the signal "size[5]". Without this partial route, timing analysis to/from this port will not be accurate, and no routing information for this port can be exported.
WARNING: [Route 35-198] Port "size[0]" does not have an associated HD.PARTPIN_LOCS, which will prevent the partial routing of the signal "size[0]". Without this partial route, timing analysis to/from this port will not be accurate, and no routing information for this port can be exported.
WARNING: [Route 35-198] Port "size[1]" does not have an associated HD.PARTPIN_LOCS, which will prevent the partial routing of the signal "size[1]". Without this partial route, timing analysis to/from this port will not be accurate, and no routing information for this port can be exported.
WARNING: [Route 35-198] Port "size[2]" does not have an associated HD.PARTPIN_LOCS, which will prevent the partial routing of the signal "size[2]". Without this partial route, timing analysis to/from this port will not be accurate, and no routing information for this port can be exported.
WARNING: [Route 35-198] Port "size[3]" does not have an associated HD.PARTPIN_LOCS, which will prevent the partial routing of the signal "size[3]". Without this partial route, timing analysis to/from this port will not be accurate, and no routing information for this port can be exported.
WARNING: [Route 35-198] Port "in1_q0[31]" does not have an associated HD.PARTPIN_LOCS, which will prevent the partial routing of the signal "in1_q0[31]". Without this partial route, timing analysis to/from this port will not be accurate, and no routing information for this port can be exported.
WARNING: [Route 35-198] Port "in1_q0[30]" does not have an associated HD.PARTPIN_LOCS, which will prevent the partial routing of the signal "in1_q0[30]". Without this partial route, timing analysis to/from this port will not be accurate, and no routing information for this port can be exported.
WARNING: [Route 35-198] Port "in1_q0[29]" does not have an associated HD.PARTPIN_LOCS, which will prevent the partial routing of the signal "in1_q0[29]". Without this partial route, timing analysis to/from this port will not be accurate, and no routing information for this port can be exported.
WARNING: [Route 35-198] Port "in1_q0[28]" does not have an associated HD.PARTPIN_LOCS, which will prevent the partial routing of the signal "in1_q0[28]". Without this partial route, timing analysis to/from this port will not be accurate, and no routing information for this port can be exported.
WARNING: [Route 35-198] Port "in1_q0[27]" does not have an associated HD.PARTPIN_LOCS, which will prevent the partial routing of the signal "in1_q0[27]". Without this partial route, timing analysis to/from this port will not be accurate, and no routing information for this port can be exported.
WARNING: [Route 35-198] Port "in1_q0[26]" does not have an associated HD.PARTPIN_LOCS, which will prevent the partial routing of the signal "in1_q0[26]". Without this partial route, timing analysis to/from this port will not be accurate, and no routing information for this port can be exported.
WARNING: [Route 35-198] Port "in1_q0[25]" does not have an associated HD.PARTPIN_LOCS, which will prevent the partial routing of the signal "in1_q0[25]". Without this partial route, timing analysis to/from this port will not be accurate, and no routing information for this port can be exported.
WARNING: [Route 35-198] Port "in1_q0[24]" does not have an associated HD.PARTPIN_LOCS, which will prevent the partial routing of the signal "in1_q0[24]". Without this partial route, timing analysis to/from this port will not be accurate, and no routing information for this port can be exported.
WARNING: [Route 35-198] Port "in1_q0[23]" does not have an associated HD.PARTPIN_LOCS, which will prevent the partial routing of the signal "in1_q0[23]". Without this partial route, timing analysis to/from this port will not be accurate, and no routing information for this port can be exported.
WARNING: [Route 35-198] Port "in1_q0[22]" does not have an associated HD.PARTPIN_LOCS, which will prevent the partial routing of the signal "in1_q0[22]". Without this partial route, timing analysis to/from this port will not be accurate, and no routing information for this port can be exported.
WARNING: [Route 35-198] Port "in1_q0[21]" does not have an associated HD.PARTPIN_LOCS, which will prevent the partial routing of the signal "in1_q0[21]". Without this partial route, timing analysis to/from this port will not be accurate, and no routing information for this port can be exported.
WARNING: [Route 35-198] Port "in1_q0[20]" does not have an associated HD.PARTPIN_LOCS, which will prevent the partial routing of the signal "in1_q0[20]". Without this partial route, timing analysis to/from this port will not be accurate, and no routing information for this port can be exported.
WARNING: [Route 35-198] Port "in1_q0[19]" does not have an associated HD.PARTPIN_LOCS, which will prevent the partial routing of the signal "in1_q0[19]". Without this partial route, timing analysis to/from this port will not be accurate, and no routing information for this port can be exported.
WARNING: [Route 35-198] Port "in1_q0[18]" does not have an associated HD.PARTPIN_LOCS, which will prevent the partial routing of the signal "in1_q0[18]". Without this partial route, timing analysis to/from this port will not be accurate, and no routing information for this port can be exported.
WARNING: [Route 35-198] Port "in1_q0[17]" does not have an associated HD.PARTPIN_LOCS, which will prevent the partial routing of the signal "in1_q0[17]". Without this partial route, timing analysis to/from this port will not be accurate, and no routing information for this port can be exported.
WARNING: [Route 35-198] Port "in1_q0[16]" does not have an associated HD.PARTPIN_LOCS, which will prevent the partial routing of the signal "in1_q0[16]". Without this partial route, timing analysis to/from this port will not be accurate, and no routing information for this port can be exported.
WARNING: [Route 35-198] Port "in1_q0[15]" does not have an associated HD.PARTPIN_LOCS, which will prevent the partial routing of the signal "in1_q0[15]". Without this partial route, timing analysis to/from this port will not be accurate, and no routing information for this port can be exported.
WARNING: [Route 35-198] Port "in1_q0[14]" does not have an associated HD.PARTPIN_LOCS, which will prevent the partial routing of the signal "in1_q0[14]". Without this partial route, timing analysis to/from this port will not be accurate, and no routing information for this port can be exported.
WARNING: [Route 35-198] Port "in1_q0[13]" does not have an associated HD.PARTPIN_LOCS, which will prevent the partial routing of the signal "in1_q0[13]". Without this partial route, timing analysis to/from this port will not be accurate, and no routing information for this port can be exported.
WARNING: [Route 35-198] Port "in1_q0[12]" does not have an associated HD.PARTPIN_LOCS, which will prevent the partial routing of the signal "in1_q0[12]". Without this partial route, timing analysis to/from this port will not be accurate, and no routing information for this port can be exported.
WARNING: [Route 35-198] Port "in1_q0[11]" does not have an associated HD.PARTPIN_LOCS, which will prevent the partial routing of the signal "in1_q0[11]". Without this partial route, timing analysis to/from this port will not be accurate, and no routing information for this port can be exported.
WARNING: [Route 35-198] Port "in1_q0[10]" does not have an associated HD.PARTPIN_LOCS, which will prevent the partial routing of the signal "in1_q0[10]". Without this partial route, timing analysis to/from this port will not be accurate, and no routing information for this port can be exported.
WARNING: [Route 35-198] Port "in1_q0[9]" does not have an associated HD.PARTPIN_LOCS, which will prevent the partial routing of the signal "in1_q0[9]". Without this partial route, timing analysis to/from this port will not be accurate, and no routing information for this port can be exported.
WARNING: [Route 35-198] Port "in1_q0[8]" does not have an associated HD.PARTPIN_LOCS, which will prevent the partial routing of the signal "in1_q0[8]". Without this partial route, timing analysis to/from this port will not be accurate, and no routing information for this port can be exported.
WARNING: [Route 35-198] Port "in1_q0[7]" does not have an associated HD.PARTPIN_LOCS, which will prevent the partial routing of the signal "in1_q0[7]". Without this partial route, timing analysis to/from this port will not be accurate, and no routing information for this port can be exported.
WARNING: [Route 35-198] Port "in1_q0[6]" does not have an associated HD.PARTPIN_LOCS, which will prevent the partial routing of the signal "in1_q0[6]". Without this partial route, timing analysis to/from this port will not be accurate, and no routing information for this port can be exported.
WARNING: [Route 35-198] Port "in1_q0[5]" does not have an associated HD.PARTPIN_LOCS, which will prevent the partial routing of the signal "in1_q0[5]". Without this partial route, timing analysis to/from this port will not be accurate, and no routing information for this port can be exported.
WARNING: [Route 35-198] Port "in1_q0[4]" does not have an associated HD.PARTPIN_LOCS, which will prevent the partial routing of the signal "in1_q0[4]". Without this partial route, timing analysis to/from this port will not be accurate, and no routing information for this port can be exported.
WARNING: [Route 35-198] Port "in1_q0[3]" does not have an associated HD.PARTPIN_LOCS, which will prevent the partial routing of the signal "in1_q0[3]". Without this partial route, timing analysis to/from this port will not be accurate, and no routing information for this port can be exported.
WARNING: [Route 35-198] Port "in1_q0[2]" does not have an associated HD.PARTPIN_LOCS, which will prevent the partial routing of the signal "in1_q0[2]". Without this partial route, timing analysis to/from this port will not be accurate, and no routing information for this port can be exported.
WARNING: [Route 35-198] Port "in1_q0[1]" does not have an associated HD.PARTPIN_LOCS, which will prevent the partial routing of the signal "in1_q0[1]". Without this partial route, timing analysis to/from this port will not be accurate, and no routing information for this port can be exported.
WARNING: [Route 35-198] Port "in1_q0[0]" does not have an associated HD.PARTPIN_LOCS, which will prevent the partial routing of the signal "in1_q0[0]". Without this partial route, timing analysis to/from this port will not be accurate, and no routing information for this port can be exported.
WARNING: [Route 35-198] Port "in2_q0[31]" does not have an associated HD.PARTPIN_LOCS, which will prevent the partial routing of the signal "in2_q0[31]". Without this partial route, timing analysis to/from this port will not be accurate, and no routing information for this port can be exported.
WARNING: [Route 35-198] Port "in2_q0[30]" does not have an associated HD.PARTPIN_LOCS, which will prevent the partial routing of the signal "in2_q0[30]". Without this partial route, timing analysis to/from this port will not be accurate, and no routing information for this port can be exported.
WARNING: [Route 35-198] Port "in2_q0[29]" does not have an associated HD.PARTPIN_LOCS, which will prevent the partial routing of the signal "in2_q0[29]". Without this partial route, timing analysis to/from this port will not be accurate, and no routing information for this port can be exported.
WARNING: [Route 35-198] Port "in2_q0[28]" does not have an associated HD.PARTPIN_LOCS, which will prevent the partial routing of the signal "in2_q0[28]". Without this partial route, timing analysis to/from this port will not be accurate, and no routing information for this port can be exported.
WARNING: [Route 35-198] Port "in2_q0[27]" does not have an associated HD.PARTPIN_LOCS, which will prevent the partial routing of the signal "in2_q0[27]". Without this partial route, timing analysis to/from this port will not be accurate, and no routing information for this port can be exported.
WARNING: [Route 35-198] Port "in2_q0[26]" does not have an associated HD.PARTPIN_LOCS, which will prevent the partial routing of the signal "in2_q0[26]". Without this partial route, timing analysis to/from this port will not be accurate, and no routing information for this port can be exported.
WARNING: [Route 35-198] Port "in2_q0[25]" does not have an associated HD.PARTPIN_LOCS, which will prevent the partial routing of the signal "in2_q0[25]". Without this partial route, timing analysis to/from this port will not be accurate, and no routing information for this port can be exported.
WARNING: [Route 35-198] Port "in2_q0[24]" does not have an associated HD.PARTPIN_LOCS, which will prevent the partial routing of the signal "in2_q0[24]". Without this partial route, timing analysis to/from this port will not be accurate, and no routing information for this port can be exported.
WARNING: [Route 35-198] Port "in2_q0[23]" does not have an associated HD.PARTPIN_LOCS, which will prevent the partial routing of the signal "in2_q0[23]". Without this partial route, timing analysis to/from this port will not be accurate, and no routing information for this port can be exported.
WARNING: [Route 35-198] Port "in2_q0[22]" does not have an associated HD.PARTPIN_LOCS, which will prevent the partial routing of the signal "in2_q0[22]". Without this partial route, timing analysis to/from this port will not be accurate, and no routing information for this port can be exported.
WARNING: [Route 35-198] Port "in2_q0[21]" does not have an associated HD.PARTPIN_LOCS, which will prevent the partial routing of the signal "in2_q0[21]". Without this partial route, timing analysis to/from this port will not be accurate, and no routing information for this port can be exported.
WARNING: [Route 35-198] Port "in2_q0[20]" does not have an associated HD.PARTPIN_LOCS, which will prevent the partial routing of the signal "in2_q0[20]". Without this partial route, timing analysis to/from this port will not be accurate, and no routing information for this port can be exported.
WARNING: [Route 35-198] Port "in2_q0[19]" does not have an associated HD.PARTPIN_LOCS, which will prevent the partial routing of the signal "in2_q0[19]". Without this partial route, timing analysis to/from this port will not be accurate, and no routing information for this port can be exported.
WARNING: [Route 35-198] Port "in2_q0[18]" does not have an associated HD.PARTPIN_LOCS, which will prevent the partial routing of the signal "in2_q0[18]". Without this partial route, timing analysis to/from this port will not be accurate, and no routing information for this port can be exported.
WARNING: [Route 35-198] Port "in2_q0[17]" does not have an associated HD.PARTPIN_LOCS, which will prevent the partial routing of the signal "in2_q0[17]". Without this partial route, timing analysis to/from this port will not be accurate, and no routing information for this port can be exported.
WARNING: [Route 35-198] Port "ap_ctrl_start" does not have an associated HD.PARTPIN_LOCS, which will prevent the partial routing of the signal "ap_ctrl_start". Without this partial route, timing analysis to/from this port will not be accurate, and no routing information for this port can be exported.
WARNING: [Route 35-198] Port "ap_rst" does not have an associated HD.PARTPIN_LOCS, which will prevent the partial routing of the signal "ap_rst". Without this partial route, timing analysis to/from this port will not be accurate, and no routing information for this port can be exported.
WARNING: [Route 35-198] Port "in1_q1[31]" does not have an associated HD.PARTPIN_LOCS, which will prevent the partial routing of the signal "in1_q1[31]". Without this partial route, timing analysis to/from this port will not be accurate, and no routing information for this port can be exported.
WARNING: [Route 35-198] Port "in1_q1[30]" does not have an associated HD.PARTPIN_LOCS, which will prevent the partial routing of the signal "in1_q1[30]". Without this partial route, timing analysis to/from this port will not be accurate, and no routing information for this port can be exported.
WARNING: [Route 35-198] Port "in1_q1[29]" does not have an associated HD.PARTPIN_LOCS, which will prevent the partial routing of the signal "in1_q1[29]". Without this partial route, timing analysis to/from this port will not be accurate, and no routing information for this port can be exported.
WARNING: [Route 35-198] Port "in1_q1[28]" does not have an associated HD.PARTPIN_LOCS, which will prevent the partial routing of the signal "in1_q1[28]". Without this partial route, timing analysis to/from this port will not be accurate, and no routing information for this port can be exported.
WARNING: [Route 35-198] Port "in1_q1[27]" does not have an associated HD.PARTPIN_LOCS, which will prevent the partial routing of the signal "in1_q1[27]". Without this partial route, timing analysis to/from this port will not be accurate, and no routing information for this port can be exported.
WARNING: [Route 35-198] Port "in1_q1[26]" does not have an associated HD.PARTPIN_LOCS, which will prevent the partial routing of the signal "in1_q1[26]". Without this partial route, timing analysis to/from this port will not be accurate, and no routing information for this port can be exported.
WARNING: [Route 35-198] Port "in1_q1[25]" does not have an associated HD.PARTPIN_LOCS, which will prevent the partial routing of the signal "in1_q1[25]". Without this partial route, timing analysis to/from this port will not be accurate, and no routing information for this port can be exported.
WARNING: [Route 35-198] Port "in1_q1[24]" does not have an associated HD.PARTPIN_LOCS, which will prevent the partial routing of the signal "in1_q1[24]". Without this partial route, timing analysis to/from this port will not be accurate, and no routing information for this port can be exported.
WARNING: [Route 35-198] Port "in1_q1[23]" does not have an associated HD.PARTPIN_LOCS, which will prevent the partial routing of the signal "in1_q1[23]". Without this partial route, timing analysis to/from this port will not be accurate, and no routing information for this port can be exported.
WARNING: [Route 35-198] Port "in1_q1[22]" does not have an associated HD.PARTPIN_LOCS, which will prevent the partial routing of the signal "in1_q1[22]". Without this partial route, timing analysis to/from this port will not be accurate, and no routing information for this port can be exported.
WARNING: [Route 35-198] Port "in1_q1[21]" does not have an associated HD.PARTPIN_LOCS, which will prevent the partial routing of the signal "in1_q1[21]". Without this partial route, timing analysis to/from this port will not be accurate, and no routing information for this port can be exported.
WARNING: [Route 35-198] Port "in1_q1[20]" does not have an associated HD.PARTPIN_LOCS, which will prevent the partial routing of the signal "in1_q1[20]". Without this partial route, timing analysis to/from this port will not be accurate, and no routing information for this port can be exported.
WARNING: [Route 35-198] Port "in1_q1[19]" does not have an associated HD.PARTPIN_LOCS, which will prevent the partial routing of the signal "in1_q1[19]". Without this partial route, timing analysis to/from this port will not be accurate, and no routing information for this port can be exported.
WARNING: [Route 35-198] Port "in1_q1[18]" does not have an associated HD.PARTPIN_LOCS, which will prevent the partial routing of the signal "in1_q1[18]". Without this partial route, timing analysis to/from this port will not be accurate, and no routing information for this port can be exported.
WARNING: [Route 35-198] Port "in1_q1[17]" does not have an associated HD.PARTPIN_LOCS, which will prevent the partial routing of the signal "in1_q1[17]". Without this partial route, timing analysis to/from this port will not be accurate, and no routing information for this port can be exported.
WARNING: [Route 35-198] Port "in2_q0[16]" does not have an associated HD.PARTPIN_LOCS, which will prevent the partial routing of the signal "in2_q0[16]". Without this partial route, timing analysis to/from this port will not be accurate, and no routing information for this port can be exported.
WARNING: [Route 35-198] Port "in2_q0[15]" does not have an associated HD.PARTPIN_LOCS, which will prevent the partial routing of the signal "in2_q0[15]". Without this partial route, timing analysis to/from this port will not be accurate, and no routing information for this port can be exported.
WARNING: [Route 35-198] Port "in2_q0[14]" does not have an associated HD.PARTPIN_LOCS, which will prevent the partial routing of the signal "in2_q0[14]". Without this partial route, timing analysis to/from this port will not be accurate, and no routing information for this port can be exported.
WARNING: [Route 35-198] Port "in2_q0[13]" does not have an associated HD.PARTPIN_LOCS, which will prevent the partial routing of the signal "in2_q0[13]". Without this partial route, timing analysis to/from this port will not be accurate, and no routing information for this port can be exported.
INFO: [Common 17-14] Message 'Route 35-198' appears 100 times and further instances of the messages will be disabled. Use the Tcl command set_msg_config to change the current settings.
WARNING: [Constraints 18-8777] Unable to split tiles. All required files are not available.
Post Restoration Checksum: NetGraph: 7e2c4710 | NumContArr: 6ae3cf29 | Constraints: c2a8fa9d | Timing: c2a8fa9d
Phase 1 Build RT Design | Checksum: 26e620b73

Time (s): cpu = 00:00:07 ; elapsed = 00:00:06 . Memory (MB): peak = 2919.043 ; gain = 0.000 ; free physical = 208 ; free virtual = 5750

Phase 2 Router Initialization

Phase 2.1 Fix Topology Constraints
Phase 2.1 Fix Topology Constraints | Checksum: 26e620b73

Time (s): cpu = 00:00:07 ; elapsed = 00:00:06 . Memory (MB): peak = 2919.043 ; gain = 0.000 ; free physical = 208 ; free virtual = 5751

Phase 2.2 Pre Route Cleanup
Phase 2.2 Pre Route Cleanup | Checksum: 26e620b73

Time (s): cpu = 00:00:07 ; elapsed = 00:00:06 . Memory (MB): peak = 2919.043 ; gain = 0.000 ; free physical = 208 ; free virtual = 5751
 Number of Nodes with overlaps = 0

Phase 2.3 Update Timing
Phase 2.3 Update Timing | Checksum: 1c9b72cbb

Time (s): cpu = 00:00:07 ; elapsed = 00:00:06 . Memory (MB): peak = 2919.043 ; gain = 0.000 ; free physical = 207 ; free virtual = 5751
INFO: [Route 35-416] Intermediate Timing Summary | WNS=6.073  | TNS=0.000  | WHS=0.106  | THS=0.000  |


Phase 2.4 Soft Constraint Pins - Fast Budgeting
Phase 2.4 Soft Constraint Pins - Fast Budgeting | Checksum: 1f7c70413

Time (s): cpu = 00:00:08 ; elapsed = 00:00:06 . Memory (MB): peak = 2919.043 ; gain = 0.000 ; free physical = 207 ; free virtual = 5752

Router Utilization Summary
  Global Vertical Routing Utilization    = 0 %
  Global Horizontal Routing Utilization  = 0 %
  Routable Net Status*
  *Does not include unroutable nets such as driverless and loadless.
  Run report_route_status for detailed report.
  Number of Failed Nets               = 1037
    (Failed Nets is the sum of unrouted and partially routed nets)
  Number of Unrouted Nets             = 1037
  Number of Partially Routed Nets     = 0
  Number of Node Overlaps             = 0

Phase 2 Router Initialization | Checksum: 1f7c70413

Time (s): cpu = 00:00:08 ; elapsed = 00:00:06 . Memory (MB): peak = 2919.043 ; gain = 0.000 ; free physical = 207 ; free virtual = 5751

Phase 3 Global Routing
Phase 3 Global Routing | Checksum: 1f7c70413

Time (s): cpu = 00:00:08 ; elapsed = 00:00:06 . Memory (MB): peak = 2919.043 ; gain = 0.000 ; free physical = 207 ; free virtual = 5751

Phase 4 Initial Routing

Phase 4.1 Initial Net Routing Pass
Phase 4.1 Initial Net Routing Pass | Checksum: 1f1933318

Time (s): cpu = 00:00:08 ; elapsed = 00:00:06 . Memory (MB): peak = 2919.043 ; gain = 0.000 ; free physical = 207 ; free virtual = 5751
Phase 4 Initial Routing | Checksum: 1f1933318

Time (s): cpu = 00:00:08 ; elapsed = 00:00:06 . Memory (MB): peak = 2919.043 ; gain = 0.000 ; free physical = 207 ; free virtual = 5751

Phase 5 Rip-up And Reroute

Phase 5.1 Global Iteration 0
 Number of Nodes with overlaps = 103
 Number of Nodes with overlaps = 0
INFO: [Route 35-416] Intermediate Timing Summary | WNS=4.425  | TNS=0.000  | WHS=N/A    | THS=N/A    |

Phase 5.1 Global Iteration 0 | Checksum: 29fe73b66

Time (s): cpu = 00:00:08 ; elapsed = 00:00:06 . Memory (MB): peak = 2919.043 ; gain = 0.000 ; free physical = 207 ; free virtual = 5751
Phase 5 Rip-up And Reroute | Checksum: 29fe73b66

Time (s): cpu = 00:00:08 ; elapsed = 00:00:06 . Memory (MB): peak = 2919.043 ; gain = 0.000 ; free physical = 207 ; free virtual = 5751

Phase 6 Delay and Skew Optimization

Phase 6.1 Delay CleanUp
Phase 6.1 Delay CleanUp | Checksum: 29fe73b66

Time (s): cpu = 00:00:08 ; elapsed = 00:00:06 . Memory (MB): peak = 2919.043 ; gain = 0.000 ; free physical = 207 ; free virtual = 5751

Phase 6.2 Clock Skew Optimization
Phase 6.2 Clock Skew Optimization | Checksum: 29fe73b66

Time (s): cpu = 00:00:08 ; elapsed = 00:00:06 . Memory (MB): peak = 2919.043 ; gain = 0.000 ; free physical = 207 ; free virtual = 5751
Phase 6 Delay and Skew Optimization | Checksum: 29fe73b66

Time (s): cpu = 00:00:08 ; elapsed = 00:00:06 . Memory (MB): peak = 2919.043 ; gain = 0.000 ; free physical = 207 ; free virtual = 5751

Phase 7 Post Hold Fix

Phase 7.1 Hold Fix Iter
INFO: [Route 35-416] Intermediate Timing Summary | WNS=4.425  | TNS=0.000  | WHS=0.123  | THS=0.000  |

Phase 7.1 Hold Fix Iter | Checksum: 2d539973f

Time (s): cpu = 00:00:08 ; elapsed = 00:00:06 . Memory (MB): peak = 2919.043 ; gain = 0.000 ; free physical = 207 ; free virtual = 5751
Phase 7 Post Hold Fix | Checksum: 2d539973f

Time (s): cpu = 00:00:08 ; elapsed = 00:00:06 . Memory (MB): peak = 2919.043 ; gain = 0.000 ; free physical = 207 ; free virtual = 5751

Phase 8 Route finalize

Router Utilization Summary
  Global Vertical Routing Utilization    = 0.335163 %
  Global Horizontal Routing Utilization  = 0.508272 %
  Routable Net Status*
  *Does not include unroutable nets such as driverless and loadless.
  Run report_route_status for detailed report.
  Number of Failed Nets               = 0
    (Failed Nets is the sum of unrouted and partially routed nets)
  Number of Unrouted Nets             = 0
  Number of Partially Routed Nets     = 0
  Number of Node Overlaps             = 0

Phase 8 Route finalize | Checksum: 2d539973f

Time (s): cpu = 00:00:08 ; elapsed = 00:00:06 . Memory (MB): peak = 2919.043 ; gain = 0.000 ; free physical = 207 ; free virtual = 5751

Phase 9 Verifying routed nets

 Verification completed successfully
Phase 9 Verifying routed nets | Checksum: 2d539973f

Time (s): cpu = 00:00:08 ; elapsed = 00:00:06 . Memory (MB): peak = 2919.043 ; gain = 0.000 ; free physical = 206 ; free virtual = 5751

Phase 10 Depositing Routes
Phase 10 Depositing Routes | Checksum: 30babc68d

Time (s): cpu = 00:00:09 ; elapsed = 00:00:06 . Memory (MB): peak = 2919.043 ; gain = 0.000 ; free physical = 206 ; free virtual = 5751

Phase 11 Post Process Routing
Phase 11 Post Process Routing | Checksum: 30babc68d

Time (s): cpu = 00:00:09 ; elapsed = 00:00:06 . Memory (MB): peak = 2919.043 ; gain = 0.000 ; free physical = 206 ; free virtual = 5751

Phase 12 Post Router Timing
INFO: [Route 35-57] Estimated Timing Summary | WNS=4.425  | TNS=0.000  | WHS=0.123  | THS=0.000  |

INFO: [Route 35-327] The final timing numbers are based on the router estimated timing analysis. For a complete and accurate timing signoff, please run report_timing_summary.
Phase 12 Post Router Timing | Checksum: 30babc68d

Time (s): cpu = 00:00:09 ; elapsed = 00:00:06 . Memory (MB): peak = 2919.043 ; gain = 0.000 ; free physical = 206 ; free virtual = 5751
Total Elapsed time in route_design: 6.44 secs

Phase 13 Post-Route Event Processing
Phase 13 Post-Route Event Processing | Checksum: bedbd68c

Time (s): cpu = 00:00:09 ; elapsed = 00:00:06 . Memory (MB): peak = 2919.043 ; gain = 0.000 ; free physical = 206 ; free virtual = 5751
INFO: [Route 35-16] Router Completed Successfully
Ending Routing Task | Checksum: bedbd68c

Time (s): cpu = 00:00:09 ; elapsed = 00:00:06 . Memory (MB): peak = 2919.043 ; gain = 0.000 ; free physical = 206 ; free virtual = 5751

Routing Is Done.
INFO: [Common 17-83] Releasing license: Implementation
92 Infos, 108 Warnings, 0 Critical Warnings and 0 Errors encountered.
route_design completed successfully
route_design: Time (s): cpu = 00:00:09 ; elapsed = 00:00:06 . Memory (MB): peak = 2919.043 ; gain = 0.000 ; free physical = 206 ; free virtual = 5751
INFO: [Vivado 12-24828] Executing command : report_drc -file bd_0_wrapper_drc_routed.rpt -pb bd_0_wrapper_drc_routed.pb -rpx bd_0_wrapper_drc_routed.rpx
Command: report_drc -file bd_0_wrapper_drc_routed.rpt -pb bd_0_wrapper_drc_routed.pb -rpx bd_0_wrapper_drc_routed.rpx
INFO: [IP_Flow 19-1839] IP Catalog is up to date.
INFO: [DRC 23-27] Running DRC with 8 threads
WARNING: [DRC 23-814] Not all possible (connectivity based) DRCs may have been run because this design is seen as Out of Context.
INFO: [Vivado_Tcl 2-168] The results of DRC are in file /home/nhanenten/Desktop/HW_SW/Lab3/Lab3_HLS/Lab3_HLS/hls/impl/verilog/project.runs/impl_1/bd_0_wrapper_drc_routed.rpt.
report_drc completed successfully
INFO: [Vivado 12-24828] Executing command : report_methodology -file bd_0_wrapper_methodology_drc_routed.rpt -pb bd_0_wrapper_methodology_drc_routed.pb -rpx bd_0_wrapper_methodology_drc_routed.rpx
Command: report_methodology -file bd_0_wrapper_methodology_drc_routed.rpt -pb bd_0_wrapper_methodology_drc_routed.pb -rpx bd_0_wrapper_methodology_drc_routed.rpx
INFO: [Timing 38-35] Done setting XDC timing constraints.
WARNING: [Timing 38-242] The property HD.CLK_SRC of clock port "ap_clk" is not set. In out-of-context mode, this prevents timing estimation for clock delay/skew
Resolution: Set the HD.CLK_SRC property of the out-of-context port to the location of the clock buffer instance in the top-level design
INFO: [DRC 23-133] Running Methodology with 8 threads
WARNING: [DRC 23-814] Not all possible (connectivity based) DRCs may have been run because this design is seen as Out of Context.
INFO: [Vivado_Tcl 2-1520] The results of Report Methodology are in file /home/nhanenten/Desktop/HW_SW/Lab3/Lab3_HLS/Lab3_HLS/hls/impl/verilog/project.runs/impl_1/bd_0_wrapper_methodology_drc_routed.rpt.
report_methodology completed successfully
INFO: [Vivado 12-24828] Executing command : report_timing_summary -max_paths 10 -routable_nets -report_unconstrained -file bd_0_wrapper_timing_summary_routed.rpt -pb bd_0_wrapper_timing_summary_routed.pb -rpx bd_0_wrapper_timing_summary_routed.rpx -warn_on_violation 
INFO: [Timing 38-35] Done setting XDC timing constraints.
INFO: [Timing 38-91] UpdateTimingParams: Speed grade: -1, Delay Type: min_max.
INFO: [Timing 38-191] Multithreading enabled for timing update using a maximum of 8 CPUs
INFO: [Vivado 12-24838] Running report commands "report_bus_skew, report_incremental_reuse, report_route_status" in parallel.
Running report generation with 3 threads.
INFO: [Vivado 12-24828] Executing command : report_incremental_reuse -file bd_0_wrapper_incremental_reuse_routed.rpt
INFO: [Vivado_Tcl 4-1062] Incremental flow is disabled. No incremental reuse Info to report.
INFO: [Vivado 12-24828] Executing command : report_route_status -file bd_0_wrapper_route_status.rpt -pb bd_0_wrapper_route_status.pb
INFO: [Vivado 12-24828] Executing command : report_bus_skew -warn_on_violation -file bd_0_wrapper_bus_skew_routed.rpt -pb bd_0_wrapper_bus_skew_routed.pb -rpx bd_0_wrapper_bus_skew_routed.rpx
INFO: [Timing 38-91] UpdateTimingParams: Speed grade: -1, Delay Type: min_max.
INFO: [Timing 38-191] Multithreading enabled for timing update using a maximum of 8 CPUs
INFO: [Vivado 12-24828] Executing command : report_power -file bd_0_wrapper_power_routed.rpt -pb bd_0_wrapper_power_summary_routed.pb -rpx bd_0_wrapper_power_routed.rpx
Command: report_power -file bd_0_wrapper_power_routed.rpt -pb bd_0_wrapper_power_summary_routed.pb -rpx bd_0_wrapper_power_routed.rpx
Running Vector-less Activity Propagation...

Finished Running Vector-less Activity Propagation
112 Infos, 111 Warnings, 0 Critical Warnings and 0 Errors encountered.
report_power completed successfully
INFO: [Vivado 12-24828] Executing command : report_clock_utilization -file bd_0_wrapper_clock_utilization_routed.rpt
INFO: [Timing 38-480] Writing timing data to binary archive.
Wrote PlaceDB: Time (s): cpu = 00:00:00 ; elapsed = 00:00:00 . Memory (MB): peak = 2919.043 ; gain = 0.000 ; free physical = 203 ; free virtual = 5733
Wrote PulsedLatchDB: Time (s): cpu = 00:00:00 ; elapsed = 00:00:00 . Memory (MB): peak = 2919.043 ; gain = 0.000 ; free physical = 203 ; free virtual = 5733
Writing XDEF routing.
Write ShapeDB Complete: Time (s): cpu = 00:00:00.02 ; elapsed = 00:00:00 . Memory (MB): peak = 2919.043 ; gain = 0.000 ; free physical = 203 ; free virtual = 5733
Writing XDEF routing logical nets.
Writing XDEF routing special nets.
Wrote RouteStorage: Time (s): cpu = 00:00:00.12 ; elapsed = 00:00:00.03 . Memory (MB): peak = 2919.043 ; gain = 0.000 ; free physical = 203 ; free virtual = 5733
Wrote PlaceStorage: Time (s): cpu = 00:00:00.08 ; elapsed = 00:00:00.03 . Memory (MB): peak = 2919.043 ; gain = 0.000 ; free physical = 202 ; free virtual = 5733
Wrote Netlist Cache: Time (s): cpu = 00:00:00 ; elapsed = 00:00:00 . Memory (MB): peak = 2919.043 ; gain = 0.000 ; free physical = 202 ; free virtual = 5733
Wrote Device Cache: Time (s): cpu = 00:00:00 ; elapsed = 00:00:00 . Memory (MB): peak = 2919.043 ; gain = 0.000 ; free physical = 202 ; free virtual = 5733
Write Physdb Complete: Time (s): cpu = 00:00:00.21 ; elapsed = 00:00:00.07 . Memory (MB): peak = 2919.043 ; gain = 0.000 ; free physical = 202 ; free virtual = 5733
INFO: [Common 17-1381] The checkpoint '/home/nhanenten/Desktop/HW_SW/Lab3/Lab3_HLS/Lab3_HLS/hls/impl/verilog/project.runs/impl_1/bd_0_wrapper_routed.dcp' has been generated.
INFO: [Common 17-206] Exiting Vivado at Mon May 25 14:45:18 2026...
[Mon May 25 14:45:18 2026] impl_1 finished
wait_on_runs: Time (s): cpu = 00:00:53 ; elapsed = 00:00:27 . Memory (MB): peak = 2713.902 ; gain = 0.000 ; free physical = 1843 ; free virtual = 7375
TIMESTAMP: HLS-REPORT: implementation open_run: 2026-05-25 14:45:18 +07
INFO: HLS-REPORT: Opening implementation design database: open_run impl_1
Netlist sorting complete. Time (s): cpu = 00:00:00 ; elapsed = 00:00:00 . Memory (MB): peak = 2713.902 ; gain = 0.000 ; free physical = 1842 ; free virtual = 7374
INFO: [Netlist 29-17] Analyzing 143 Unisim elements for replacement
INFO: [Netlist 29-28] Unisim Transformation completed in 0 CPU seconds
WARNING: [Netlist 29-43] Netlist 'bd_0_wrapper' is not ideal for floorplanning, since the cellview 'bd_0_hls_inst_0_matmul' defined in file 'bd_0_hls_inst_0.edf' contains large number of primitives.  Please consider enabling hierarchy in synthesis if you want to do floorplanning.
INFO: [Project 1-479] Netlist was created with Vivado 2025.2
INFO: [Project 1-570] Preparing netlist for logic optimization
Read ShapeDB Complete: Time (s): cpu = 00:00:00 ; elapsed = 00:00:00 . Memory (MB): peak = 2713.902 ; gain = 0.000 ; free physical = 1824 ; free virtual = 7356
INFO: [Timing 38-478] Restoring timing data from binary archive.
INFO: [Timing 38-479] Binary timing data restore complete.
INFO: [Project 1-856] Restoring constraints from binary archive.
INFO: [Project 1-853] Binary constraint restore complete.
INFO: [Designutils 20-5722] Start Reading Physical Databases.
Reading placement.
Read Netlist Cache: Time (s): cpu = 00:00:00 ; elapsed = 00:00:00 . Memory (MB): peak = 2788.629 ; gain = 0.000 ; free physical = 1769 ; free virtual = 7301
Reading placer database...
Read Device Cache: Time (s): cpu = 00:00:00.01 ; elapsed = 00:00:00.01 . Memory (MB): peak = 2788.629 ; gain = 0.000 ; free physical = 1769 ; free virtual = 7301
Read PlaceDB: Time (s): cpu = 00:00:00 ; elapsed = 00:00:00 . Memory (MB): peak = 2788.629 ; gain = 0.000 ; free physical = 1769 ; free virtual = 7301
Read placeStorage: Time (s): cpu = 00:00:00.01 ; elapsed = 00:00:00.02 . Memory (MB): peak = 2788.629 ; gain = 0.000 ; free physical = 1769 ; free virtual = 7301
Read PulsedLatchDB: Time (s): cpu = 00:00:00 ; elapsed = 00:00:00 . Memory (MB): peak = 2788.629 ; gain = 0.000 ; free physical = 1769 ; free virtual = 7301
Reading routing.
Read RouteStorage: Time (s): cpu = 00:00:00.02 ; elapsed = 00:00:00.01 . Memory (MB): peak = 2788.629 ; gain = 0.000 ; free physical = 1769 ; free virtual = 7301
Read Physdb Files: Time (s): cpu = 00:00:00.05 ; elapsed = 00:00:00.04 . Memory (MB): peak = 2788.629 ; gain = 0.000 ; free physical = 1769 ; free virtual = 7301
Restored from archive | CPU: 0.050000 secs | Memory: 1.110260 MB |
Finished XDEF File Restore: Time (s): cpu = 00:00:00.05 ; elapsed = 00:00:00.04 . Memory (MB): peak = 2788.629 ; gain = 0.000 ; free physical = 1769 ; free virtual = 7301
Netlist sorting complete. Time (s): cpu = 00:00:00 ; elapsed = 00:00:00 . Memory (MB): peak = 2788.629 ; gain = 0.000 ; free physical = 1769 ; free virtual = 7301
INFO: [Project 1-111] Unisim Transformation Summary:
No Unisim elements were transformed.

TIMESTAMP: HLS-REPORT: implementation generate_reports_vivado: 2026-05-25 14:45:19 +07
INFO: HLS-REPORT: Running report: report_utilization -file ./report/matmul_utilization_routed.rpt
INFO: HLS-REPORT: Running report: report_utilization -hierarchical -hierarchical_depth 5 -file ./report/matmul_utilization_hierarchical_routed.rpt
INFO: HLS-REPORT: Running report: report_timing_summary -file ./report/matmul_timing_routed.rpt
INFO: [Timing 38-91] UpdateTimingParams: Speed grade: -1, Delay Type: min_max.
INFO: [Timing 38-191] Multithreading enabled for timing update using a maximum of 8 CPUs
WARNING: [Timing 38-242] The property HD.CLK_SRC of clock port "ap_clk" is not set. In out-of-context mode, this prevents timing estimation for clock delay/skew
Resolution: Set the HD.CLK_SRC property of the out-of-context port to the location of the clock buffer instance in the top-level design
INFO: HLS-REPORT: Running report: report_power -file ./report/matmul_power_routed.rpt -xpe ./matmul_power.xpe
Command: report_power -file ./report/matmul_power_routed.rpt -xpe ./matmul_power.xpe
Running Vector-less Activity Propagation...

Finished Running Vector-less Activity Propagation
13 Infos, 3 Warnings, 0 Critical Warnings and 0 Errors encountered.
report_power completed successfully
INFO: HLS-REPORT: Running report: report_route_status -file ./report/matmul_status_routed.rpt
INFO: HLS-REPORT: Running report: report_timing -max_paths 10 -file ./report/matmul_timing_paths_routed.rpt
INFO: [Timing 38-91] UpdateTimingParams: Speed grade: -1, Delay Type: max.
INFO: [Timing 38-191] Multithreading enabled for timing update using a maximum of 8 CPUs
INFO: [Timing 38-78] ReportTimingParams: -max_paths 10 -nworst 1 -delay_type max -sort_by slack.
INFO: HLS-REPORT: Running report: report_design_analysis -file ./report/matmul_design_analysis_routed.rpt
INFO: HLS-REPORT: Running report: ::tclapp::xilinx::designutils::report_failfast -detailed_report impl -file ./report/matmul_failfast_routed.rpt
 -I- design metrics completed in 0 seconds
 -I- DONT_TOUCH metric completed in 0 seconds
 -I- MARK_DEBUG metric completed in 0 seconds
 -I- utilization metrics completed in 1 seconds
 -I- control set metrics completed in 0 seconds
 -I- methodology check metrics completed in 0 seconds
 -I- average fanout metrics completed in 0 seconds (0 modules)
 -I- non-FD high fanout nets completed in 0 seconds
 -I- path budgeting metrics completed in 0 seconds
#  +-----------------------------------------------------------------------------------------+
#  | Design Summary                                                                          |
#  | impl_1                                                                                  |
#  | xc7z010clg400-1                                                                         |
#  +-----------------------------------------------------------+-----------+--------+--------+
#  | Criteria                                                  | Guideline | Actual | Status |
#  +-----------------------------------------------------------+-----------+--------+--------+
#  | LUT                                                       | 70%       | 4.77%  | OK     |
#  | FD                                                        | 50%       | 1.17%  | OK     |
#  | LUTRAM+SRL                                                | 25%       | 0.00%  | OK     |
#  | MUXF7                                                     | 15%       | 0.00%  | OK     |
#  | DSP                                                       | 80%       | 7.50%  | OK     |
#  | RAMB/FIFO                                                 | 80%       | 0.00%  | OK     |
#  | DSP+RAMB+URAM (Avg)                                       | 70%       | 7.50%  | OK     |
#  | BUFGCE* + BUFGCTRL                                        | 24        | 0      | OK     |
#  | DONT_TOUCH (cells/nets)                                   | 0         | 0      | OK     |
#  | MARK_DEBUG (nets)                                         | 0         | 0      | OK     |
#  | Control Sets                                              | 330       | 13     | OK     |
#  | Average Fanout for modules > 100k cells                   | 4         | 2.36   | OK     |
#  | Max Average Fanout for modules > 100k cells               | 4         | 0      | OK     |
#  | Non-FD high fanout nets > 10k loads                       | 0         | 0      | OK     |
#  +-----------------------------------------------------------+-----------+--------+--------+
#  | TIMING-6 (No common primary clock between related clocks) | 0         | 0      | OK     |
#  | TIMING-7 (No common node between related clocks)          | 0         | 0      | OK     |
#  | TIMING-8 (No common period between related clocks)        | 0         | 0      | OK     |
#  | TIMING-14 (LUT on the clock tree)                         | 0         | 0      | OK     |
#  | TIMING-35 (No common node in paths with the same clock)   | 0         | 0      | OK     |
#  +-----------------------------------------------------------+-----------+--------+--------+
#  | Number of paths above max LUT budgeting (0.575ns)         | 0         | 0      | OK     |
#  | Number of paths above max Net budgeting (0.403ns)         | 0         | 0      | OK     |
#  +-----------------------------------------------------------+-----------+--------+--------+
 -I- Generated file /home/nhanenten/Desktop/HW_SW/Lab3/Lab3_HLS/Lab3_HLS/hls/impl/verilog/report/matmul_failfast_routed.rpt
 -I- Number of criteria to review: 0
 -I- This report should be run before placing the design and uses conservative guidelines beyond which runtime and timing closure will likely be more challenging
 -I- report_failfast completed in 1 seconds
TIMESTAMP: HLS-REPORT: implementation gen_data_dict_vivado: 2026-05-25 14:45:21 +07
TIMESTAMP: HLS-REPORT: impl extract_util_hier: 2026-05-25 14:45:21 +07
TIMESTAMP: HLS-REPORT: impl get_cell_hier_data: 2026-05-25 14:45:21 +07
TIMESTAMP: HLS-REPORT: impl get_timing_paths: 2026-05-25 14:45:21 +07
TIMESTAMP: HLS-REPORT: impl process timing paths: 2026-05-25 14:45:21 +07
TIMESTAMP: HLS-REPORT: impl get_all_vv_rpt_files: 2026-05-25 14:45:21 +07
TIMESTAMP: HLS-REPORT: implementation write_reports_vivado: 2026-05-25 14:45:21 +07
HLS EXTRACTION: impl area_totals:  4400 17600 35200 80 120 0 0
HLS EXTRACTION: impl area_current: 240 840 411 6 0 0 0 0 0 0
HLS EXTRACTION: impl resources_dict: AVAIL_SLICE 4400 SLICE 240 AVAIL_LUT 17600 LUT 840 AVAIL_FF 35200 FF 411 AVAIL_DSP 80 DSP 6 AVAIL_BRAM 120 BRAM 0 AVAIL_URAM 0 URAM 0 LATCH 0 SRL 0 AVAIL_CLB 0 CLB 0
INFO: HLS-REPORT: generated /home/nhanenten/Desktop/HW_SW/Lab3/Lab3_HLS/Lab3_HLS/hls/impl/verilog/report/vivado_impl.xml
INFO: HLS-REPORT: generated /home/nhanenten/Desktop/HW_SW/Lab3/Lab3_HLS/Lab3_HLS/hls/impl/report/verilog/matmul_export.rpt


Implementation tool: Xilinx Vivado v.2025.2
Project:             Lab3_HLS
Solution:            hls
Device target:       xc7z010-clg400-1
Report date:         Mon May 25 14:45:21 +07 2026

#=== Post-Implementation Resource usage ===
SLICE:          240
LUT:            840
FF:             411
DSP:              6
BRAM:             0
URAM:             0
LATCH:            0
SRL:              0
CLB:              0

#=== Final timing ===
CP required:                     10.000
CP achieved post-synthesis:      3.826
CP achieved post-implementation: 5.574
Timing met

TIMESTAMP: HLS-REPORT: implementation end: 2026-05-25 14:45:21 +07
INFO: HLS-REPORT: impl run complete: worst setup slack (WNS)=4.425583, worst hold slack (WHS)=0.123756, total pulse width slack(TPWS)=0.000000, number of unrouted nets=0
# hls_vivado_reports_finalize $report_options
TIMESTAMP: HLS-REPORT: all reports complete: 2026-05-25 14:45:21 +07
INFO: [Common 17-206] Exiting Vivado at Mon May 25 14:45:21 2026...
