Copyright 1986-2022 Xilinx, Inc. All Rights Reserved. Copyright 2022-2025 Advanced Micro Devices, Inc. All Rights Reserved.
------------------------------------------------------------------------------------------------------------------------------------------------------------------------------------------------------------------------------------------------
| Tool Version : Vivado v.2025.2 (lin64) Build 6299465 Fri Nov 14 12:34:56 MST 2025
| Date         : Mon May 25 14:45:18 2026
| Host         : NhanEnten running 64-bit Ubuntu 24.04.4 LTS
| Command      : report_timing_summary -max_paths 10 -routable_nets -report_unconstrained -file bd_0_wrapper_timing_summary_routed.rpt -pb bd_0_wrapper_timing_summary_routed.pb -rpx bd_0_wrapper_timing_summary_routed.rpx -warn_on_violation
| Design       : bd_0_wrapper
| Device       : 7z010-clg400
| Speed File   : -1  PRODUCTION 1.12 2019-11-22
| Design State : Routed
------------------------------------------------------------------------------------------------------------------------------------------------------------------------------------------------------------------------------------------------

Timing Summary Report

------------------------------------------------------------------------------------------------
| Timer Settings
| --------------
------------------------------------------------------------------------------------------------

  Enable Multi Corner Analysis               :  Yes
  Enable Pessimism Removal                   :  Yes
  Pessimism Removal Resolution               :  Nearest Common Node
  Enable Input Delay Default Clock           :  No
  Enable Preset / Clear Arcs                 :  No
  Disable Flight Delays                      :  No
  Ignore I/O Paths                           :  No
  Timing Early Launch at Borrowing Latches   :  No
  Borrow Time for Max Delay Exceptions       :  Yes
  Merge Timing Exceptions                    :  Yes
  Inter-SLR Compensation                     :  Conservative

  Corner  Analyze    Analyze    
  Name    Max Paths  Min Paths  
  ------  ---------  ---------  
  Slow    Yes        Yes        
  Fast    Yes        Yes        


------------------------------------------------------------------------------------------------
| Report Methodology
| ------------------
------------------------------------------------------------------------------------------------

Rule       Severity  Description                    Violations  
---------  --------  -----------------------------  ----------  
TIMING-18  Warning   Missing input or output delay  243         

Note: This report is based on the most recent report_methodology run and may not be up-to-date. Run report_methodology on the current design for the latest report.



check_timing report

Table of Contents
-----------------
1. checking no_clock (0)
2. checking constant_clock (0)
3. checking pulse_width_clock (0)
4. checking unconstrained_internal_endpoints (0)
5. checking no_input_delay (162)
6. checking no_output_delay (79)
7. checking multiple_clock (0)
8. checking generated_clocks (0)
9. checking loops (0)
10. checking partial_input_delay (0)
11. checking partial_output_delay (0)
12. checking latch_loops (0)

1. checking no_clock (0)
------------------------
 There are 0 register/latch pins with no clock.


2. checking constant_clock (0)
------------------------------
 There are 0 register/latch pins with constant_clock.


3. checking pulse_width_clock (0)
---------------------------------
 There are 0 register/latch pins which need pulse_width check


4. checking unconstrained_internal_endpoints (0)
------------------------------------------------
 There are 0 pins that are not constrained for maximum delay.

 There are 0 pins that are not constrained for maximum delay due to constant clock.


5. checking no_input_delay (162)
--------------------------------
 There are 162 input ports with no input delay specified. (HIGH)

 There are 0 input ports with no input delay but user has a false path constraint.


6. checking no_output_delay (79)
--------------------------------
 There are 79 ports with no output delay specified. (HIGH)

 There are 0 ports with no output delay but user has a false path constraint

 There are 0 ports with no output delay but with a timing clock defined on it or propagating through it


7. checking multiple_clock (0)
------------------------------
 There are 0 register/latch pins with multiple clocks.


8. checking generated_clocks (0)
--------------------------------
 There are 0 generated clocks that are not connected to a clock source.


9. checking loops (0)
---------------------
 There are 0 combinational loops in the design.


10. checking partial_input_delay (0)
------------------------------------
 There are 0 input ports with partial input delay specified.


11. checking partial_output_delay (0)
-------------------------------------
 There are 0 ports with partial output delay specified.


12. checking latch_loops (0)
----------------------------
 There are 0 combinational latch loops in the design through latch input



------------------------------------------------------------------------------------------------
| Design Timing Summary
| ---------------------
------------------------------------------------------------------------------------------------

    WNS(ns)      TNS(ns)  TNS Failing Endpoints  TNS Total Endpoints      WHS(ns)      THS(ns)  THS Failing Endpoints  THS Total Endpoints     WPWS(ns)     TPWS(ns)  TPWS Failing Endpoints  TPWS Total Endpoints  
    -------      -------  ---------------------  -------------------      -------      -------  ---------------------  -------------------     --------     --------  ----------------------  --------------------  
      4.426        0.000                      0                  738        0.124        0.000                      0                  738        4.500        0.000                       0                   415  


All user specified timing constraints are met.


------------------------------------------------------------------------------------------------
| Clock Summary
| -------------
------------------------------------------------------------------------------------------------

Clock   Waveform(ns)       Period(ns)      Frequency(MHz)
-----   ------------       ----------      --------------
ap_clk  {0.000 5.000}      10.000          100.000         


------------------------------------------------------------------------------------------------
| Intra Clock Table
| -----------------
------------------------------------------------------------------------------------------------

Clock             WNS(ns)      TNS(ns)  TNS Failing Endpoints  TNS Total Endpoints      WHS(ns)      THS(ns)  THS Failing Endpoints  THS Total Endpoints     WPWS(ns)     TPWS(ns)  TPWS Failing Endpoints  TPWS Total Endpoints  
-----             -------      -------  ---------------------  -------------------      -------      -------  ---------------------  -------------------     --------     --------  ----------------------  --------------------  
ap_clk              4.426        0.000                      0                  738        0.124        0.000                      0                  738        4.500        0.000                       0                   415  


------------------------------------------------------------------------------------------------
| Inter Clock Table
| -----------------
------------------------------------------------------------------------------------------------

From Clock    To Clock          WNS(ns)      TNS(ns)  TNS Failing Endpoints  TNS Total Endpoints      WHS(ns)      THS(ns)  THS Failing Endpoints  THS Total Endpoints  
----------    --------          -------      -------  ---------------------  -------------------      -------      -------  ---------------------  -------------------  


------------------------------------------------------------------------------------------------
| Other Path Groups Table
| -----------------------
------------------------------------------------------------------------------------------------

Path Group    From Clock    To Clock          WNS(ns)      TNS(ns)  TNS Failing Endpoints  TNS Total Endpoints      WHS(ns)      THS(ns)  THS Failing Endpoints  THS Total Endpoints  
----------    ----------    --------          -------      -------  ---------------------  -------------------      -------      -------  ---------------------  -------------------  


------------------------------------------------------------------------------------------------
| User Ignored Path Table
| -----------------------
------------------------------------------------------------------------------------------------

Path Group    From Clock    To Clock    
----------    ----------    --------    


------------------------------------------------------------------------------------------------
| Unconstrained Path Table
| ------------------------
------------------------------------------------------------------------------------------------

Path Group    From Clock    To Clock    
----------    ----------    --------    
(none)                                    
(none)        ap_clk                      
(none)                      ap_clk        


------------------------------------------------------------------------------------------------
| Timing Details
| --------------
------------------------------------------------------------------------------------------------


---------------------------------------------------------------------------------------------------
From Clock:  ap_clk
  To Clock:  ap_clk

Setup :            0  Failing Endpoints,  Worst Slack        4.426ns,  Total Violation        0.000ns
Hold  :            0  Failing Endpoints,  Worst Slack        0.124ns,  Total Violation        0.000ns
PW    :            0  Failing Endpoints,  Worst Slack        4.500ns,  Total Violation        0.000ns
---------------------------------------------------------------------------------------------------


Max Delay Paths
--------------------------------------------------------------------------------------
Slack (MET) :             4.426ns  (required time - arrival time)
  Source:                 bd_0_i/hls_inst/inst/icmp_ln10_7_reg_1379_reg[0]/C
                            (rising edge-triggered cell FDRE clocked by ap_clk  {rise@0.000ns fall@5.000ns period=10.000ns})
  Destination:            bd_0_i/hls_inst/inst/sum_15_reg_1663_reg[29]/D
                            (rising edge-triggered cell FDRE clocked by ap_clk  {rise@0.000ns fall@5.000ns period=10.000ns})
  Path Group:             ap_clk
  Path Type:              Setup (Max at Slow Process Corner)
  Requirement:            10.000ns  (ap_clk rise@10.000ns - ap_clk rise@0.000ns)
  Data Path Delay:        5.599ns  (logic 1.582ns (28.253%)  route 4.017ns (71.747%))
  Logic Levels:           5  (CARRY4=3 LUT5=1 LUT6=1)
  Clock Path Skew:        -0.049ns (DCD - SCD + CPR)
    Destination Clock Delay (DCD):    0.924ns = ( 10.924 - 10.000 ) 
    Source Clock Delay      (SCD):    0.973ns
    Clock Pessimism Removal (CPR):    0.000ns
  Clock Uncertainty:      0.035ns  ((TSJ^2 + TIJ^2)^1/2 + DJ) / 2 + PE
    Total System Jitter     (TSJ):    0.071ns
    Total Input Jitter      (TIJ):    0.000ns
    Discrete Jitter          (DJ):    0.000ns
    Phase Error              (PE):    0.000ns

    Location             Delay type                Incr(ns)  Path(ns)    Netlist Resource(s)
  -------------------------------------------------------------------    -------------------
                         (clock ap_clk rise edge)     0.000     0.000 r  
                                                      0.000     0.000 r  ap_clk (IN)
                         net (fo=414, unset)          0.973     0.973    bd_0_i/hls_inst/inst/ap_clk
    SLICE_X10Y25         FDRE                                         r  bd_0_i/hls_inst/inst/icmp_ln10_7_reg_1379_reg[0]/C
  -------------------------------------------------------------------    -------------------
    SLICE_X10Y25         FDRE (Prop_fdre_C_Q)         0.518     1.491 r  bd_0_i/hls_inst/inst/icmp_ln10_7_reg_1379_reg[0]/Q
                         net (fo=63, routed)          2.994     4.485    bd_0_i/hls_inst/inst/icmp_ln10_7_reg_1379[0]
    SLICE_X13Y35         LUT5 (Prop_lut5_I4_O)        0.124     4.609 r  bd_0_i/hls_inst/inst/sum_15_reg_1663[23]_i_2/O
                         net (fo=2, routed)           1.024     5.632    bd_0_i/hls_inst/inst/sum_15_reg_1663[23]_i_2_n_4
    SLICE_X10Y35         LUT6 (Prop_lut6_I0_O)        0.124     5.756 r  bd_0_i/hls_inst/inst/sum_15_reg_1663[23]_i_6/O
                         net (fo=1, routed)           0.000     5.756    bd_0_i/hls_inst/inst/sum_15_reg_1663[23]_i_6_n_4
    SLICE_X10Y35         CARRY4 (Prop_carry4_S[3]_CO[3])
                                                      0.376     6.132 r  bd_0_i/hls_inst/inst/sum_15_reg_1663_reg[23]_i_1/CO[3]
                         net (fo=1, routed)           0.000     6.132    bd_0_i/hls_inst/inst/sum_15_reg_1663_reg[23]_i_1_n_4
    SLICE_X10Y36         CARRY4 (Prop_carry4_CI_CO[3])
                                                      0.117     6.249 r  bd_0_i/hls_inst/inst/sum_15_reg_1663_reg[27]_i_1/CO[3]
                         net (fo=1, routed)           0.000     6.249    bd_0_i/hls_inst/inst/sum_15_reg_1663_reg[27]_i_1_n_4
    SLICE_X10Y37         CARRY4 (Prop_carry4_CI_O[1])
                                                      0.323     6.572 r  bd_0_i/hls_inst/inst/sum_15_reg_1663_reg[31]_i_1/O[1]
                         net (fo=1, routed)           0.000     6.572    bd_0_i/hls_inst/inst/sum_15_fu_1126_p3[29]
    SLICE_X10Y37         FDRE                                         r  bd_0_i/hls_inst/inst/sum_15_reg_1663_reg[29]/D
  -------------------------------------------------------------------    -------------------

                         (clock ap_clk rise edge)    10.000    10.000 r  
                                                      0.000    10.000 r  ap_clk (IN)
                         net (fo=414, unset)          0.924    10.924    bd_0_i/hls_inst/inst/ap_clk
    SLICE_X10Y37         FDRE                                         r  bd_0_i/hls_inst/inst/sum_15_reg_1663_reg[29]/C
                         clock pessimism              0.000    10.924    
                         clock uncertainty           -0.035    10.889    
    SLICE_X10Y37         FDRE (Setup_fdre_C_D)        0.109    10.998    bd_0_i/hls_inst/inst/sum_15_reg_1663_reg[29]
  -------------------------------------------------------------------
                         required time                         10.998    
                         arrival time                          -6.572    
  -------------------------------------------------------------------
                         slack                                  4.426    

Slack (MET) :             4.434ns  (required time - arrival time)
  Source:                 bd_0_i/hls_inst/inst/icmp_ln10_7_reg_1379_reg[0]/C
                            (rising edge-triggered cell FDRE clocked by ap_clk  {rise@0.000ns fall@5.000ns period=10.000ns})
  Destination:            bd_0_i/hls_inst/inst/sum_15_reg_1663_reg[31]/D
                            (rising edge-triggered cell FDRE clocked by ap_clk  {rise@0.000ns fall@5.000ns period=10.000ns})
  Path Group:             ap_clk
  Path Type:              Setup (Max at Slow Process Corner)
  Requirement:            10.000ns  (ap_clk rise@10.000ns - ap_clk rise@0.000ns)
  Data Path Delay:        5.591ns  (logic 1.574ns (28.150%)  route 4.017ns (71.850%))
  Logic Levels:           5  (CARRY4=3 LUT5=1 LUT6=1)
  Clock Path Skew:        -0.049ns (DCD - SCD + CPR)
    Destination Clock Delay (DCD):    0.924ns = ( 10.924 - 10.000 ) 
    Source Clock Delay      (SCD):    0.973ns
    Clock Pessimism Removal (CPR):    0.000ns
  Clock Uncertainty:      0.035ns  ((TSJ^2 + TIJ^2)^1/2 + DJ) / 2 + PE
    Total System Jitter     (TSJ):    0.071ns
    Total Input Jitter      (TIJ):    0.000ns
    Discrete Jitter          (DJ):    0.000ns
    Phase Error              (PE):    0.000ns

    Location             Delay type                Incr(ns)  Path(ns)    Netlist Resource(s)
  -------------------------------------------------------------------    -------------------
                         (clock ap_clk rise edge)     0.000     0.000 r  
                                                      0.000     0.000 r  ap_clk (IN)
                         net (fo=414, unset)          0.973     0.973    bd_0_i/hls_inst/inst/ap_clk
    SLICE_X10Y25         FDRE                                         r  bd_0_i/hls_inst/inst/icmp_ln10_7_reg_1379_reg[0]/C
  -------------------------------------------------------------------    -------------------
    SLICE_X10Y25         FDRE (Prop_fdre_C_Q)         0.518     1.491 r  bd_0_i/hls_inst/inst/icmp_ln10_7_reg_1379_reg[0]/Q
                         net (fo=63, routed)          2.994     4.485    bd_0_i/hls_inst/inst/icmp_ln10_7_reg_1379[0]
    SLICE_X13Y35         LUT5 (Prop_lut5_I4_O)        0.124     4.609 r  bd_0_i/hls_inst/inst/sum_15_reg_1663[23]_i_2/O
                         net (fo=2, routed)           1.024     5.632    bd_0_i/hls_inst/inst/sum_15_reg_1663[23]_i_2_n_4
    SLICE_X10Y35         LUT6 (Prop_lut6_I0_O)        0.124     5.756 r  bd_0_i/hls_inst/inst/sum_15_reg_1663[23]_i_6/O
                         net (fo=1, routed)           0.000     5.756    bd_0_i/hls_inst/inst/sum_15_reg_1663[23]_i_6_n_4
    SLICE_X10Y35         CARRY4 (Prop_carry4_S[3]_CO[3])
                                                      0.376     6.132 r  bd_0_i/hls_inst/inst/sum_15_reg_1663_reg[23]_i_1/CO[3]
                         net (fo=1, routed)           0.000     6.132    bd_0_i/hls_inst/inst/sum_15_reg_1663_reg[23]_i_1_n_4
    SLICE_X10Y36         CARRY4 (Prop_carry4_CI_CO[3])
                                                      0.117     6.249 r  bd_0_i/hls_inst/inst/sum_15_reg_1663_reg[27]_i_1/CO[3]
                         net (fo=1, routed)           0.000     6.249    bd_0_i/hls_inst/inst/sum_15_reg_1663_reg[27]_i_1_n_4
    SLICE_X10Y37         CARRY4 (Prop_carry4_CI_O[3])
                                                      0.315     6.564 r  bd_0_i/hls_inst/inst/sum_15_reg_1663_reg[31]_i_1/O[3]
                         net (fo=1, routed)           0.000     6.564    bd_0_i/hls_inst/inst/sum_15_fu_1126_p3[31]
    SLICE_X10Y37         FDRE                                         r  bd_0_i/hls_inst/inst/sum_15_reg_1663_reg[31]/D
  -------------------------------------------------------------------    -------------------

                         (clock ap_clk rise edge)    10.000    10.000 r  
                                                      0.000    10.000 r  ap_clk (IN)
                         net (fo=414, unset)          0.924    10.924    bd_0_i/hls_inst/inst/ap_clk
    SLICE_X10Y37         FDRE                                         r  bd_0_i/hls_inst/inst/sum_15_reg_1663_reg[31]/C
                         clock pessimism              0.000    10.924    
                         clock uncertainty           -0.035    10.889    
    SLICE_X10Y37         FDRE (Setup_fdre_C_D)        0.109    10.998    bd_0_i/hls_inst/inst/sum_15_reg_1663_reg[31]
  -------------------------------------------------------------------
                         required time                         10.998    
                         arrival time                          -6.564    
  -------------------------------------------------------------------
                         slack                                  4.434    

Slack (MET) :             4.510ns  (required time - arrival time)
  Source:                 bd_0_i/hls_inst/inst/icmp_ln10_7_reg_1379_reg[0]/C
                            (rising edge-triggered cell FDRE clocked by ap_clk  {rise@0.000ns fall@5.000ns period=10.000ns})
  Destination:            bd_0_i/hls_inst/inst/sum_15_reg_1663_reg[30]/D
                            (rising edge-triggered cell FDRE clocked by ap_clk  {rise@0.000ns fall@5.000ns period=10.000ns})
  Path Group:             ap_clk
  Path Type:              Setup (Max at Slow Process Corner)
  Requirement:            10.000ns  (ap_clk rise@10.000ns - ap_clk rise@0.000ns)
  Data Path Delay:        5.515ns  (logic 1.498ns (27.160%)  route 4.017ns (72.840%))
  Logic Levels:           5  (CARRY4=3 LUT5=1 LUT6=1)
  Clock Path Skew:        -0.049ns (DCD - SCD + CPR)
    Destination Clock Delay (DCD):    0.924ns = ( 10.924 - 10.000 ) 
    Source Clock Delay      (SCD):    0.973ns
    Clock Pessimism Removal (CPR):    0.000ns
  Clock Uncertainty:      0.035ns  ((TSJ^2 + TIJ^2)^1/2 + DJ) / 2 + PE
    Total System Jitter     (TSJ):    0.071ns
    Total Input Jitter      (TIJ):    0.000ns
    Discrete Jitter          (DJ):    0.000ns
    Phase Error              (PE):    0.000ns

    Location             Delay type                Incr(ns)  Path(ns)    Netlist Resource(s)
  -------------------------------------------------------------------    -------------------
                         (clock ap_clk rise edge)     0.000     0.000 r  
                                                      0.000     0.000 r  ap_clk (IN)
                         net (fo=414, unset)          0.973     0.973    bd_0_i/hls_inst/inst/ap_clk
    SLICE_X10Y25         FDRE                                         r  bd_0_i/hls_inst/inst/icmp_ln10_7_reg_1379_reg[0]/C
  -------------------------------------------------------------------    -------------------
    SLICE_X10Y25         FDRE (Prop_fdre_C_Q)         0.518     1.491 r  bd_0_i/hls_inst/inst/icmp_ln10_7_reg_1379_reg[0]/Q
                         net (fo=63, routed)          2.994     4.485    bd_0_i/hls_inst/inst/icmp_ln10_7_reg_1379[0]
    SLICE_X13Y35         LUT5 (Prop_lut5_I4_O)        0.124     4.609 r  bd_0_i/hls_inst/inst/sum_15_reg_1663[23]_i_2/O
                         net (fo=2, routed)           1.024     5.632    bd_0_i/hls_inst/inst/sum_15_reg_1663[23]_i_2_n_4
    SLICE_X10Y35         LUT6 (Prop_lut6_I0_O)        0.124     5.756 r  bd_0_i/hls_inst/inst/sum_15_reg_1663[23]_i_6/O
                         net (fo=1, routed)           0.000     5.756    bd_0_i/hls_inst/inst/sum_15_reg_1663[23]_i_6_n_4
    SLICE_X10Y35         CARRY4 (Prop_carry4_S[3]_CO[3])
                                                      0.376     6.132 r  bd_0_i/hls_inst/inst/sum_15_reg_1663_reg[23]_i_1/CO[3]
                         net (fo=1, routed)           0.000     6.132    bd_0_i/hls_inst/inst/sum_15_reg_1663_reg[23]_i_1_n_4
    SLICE_X10Y36         CARRY4 (Prop_carry4_CI_CO[3])
                                                      0.117     6.249 r  bd_0_i/hls_inst/inst/sum_15_reg_1663_reg[27]_i_1/CO[3]
                         net (fo=1, routed)           0.000     6.249    bd_0_i/hls_inst/inst/sum_15_reg_1663_reg[27]_i_1_n_4
    SLICE_X10Y37         CARRY4 (Prop_carry4_CI_O[2])
                                                      0.239     6.488 r  bd_0_i/hls_inst/inst/sum_15_reg_1663_reg[31]_i_1/O[2]
                         net (fo=1, routed)           0.000     6.488    bd_0_i/hls_inst/inst/sum_15_fu_1126_p3[30]
    SLICE_X10Y37         FDRE                                         r  bd_0_i/hls_inst/inst/sum_15_reg_1663_reg[30]/D
  -------------------------------------------------------------------    -------------------

                         (clock ap_clk rise edge)    10.000    10.000 r  
                                                      0.000    10.000 r  ap_clk (IN)
                         net (fo=414, unset)          0.924    10.924    bd_0_i/hls_inst/inst/ap_clk
    SLICE_X10Y37         FDRE                                         r  bd_0_i/hls_inst/inst/sum_15_reg_1663_reg[30]/C
                         clock pessimism              0.000    10.924    
                         clock uncertainty           -0.035    10.889    
    SLICE_X10Y37         FDRE (Setup_fdre_C_D)        0.109    10.998    bd_0_i/hls_inst/inst/sum_15_reg_1663_reg[30]
  -------------------------------------------------------------------
                         required time                         10.998    
                         arrival time                          -6.488    
  -------------------------------------------------------------------
                         slack                                  4.510    

Slack (MET) :             4.530ns  (required time - arrival time)
  Source:                 bd_0_i/hls_inst/inst/icmp_ln10_7_reg_1379_reg[0]/C
                            (rising edge-triggered cell FDRE clocked by ap_clk  {rise@0.000ns fall@5.000ns period=10.000ns})
  Destination:            bd_0_i/hls_inst/inst/sum_15_reg_1663_reg[28]/D
                            (rising edge-triggered cell FDRE clocked by ap_clk  {rise@0.000ns fall@5.000ns period=10.000ns})
  Path Group:             ap_clk
  Path Type:              Setup (Max at Slow Process Corner)
  Requirement:            10.000ns  (ap_clk rise@10.000ns - ap_clk rise@0.000ns)
  Data Path Delay:        5.495ns  (logic 1.478ns (26.895%)  route 4.017ns (73.105%))
  Logic Levels:           5  (CARRY4=3 LUT5=1 LUT6=1)
  Clock Path Skew:        -0.049ns (DCD - SCD + CPR)
    Destination Clock Delay (DCD):    0.924ns = ( 10.924 - 10.000 ) 
    Source Clock Delay      (SCD):    0.973ns
    Clock Pessimism Removal (CPR):    0.000ns
  Clock Uncertainty:      0.035ns  ((TSJ^2 + TIJ^2)^1/2 + DJ) / 2 + PE
    Total System Jitter     (TSJ):    0.071ns
    Total Input Jitter      (TIJ):    0.000ns
    Discrete Jitter          (DJ):    0.000ns
    Phase Error              (PE):    0.000ns

    Location             Delay type                Incr(ns)  Path(ns)    Netlist Resource(s)
  -------------------------------------------------------------------    -------------------
                         (clock ap_clk rise edge)     0.000     0.000 r  
                                                      0.000     0.000 r  ap_clk (IN)
                         net (fo=414, unset)          0.973     0.973    bd_0_i/hls_inst/inst/ap_clk
    SLICE_X10Y25         FDRE                                         r  bd_0_i/hls_inst/inst/icmp_ln10_7_reg_1379_reg[0]/C
  -------------------------------------------------------------------    -------------------
    SLICE_X10Y25         FDRE (Prop_fdre_C_Q)         0.518     1.491 r  bd_0_i/hls_inst/inst/icmp_ln10_7_reg_1379_reg[0]/Q
                         net (fo=63, routed)          2.994     4.485    bd_0_i/hls_inst/inst/icmp_ln10_7_reg_1379[0]
    SLICE_X13Y35         LUT5 (Prop_lut5_I4_O)        0.124     4.609 r  bd_0_i/hls_inst/inst/sum_15_reg_1663[23]_i_2/O
                         net (fo=2, routed)           1.024     5.632    bd_0_i/hls_inst/inst/sum_15_reg_1663[23]_i_2_n_4
    SLICE_X10Y35         LUT6 (Prop_lut6_I0_O)        0.124     5.756 r  bd_0_i/hls_inst/inst/sum_15_reg_1663[23]_i_6/O
                         net (fo=1, routed)           0.000     5.756    bd_0_i/hls_inst/inst/sum_15_reg_1663[23]_i_6_n_4
    SLICE_X10Y35         CARRY4 (Prop_carry4_S[3]_CO[3])
                                                      0.376     6.132 r  bd_0_i/hls_inst/inst/sum_15_reg_1663_reg[23]_i_1/CO[3]
                         net (fo=1, routed)           0.000     6.132    bd_0_i/hls_inst/inst/sum_15_reg_1663_reg[23]_i_1_n_4
    SLICE_X10Y36         CARRY4 (Prop_carry4_CI_CO[3])
                                                      0.117     6.249 r  bd_0_i/hls_inst/inst/sum_15_reg_1663_reg[27]_i_1/CO[3]
                         net (fo=1, routed)           0.000     6.249    bd_0_i/hls_inst/inst/sum_15_reg_1663_reg[27]_i_1_n_4
    SLICE_X10Y37         CARRY4 (Prop_carry4_CI_O[0])
                                                      0.219     6.468 r  bd_0_i/hls_inst/inst/sum_15_reg_1663_reg[31]_i_1/O[0]
                         net (fo=1, routed)           0.000     6.468    bd_0_i/hls_inst/inst/sum_15_fu_1126_p3[28]
    SLICE_X10Y37         FDRE                                         r  bd_0_i/hls_inst/inst/sum_15_reg_1663_reg[28]/D
  -------------------------------------------------------------------    -------------------

                         (clock ap_clk rise edge)    10.000    10.000 r  
                                                      0.000    10.000 r  ap_clk (IN)
                         net (fo=414, unset)          0.924    10.924    bd_0_i/hls_inst/inst/ap_clk
    SLICE_X10Y37         FDRE                                         r  bd_0_i/hls_inst/inst/sum_15_reg_1663_reg[28]/C
                         clock pessimism              0.000    10.924    
                         clock uncertainty           -0.035    10.889    
    SLICE_X10Y37         FDRE (Setup_fdre_C_D)        0.109    10.998    bd_0_i/hls_inst/inst/sum_15_reg_1663_reg[28]
  -------------------------------------------------------------------
                         required time                         10.998    
                         arrival time                          -6.468    
  -------------------------------------------------------------------
                         slack                                  4.530    

Slack (MET) :             4.543ns  (required time - arrival time)
  Source:                 bd_0_i/hls_inst/inst/icmp_ln10_7_reg_1379_reg[0]/C
                            (rising edge-triggered cell FDRE clocked by ap_clk  {rise@0.000ns fall@5.000ns period=10.000ns})
  Destination:            bd_0_i/hls_inst/inst/sum_15_reg_1663_reg[25]/D
                            (rising edge-triggered cell FDRE clocked by ap_clk  {rise@0.000ns fall@5.000ns period=10.000ns})
  Path Group:             ap_clk
  Path Type:              Setup (Max at Slow Process Corner)
  Requirement:            10.000ns  (ap_clk rise@10.000ns - ap_clk rise@0.000ns)
  Data Path Delay:        5.482ns  (logic 1.465ns (26.722%)  route 4.017ns (73.278%))
  Logic Levels:           4  (CARRY4=2 LUT5=1 LUT6=1)
  Clock Path Skew:        -0.049ns (DCD - SCD + CPR)
    Destination Clock Delay (DCD):    0.924ns = ( 10.924 - 10.000 ) 
    Source Clock Delay      (SCD):    0.973ns
    Clock Pessimism Removal (CPR):    0.000ns
  Clock Uncertainty:      0.035ns  ((TSJ^2 + TIJ^2)^1/2 + DJ) / 2 + PE
    Total System Jitter     (TSJ):    0.071ns
    Total Input Jitter      (TIJ):    0.000ns
    Discrete Jitter          (DJ):    0.000ns
    Phase Error              (PE):    0.000ns

    Location             Delay type                Incr(ns)  Path(ns)    Netlist Resource(s)
  -------------------------------------------------------------------    -------------------
                         (clock ap_clk rise edge)     0.000     0.000 r  
                                                      0.000     0.000 r  ap_clk (IN)
                         net (fo=414, unset)          0.973     0.973    bd_0_i/hls_inst/inst/ap_clk
    SLICE_X10Y25         FDRE                                         r  bd_0_i/hls_inst/inst/icmp_ln10_7_reg_1379_reg[0]/C
  -------------------------------------------------------------------    -------------------
    SLICE_X10Y25         FDRE (Prop_fdre_C_Q)         0.518     1.491 r  bd_0_i/hls_inst/inst/icmp_ln10_7_reg_1379_reg[0]/Q
                         net (fo=63, routed)          2.994     4.485    bd_0_i/hls_inst/inst/icmp_ln10_7_reg_1379[0]
    SLICE_X13Y35         LUT5 (Prop_lut5_I4_O)        0.124     4.609 r  bd_0_i/hls_inst/inst/sum_15_reg_1663[23]_i_2/O
                         net (fo=2, routed)           1.024     5.632    bd_0_i/hls_inst/inst/sum_15_reg_1663[23]_i_2_n_4
    SLICE_X10Y35         LUT6 (Prop_lut6_I0_O)        0.124     5.756 r  bd_0_i/hls_inst/inst/sum_15_reg_1663[23]_i_6/O
                         net (fo=1, routed)           0.000     5.756    bd_0_i/hls_inst/inst/sum_15_reg_1663[23]_i_6_n_4
    SLICE_X10Y35         CARRY4 (Prop_carry4_S[3]_CO[3])
                                                      0.376     6.132 r  bd_0_i/hls_inst/inst/sum_15_reg_1663_reg[23]_i_1/CO[3]
                         net (fo=1, routed)           0.000     6.132    bd_0_i/hls_inst/inst/sum_15_reg_1663_reg[23]_i_1_n_4
    SLICE_X10Y36         CARRY4 (Prop_carry4_CI_O[1])
                                                      0.323     6.455 r  bd_0_i/hls_inst/inst/sum_15_reg_1663_reg[27]_i_1/O[1]
                         net (fo=1, routed)           0.000     6.455    bd_0_i/hls_inst/inst/sum_15_fu_1126_p3[25]
    SLICE_X10Y36         FDRE                                         r  bd_0_i/hls_inst/inst/sum_15_reg_1663_reg[25]/D
  -------------------------------------------------------------------    -------------------

                         (clock ap_clk rise edge)    10.000    10.000 r  
                                                      0.000    10.000 r  ap_clk (IN)
                         net (fo=414, unset)          0.924    10.924    bd_0_i/hls_inst/inst/ap_clk
    SLICE_X10Y36         FDRE                                         r  bd_0_i/hls_inst/inst/sum_15_reg_1663_reg[25]/C
                         clock pessimism              0.000    10.924    
                         clock uncertainty           -0.035    10.889    
    SLICE_X10Y36         FDRE (Setup_fdre_C_D)        0.109    10.998    bd_0_i/hls_inst/inst/sum_15_reg_1663_reg[25]
  -------------------------------------------------------------------
                         required time                         10.998    
                         arrival time                          -6.455    
  -------------------------------------------------------------------
                         slack                                  4.543    

Slack (MET) :             4.548ns  (required time - arrival time)
  Source:                 bd_0_i/hls_inst/inst/icmp_ln10_5_reg_1369_reg[0]/C
                            (rising edge-triggered cell FDRE clocked by ap_clk  {rise@0.000ns fall@5.000ns period=10.000ns})
  Destination:            bd_0_i/hls_inst/inst/sum_11_reg_1637_reg[29]/D
                            (rising edge-triggered cell FDRE clocked by ap_clk  {rise@0.000ns fall@5.000ns period=10.000ns})
  Path Group:             ap_clk
  Path Type:              Setup (Max at Slow Process Corner)
  Requirement:            10.000ns  (ap_clk rise@10.000ns - ap_clk rise@0.000ns)
  Data Path Delay:        5.430ns  (logic 1.974ns (36.355%)  route 3.456ns (63.645%))
  Logic Levels:           7  (CARRY4=5 LUT5=1 LUT6=1)
  Clock Path Skew:        -0.049ns (DCD - SCD + CPR)
    Destination Clock Delay (DCD):    0.924ns = ( 10.924 - 10.000 ) 
    Source Clock Delay      (SCD):    0.973ns
    Clock Pessimism Removal (CPR):    0.000ns
  Clock Uncertainty:      0.035ns  ((TSJ^2 + TIJ^2)^1/2 + DJ) / 2 + PE
    Total System Jitter     (TSJ):    0.071ns
    Total Input Jitter      (TIJ):    0.000ns
    Discrete Jitter          (DJ):    0.000ns
    Phase Error              (PE):    0.000ns

    Location             Delay type                Incr(ns)  Path(ns)    Netlist Resource(s)
  -------------------------------------------------------------------    -------------------
                         (clock ap_clk rise edge)     0.000     0.000 r  
                                                      0.000     0.000 r  ap_clk (IN)
                         net (fo=414, unset)          0.973     0.973    bd_0_i/hls_inst/inst/ap_clk
    SLICE_X8Y22          FDRE                                         r  bd_0_i/hls_inst/inst/icmp_ln10_5_reg_1369_reg[0]/C
  -------------------------------------------------------------------    -------------------
    SLICE_X8Y22          FDRE (Prop_fdre_C_Q)         0.518     1.491 r  bd_0_i/hls_inst/inst/icmp_ln10_5_reg_1369_reg[0]/Q
                         net (fo=63, routed)          2.881     4.372    bd_0_i/hls_inst/inst/icmp_ln10_5_reg_1369[0]
    SLICE_X11Y32         LUT5 (Prop_lut5_I4_O)        0.124     4.496 r  bd_0_i/hls_inst/inst/sum_11_reg_1637[15]_i_5/O
                         net (fo=2, routed)           0.575     5.071    bd_0_i/hls_inst/inst/sum_11_reg_1637[15]_i_5_n_4
    SLICE_X9Y33          LUT6 (Prop_lut6_I0_O)        0.124     5.195 r  bd_0_i/hls_inst/inst/sum_11_reg_1637[15]_i_9/O
                         net (fo=1, routed)           0.000     5.195    bd_0_i/hls_inst/inst/sum_11_reg_1637[15]_i_9_n_4
    SLICE_X9Y33          CARRY4 (Prop_carry4_S[0]_CO[3])
                                                      0.532     5.727 r  bd_0_i/hls_inst/inst/sum_11_reg_1637_reg[15]_i_1/CO[3]
                         net (fo=1, routed)           0.000     5.727    bd_0_i/hls_inst/inst/sum_11_reg_1637_reg[15]_i_1_n_4
    SLICE_X9Y34          CARRY4 (Prop_carry4_CI_CO[3])
                                                      0.114     5.841 r  bd_0_i/hls_inst/inst/sum_11_reg_1637_reg[19]_i_1/CO[3]
                         net (fo=1, routed)           0.000     5.841    bd_0_i/hls_inst/inst/sum_11_reg_1637_reg[19]_i_1_n_4
    SLICE_X9Y35          CARRY4 (Prop_carry4_CI_CO[3])
                                                      0.114     5.955 r  bd_0_i/hls_inst/inst/sum_11_reg_1637_reg[23]_i_1/CO[3]
                         net (fo=1, routed)           0.000     5.955    bd_0_i/hls_inst/inst/sum_11_reg_1637_reg[23]_i_1_n_4
    SLICE_X9Y36          CARRY4 (Prop_carry4_CI_CO[3])
                                                      0.114     6.069 r  bd_0_i/hls_inst/inst/sum_11_reg_1637_reg[27]_i_1/CO[3]
                         net (fo=1, routed)           0.000     6.069    bd_0_i/hls_inst/inst/sum_11_reg_1637_reg[27]_i_1_n_4
    SLICE_X9Y37          CARRY4 (Prop_carry4_CI_O[1])
                                                      0.334     6.403 r  bd_0_i/hls_inst/inst/sum_11_reg_1637_reg[31]_i_1/O[1]
                         net (fo=1, routed)           0.000     6.403    bd_0_i/hls_inst/inst/sum_11_fu_1062_p3[29]
    SLICE_X9Y37          FDRE                                         r  bd_0_i/hls_inst/inst/sum_11_reg_1637_reg[29]/D
  -------------------------------------------------------------------    -------------------

                         (clock ap_clk rise edge)    10.000    10.000 r  
                                                      0.000    10.000 r  ap_clk (IN)
                         net (fo=414, unset)          0.924    10.924    bd_0_i/hls_inst/inst/ap_clk
    SLICE_X9Y37          FDRE                                         r  bd_0_i/hls_inst/inst/sum_11_reg_1637_reg[29]/C
                         clock pessimism              0.000    10.924    
                         clock uncertainty           -0.035    10.889    
    SLICE_X9Y37          FDRE (Setup_fdre_C_D)        0.062    10.951    bd_0_i/hls_inst/inst/sum_11_reg_1637_reg[29]
  -------------------------------------------------------------------
                         required time                         10.951    
                         arrival time                          -6.403    
  -------------------------------------------------------------------
                         slack                                  4.548    

Slack (MET) :             4.551ns  (required time - arrival time)
  Source:                 bd_0_i/hls_inst/inst/icmp_ln10_7_reg_1379_reg[0]/C
                            (rising edge-triggered cell FDRE clocked by ap_clk  {rise@0.000ns fall@5.000ns period=10.000ns})
  Destination:            bd_0_i/hls_inst/inst/sum_15_reg_1663_reg[27]/D
                            (rising edge-triggered cell FDRE clocked by ap_clk  {rise@0.000ns fall@5.000ns period=10.000ns})
  Path Group:             ap_clk
  Path Type:              Setup (Max at Slow Process Corner)
  Requirement:            10.000ns  (ap_clk rise@10.000ns - ap_clk rise@0.000ns)
  Data Path Delay:        5.474ns  (logic 1.457ns (26.615%)  route 4.017ns (73.385%))
  Logic Levels:           4  (CARRY4=2 LUT5=1 LUT6=1)
  Clock Path Skew:        -0.049ns (DCD - SCD + CPR)
    Destination Clock Delay (DCD):    0.924ns = ( 10.924 - 10.000 ) 
    Source Clock Delay      (SCD):    0.973ns
    Clock Pessimism Removal (CPR):    0.000ns
  Clock Uncertainty:      0.035ns  ((TSJ^2 + TIJ^2)^1/2 + DJ) / 2 + PE
    Total System Jitter     (TSJ):    0.071ns
    Total Input Jitter      (TIJ):    0.000ns
    Discrete Jitter          (DJ):    0.000ns
    Phase Error              (PE):    0.000ns

    Location             Delay type                Incr(ns)  Path(ns)    Netlist Resource(s)
  -------------------------------------------------------------------    -------------------
                         (clock ap_clk rise edge)     0.000     0.000 r  
                                                      0.000     0.000 r  ap_clk (IN)
                         net (fo=414, unset)          0.973     0.973    bd_0_i/hls_inst/inst/ap_clk
    SLICE_X10Y25         FDRE                                         r  bd_0_i/hls_inst/inst/icmp_ln10_7_reg_1379_reg[0]/C
  -------------------------------------------------------------------    -------------------
    SLICE_X10Y25         FDRE (Prop_fdre_C_Q)         0.518     1.491 r  bd_0_i/hls_inst/inst/icmp_ln10_7_reg_1379_reg[0]/Q
                         net (fo=63, routed)          2.994     4.485    bd_0_i/hls_inst/inst/icmp_ln10_7_reg_1379[0]
    SLICE_X13Y35         LUT5 (Prop_lut5_I4_O)        0.124     4.609 r  bd_0_i/hls_inst/inst/sum_15_reg_1663[23]_i_2/O
                         net (fo=2, routed)           1.024     5.632    bd_0_i/hls_inst/inst/sum_15_reg_1663[23]_i_2_n_4
    SLICE_X10Y35         LUT6 (Prop_lut6_I0_O)        0.124     5.756 r  bd_0_i/hls_inst/inst/sum_15_reg_1663[23]_i_6/O
                         net (fo=1, routed)           0.000     5.756    bd_0_i/hls_inst/inst/sum_15_reg_1663[23]_i_6_n_4
    SLICE_X10Y35         CARRY4 (Prop_carry4_S[3]_CO[3])
                                                      0.376     6.132 r  bd_0_i/hls_inst/inst/sum_15_reg_1663_reg[23]_i_1/CO[3]
                         net (fo=1, routed)           0.000     6.132    bd_0_i/hls_inst/inst/sum_15_reg_1663_reg[23]_i_1_n_4
    SLICE_X10Y36         CARRY4 (Prop_carry4_CI_O[3])
                                                      0.315     6.447 r  bd_0_i/hls_inst/inst/sum_15_reg_1663_reg[27]_i_1/O[3]
                         net (fo=1, routed)           0.000     6.447    bd_0_i/hls_inst/inst/sum_15_fu_1126_p3[27]
    SLICE_X10Y36         FDRE                                         r  bd_0_i/hls_inst/inst/sum_15_reg_1663_reg[27]/D
  -------------------------------------------------------------------    -------------------

                         (clock ap_clk rise edge)    10.000    10.000 r  
                                                      0.000    10.000 r  ap_clk (IN)
                         net (fo=414, unset)          0.924    10.924    bd_0_i/hls_inst/inst/ap_clk
    SLICE_X10Y36         FDRE                                         r  bd_0_i/hls_inst/inst/sum_15_reg_1663_reg[27]/C
                         clock pessimism              0.000    10.924    
                         clock uncertainty           -0.035    10.889    
    SLICE_X10Y36         FDRE (Setup_fdre_C_D)        0.109    10.998    bd_0_i/hls_inst/inst/sum_15_reg_1663_reg[27]
  -------------------------------------------------------------------
                         required time                         10.998    
                         arrival time                          -6.447    
  -------------------------------------------------------------------
                         slack                                  4.551    

Slack (MET) :             4.563ns  (required time - arrival time)
  Source:                 bd_0_i/hls_inst/inst/icmp_ln10_3_reg_1359_reg[0]/C
                            (rising edge-triggered cell FDRE clocked by ap_clk  {rise@0.000ns fall@5.000ns period=10.000ns})
  Destination:            bd_0_i/hls_inst/inst/sum_7_reg_1606_reg[29]/D
                            (rising edge-triggered cell FDRE clocked by ap_clk  {rise@0.000ns fall@5.000ns period=10.000ns})
  Path Group:             ap_clk
  Path Type:              Setup (Max at Slow Process Corner)
  Requirement:            10.000ns  (ap_clk rise@10.000ns - ap_clk rise@0.000ns)
  Data Path Delay:        5.415ns  (logic 1.588ns (29.328%)  route 3.827ns (70.672%))
  Logic Levels:           4  (CARRY4=2 LUT5=1 LUT6=1)
  Clock Path Skew:        -0.049ns (DCD - SCD + CPR)
    Destination Clock Delay (DCD):    0.924ns = ( 10.924 - 10.000 ) 
    Source Clock Delay      (SCD):    0.973ns
    Clock Pessimism Removal (CPR):    0.000ns
  Clock Uncertainty:      0.035ns  ((TSJ^2 + TIJ^2)^1/2 + DJ) / 2 + PE
    Total System Jitter     (TSJ):    0.071ns
    Total Input Jitter      (TIJ):    0.000ns
    Discrete Jitter          (DJ):    0.000ns
    Phase Error              (PE):    0.000ns

    Location             Delay type                Incr(ns)  Path(ns)    Netlist Resource(s)
  -------------------------------------------------------------------    -------------------
                         (clock ap_clk rise edge)     0.000     0.000 r  
                                                      0.000     0.000 r  ap_clk (IN)
                         net (fo=414, unset)          0.973     0.973    bd_0_i/hls_inst/inst/ap_clk
    SLICE_X7Y25          FDRE                                         r  bd_0_i/hls_inst/inst/icmp_ln10_3_reg_1359_reg[0]/C
  -------------------------------------------------------------------    -------------------
    SLICE_X7Y25          FDRE (Prop_fdre_C_Q)         0.456     1.429 r  bd_0_i/hls_inst/inst/icmp_ln10_3_reg_1359_reg[0]/Q
                         net (fo=63, routed)          3.070     4.499    bd_0_i/hls_inst/inst/icmp_ln10_3_reg_1359[0]
    SLICE_X7Y39          LUT5 (Prop_lut5_I4_O)        0.124     4.623 r  bd_0_i/hls_inst/inst/sum_7_reg_1606[27]_i_4/O
                         net (fo=2, routed)           0.757     5.380    bd_0_i/hls_inst/inst/sum_7_reg_1606[27]_i_4_n_4
    SLICE_X7Y36          LUT6 (Prop_lut6_I0_O)        0.124     5.504 r  bd_0_i/hls_inst/inst/sum_7_reg_1606[27]_i_8/O
                         net (fo=1, routed)           0.000     5.504    bd_0_i/hls_inst/inst/sum_7_reg_1606[27]_i_8_n_4
    SLICE_X7Y36          CARRY4 (Prop_carry4_S[1]_CO[3])
                                                      0.550     6.054 r  bd_0_i/hls_inst/inst/sum_7_reg_1606_reg[27]_i_1/CO[3]
                         net (fo=1, routed)           0.000     6.054    bd_0_i/hls_inst/inst/sum_7_reg_1606_reg[27]_i_1_n_4
    SLICE_X7Y37          CARRY4 (Prop_carry4_CI_O[1])
                                                      0.334     6.388 r  bd_0_i/hls_inst/inst/sum_7_reg_1606_reg[31]_i_1/O[1]
                         net (fo=1, routed)           0.000     6.388    bd_0_i/hls_inst/inst/sum_7_fu_988_p3[29]
    SLICE_X7Y37          FDRE                                         r  bd_0_i/hls_inst/inst/sum_7_reg_1606_reg[29]/D
  -------------------------------------------------------------------    -------------------

                         (clock ap_clk rise edge)    10.000    10.000 r  
                                                      0.000    10.000 r  ap_clk (IN)
                         net (fo=414, unset)          0.924    10.924    bd_0_i/hls_inst/inst/ap_clk
    SLICE_X7Y37          FDRE                                         r  bd_0_i/hls_inst/inst/sum_7_reg_1606_reg[29]/C
                         clock pessimism              0.000    10.924    
                         clock uncertainty           -0.035    10.889    
    SLICE_X7Y37          FDRE (Setup_fdre_C_D)        0.062    10.951    bd_0_i/hls_inst/inst/sum_7_reg_1606_reg[29]
  -------------------------------------------------------------------
                         required time                         10.951    
                         arrival time                          -6.388    
  -------------------------------------------------------------------
                         slack                                  4.563    

Slack (MET) :             4.569ns  (required time - arrival time)
  Source:                 bd_0_i/hls_inst/inst/icmp_ln10_5_reg_1369_reg[0]/C
                            (rising edge-triggered cell FDRE clocked by ap_clk  {rise@0.000ns fall@5.000ns period=10.000ns})
  Destination:            bd_0_i/hls_inst/inst/sum_11_reg_1637_reg[31]/D
                            (rising edge-triggered cell FDRE clocked by ap_clk  {rise@0.000ns fall@5.000ns period=10.000ns})
  Path Group:             ap_clk
  Path Type:              Setup (Max at Slow Process Corner)
  Requirement:            10.000ns  (ap_clk rise@10.000ns - ap_clk rise@0.000ns)
  Data Path Delay:        5.409ns  (logic 1.953ns (36.108%)  route 3.456ns (63.892%))
  Logic Levels:           7  (CARRY4=5 LUT5=1 LUT6=1)
  Clock Path Skew:        -0.049ns (DCD - SCD + CPR)
    Destination Clock Delay (DCD):    0.924ns = ( 10.924 - 10.000 ) 
    Source Clock Delay      (SCD):    0.973ns
    Clock Pessimism Removal (CPR):    0.000ns
  Clock Uncertainty:      0.035ns  ((TSJ^2 + TIJ^2)^1/2 + DJ) / 2 + PE
    Total System Jitter     (TSJ):    0.071ns
    Total Input Jitter      (TIJ):    0.000ns
    Discrete Jitter          (DJ):    0.000ns
    Phase Error              (PE):    0.000ns

    Location             Delay type                Incr(ns)  Path(ns)    Netlist Resource(s)
  -------------------------------------------------------------------    -------------------
                         (clock ap_clk rise edge)     0.000     0.000 r  
                                                      0.000     0.000 r  ap_clk (IN)
                         net (fo=414, unset)          0.973     0.973    bd_0_i/hls_inst/inst/ap_clk
    SLICE_X8Y22          FDRE                                         r  bd_0_i/hls_inst/inst/icmp_ln10_5_reg_1369_reg[0]/C
  -------------------------------------------------------------------    -------------------
    SLICE_X8Y22          FDRE (Prop_fdre_C_Q)         0.518     1.491 r  bd_0_i/hls_inst/inst/icmp_ln10_5_reg_1369_reg[0]/Q
                         net (fo=63, routed)          2.881     4.372    bd_0_i/hls_inst/inst/icmp_ln10_5_reg_1369[0]
    SLICE_X11Y32         LUT5 (Prop_lut5_I4_O)        0.124     4.496 r  bd_0_i/hls_inst/inst/sum_11_reg_1637[15]_i_5/O
                         net (fo=2, routed)           0.575     5.071    bd_0_i/hls_inst/inst/sum_11_reg_1637[15]_i_5_n_4
    SLICE_X9Y33          LUT6 (Prop_lut6_I0_O)        0.124     5.195 r  bd_0_i/hls_inst/inst/sum_11_reg_1637[15]_i_9/O
                         net (fo=1, routed)           0.000     5.195    bd_0_i/hls_inst/inst/sum_11_reg_1637[15]_i_9_n_4
    SLICE_X9Y33          CARRY4 (Prop_carry4_S[0]_CO[3])
                                                      0.532     5.727 r  bd_0_i/hls_inst/inst/sum_11_reg_1637_reg[15]_i_1/CO[3]
                         net (fo=1, routed)           0.000     5.727    bd_0_i/hls_inst/inst/sum_11_reg_1637_reg[15]_i_1_n_4
    SLICE_X9Y34          CARRY4 (Prop_carry4_CI_CO[3])
                                                      0.114     5.841 r  bd_0_i/hls_inst/inst/sum_11_reg_1637_reg[19]_i_1/CO[3]
                         net (fo=1, routed)           0.000     5.841    bd_0_i/hls_inst/inst/sum_11_reg_1637_reg[19]_i_1_n_4
    SLICE_X9Y35          CARRY4 (Prop_carry4_CI_CO[3])
                                                      0.114     5.955 r  bd_0_i/hls_inst/inst/sum_11_reg_1637_reg[23]_i_1/CO[3]
                         net (fo=1, routed)           0.000     5.955    bd_0_i/hls_inst/inst/sum_11_reg_1637_reg[23]_i_1_n_4
    SLICE_X9Y36          CARRY4 (Prop_carry4_CI_CO[3])
                                                      0.114     6.069 r  bd_0_i/hls_inst/inst/sum_11_reg_1637_reg[27]_i_1/CO[3]
                         net (fo=1, routed)           0.000     6.069    bd_0_i/hls_inst/inst/sum_11_reg_1637_reg[27]_i_1_n_4
    SLICE_X9Y37          CARRY4 (Prop_carry4_CI_O[3])
                                                      0.313     6.382 r  bd_0_i/hls_inst/inst/sum_11_reg_1637_reg[31]_i_1/O[3]
                         net (fo=1, routed)           0.000     6.382    bd_0_i/hls_inst/inst/sum_11_fu_1062_p3[31]
    SLICE_X9Y37          FDRE                                         r  bd_0_i/hls_inst/inst/sum_11_reg_1637_reg[31]/D
  -------------------------------------------------------------------    -------------------

                         (clock ap_clk rise edge)    10.000    10.000 r  
                                                      0.000    10.000 r  ap_clk (IN)
                         net (fo=414, unset)          0.924    10.924    bd_0_i/hls_inst/inst/ap_clk
    SLICE_X9Y37          FDRE                                         r  bd_0_i/hls_inst/inst/sum_11_reg_1637_reg[31]/C
                         clock pessimism              0.000    10.924    
                         clock uncertainty           -0.035    10.889    
    SLICE_X9Y37          FDRE (Setup_fdre_C_D)        0.062    10.951    bd_0_i/hls_inst/inst/sum_11_reg_1637_reg[31]
  -------------------------------------------------------------------
                         required time                         10.951    
                         arrival time                          -6.382    
  -------------------------------------------------------------------
                         slack                                  4.569    

Slack (MET) :             4.584ns  (required time - arrival time)
  Source:                 bd_0_i/hls_inst/inst/icmp_ln10_3_reg_1359_reg[0]/C
                            (rising edge-triggered cell FDRE clocked by ap_clk  {rise@0.000ns fall@5.000ns period=10.000ns})
  Destination:            bd_0_i/hls_inst/inst/sum_7_reg_1606_reg[31]/D
                            (rising edge-triggered cell FDRE clocked by ap_clk  {rise@0.000ns fall@5.000ns period=10.000ns})
  Path Group:             ap_clk
  Path Type:              Setup (Max at Slow Process Corner)
  Requirement:            10.000ns  (ap_clk rise@10.000ns - ap_clk rise@0.000ns)
  Data Path Delay:        5.394ns  (logic 1.567ns (29.053%)  route 3.827ns (70.947%))
  Logic Levels:           4  (CARRY4=2 LUT5=1 LUT6=1)
  Clock Path Skew:        -0.049ns (DCD - SCD + CPR)
    Destination Clock Delay (DCD):    0.924ns = ( 10.924 - 10.000 ) 
    Source Clock Delay      (SCD):    0.973ns
    Clock Pessimism Removal (CPR):    0.000ns
  Clock Uncertainty:      0.035ns  ((TSJ^2 + TIJ^2)^1/2 + DJ) / 2 + PE
    Total System Jitter     (TSJ):    0.071ns
    Total Input Jitter      (TIJ):    0.000ns
    Discrete Jitter          (DJ):    0.000ns
    Phase Error              (PE):    0.000ns

    Location             Delay type                Incr(ns)  Path(ns)    Netlist Resource(s)
  -------------------------------------------------------------------    -------------------
                         (clock ap_clk rise edge)     0.000     0.000 r  
                                                      0.000     0.000 r  ap_clk (IN)
                         net (fo=414, unset)          0.973     0.973    bd_0_i/hls_inst/inst/ap_clk
    SLICE_X7Y25          FDRE                                         r  bd_0_i/hls_inst/inst/icmp_ln10_3_reg_1359_reg[0]/C
  -------------------------------------------------------------------    -------------------
    SLICE_X7Y25          FDRE (Prop_fdre_C_Q)         0.456     1.429 r  bd_0_i/hls_inst/inst/icmp_ln10_3_reg_1359_reg[0]/Q
                         net (fo=63, routed)          3.070     4.499    bd_0_i/hls_inst/inst/icmp_ln10_3_reg_1359[0]
    SLICE_X7Y39          LUT5 (Prop_lut5_I4_O)        0.124     4.623 r  bd_0_i/hls_inst/inst/sum_7_reg_1606[27]_i_4/O
                         net (fo=2, routed)           0.757     5.380    bd_0_i/hls_inst/inst/sum_7_reg_1606[27]_i_4_n_4
    SLICE_X7Y36          LUT6 (Prop_lut6_I0_O)        0.124     5.504 r  bd_0_i/hls_inst/inst/sum_7_reg_1606[27]_i_8/O
                         net (fo=1, routed)           0.000     5.504    bd_0_i/hls_inst/inst/sum_7_reg_1606[27]_i_8_n_4
    SLICE_X7Y36          CARRY4 (Prop_carry4_S[1]_CO[3])
                                                      0.550     6.054 r  bd_0_i/hls_inst/inst/sum_7_reg_1606_reg[27]_i_1/CO[3]
                         net (fo=1, routed)           0.000     6.054    bd_0_i/hls_inst/inst/sum_7_reg_1606_reg[27]_i_1_n_4
    SLICE_X7Y37          CARRY4 (Prop_carry4_CI_O[3])
                                                      0.313     6.367 r  bd_0_i/hls_inst/inst/sum_7_reg_1606_reg[31]_i_1/O[3]
                         net (fo=1, routed)           0.000     6.367    bd_0_i/hls_inst/inst/sum_7_fu_988_p3[31]
    SLICE_X7Y37          FDRE                                         r  bd_0_i/hls_inst/inst/sum_7_reg_1606_reg[31]/D
  -------------------------------------------------------------------    -------------------

                         (clock ap_clk rise edge)    10.000    10.000 r  
                                                      0.000    10.000 r  ap_clk (IN)
                         net (fo=414, unset)          0.924    10.924    bd_0_i/hls_inst/inst/ap_clk
    SLICE_X7Y37          FDRE                                         r  bd_0_i/hls_inst/inst/sum_7_reg_1606_reg[31]/C
                         clock pessimism              0.000    10.924    
                         clock uncertainty           -0.035    10.889    
    SLICE_X7Y37          FDRE (Setup_fdre_C_D)        0.062    10.951    bd_0_i/hls_inst/inst/sum_7_reg_1606_reg[31]
  -------------------------------------------------------------------
                         required time                         10.951    
                         arrival time                          -6.367    
  -------------------------------------------------------------------
                         slack                                  4.584    





Min Delay Paths
--------------------------------------------------------------------------------------
Slack (MET) :             0.124ns  (arrival time - required time)
  Source:                 bd_0_i/hls_inst/inst/indvar_flatten1_fu_162_reg[5]/C
                            (rising edge-triggered cell FDRE clocked by ap_clk  {rise@0.000ns fall@5.000ns period=10.000ns})
  Destination:            bd_0_i/hls_inst/inst/icmp_ln6_reg_1700_reg[0]/D
                            (rising edge-triggered cell FDRE clocked by ap_clk  {rise@0.000ns fall@5.000ns period=10.000ns})
  Path Group:             ap_clk
  Path Type:              Hold (Min at Fast Process Corner)
  Requirement:            0.000ns  (ap_clk rise@0.000ns - ap_clk rise@0.000ns)
  Data Path Delay:        0.265ns  (logic 0.186ns (70.098%)  route 0.079ns (29.902%))
  Logic Levels:           1  (LUT5=1)
  Clock Path Skew:        0.022ns (DCD - SCD - CPR)
    Destination Clock Delay (DCD):    0.432ns
    Source Clock Delay      (SCD):    0.410ns
    Clock Pessimism Removal (CPR):    -0.000ns

    Location             Delay type                Incr(ns)  Path(ns)    Netlist Resource(s)
  -------------------------------------------------------------------    -------------------
                         (clock ap_clk rise edge)     0.000     0.000 r  
                                                      0.000     0.000 r  ap_clk (IN)
                         net (fo=414, unset)          0.410     0.410    bd_0_i/hls_inst/inst/ap_clk
    SLICE_X33Y32         FDRE                                         r  bd_0_i/hls_inst/inst/indvar_flatten1_fu_162_reg[5]/C
  -------------------------------------------------------------------    -------------------
    SLICE_X33Y32         FDRE (Prop_fdre_C_Q)         0.141     0.551 r  bd_0_i/hls_inst/inst/indvar_flatten1_fu_162_reg[5]/Q
                         net (fo=5, routed)           0.079     0.630    bd_0_i/hls_inst/inst/indvar_flatten1_fu_162_reg[5]
    SLICE_X32Y32         LUT5 (Prop_lut5_I4_O)        0.045     0.675 r  bd_0_i/hls_inst/inst/icmp_ln6_reg_1700[0]_i_1/O
                         net (fo=1, routed)           0.000     0.675    bd_0_i/hls_inst/inst/icmp_ln6_fu_1230_p2[0]
    SLICE_X32Y32         FDRE                                         r  bd_0_i/hls_inst/inst/icmp_ln6_reg_1700_reg[0]/D
  -------------------------------------------------------------------    -------------------

                         (clock ap_clk rise edge)     0.000     0.000 r  
                                                      0.000     0.000 r  ap_clk (IN)
                         net (fo=414, unset)          0.432     0.432    bd_0_i/hls_inst/inst/ap_clk
    SLICE_X32Y32         FDRE                                         r  bd_0_i/hls_inst/inst/icmp_ln6_reg_1700_reg[0]/C
                         clock pessimism              0.000     0.432    
    SLICE_X32Y32         FDRE (Hold_fdre_C_D)         0.120     0.552    bd_0_i/hls_inst/inst/icmp_ln6_reg_1700_reg[0]
  -------------------------------------------------------------------
                         required time                         -0.552    
                         arrival time                           0.675    
  -------------------------------------------------------------------
                         slack                                  0.124    

Slack (MET) :             0.145ns  (arrival time - required time)
  Source:                 bd_0_i/hls_inst/inst/j_fu_170_reg[2]/C
                            (rising edge-triggered cell FDRE clocked by ap_clk  {rise@0.000ns fall@5.000ns period=10.000ns})
  Destination:            bd_0_i/hls_inst/inst/trunc_ln11_1_reg_1486_reg[2]/D
                            (rising edge-triggered cell FDRE clocked by ap_clk  {rise@0.000ns fall@5.000ns period=10.000ns})
  Path Group:             ap_clk
  Path Type:              Hold (Min at Fast Process Corner)
  Requirement:            0.000ns  (ap_clk rise@0.000ns - ap_clk rise@0.000ns)
  Data Path Delay:        0.288ns  (logic 0.186ns (64.583%)  route 0.102ns (35.417%))
  Logic Levels:           1  (LUT4=1)
  Clock Path Skew:        0.022ns (DCD - SCD - CPR)
    Destination Clock Delay (DCD):    0.432ns
    Source Clock Delay      (SCD):    0.410ns
    Clock Pessimism Removal (CPR):    -0.000ns

    Location             Delay type                Incr(ns)  Path(ns)    Netlist Resource(s)
  -------------------------------------------------------------------    -------------------
                         (clock ap_clk rise edge)     0.000     0.000 r  
                                                      0.000     0.000 r  ap_clk (IN)
                         net (fo=414, unset)          0.410     0.410    bd_0_i/hls_inst/inst/ap_clk
    SLICE_X31Y28         FDRE                                         r  bd_0_i/hls_inst/inst/j_fu_170_reg[2]/C
  -------------------------------------------------------------------    -------------------
    SLICE_X31Y28         FDRE (Prop_fdre_C_Q)         0.141     0.551 r  bd_0_i/hls_inst/inst/j_fu_170_reg[2]/Q
                         net (fo=2, routed)           0.102     0.653    bd_0_i/hls_inst/inst/flow_control_loop_pipe_U/bit_sel_reg_1481_reg[0][2]
    SLICE_X30Y28         LUT4 (Prop_lut4_I3_O)        0.045     0.698 r  bd_0_i/hls_inst/inst/flow_control_loop_pipe_U/trunc_ln11_1_reg_1486[2]_i_1/O
                         net (fo=1, routed)           0.000     0.698    bd_0_i/hls_inst/inst/flow_control_loop_pipe_U_n_35
    SLICE_X30Y28         FDRE                                         r  bd_0_i/hls_inst/inst/trunc_ln11_1_reg_1486_reg[2]/D
  -------------------------------------------------------------------    -------------------

                         (clock ap_clk rise edge)     0.000     0.000 r  
                                                      0.000     0.000 r  ap_clk (IN)
                         net (fo=414, unset)          0.432     0.432    bd_0_i/hls_inst/inst/ap_clk
    SLICE_X30Y28         FDRE                                         r  bd_0_i/hls_inst/inst/trunc_ln11_1_reg_1486_reg[2]/C
                         clock pessimism              0.000     0.432    
    SLICE_X30Y28         FDRE (Hold_fdre_C_D)         0.121     0.553    bd_0_i/hls_inst/inst/trunc_ln11_1_reg_1486_reg[2]
  -------------------------------------------------------------------
                         required time                         -0.553    
                         arrival time                           0.698    
  -------------------------------------------------------------------
                         slack                                  0.145    

Slack (MET) :             0.167ns  (arrival time - required time)
  Source:                 bd_0_i/hls_inst/inst/icmp_ln10_13_reg_1409_reg[0]/C
                            (rising edge-triggered cell FDRE clocked by ap_clk  {rise@0.000ns fall@5.000ns period=10.000ns})
  Destination:            bd_0_i/hls_inst/inst/icmp_ln10_13_reg_1409_pp0_iter1_reg_reg[0]/D
                            (rising edge-triggered cell FDRE clocked by ap_clk  {rise@0.000ns fall@5.000ns period=10.000ns})
  Path Group:             ap_clk
  Path Type:              Hold (Min at Fast Process Corner)
  Requirement:            0.000ns  (ap_clk rise@0.000ns - ap_clk rise@0.000ns)
  Data Path Delay:        0.259ns  (logic 0.141ns (54.469%)  route 0.118ns (45.531%))
  Logic Levels:           0  
  Clock Path Skew:        0.022ns (DCD - SCD - CPR)
    Destination Clock Delay (DCD):    0.432ns
    Source Clock Delay      (SCD):    0.410ns
    Clock Pessimism Removal (CPR):    -0.000ns

    Location             Delay type                Incr(ns)  Path(ns)    Netlist Resource(s)
  -------------------------------------------------------------------    -------------------
                         (clock ap_clk rise edge)     0.000     0.000 r  
                                                      0.000     0.000 r  ap_clk (IN)
                         net (fo=414, unset)          0.410     0.410    bd_0_i/hls_inst/inst/ap_clk
    SLICE_X19Y39         FDRE                                         r  bd_0_i/hls_inst/inst/icmp_ln10_13_reg_1409_reg[0]/C
  -------------------------------------------------------------------    -------------------
    SLICE_X19Y39         FDRE (Prop_fdre_C_Q)         0.141     0.551 r  bd_0_i/hls_inst/inst/icmp_ln10_13_reg_1409_reg[0]/Q
                         net (fo=1, routed)           0.118     0.669    bd_0_i/hls_inst/inst/icmp_ln10_13_reg_1409[0]
    SLICE_X18Y39         FDRE                                         r  bd_0_i/hls_inst/inst/icmp_ln10_13_reg_1409_pp0_iter1_reg_reg[0]/D
  -------------------------------------------------------------------    -------------------

                         (clock ap_clk rise edge)     0.000     0.000 r  
                                                      0.000     0.000 r  ap_clk (IN)
                         net (fo=414, unset)          0.432     0.432    bd_0_i/hls_inst/inst/ap_clk
    SLICE_X18Y39         FDRE                                         r  bd_0_i/hls_inst/inst/icmp_ln10_13_reg_1409_pp0_iter1_reg_reg[0]/C
                         clock pessimism              0.000     0.432    
    SLICE_X18Y39         FDRE (Hold_fdre_C_D)         0.070     0.502    bd_0_i/hls_inst/inst/icmp_ln10_13_reg_1409_pp0_iter1_reg_reg[0]
  -------------------------------------------------------------------
                         required time                         -0.502    
                         arrival time                           0.669    
  -------------------------------------------------------------------
                         slack                                  0.167    

Slack (MET) :             0.174ns  (arrival time - required time)
  Source:                 bd_0_i/hls_inst/inst/zext_ln11_16_reg_1563_reg[1]/C
                            (rising edge-triggered cell FDRE clocked by ap_clk  {rise@0.000ns fall@5.000ns period=10.000ns})
  Destination:            bd_0_i/hls_inst/inst/add_ln14_reg_1632_reg[1]/D
                            (rising edge-triggered cell FDRE clocked by ap_clk  {rise@0.000ns fall@5.000ns period=10.000ns})
  Path Group:             ap_clk
  Path Type:              Hold (Min at Fast Process Corner)
  Requirement:            0.000ns  (ap_clk rise@0.000ns - ap_clk rise@0.000ns)
  Data Path Delay:        0.265ns  (logic 0.141ns (53.180%)  route 0.124ns (46.820%))
  Logic Levels:           0  
  Clock Path Skew:        0.022ns (DCD - SCD - CPR)
    Destination Clock Delay (DCD):    0.432ns
    Source Clock Delay      (SCD):    0.410ns
    Clock Pessimism Removal (CPR):    -0.000ns

    Location             Delay type                Incr(ns)  Path(ns)    Netlist Resource(s)
  -------------------------------------------------------------------    -------------------
                         (clock ap_clk rise edge)     0.000     0.000 r  
                                                      0.000     0.000 r  ap_clk (IN)
                         net (fo=414, unset)          0.410     0.410    bd_0_i/hls_inst/inst/ap_clk
    SLICE_X29Y27         FDRE                                         r  bd_0_i/hls_inst/inst/zext_ln11_16_reg_1563_reg[1]/C
  -------------------------------------------------------------------    -------------------
    SLICE_X29Y27         FDRE (Prop_fdre_C_Q)         0.141     0.551 r  bd_0_i/hls_inst/inst/zext_ln11_16_reg_1563_reg[1]/Q
                         net (fo=2, routed)           0.124     0.675    bd_0_i/hls_inst/inst/zext_ln11_16_reg_1563[1]
    SLICE_X29Y28         FDRE                                         r  bd_0_i/hls_inst/inst/add_ln14_reg_1632_reg[1]/D
  -------------------------------------------------------------------    -------------------

                         (clock ap_clk rise edge)     0.000     0.000 r  
                                                      0.000     0.000 r  ap_clk (IN)
                         net (fo=414, unset)          0.432     0.432    bd_0_i/hls_inst/inst/ap_clk
    SLICE_X29Y28         FDRE                                         r  bd_0_i/hls_inst/inst/add_ln14_reg_1632_reg[1]/C
                         clock pessimism              0.000     0.432    
    SLICE_X29Y28         FDRE (Hold_fdre_C_D)         0.070     0.502    bd_0_i/hls_inst/inst/add_ln14_reg_1632_reg[1]
  -------------------------------------------------------------------
                         required time                         -0.502    
                         arrival time                           0.675    
  -------------------------------------------------------------------
                         slack                                  0.174    

Slack (MET) :             0.178ns  (arrival time - required time)
  Source:                 bd_0_i/hls_inst/inst/zext_ln11_16_reg_1563_reg[3]/C
                            (rising edge-triggered cell FDRE clocked by ap_clk  {rise@0.000ns fall@5.000ns period=10.000ns})
  Destination:            bd_0_i/hls_inst/inst/add_ln14_reg_1632_reg[3]/D
                            (rising edge-triggered cell FDRE clocked by ap_clk  {rise@0.000ns fall@5.000ns period=10.000ns})
  Path Group:             ap_clk
  Path Type:              Hold (Min at Fast Process Corner)
  Requirement:            0.000ns  (ap_clk rise@0.000ns - ap_clk rise@0.000ns)
  Data Path Delay:        0.265ns  (logic 0.141ns (53.180%)  route 0.124ns (46.820%))
  Logic Levels:           0  
  Clock Path Skew:        0.022ns (DCD - SCD - CPR)
    Destination Clock Delay (DCD):    0.432ns
    Source Clock Delay      (SCD):    0.410ns
    Clock Pessimism Removal (CPR):    -0.000ns

    Location             Delay type                Incr(ns)  Path(ns)    Netlist Resource(s)
  -------------------------------------------------------------------    -------------------
                         (clock ap_clk rise edge)     0.000     0.000 r  
                                                      0.000     0.000 r  ap_clk (IN)
                         net (fo=414, unset)          0.410     0.410    bd_0_i/hls_inst/inst/ap_clk
    SLICE_X29Y27         FDRE                                         r  bd_0_i/hls_inst/inst/zext_ln11_16_reg_1563_reg[3]/C
  -------------------------------------------------------------------    -------------------
    SLICE_X29Y27         FDRE (Prop_fdre_C_Q)         0.141     0.551 r  bd_0_i/hls_inst/inst/zext_ln11_16_reg_1563_reg[3]/Q
                         net (fo=2, routed)           0.124     0.675    bd_0_i/hls_inst/inst/zext_ln11_16_reg_1563[3]
    SLICE_X29Y28         FDRE                                         r  bd_0_i/hls_inst/inst/add_ln14_reg_1632_reg[3]/D
  -------------------------------------------------------------------    -------------------

                         (clock ap_clk rise edge)     0.000     0.000 r  
                                                      0.000     0.000 r  ap_clk (IN)
                         net (fo=414, unset)          0.432     0.432    bd_0_i/hls_inst/inst/ap_clk
    SLICE_X29Y28         FDRE                                         r  bd_0_i/hls_inst/inst/add_ln14_reg_1632_reg[3]/C
                         clock pessimism              0.000     0.432    
    SLICE_X29Y28         FDRE (Hold_fdre_C_D)         0.066     0.498    bd_0_i/hls_inst/inst/add_ln14_reg_1632_reg[3]
  -------------------------------------------------------------------
                         required time                         -0.498    
                         arrival time                           0.675    
  -------------------------------------------------------------------
                         slack                                  0.178    

Slack (MET) :             0.178ns  (arrival time - required time)
  Source:                 bd_0_i/hls_inst/inst/mul_32s_32s_32_2_1_U1/buff0_reg[11]__0/C
                            (rising edge-triggered cell FDRE clocked by ap_clk  {rise@0.000ns fall@5.000ns period=10.000ns})
  Destination:            bd_0_i/hls_inst/inst/reg_509_reg[11]/D
                            (rising edge-triggered cell FDRE clocked by ap_clk  {rise@0.000ns fall@5.000ns period=10.000ns})
  Path Group:             ap_clk
  Path Type:              Hold (Min at Fast Process Corner)
  Requirement:            0.000ns  (ap_clk rise@0.000ns - ap_clk rise@0.000ns)
  Data Path Delay:        0.253ns  (logic 0.141ns (55.730%)  route 0.112ns (44.270%))
  Logic Levels:           0  
  Clock Path Skew:        0.022ns (DCD - SCD - CPR)
    Destination Clock Delay (DCD):    0.432ns
    Source Clock Delay      (SCD):    0.410ns
    Clock Pessimism Removal (CPR):    -0.000ns

    Location             Delay type                Incr(ns)  Path(ns)    Netlist Resource(s)
  -------------------------------------------------------------------    -------------------
                         (clock ap_clk rise edge)     0.000     0.000 r  
                                                      0.000     0.000 r  ap_clk (IN)
                         net (fo=414, unset)          0.410     0.410    bd_0_i/hls_inst/inst/mul_32s_32s_32_2_1_U1/ap_clk
    SLICE_X11Y27         FDRE                                         r  bd_0_i/hls_inst/inst/mul_32s_32s_32_2_1_U1/buff0_reg[11]__0/C
  -------------------------------------------------------------------    -------------------
    SLICE_X11Y27         FDRE (Prop_fdre_C_Q)         0.141     0.551 r  bd_0_i/hls_inst/inst/mul_32s_32s_32_2_1_U1/buff0_reg[11]__0/Q
                         net (fo=1, routed)           0.112     0.663    bd_0_i/hls_inst/inst/mul_32s_32s_32_2_1_U1_n_24
    SLICE_X10Y28         FDRE                                         r  bd_0_i/hls_inst/inst/reg_509_reg[11]/D
  -------------------------------------------------------------------    -------------------

                         (clock ap_clk rise edge)     0.000     0.000 r  
                                                      0.000     0.000 r  ap_clk (IN)
                         net (fo=414, unset)          0.432     0.432    bd_0_i/hls_inst/inst/ap_clk
    SLICE_X10Y28         FDRE                                         r  bd_0_i/hls_inst/inst/reg_509_reg[11]/C
                         clock pessimism              0.000     0.432    
    SLICE_X10Y28         FDRE (Hold_fdre_C_D)         0.053     0.485    bd_0_i/hls_inst/inst/reg_509_reg[11]
  -------------------------------------------------------------------
                         required time                         -0.485    
                         arrival time                           0.663    
  -------------------------------------------------------------------
                         slack                                  0.178    

Slack (MET) :             0.181ns  (arrival time - required time)
  Source:                 bd_0_i/hls_inst/inst/mul_32s_32s_32_2_1_U1/buff0_reg[15]__0/C
                            (rising edge-triggered cell FDRE clocked by ap_clk  {rise@0.000ns fall@5.000ns period=10.000ns})
  Destination:            bd_0_i/hls_inst/inst/reg_509_reg[15]/D
                            (rising edge-triggered cell FDRE clocked by ap_clk  {rise@0.000ns fall@5.000ns period=10.000ns})
  Path Group:             ap_clk
  Path Type:              Hold (Min at Fast Process Corner)
  Requirement:            0.000ns  (ap_clk rise@0.000ns - ap_clk rise@0.000ns)
  Data Path Delay:        0.273ns  (logic 0.141ns (51.660%)  route 0.132ns (48.339%))
  Logic Levels:           0  
  Clock Path Skew:        0.022ns (DCD - SCD - CPR)
    Destination Clock Delay (DCD):    0.432ns
    Source Clock Delay      (SCD):    0.410ns
    Clock Pessimism Removal (CPR):    -0.000ns

    Location             Delay type                Incr(ns)  Path(ns)    Netlist Resource(s)
  -------------------------------------------------------------------    -------------------
                         (clock ap_clk rise edge)     0.000     0.000 r  
                                                      0.000     0.000 r  ap_clk (IN)
                         net (fo=414, unset)          0.410     0.410    bd_0_i/hls_inst/inst/mul_32s_32s_32_2_1_U1/ap_clk
    SLICE_X9Y29          FDRE                                         r  bd_0_i/hls_inst/inst/mul_32s_32s_32_2_1_U1/buff0_reg[15]__0/C
  -------------------------------------------------------------------    -------------------
    SLICE_X9Y29          FDRE (Prop_fdre_C_Q)         0.141     0.551 r  bd_0_i/hls_inst/inst/mul_32s_32s_32_2_1_U1/buff0_reg[15]__0/Q
                         net (fo=1, routed)           0.132     0.683    bd_0_i/hls_inst/inst/mul_32s_32s_32_2_1_U1_n_20
    SLICE_X11Y29         FDRE                                         r  bd_0_i/hls_inst/inst/reg_509_reg[15]/D
  -------------------------------------------------------------------    -------------------

                         (clock ap_clk rise edge)     0.000     0.000 r  
                                                      0.000     0.000 r  ap_clk (IN)
                         net (fo=414, unset)          0.432     0.432    bd_0_i/hls_inst/inst/ap_clk
    SLICE_X11Y29         FDRE                                         r  bd_0_i/hls_inst/inst/reg_509_reg[15]/C
                         clock pessimism              0.000     0.432    
    SLICE_X11Y29         FDRE (Hold_fdre_C_D)         0.070     0.502    bd_0_i/hls_inst/inst/reg_509_reg[15]
  -------------------------------------------------------------------
                         required time                         -0.502    
                         arrival time                           0.683    
  -------------------------------------------------------------------
                         slack                                  0.181    

Slack (MET) :             0.189ns  (arrival time - required time)
  Source:                 bd_0_i/hls_inst/inst/icmp_ln10_15_reg_1419_reg[0]/C
                            (rising edge-triggered cell FDRE clocked by ap_clk  {rise@0.000ns fall@5.000ns period=10.000ns})
  Destination:            bd_0_i/hls_inst/inst/icmp_ln10_15_reg_1419_pp0_iter1_reg_reg[0]/D
                            (rising edge-triggered cell FDRE clocked by ap_clk  {rise@0.000ns fall@5.000ns period=10.000ns})
  Path Group:             ap_clk
  Path Type:              Hold (Min at Fast Process Corner)
  Requirement:            0.000ns  (ap_clk rise@0.000ns - ap_clk rise@0.000ns)
  Data Path Delay:        0.280ns  (logic 0.164ns (58.537%)  route 0.116ns (41.463%))
  Logic Levels:           0  
  Clock Path Skew:        0.022ns (DCD - SCD - CPR)
    Destination Clock Delay (DCD):    0.432ns
    Source Clock Delay      (SCD):    0.410ns
    Clock Pessimism Removal (CPR):    -0.000ns

    Location             Delay type                Incr(ns)  Path(ns)    Netlist Resource(s)
  -------------------------------------------------------------------    -------------------
                         (clock ap_clk rise edge)     0.000     0.000 r  
                                                      0.000     0.000 r  ap_clk (IN)
                         net (fo=414, unset)          0.410     0.410    bd_0_i/hls_inst/inst/ap_clk
    SLICE_X20Y26         FDRE                                         r  bd_0_i/hls_inst/inst/icmp_ln10_15_reg_1419_reg[0]/C
  -------------------------------------------------------------------    -------------------
    SLICE_X20Y26         FDRE (Prop_fdre_C_Q)         0.164     0.574 r  bd_0_i/hls_inst/inst/icmp_ln10_15_reg_1419_reg[0]/Q
                         net (fo=1, routed)           0.116     0.690    bd_0_i/hls_inst/inst/icmp_ln10_15_reg_1419[0]
    SLICE_X21Y26         FDRE                                         r  bd_0_i/hls_inst/inst/icmp_ln10_15_reg_1419_pp0_iter1_reg_reg[0]/D
  -------------------------------------------------------------------    -------------------

                         (clock ap_clk rise edge)     0.000     0.000 r  
                                                      0.000     0.000 r  ap_clk (IN)
                         net (fo=414, unset)          0.432     0.432    bd_0_i/hls_inst/inst/ap_clk
    SLICE_X21Y26         FDRE                                         r  bd_0_i/hls_inst/inst/icmp_ln10_15_reg_1419_pp0_iter1_reg_reg[0]/C
                         clock pessimism              0.000     0.432    
    SLICE_X21Y26         FDRE (Hold_fdre_C_D)         0.070     0.502    bd_0_i/hls_inst/inst/icmp_ln10_15_reg_1419_pp0_iter1_reg_reg[0]
  -------------------------------------------------------------------
                         required time                         -0.502    
                         arrival time                           0.690    
  -------------------------------------------------------------------
                         slack                                  0.189    

Slack (MET) :             0.190ns  (arrival time - required time)
  Source:                 bd_0_i/hls_inst/inst/mul_32s_32s_32_2_1_U2/buff0_reg[14]__0/C
                            (rising edge-triggered cell FDRE clocked by ap_clk  {rise@0.000ns fall@5.000ns period=10.000ns})
  Destination:            bd_0_i/hls_inst/inst/reg_513_reg[14]/D
                            (rising edge-triggered cell FDRE clocked by ap_clk  {rise@0.000ns fall@5.000ns period=10.000ns})
  Path Group:             ap_clk
  Path Type:              Hold (Min at Fast Process Corner)
  Requirement:            0.000ns  (ap_clk rise@0.000ns - ap_clk rise@0.000ns)
  Data Path Delay:        0.276ns  (logic 0.164ns (59.419%)  route 0.112ns (40.581%))
  Logic Levels:           0  
  Clock Path Skew:        0.022ns (DCD - SCD - CPR)
    Destination Clock Delay (DCD):    0.432ns
    Source Clock Delay      (SCD):    0.410ns
    Clock Pessimism Removal (CPR):    -0.000ns

    Location             Delay type                Incr(ns)  Path(ns)    Netlist Resource(s)
  -------------------------------------------------------------------    -------------------
                         (clock ap_clk rise edge)     0.000     0.000 r  
                                                      0.000     0.000 r  ap_clk (IN)
                         net (fo=414, unset)          0.410     0.410    bd_0_i/hls_inst/inst/mul_32s_32s_32_2_1_U2/ap_clk
    SLICE_X6Y34          FDRE                                         r  bd_0_i/hls_inst/inst/mul_32s_32s_32_2_1_U2/buff0_reg[14]__0/C
  -------------------------------------------------------------------    -------------------
    SLICE_X6Y34          FDRE (Prop_fdre_C_Q)         0.164     0.574 r  bd_0_i/hls_inst/inst/mul_32s_32s_32_2_1_U2/buff0_reg[14]__0/Q
                         net (fo=1, routed)           0.112     0.686    bd_0_i/hls_inst/inst/mul_32s_32s_32_2_1_U2_n_21
    SLICE_X6Y35          FDRE                                         r  bd_0_i/hls_inst/inst/reg_513_reg[14]/D
  -------------------------------------------------------------------    -------------------

                         (clock ap_clk rise edge)     0.000     0.000 r  
                                                      0.000     0.000 r  ap_clk (IN)
                         net (fo=414, unset)          0.432     0.432    bd_0_i/hls_inst/inst/ap_clk
    SLICE_X6Y35          FDRE                                         r  bd_0_i/hls_inst/inst/reg_513_reg[14]/C
                         clock pessimism              0.000     0.432    
    SLICE_X6Y35          FDRE (Hold_fdre_C_D)         0.064     0.496    bd_0_i/hls_inst/inst/reg_513_reg[14]
  -------------------------------------------------------------------
                         required time                         -0.496    
                         arrival time                           0.686    
  -------------------------------------------------------------------
                         slack                                  0.190    

Slack (MET) :             0.193ns  (arrival time - required time)
  Source:                 bd_0_i/hls_inst/inst/mul_32s_32s_32_2_1_U2/buff0_reg[4]__0/C
                            (rising edge-triggered cell FDRE clocked by ap_clk  {rise@0.000ns fall@5.000ns period=10.000ns})
  Destination:            bd_0_i/hls_inst/inst/reg_513_reg[4]/D
                            (rising edge-triggered cell FDRE clocked by ap_clk  {rise@0.000ns fall@5.000ns period=10.000ns})
  Path Group:             ap_clk
  Path Type:              Hold (Min at Fast Process Corner)
  Requirement:            0.000ns  (ap_clk rise@0.000ns - ap_clk rise@0.000ns)
  Data Path Delay:        0.281ns  (logic 0.164ns (58.465%)  route 0.117ns (41.535%))
  Logic Levels:           0  
  Clock Path Skew:        0.022ns (DCD - SCD - CPR)
    Destination Clock Delay (DCD):    0.432ns
    Source Clock Delay      (SCD):    0.410ns
    Clock Pessimism Removal (CPR):    -0.000ns

    Location             Delay type                Incr(ns)  Path(ns)    Netlist Resource(s)
  -------------------------------------------------------------------    -------------------
                         (clock ap_clk rise edge)     0.000     0.000 r  
                                                      0.000     0.000 r  ap_clk (IN)
                         net (fo=414, unset)          0.410     0.410    bd_0_i/hls_inst/inst/mul_32s_32s_32_2_1_U2/ap_clk
    SLICE_X8Y28          FDRE                                         r  bd_0_i/hls_inst/inst/mul_32s_32s_32_2_1_U2/buff0_reg[4]__0/C
  -------------------------------------------------------------------    -------------------
    SLICE_X8Y28          FDRE (Prop_fdre_C_Q)         0.164     0.574 r  bd_0_i/hls_inst/inst/mul_32s_32s_32_2_1_U2/buff0_reg[4]__0/Q
                         net (fo=1, routed)           0.117     0.691    bd_0_i/hls_inst/inst/mul_32s_32s_32_2_1_U2_n_31
    SLICE_X7Y28          FDRE                                         r  bd_0_i/hls_inst/inst/reg_513_reg[4]/D
  -------------------------------------------------------------------    -------------------

                         (clock ap_clk rise edge)     0.000     0.000 r  
                                                      0.000     0.000 r  ap_clk (IN)
                         net (fo=414, unset)          0.432     0.432    bd_0_i/hls_inst/inst/ap_clk
    SLICE_X7Y28          FDRE                                         r  bd_0_i/hls_inst/inst/reg_513_reg[4]/C
                         clock pessimism              0.000     0.432    
    SLICE_X7Y28          FDRE (Hold_fdre_C_D)         0.066     0.498    bd_0_i/hls_inst/inst/reg_513_reg[4]
  -------------------------------------------------------------------
                         required time                         -0.498    
                         arrival time                           0.691    
  -------------------------------------------------------------------
                         slack                                  0.193    





Pulse Width Checks
--------------------------------------------------------------------------------------
Clock Name:         ap_clk
Waveform(ns):       { 0.000 5.000 }
Period(ns):         10.000
Sources:            { ap_clk }

Check Type        Corner  Lib Pin      Reference Pin  Required(ns)  Actual(ns)  Slack(ns)  Location      Pin
Min Period        n/a     DSP48E1/CLK  n/a            2.154         10.000      7.846      DSP48_X0Y12   bd_0_i/hls_inst/inst/mul_32s_32s_32_2_1_U1/buff0_reg/CLK
Min Period        n/a     DSP48E1/CLK  n/a            2.154         10.000      7.846      DSP48_X0Y10   bd_0_i/hls_inst/inst/mul_32s_32s_32_2_1_U1/tmp_product/CLK
Min Period        n/a     DSP48E1/CLK  n/a            2.154         10.000      7.846      DSP48_X0Y14   bd_0_i/hls_inst/inst/mul_32s_32s_32_2_1_U2/buff0_reg/CLK
Min Period        n/a     DSP48E1/CLK  n/a            2.154         10.000      7.846      DSP48_X0Y15   bd_0_i/hls_inst/inst/mul_32s_32s_32_2_1_U2/tmp_product/CLK
Min Period        n/a     FDRE/C       n/a            1.000         10.000      9.000      SLICE_X33Y27  bd_0_i/hls_inst/inst/add_ln11_2_reg_1543_reg[0]/C
Min Period        n/a     FDRE/C       n/a            1.000         10.000      9.000      SLICE_X27Y27  bd_0_i/hls_inst/inst/add_ln11_2_reg_1543_reg[1]/C
Min Period        n/a     FDRE/C       n/a            1.000         10.000      9.000      SLICE_X32Y29  bd_0_i/hls_inst/inst/add_ln11_2_reg_1543_reg[2]/C
Min Period        n/a     FDRE/C       n/a            1.000         10.000      9.000      SLICE_X27Y27  bd_0_i/hls_inst/inst/add_ln11_2_reg_1543_reg[3]/C
Min Period        n/a     FDRE/C       n/a            1.000         10.000      9.000      SLICE_X27Y28  bd_0_i/hls_inst/inst/add_ln11_2_reg_1543_reg[4]/C
Min Period        n/a     FDRE/C       n/a            1.000         10.000      9.000      SLICE_X28Y29  bd_0_i/hls_inst/inst/add_ln11_2_reg_1543_reg[5]/C
Low Pulse Width   Slow    FDRE/C       n/a            0.500         5.000       4.500      SLICE_X33Y27  bd_0_i/hls_inst/inst/add_ln11_2_reg_1543_reg[0]/C
Low Pulse Width   Fast    FDRE/C       n/a            0.500         5.000       4.500      SLICE_X33Y27  bd_0_i/hls_inst/inst/add_ln11_2_reg_1543_reg[0]/C
Low Pulse Width   Slow    FDRE/C       n/a            0.500         5.000       4.500      SLICE_X27Y27  bd_0_i/hls_inst/inst/add_ln11_2_reg_1543_reg[1]/C
Low Pulse Width   Fast    FDRE/C       n/a            0.500         5.000       4.500      SLICE_X27Y27  bd_0_i/hls_inst/inst/add_ln11_2_reg_1543_reg[1]/C
Low Pulse Width   Slow    FDRE/C       n/a            0.500         5.000       4.500      SLICE_X32Y29  bd_0_i/hls_inst/inst/add_ln11_2_reg_1543_reg[2]/C
Low Pulse Width   Fast    FDRE/C       n/a            0.500         5.000       4.500      SLICE_X32Y29  bd_0_i/hls_inst/inst/add_ln11_2_reg_1543_reg[2]/C
Low Pulse Width   Slow    FDRE/C       n/a            0.500         5.000       4.500      SLICE_X27Y27  bd_0_i/hls_inst/inst/add_ln11_2_reg_1543_reg[3]/C
Low Pulse Width   Fast    FDRE/C       n/a            0.500         5.000       4.500      SLICE_X27Y27  bd_0_i/hls_inst/inst/add_ln11_2_reg_1543_reg[3]/C
Low Pulse Width   Slow    FDRE/C       n/a            0.500         5.000       4.500      SLICE_X27Y28  bd_0_i/hls_inst/inst/add_ln11_2_reg_1543_reg[4]/C
Low Pulse Width   Fast    FDRE/C       n/a            0.500         5.000       4.500      SLICE_X27Y28  bd_0_i/hls_inst/inst/add_ln11_2_reg_1543_reg[4]/C
High Pulse Width  Slow    FDRE/C       n/a            0.500         5.000       4.500      SLICE_X33Y27  bd_0_i/hls_inst/inst/add_ln11_2_reg_1543_reg[0]/C
High Pulse Width  Fast    FDRE/C       n/a            0.500         5.000       4.500      SLICE_X33Y27  bd_0_i/hls_inst/inst/add_ln11_2_reg_1543_reg[0]/C
High Pulse Width  Slow    FDRE/C       n/a            0.500         5.000       4.500      SLICE_X27Y27  bd_0_i/hls_inst/inst/add_ln11_2_reg_1543_reg[1]/C
High Pulse Width  Fast    FDRE/C       n/a            0.500         5.000       4.500      SLICE_X27Y27  bd_0_i/hls_inst/inst/add_ln11_2_reg_1543_reg[1]/C
High Pulse Width  Slow    FDRE/C       n/a            0.500         5.000       4.500      SLICE_X32Y29  bd_0_i/hls_inst/inst/add_ln11_2_reg_1543_reg[2]/C
High Pulse Width  Fast    FDRE/C       n/a            0.500         5.000       4.500      SLICE_X32Y29  bd_0_i/hls_inst/inst/add_ln11_2_reg_1543_reg[2]/C
High Pulse Width  Slow    FDRE/C       n/a            0.500         5.000       4.500      SLICE_X27Y27  bd_0_i/hls_inst/inst/add_ln11_2_reg_1543_reg[3]/C
High Pulse Width  Fast    FDRE/C       n/a            0.500         5.000       4.500      SLICE_X27Y27  bd_0_i/hls_inst/inst/add_ln11_2_reg_1543_reg[3]/C
High Pulse Width  Slow    FDRE/C       n/a            0.500         5.000       4.500      SLICE_X27Y28  bd_0_i/hls_inst/inst/add_ln11_2_reg_1543_reg[4]/C
High Pulse Width  Fast    FDRE/C       n/a            0.500         5.000       4.500      SLICE_X27Y28  bd_0_i/hls_inst/inst/add_ln11_2_reg_1543_reg[4]/C



--------------------------------------------------------------------------------------
Path Group:  (none)
From Clock:  
  To Clock:  

Max Delay            24 Endpoints
Min Delay            24 Endpoints
--------------------------------------------------------------------------------------


Max Delay Paths
--------------------------------------------------------------------------------------
Slack:                    inf
  Source:                 ap_ctrl_start
                            (input port)
  Destination:            in2_address0[3]
                            (output port)
  Path Group:             (none)
  Path Type:              Max at Slow Process Corner
  Data Path Delay:        4.183ns  (logic 0.372ns (8.893%)  route 3.811ns (91.107%))
  Logic Levels:           3  (LUT3=1 LUT6=2)

    Location             Delay type                Incr(ns)  Path(ns)    Netlist Resource(s)
  -------------------------------------------------------------------    -------------------
                                                      0.000     0.000 f  ap_ctrl_start (IN)
                         net (fo=13, unset)           0.973     0.973    bd_0_i/hls_inst/inst/flow_control_loop_pipe_U/ap_start
    SLICE_X31Y29         LUT3 (Prop_lut3_I1_O)        0.124     1.097 f  bd_0_i/hls_inst/inst/flow_control_loop_pipe_U/in1_address1[5]_INST_0_i_2/O
                         net (fo=23, routed)          0.861     1.958    bd_0_i/hls_inst/inst/flow_control_loop_pipe_U/ap_sig_allocacmp_i_11
    SLICE_X30Y28         LUT6 (Prop_lut6_I3_O)        0.124     2.082 f  bd_0_i/hls_inst/inst/flow_control_loop_pipe_U/in2_address0[3]_INST_0_i_1/O
                         net (fo=2, routed)           1.004     3.086    bd_0_i/hls_inst/inst/flow_control_loop_pipe_U/in2_address0[3]_INST_0_i_1_n_4
    SLICE_X29Y27         LUT6 (Prop_lut6_I0_O)        0.124     3.210 r  bd_0_i/hls_inst/inst/flow_control_loop_pipe_U/in2_address0[3]_INST_0/O
                         net (fo=0)                   0.973     4.183    in2_address0[3]
                                                                      r  in2_address0[3] (OUT)
  -------------------------------------------------------------------    -------------------

Slack:                    inf
  Source:                 ap_ctrl_start
                            (input port)
  Destination:            in2_address1[3]
                            (output port)
  Path Group:             (none)
  Path Type:              Max at Slow Process Corner
  Data Path Delay:        3.960ns  (logic 0.372ns (9.394%)  route 3.588ns (90.606%))
  Logic Levels:           3  (LUT3=1 LUT6=2)

    Location             Delay type                Incr(ns)  Path(ns)    Netlist Resource(s)
  -------------------------------------------------------------------    -------------------
                                                      0.000     0.000 f  ap_ctrl_start (IN)
                         net (fo=13, unset)           0.973     0.973    bd_0_i/hls_inst/inst/flow_control_loop_pipe_U/ap_start
    SLICE_X31Y29         LUT3 (Prop_lut3_I1_O)        0.124     1.097 f  bd_0_i/hls_inst/inst/flow_control_loop_pipe_U/in1_address1[5]_INST_0_i_2/O
                         net (fo=23, routed)          0.861     1.958    bd_0_i/hls_inst/inst/flow_control_loop_pipe_U/ap_sig_allocacmp_i_11
    SLICE_X30Y28         LUT6 (Prop_lut6_I3_O)        0.124     2.082 f  bd_0_i/hls_inst/inst/flow_control_loop_pipe_U/in2_address0[3]_INST_0_i_1/O
                         net (fo=2, routed)           0.781     2.863    bd_0_i/hls_inst/inst/flow_control_loop_pipe_U/in2_address0[3]_INST_0_i_1_n_4
    SLICE_X29Y27         LUT6 (Prop_lut6_I0_O)        0.124     2.987 r  bd_0_i/hls_inst/inst/flow_control_loop_pipe_U/in2_address1[3]_INST_0/O
                         net (fo=0)                   0.973     3.960    in2_address1[3]
                                                                      r  in2_address1[3] (OUT)
  -------------------------------------------------------------------    -------------------

Slack:                    inf
  Source:                 ap_ctrl_start
                            (input port)
  Destination:            in2_address0[5]
                            (output port)
  Path Group:             (none)
  Path Type:              Max at Slow Process Corner
  Data Path Delay:        3.955ns  (logic 0.372ns (9.406%)  route 3.583ns (90.594%))
  Logic Levels:           3  (LUT3=1 LUT5=1 LUT6=1)

    Location             Delay type                Incr(ns)  Path(ns)    Netlist Resource(s)
  -------------------------------------------------------------------    -------------------
                                                      0.000     0.000 f  ap_ctrl_start (IN)
                         net (fo=13, unset)           0.973     0.973    bd_0_i/hls_inst/inst/flow_control_loop_pipe_U/ap_start
    SLICE_X31Y29         LUT3 (Prop_lut3_I1_O)        0.124     1.097 f  bd_0_i/hls_inst/inst/flow_control_loop_pipe_U/in1_address1[5]_INST_0_i_2/O
                         net (fo=23, routed)          0.842     1.939    bd_0_i/hls_inst/inst/flow_control_loop_pipe_U/ap_sig_allocacmp_i_11
    SLICE_X28Y29         LUT5 (Prop_lut5_I0_O)        0.124     2.063 r  bd_0_i/hls_inst/inst/flow_control_loop_pipe_U/in2_address0[5]_INST_0_i_1/O
                         net (fo=1, routed)           0.795     2.858    bd_0_i/hls_inst/inst/flow_control_loop_pipe_U/in2_address0[5]_INST_0_i_1_n_4
    SLICE_X28Y29         LUT6 (Prop_lut6_I0_O)        0.124     2.982 r  bd_0_i/hls_inst/inst/flow_control_loop_pipe_U/in2_address0[5]_INST_0/O
                         net (fo=0)                   0.973     3.955    in2_address0[5]
                                                                      r  in2_address0[5] (OUT)
  -------------------------------------------------------------------    -------------------

Slack:                    inf
  Source:                 ap_ctrl_start
                            (input port)
  Destination:            in2_address0[0]
                            (output port)
  Path Group:             (none)
  Path Type:              Max at Slow Process Corner
  Data Path Delay:        3.951ns  (logic 0.372ns (9.415%)  route 3.579ns (90.585%))
  Logic Levels:           3  (LUT3=1 LUT6=2)

    Location             Delay type                Incr(ns)  Path(ns)    Netlist Resource(s)
  -------------------------------------------------------------------    -------------------
                                                      0.000     0.000 f  ap_ctrl_start (IN)
                         net (fo=13, unset)           0.973     0.973    bd_0_i/hls_inst/inst/flow_control_loop_pipe_U/ap_start
    SLICE_X31Y29         LUT3 (Prop_lut3_I1_O)        0.124     1.097 f  bd_0_i/hls_inst/inst/flow_control_loop_pipe_U/in1_address1[5]_INST_0_i_2/O
                         net (fo=23, routed)          0.639     1.736    bd_0_i/hls_inst/inst/flow_control_loop_pipe_U/ap_sig_allocacmp_i_11
    SLICE_X30Y28         LUT6 (Prop_lut6_I3_O)        0.124     1.860 f  bd_0_i/hls_inst/inst/flow_control_loop_pipe_U/in2_address0[0]_INST_0_i_1/O
                         net (fo=2, routed)           0.994     2.854    bd_0_i/hls_inst/inst/flow_control_loop_pipe_U/in2_address0[0]_INST_0_i_1_n_4
    SLICE_X32Y27         LUT6 (Prop_lut6_I0_O)        0.124     2.978 r  bd_0_i/hls_inst/inst/flow_control_loop_pipe_U/in2_address0[0]_INST_0/O
                         net (fo=0)                   0.973     3.951    in2_address0[0]
                                                                      r  in2_address0[0] (OUT)
  -------------------------------------------------------------------    -------------------

Slack:                    inf
  Source:                 ap_ctrl_start
                            (input port)
  Destination:            in2_address1[0]
                            (output port)
  Path Group:             (none)
  Path Type:              Max at Slow Process Corner
  Data Path Delay:        3.936ns  (logic 0.372ns (9.450%)  route 3.564ns (90.550%))
  Logic Levels:           3  (LUT3=1 LUT6=2)

    Location             Delay type                Incr(ns)  Path(ns)    Netlist Resource(s)
  -------------------------------------------------------------------    -------------------
                                                      0.000     0.000 f  ap_ctrl_start (IN)
                         net (fo=13, unset)           0.973     0.973    bd_0_i/hls_inst/inst/flow_control_loop_pipe_U/ap_start
    SLICE_X31Y29         LUT3 (Prop_lut3_I1_O)        0.124     1.097 f  bd_0_i/hls_inst/inst/flow_control_loop_pipe_U/in1_address1[5]_INST_0_i_2/O
                         net (fo=23, routed)          0.639     1.736    bd_0_i/hls_inst/inst/flow_control_loop_pipe_U/ap_sig_allocacmp_i_11
    SLICE_X30Y28         LUT6 (Prop_lut6_I3_O)        0.124     1.860 f  bd_0_i/hls_inst/inst/flow_control_loop_pipe_U/in2_address0[0]_INST_0_i_1/O
                         net (fo=2, routed)           0.979     2.839    bd_0_i/hls_inst/inst/flow_control_loop_pipe_U/in2_address0[0]_INST_0_i_1_n_4
    SLICE_X33Y27         LUT6 (Prop_lut6_I0_O)        0.124     2.963 r  bd_0_i/hls_inst/inst/flow_control_loop_pipe_U/in2_address1[0]_INST_0/O
                         net (fo=0)                   0.973     3.936    in2_address1[0]
                                                                      r  in2_address1[0] (OUT)
  -------------------------------------------------------------------    -------------------

Slack:                    inf
  Source:                 ap_ctrl_start
                            (input port)
  Destination:            in1_address0[6]
                            (output port)
  Path Group:             (none)
  Path Type:              Max at Slow Process Corner
  Data Path Delay:        3.772ns  (logic 0.372ns (9.862%)  route 3.400ns (90.138%))
  Logic Levels:           3  (LUT3=2 LUT5=1)

    Location             Delay type                Incr(ns)  Path(ns)    Netlist Resource(s)
  -------------------------------------------------------------------    -------------------
                                                      0.000     0.000 f  ap_ctrl_start (IN)
                         net (fo=13, unset)           0.973     0.973    bd_0_i/hls_inst/inst/flow_control_loop_pipe_U/ap_start
    SLICE_X31Y29         LUT3 (Prop_lut3_I1_O)        0.124     1.097 f  bd_0_i/hls_inst/inst/flow_control_loop_pipe_U/in1_address1[5]_INST_0_i_2/O
                         net (fo=23, routed)          0.769     1.866    bd_0_i/hls_inst/inst/flow_control_loop_pipe_U/ap_sig_allocacmp_i_11
    SLICE_X26Y31         LUT5 (Prop_lut5_I3_O)        0.124     1.990 r  bd_0_i/hls_inst/inst/flow_control_loop_pipe_U/in1_address1[6]_INST_0_i_1/O
                         net (fo=3, routed)           0.685     2.675    bd_0_i/hls_inst/inst/flow_control_loop_pipe_U/D[2]
    SLICE_X26Y31         LUT3 (Prop_lut3_I2_O)        0.124     2.799 r  bd_0_i/hls_inst/inst/flow_control_loop_pipe_U/in1_address1[6]_INST_0/O
                         net (fo=0)                   0.973     3.772    in1_address0[6]
                                                                      r  in1_address0[6] (OUT)
  -------------------------------------------------------------------    -------------------

Slack:                    inf
  Source:                 ap_ctrl_start
                            (input port)
  Destination:            in1_address1[6]
                            (output port)
  Path Group:             (none)
  Path Type:              Max at Slow Process Corner
  Data Path Delay:        3.772ns  (logic 0.372ns (9.862%)  route 3.400ns (90.138%))
  Logic Levels:           3  (LUT3=2 LUT5=1)

    Location             Delay type                Incr(ns)  Path(ns)    Netlist Resource(s)
  -------------------------------------------------------------------    -------------------
                                                      0.000     0.000 f  ap_ctrl_start (IN)
                         net (fo=13, unset)           0.973     0.973    bd_0_i/hls_inst/inst/flow_control_loop_pipe_U/ap_start
    SLICE_X31Y29         LUT3 (Prop_lut3_I1_O)        0.124     1.097 f  bd_0_i/hls_inst/inst/flow_control_loop_pipe_U/in1_address1[5]_INST_0_i_2/O
                         net (fo=23, routed)          0.769     1.866    bd_0_i/hls_inst/inst/flow_control_loop_pipe_U/ap_sig_allocacmp_i_11
    SLICE_X26Y31         LUT5 (Prop_lut5_I3_O)        0.124     1.990 r  bd_0_i/hls_inst/inst/flow_control_loop_pipe_U/in1_address1[6]_INST_0_i_1/O
                         net (fo=3, routed)           0.685     2.675    bd_0_i/hls_inst/inst/flow_control_loop_pipe_U/D[2]
    SLICE_X26Y31         LUT3 (Prop_lut3_I2_O)        0.124     2.799 r  bd_0_i/hls_inst/inst/flow_control_loop_pipe_U/in1_address1[6]_INST_0/O
                         net (fo=0)                   0.973     3.772    in1_address1[6]
                                                                      r  in1_address1[6] (OUT)
  -------------------------------------------------------------------    -------------------

Slack:                    inf
  Source:                 ap_ctrl_start
                            (input port)
  Destination:            in1_address0[7]
                            (output port)
  Path Group:             (none)
  Path Type:              Max at Slow Process Corner
  Data Path Delay:        3.753ns  (logic 0.366ns (9.752%)  route 3.387ns (90.248%))
  Logic Levels:           3  (LUT3=2 LUT6=1)

    Location             Delay type                Incr(ns)  Path(ns)    Netlist Resource(s)
  -------------------------------------------------------------------    -------------------
                                                      0.000     0.000 f  ap_ctrl_start (IN)
                         net (fo=13, unset)           0.973     0.973    bd_0_i/hls_inst/inst/flow_control_loop_pipe_U/ap_start
    SLICE_X31Y29         LUT3 (Prop_lut3_I1_O)        0.124     1.097 f  bd_0_i/hls_inst/inst/flow_control_loop_pipe_U/in1_address1[5]_INST_0_i_2/O
                         net (fo=23, routed)          1.002     2.099    bd_0_i/hls_inst/inst/flow_control_loop_pipe_U/ap_sig_allocacmp_i_11
    SLICE_X27Y31         LUT6 (Prop_lut6_I4_O)        0.124     2.223 r  bd_0_i/hls_inst/inst/flow_control_loop_pipe_U/in1_address1[7]_INST_0_i_2/O
                         net (fo=3, routed)           0.439     2.662    bd_0_i/hls_inst/inst/flow_control_loop_pipe_U/D[3]
    SLICE_X26Y31         LUT3 (Prop_lut3_I2_O)        0.118     2.780 r  bd_0_i/hls_inst/inst/flow_control_loop_pipe_U/in1_address1[7]_INST_0/O
                         net (fo=0)                   0.973     3.753    in1_address0[7]
                                                                      r  in1_address0[7] (OUT)
  -------------------------------------------------------------------    -------------------

Slack:                    inf
  Source:                 ap_ctrl_start
                            (input port)
  Destination:            in1_address1[7]
                            (output port)
  Path Group:             (none)
  Path Type:              Max at Slow Process Corner
  Data Path Delay:        3.753ns  (logic 0.366ns (9.752%)  route 3.387ns (90.248%))
  Logic Levels:           3  (LUT3=2 LUT6=1)

    Location             Delay type                Incr(ns)  Path(ns)    Netlist Resource(s)
  -------------------------------------------------------------------    -------------------
                                                      0.000     0.000 f  ap_ctrl_start (IN)
                         net (fo=13, unset)           0.973     0.973    bd_0_i/hls_inst/inst/flow_control_loop_pipe_U/ap_start
    SLICE_X31Y29         LUT3 (Prop_lut3_I1_O)        0.124     1.097 f  bd_0_i/hls_inst/inst/flow_control_loop_pipe_U/in1_address1[5]_INST_0_i_2/O
                         net (fo=23, routed)          1.002     2.099    bd_0_i/hls_inst/inst/flow_control_loop_pipe_U/ap_sig_allocacmp_i_11
    SLICE_X27Y31         LUT6 (Prop_lut6_I4_O)        0.124     2.223 r  bd_0_i/hls_inst/inst/flow_control_loop_pipe_U/in1_address1[7]_INST_0_i_2/O
                         net (fo=3, routed)           0.439     2.662    bd_0_i/hls_inst/inst/flow_control_loop_pipe_U/D[3]
    SLICE_X26Y31         LUT3 (Prop_lut3_I2_O)        0.118     2.780 r  bd_0_i/hls_inst/inst/flow_control_loop_pipe_U/in1_address1[7]_INST_0/O
                         net (fo=0)                   0.973     3.753    in1_address1[7]
                                                                      r  in1_address1[7] (OUT)
  -------------------------------------------------------------------    -------------------

Slack:                    inf
  Source:                 ap_ctrl_start
                            (input port)
  Destination:            in2_address1[2]
                            (output port)
  Path Group:             (none)
  Path Type:              Max at Slow Process Corner
  Data Path Delay:        3.632ns  (logic 0.372ns (10.243%)  route 3.260ns (89.757%))
  Logic Levels:           3  (LUT3=1 LUT6=2)

    Location             Delay type                Incr(ns)  Path(ns)    Netlist Resource(s)
  -------------------------------------------------------------------    -------------------
                                                      0.000     0.000 f  ap_ctrl_start (IN)
                         net (fo=13, unset)           0.973     0.973    bd_0_i/hls_inst/inst/flow_control_loop_pipe_U/ap_start
    SLICE_X31Y29         LUT3 (Prop_lut3_I1_O)        0.124     1.097 f  bd_0_i/hls_inst/inst/flow_control_loop_pipe_U/in1_address1[5]_INST_0_i_2/O
                         net (fo=23, routed)          0.838     1.935    bd_0_i/hls_inst/inst/flow_control_loop_pipe_U/ap_sig_allocacmp_i_11
    SLICE_X31Y28         LUT6 (Prop_lut6_I3_O)        0.124     2.059 f  bd_0_i/hls_inst/inst/flow_control_loop_pipe_U/in2_address0[2]_INST_0_i_1/O
                         net (fo=2, routed)           0.476     2.535    bd_0_i/hls_inst/inst/flow_control_loop_pipe_U/in2_address0[2]_INST_0_i_1_n_4
    SLICE_X32Y29         LUT6 (Prop_lut6_I0_O)        0.124     2.659 r  bd_0_i/hls_inst/inst/flow_control_loop_pipe_U/in2_address1[2]_INST_0/O
                         net (fo=0)                   0.973     3.632    in2_address1[2]
                                                                      r  in2_address1[2] (OUT)
  -------------------------------------------------------------------    -------------------





Min Delay Paths
--------------------------------------------------------------------------------------
Slack:                    inf
  Source:                 ap_ctrl_start
                            (input port)
  Destination:            ap_ctrl_idle
                            (output port)
  Path Group:             (none)
  Path Type:              Min at Fast Process Corner
  Data Path Delay:        0.865ns  (logic 0.045ns (5.201%)  route 0.820ns (94.799%))
  Logic Levels:           1  (LUT3=1)

    Location             Delay type                Incr(ns)  Path(ns)    Netlist Resource(s)
  -------------------------------------------------------------------    -------------------
                                                      0.000     0.000 f  ap_ctrl_start (IN)
                         net (fo=13, unset)           0.410     0.410    bd_0_i/hls_inst/inst/ap_start
    SLICE_X30Y30         LUT3 (Prop_lut3_I0_O)        0.045     0.455 r  bd_0_i/hls_inst/inst/ap_idle_INST_0/O
                         net (fo=0)                   0.410     0.865    ap_ctrl_idle
                                                                      r  ap_ctrl_idle (OUT)
  -------------------------------------------------------------------    -------------------

Slack:                    inf
  Source:                 ap_ctrl_start
                            (input port)
  Destination:            in1_ce0
                            (output port)
  Path Group:             (none)
  Path Type:              Min at Fast Process Corner
  Data Path Delay:        0.865ns  (logic 0.045ns (5.201%)  route 0.820ns (94.799%))
  Logic Levels:           1  (LUT3=1)

    Location             Delay type                Incr(ns)  Path(ns)    Netlist Resource(s)
  -------------------------------------------------------------------    -------------------
                                                      0.000     0.000 r  ap_ctrl_start (IN)
                         net (fo=13, unset)           0.410     0.410    bd_0_i/hls_inst/inst/ap_start
    SLICE_X27Y31         LUT3 (Prop_lut3_I1_O)        0.045     0.455 r  bd_0_i/hls_inst/inst/in2_ce1_INST_0/O
                         net (fo=0)                   0.410     0.865    in1_ce0
                                                                      r  in1_ce0 (OUT)
  -------------------------------------------------------------------    -------------------

Slack:                    inf
  Source:                 ap_ctrl_start
                            (input port)
  Destination:            in1_ce1
                            (output port)
  Path Group:             (none)
  Path Type:              Min at Fast Process Corner
  Data Path Delay:        0.865ns  (logic 0.045ns (5.201%)  route 0.820ns (94.799%))
  Logic Levels:           1  (LUT3=1)

    Location             Delay type                Incr(ns)  Path(ns)    Netlist Resource(s)
  -------------------------------------------------------------------    -------------------
                                                      0.000     0.000 r  ap_ctrl_start (IN)
                         net (fo=13, unset)           0.410     0.410    bd_0_i/hls_inst/inst/ap_start
    SLICE_X27Y31         LUT3 (Prop_lut3_I1_O)        0.045     0.455 r  bd_0_i/hls_inst/inst/in2_ce1_INST_0/O
                         net (fo=0)                   0.410     0.865    in1_ce1
                                                                      r  in1_ce1 (OUT)
  -------------------------------------------------------------------    -------------------

Slack:                    inf
  Source:                 ap_ctrl_start
                            (input port)
  Destination:            in2_ce0
                            (output port)
  Path Group:             (none)
  Path Type:              Min at Fast Process Corner
  Data Path Delay:        0.865ns  (logic 0.045ns (5.201%)  route 0.820ns (94.799%))
  Logic Levels:           1  (LUT3=1)

    Location             Delay type                Incr(ns)  Path(ns)    Netlist Resource(s)
  -------------------------------------------------------------------    -------------------
                                                      0.000     0.000 r  ap_ctrl_start (IN)
                         net (fo=13, unset)           0.410     0.410    bd_0_i/hls_inst/inst/ap_start
    SLICE_X27Y31         LUT3 (Prop_lut3_I1_O)        0.045     0.455 r  bd_0_i/hls_inst/inst/in2_ce1_INST_0/O
                         net (fo=0)                   0.410     0.865    in2_ce0
                                                                      r  in2_ce0 (OUT)
  -------------------------------------------------------------------    -------------------

Slack:                    inf
  Source:                 ap_ctrl_start
                            (input port)
  Destination:            in2_ce1
                            (output port)
  Path Group:             (none)
  Path Type:              Min at Fast Process Corner
  Data Path Delay:        0.865ns  (logic 0.045ns (5.201%)  route 0.820ns (94.799%))
  Logic Levels:           1  (LUT3=1)

    Location             Delay type                Incr(ns)  Path(ns)    Netlist Resource(s)
  -------------------------------------------------------------------    -------------------
                                                      0.000     0.000 r  ap_ctrl_start (IN)
                         net (fo=13, unset)           0.410     0.410    bd_0_i/hls_inst/inst/ap_start
    SLICE_X27Y31         LUT3 (Prop_lut3_I1_O)        0.045     0.455 r  bd_0_i/hls_inst/inst/in2_ce1_INST_0/O
                         net (fo=0)                   0.410     0.865    in2_ce1
                                                                      r  in2_ce1 (OUT)
  -------------------------------------------------------------------    -------------------

Slack:                    inf
  Source:                 ap_ctrl_start
                            (input port)
  Destination:            in2_address1[4]
                            (output port)
  Path Group:             (none)
  Path Type:              Min at Fast Process Corner
  Data Path Delay:        1.213ns  (logic 0.153ns (12.609%)  route 1.060ns (87.391%))
  Logic Levels:           2  (LUT5=1 LUT6=1)

    Location             Delay type                Incr(ns)  Path(ns)    Netlist Resource(s)
  -------------------------------------------------------------------    -------------------
                                                      0.000     0.000 f  ap_ctrl_start (IN)
                         net (fo=13, unset)           0.410     0.410    bd_0_i/hls_inst/inst/flow_control_loop_pipe_U/ap_start
    SLICE_X31Y29         LUT5 (Prop_lut5_I3_O)        0.046     0.456 r  bd_0_i/hls_inst/inst/flow_control_loop_pipe_U/in2_address1[4]_INST_0_i_1/O
                         net (fo=2, routed)           0.240     0.696    bd_0_i/hls_inst/inst/flow_control_loop_pipe_U/j_fu_170_reg[4]
    SLICE_X30Y29         LUT6 (Prop_lut6_I0_O)        0.107     0.803 r  bd_0_i/hls_inst/inst/flow_control_loop_pipe_U/in2_address1[4]_INST_0/O
                         net (fo=0)                   0.410     1.213    in2_address1[4]
                                                                      r  in2_address1[4] (OUT)
  -------------------------------------------------------------------    -------------------

Slack:                    inf
  Source:                 ap_ctrl_start
                            (input port)
  Destination:            in2_address0[4]
                            (output port)
  Path Group:             (none)
  Path Type:              Min at Fast Process Corner
  Data Path Delay:        1.294ns  (logic 0.135ns (10.431%)  route 1.159ns (89.569%))
  Logic Levels:           3  (LUT3=1 LUT6=2)

    Location             Delay type                Incr(ns)  Path(ns)    Netlist Resource(s)
  -------------------------------------------------------------------    -------------------
                                                      0.000     0.000 r  ap_ctrl_start (IN)
                         net (fo=13, unset)           0.410     0.410    bd_0_i/hls_inst/inst/flow_control_loop_pipe_U/ap_start
    SLICE_X31Y29         LUT3 (Prop_lut3_I1_O)        0.045     0.455 r  bd_0_i/hls_inst/inst/flow_control_loop_pipe_U/in1_address1[5]_INST_0_i_2/O
                         net (fo=23, routed)          0.175     0.630    bd_0_i/hls_inst/inst/flow_control_loop_pipe_U/ap_sig_allocacmp_i_11
    SLICE_X28Y28         LUT6 (Prop_lut6_I2_O)        0.045     0.675 r  bd_0_i/hls_inst/inst/flow_control_loop_pipe_U/in2_address0[4]_INST_0_i_1/O
                         net (fo=1, routed)           0.164     0.839    bd_0_i/hls_inst/inst/flow_control_loop_pipe_U/in2_address0[4]_INST_0_i_1_n_4
    SLICE_X28Y28         LUT6 (Prop_lut6_I0_O)        0.045     0.884 r  bd_0_i/hls_inst/inst/flow_control_loop_pipe_U/in2_address0[4]_INST_0/O
                         net (fo=0)                   0.410     1.294    in2_address0[4]
                                                                      r  in2_address0[4] (OUT)
  -------------------------------------------------------------------    -------------------

Slack:                    inf
  Source:                 ap_ctrl_start
                            (input port)
  Destination:            in1_address0[4]
                            (output port)
  Path Group:             (none)
  Path Type:              Min at Fast Process Corner
  Data Path Delay:        1.360ns  (logic 0.090ns (6.619%)  route 1.270ns (93.381%))
  Logic Levels:           2  (LUT3=1 LUT5=1)

    Location             Delay type                Incr(ns)  Path(ns)    Netlist Resource(s)
  -------------------------------------------------------------------    -------------------
                                                      0.000     0.000 r  ap_ctrl_start (IN)
                         net (fo=13, unset)           0.410     0.410    bd_0_i/hls_inst/inst/flow_control_loop_pipe_U/ap_start
    SLICE_X31Y29         LUT3 (Prop_lut3_I1_O)        0.045     0.455 r  bd_0_i/hls_inst/inst/flow_control_loop_pipe_U/in1_address1[5]_INST_0_i_2/O
                         net (fo=23, routed)          0.449     0.905    bd_0_i/hls_inst/inst/flow_control_loop_pipe_U/ap_sig_allocacmp_i_11
    SLICE_X26Y31         LUT5 (Prop_lut5_I2_O)        0.045     0.950 r  bd_0_i/hls_inst/inst/flow_control_loop_pipe_U/in1_address1[4]_INST_0/O
                         net (fo=0)                   0.410     1.360    in1_address0[4]
                                                                      r  in1_address0[4] (OUT)
  -------------------------------------------------------------------    -------------------

Slack:                    inf
  Source:                 ap_ctrl_start
                            (input port)
  Destination:            in1_address1[4]
                            (output port)
  Path Group:             (none)
  Path Type:              Min at Fast Process Corner
  Data Path Delay:        1.360ns  (logic 0.090ns (6.619%)  route 1.270ns (93.381%))
  Logic Levels:           2  (LUT3=1 LUT5=1)

    Location             Delay type                Incr(ns)  Path(ns)    Netlist Resource(s)
  -------------------------------------------------------------------    -------------------
                                                      0.000     0.000 r  ap_ctrl_start (IN)
                         net (fo=13, unset)           0.410     0.410    bd_0_i/hls_inst/inst/flow_control_loop_pipe_U/ap_start
    SLICE_X31Y29         LUT3 (Prop_lut3_I1_O)        0.045     0.455 r  bd_0_i/hls_inst/inst/flow_control_loop_pipe_U/in1_address1[5]_INST_0_i_2/O
                         net (fo=23, routed)          0.449     0.905    bd_0_i/hls_inst/inst/flow_control_loop_pipe_U/ap_sig_allocacmp_i_11
    SLICE_X26Y31         LUT5 (Prop_lut5_I2_O)        0.045     0.950 r  bd_0_i/hls_inst/inst/flow_control_loop_pipe_U/in1_address1[4]_INST_0/O
                         net (fo=0)                   0.410     1.360    in1_address1[4]
                                                                      r  in1_address1[4] (OUT)
  -------------------------------------------------------------------    -------------------

Slack:                    inf
  Source:                 ap_ctrl_start
                            (input port)
  Destination:            in1_address0[5]
                            (output port)
  Path Group:             (none)
  Path Type:              Min at Fast Process Corner
  Data Path Delay:        1.366ns  (logic 0.090ns (6.590%)  route 1.276ns (93.410%))
  Logic Levels:           2  (LUT3=1 LUT6=1)

    Location             Delay type                Incr(ns)  Path(ns)    Netlist Resource(s)
  -------------------------------------------------------------------    -------------------
                                                      0.000     0.000 f  ap_ctrl_start (IN)
                         net (fo=13, unset)           0.410     0.410    bd_0_i/hls_inst/inst/flow_control_loop_pipe_U/ap_start
    SLICE_X31Y29         LUT3 (Prop_lut3_I1_O)        0.045     0.455 f  bd_0_i/hls_inst/inst/flow_control_loop_pipe_U/in1_address1[5]_INST_0_i_2/O
                         net (fo=23, routed)          0.455     0.910    bd_0_i/hls_inst/inst/flow_control_loop_pipe_U/ap_sig_allocacmp_i_11
    SLICE_X26Y31         LUT6 (Prop_lut6_I4_O)        0.045     0.955 r  bd_0_i/hls_inst/inst/flow_control_loop_pipe_U/in1_address1[5]_INST_0/O
                         net (fo=0)                   0.410     1.366    in1_address0[5]
                                                                      r  in1_address0[5] (OUT)
  -------------------------------------------------------------------    -------------------





--------------------------------------------------------------------------------------
Path Group:  (none)
From Clock:  ap_clk
  To Clock:  

Max Delay            79 Endpoints
Min Delay            79 Endpoints
--------------------------------------------------------------------------------------


Max Delay Paths
--------------------------------------------------------------------------------------
Slack:                    inf
  Source:                 bd_0_i/hls_inst/inst/icmp_ln10_14_reg_1414_pp0_iter1_reg_reg[0]/C
                            (rising edge-triggered cell FDRE clocked by ap_clk  {rise@0.000ns fall@5.000ns period=10.000ns})
  Destination:            out_r_d0[29]
                            (output port)
  Path Group:             (none)
  Path Type:              Max at Slow Process Corner
  Data Path Delay:        7.230ns  (logic 2.182ns (30.178%)  route 5.048ns (69.822%))
  Logic Levels:           10  (CARRY4=8 LUT5=1 LUT6=1)
  Clock Uncertainty:      0.025ns  ((TSJ^2 + TIJ^2)^1/2 + DJ) / 2 + PE
    Total System Jitter     (TSJ):    0.050ns
    Total Input Jitter      (TIJ):    0.000ns
    Discrete Jitter          (DJ):    0.000ns
    Phase Error              (PE):    0.000ns

    Location             Delay type                Incr(ns)  Path(ns)    Netlist Resource(s)
  -------------------------------------------------------------------    -------------------
                         (clock ap_clk rise edge)     0.000     0.000 r  
                                                      0.000     0.000 r  ap_clk (IN)
                         net (fo=414, unset)          0.973     0.973    bd_0_i/hls_inst/inst/ap_clk
    SLICE_X20Y39         FDRE                                         r  bd_0_i/hls_inst/inst/icmp_ln10_14_reg_1414_pp0_iter1_reg_reg[0]/C
  -------------------------------------------------------------------    -------------------
    SLICE_X20Y39         FDRE (Prop_fdre_C_Q)         0.518     1.491 r  bd_0_i/hls_inst/inst/icmp_ln10_14_reg_1414_pp0_iter1_reg_reg[0]/Q
                         net (fo=63, routed)          2.957     4.448    bd_0_i/hls_inst/inst/icmp_ln10_14_reg_1414_pp0_iter1_reg[0]
    SLICE_X16Y28         LUT5 (Prop_lut5_I2_O)        0.124     4.572 r  bd_0_i/hls_inst/inst/out_r_d0[0]_INST_0_i_2/O
                         net (fo=2, routed)           1.118     5.690    bd_0_i/hls_inst/inst/out_r_d0[0]_INST_0_i_2_n_4
    SLICE_X17Y28         LUT6 (Prop_lut6_I0_O)        0.124     5.814 r  bd_0_i/hls_inst/inst/out_r_d0[0]_INST_0_i_5/O
                         net (fo=1, routed)           0.000     5.814    bd_0_i/hls_inst/inst/out_r_d0[0]_INST_0_i_5_n_4
    SLICE_X17Y28         CARRY4 (Prop_carry4_S[2]_CO[3])
                                                      0.398     6.212 r  bd_0_i/hls_inst/inst/out_r_d0[0]_INST_0/CO[3]
                         net (fo=1, routed)           0.000     6.212    bd_0_i/hls_inst/inst/out_r_d0[0]_INST_0_n_4
    SLICE_X17Y29         CARRY4 (Prop_carry4_CI_CO[3])
                                                      0.114     6.326 r  bd_0_i/hls_inst/inst/out_r_d0[4]_INST_0/CO[3]
                         net (fo=1, routed)           0.000     6.326    bd_0_i/hls_inst/inst/out_r_d0[4]_INST_0_n_4
    SLICE_X17Y30         CARRY4 (Prop_carry4_CI_CO[3])
                                                      0.114     6.440 r  bd_0_i/hls_inst/inst/out_r_d0[8]_INST_0/CO[3]
                         net (fo=1, routed)           0.000     6.440    bd_0_i/hls_inst/inst/out_r_d0[8]_INST_0_n_4
    SLICE_X17Y31         CARRY4 (Prop_carry4_CI_CO[3])
                                                      0.114     6.554 r  bd_0_i/hls_inst/inst/out_r_d0[12]_INST_0/CO[3]
                         net (fo=1, routed)           0.000     6.554    bd_0_i/hls_inst/inst/out_r_d0[12]_INST_0_n_4
    SLICE_X17Y32         CARRY4 (Prop_carry4_CI_CO[3])
                                                      0.114     6.668 r  bd_0_i/hls_inst/inst/out_r_d0[16]_INST_0/CO[3]
                         net (fo=1, routed)           0.000     6.668    bd_0_i/hls_inst/inst/out_r_d0[16]_INST_0_n_4
    SLICE_X17Y33         CARRY4 (Prop_carry4_CI_CO[3])
                                                      0.114     6.782 r  bd_0_i/hls_inst/inst/out_r_d0[20]_INST_0/CO[3]
                         net (fo=1, routed)           0.000     6.782    bd_0_i/hls_inst/inst/out_r_d0[20]_INST_0_n_4
    SLICE_X17Y34         CARRY4 (Prop_carry4_CI_CO[3])
                                                      0.114     6.896 r  bd_0_i/hls_inst/inst/out_r_d0[24]_INST_0/CO[3]
                         net (fo=1, routed)           0.000     6.896    bd_0_i/hls_inst/inst/out_r_d0[24]_INST_0_n_4
    SLICE_X17Y35         CARRY4 (Prop_carry4_CI_O[1])
                                                      0.334     7.230 r  bd_0_i/hls_inst/inst/out_r_d0[28]_INST_0/O[1]
                         net (fo=0)                   0.973     8.203    out_r_d0[29]
                                                                      r  out_r_d0[29] (OUT)
  -------------------------------------------------------------------    -------------------

Slack:                    inf
  Source:                 bd_0_i/hls_inst/inst/icmp_ln10_14_reg_1414_pp0_iter1_reg_reg[0]/C
                            (rising edge-triggered cell FDRE clocked by ap_clk  {rise@0.000ns fall@5.000ns period=10.000ns})
  Destination:            out_r_d0[31]
                            (output port)
  Path Group:             (none)
  Path Type:              Max at Slow Process Corner
  Data Path Delay:        7.209ns  (logic 2.161ns (29.975%)  route 5.048ns (70.025%))
  Logic Levels:           10  (CARRY4=8 LUT5=1 LUT6=1)
  Clock Uncertainty:      0.025ns  ((TSJ^2 + TIJ^2)^1/2 + DJ) / 2 + PE
    Total System Jitter     (TSJ):    0.050ns
    Total Input Jitter      (TIJ):    0.000ns
    Discrete Jitter          (DJ):    0.000ns
    Phase Error              (PE):    0.000ns

    Location             Delay type                Incr(ns)  Path(ns)    Netlist Resource(s)
  -------------------------------------------------------------------    -------------------
                         (clock ap_clk rise edge)     0.000     0.000 r  
                                                      0.000     0.000 r  ap_clk (IN)
                         net (fo=414, unset)          0.973     0.973    bd_0_i/hls_inst/inst/ap_clk
    SLICE_X20Y39         FDRE                                         r  bd_0_i/hls_inst/inst/icmp_ln10_14_reg_1414_pp0_iter1_reg_reg[0]/C
  -------------------------------------------------------------------    -------------------
    SLICE_X20Y39         FDRE (Prop_fdre_C_Q)         0.518     1.491 r  bd_0_i/hls_inst/inst/icmp_ln10_14_reg_1414_pp0_iter1_reg_reg[0]/Q
                         net (fo=63, routed)          2.957     4.448    bd_0_i/hls_inst/inst/icmp_ln10_14_reg_1414_pp0_iter1_reg[0]
    SLICE_X16Y28         LUT5 (Prop_lut5_I2_O)        0.124     4.572 r  bd_0_i/hls_inst/inst/out_r_d0[0]_INST_0_i_2/O
                         net (fo=2, routed)           1.118     5.690    bd_0_i/hls_inst/inst/out_r_d0[0]_INST_0_i_2_n_4
    SLICE_X17Y28         LUT6 (Prop_lut6_I0_O)        0.124     5.814 r  bd_0_i/hls_inst/inst/out_r_d0[0]_INST_0_i_5/O
                         net (fo=1, routed)           0.000     5.814    bd_0_i/hls_inst/inst/out_r_d0[0]_INST_0_i_5_n_4
    SLICE_X17Y28         CARRY4 (Prop_carry4_S[2]_CO[3])
                                                      0.398     6.212 r  bd_0_i/hls_inst/inst/out_r_d0[0]_INST_0/CO[3]
                         net (fo=1, routed)           0.000     6.212    bd_0_i/hls_inst/inst/out_r_d0[0]_INST_0_n_4
    SLICE_X17Y29         CARRY4 (Prop_carry4_CI_CO[3])
                                                      0.114     6.326 r  bd_0_i/hls_inst/inst/out_r_d0[4]_INST_0/CO[3]
                         net (fo=1, routed)           0.000     6.326    bd_0_i/hls_inst/inst/out_r_d0[4]_INST_0_n_4
    SLICE_X17Y30         CARRY4 (Prop_carry4_CI_CO[3])
                                                      0.114     6.440 r  bd_0_i/hls_inst/inst/out_r_d0[8]_INST_0/CO[3]
                         net (fo=1, routed)           0.000     6.440    bd_0_i/hls_inst/inst/out_r_d0[8]_INST_0_n_4
    SLICE_X17Y31         CARRY4 (Prop_carry4_CI_CO[3])
                                                      0.114     6.554 r  bd_0_i/hls_inst/inst/out_r_d0[12]_INST_0/CO[3]
                         net (fo=1, routed)           0.000     6.554    bd_0_i/hls_inst/inst/out_r_d0[12]_INST_0_n_4
    SLICE_X17Y32         CARRY4 (Prop_carry4_CI_CO[3])
                                                      0.114     6.668 r  bd_0_i/hls_inst/inst/out_r_d0[16]_INST_0/CO[3]
                         net (fo=1, routed)           0.000     6.668    bd_0_i/hls_inst/inst/out_r_d0[16]_INST_0_n_4
    SLICE_X17Y33         CARRY4 (Prop_carry4_CI_CO[3])
                                                      0.114     6.782 r  bd_0_i/hls_inst/inst/out_r_d0[20]_INST_0/CO[3]
                         net (fo=1, routed)           0.000     6.782    bd_0_i/hls_inst/inst/out_r_d0[20]_INST_0_n_4
    SLICE_X17Y34         CARRY4 (Prop_carry4_CI_CO[3])
                                                      0.114     6.896 r  bd_0_i/hls_inst/inst/out_r_d0[24]_INST_0/CO[3]
                         net (fo=1, routed)           0.000     6.896    bd_0_i/hls_inst/inst/out_r_d0[24]_INST_0_n_4
    SLICE_X17Y35         CARRY4 (Prop_carry4_CI_O[3])
                                                      0.313     7.209 r  bd_0_i/hls_inst/inst/out_r_d0[28]_INST_0/O[3]
                         net (fo=0)                   0.973     8.182    out_r_d0[31]
                                                                      r  out_r_d0[31] (OUT)
  -------------------------------------------------------------------    -------------------

Slack:                    inf
  Source:                 bd_0_i/hls_inst/inst/icmp_ln10_14_reg_1414_pp0_iter1_reg_reg[0]/C
                            (rising edge-triggered cell FDRE clocked by ap_clk  {rise@0.000ns fall@5.000ns period=10.000ns})
  Destination:            out_r_d0[30]
                            (output port)
  Path Group:             (none)
  Path Type:              Max at Slow Process Corner
  Data Path Delay:        7.135ns  (logic 2.087ns (29.249%)  route 5.048ns (70.751%))
  Logic Levels:           10  (CARRY4=8 LUT5=1 LUT6=1)
  Clock Uncertainty:      0.025ns  ((TSJ^2 + TIJ^2)^1/2 + DJ) / 2 + PE
    Total System Jitter     (TSJ):    0.050ns
    Total Input Jitter      (TIJ):    0.000ns
    Discrete Jitter          (DJ):    0.000ns
    Phase Error              (PE):    0.000ns

    Location             Delay type                Incr(ns)  Path(ns)    Netlist Resource(s)
  -------------------------------------------------------------------    -------------------
                         (clock ap_clk rise edge)     0.000     0.000 r  
                                                      0.000     0.000 r  ap_clk (IN)
                         net (fo=414, unset)          0.973     0.973    bd_0_i/hls_inst/inst/ap_clk
    SLICE_X20Y39         FDRE                                         r  bd_0_i/hls_inst/inst/icmp_ln10_14_reg_1414_pp0_iter1_reg_reg[0]/C
  -------------------------------------------------------------------    -------------------
    SLICE_X20Y39         FDRE (Prop_fdre_C_Q)         0.518     1.491 r  bd_0_i/hls_inst/inst/icmp_ln10_14_reg_1414_pp0_iter1_reg_reg[0]/Q
                         net (fo=63, routed)          2.957     4.448    bd_0_i/hls_inst/inst/icmp_ln10_14_reg_1414_pp0_iter1_reg[0]
    SLICE_X16Y28         LUT5 (Prop_lut5_I2_O)        0.124     4.572 r  bd_0_i/hls_inst/inst/out_r_d0[0]_INST_0_i_2/O
                         net (fo=2, routed)           1.118     5.690    bd_0_i/hls_inst/inst/out_r_d0[0]_INST_0_i_2_n_4
    SLICE_X17Y28         LUT6 (Prop_lut6_I0_O)        0.124     5.814 r  bd_0_i/hls_inst/inst/out_r_d0[0]_INST_0_i_5/O
                         net (fo=1, routed)           0.000     5.814    bd_0_i/hls_inst/inst/out_r_d0[0]_INST_0_i_5_n_4
    SLICE_X17Y28         CARRY4 (Prop_carry4_S[2]_CO[3])
                                                      0.398     6.212 r  bd_0_i/hls_inst/inst/out_r_d0[0]_INST_0/CO[3]
                         net (fo=1, routed)           0.000     6.212    bd_0_i/hls_inst/inst/out_r_d0[0]_INST_0_n_4
    SLICE_X17Y29         CARRY4 (Prop_carry4_CI_CO[3])
                                                      0.114     6.326 r  bd_0_i/hls_inst/inst/out_r_d0[4]_INST_0/CO[3]
                         net (fo=1, routed)           0.000     6.326    bd_0_i/hls_inst/inst/out_r_d0[4]_INST_0_n_4
    SLICE_X17Y30         CARRY4 (Prop_carry4_CI_CO[3])
                                                      0.114     6.440 r  bd_0_i/hls_inst/inst/out_r_d0[8]_INST_0/CO[3]
                         net (fo=1, routed)           0.000     6.440    bd_0_i/hls_inst/inst/out_r_d0[8]_INST_0_n_4
    SLICE_X17Y31         CARRY4 (Prop_carry4_CI_CO[3])
                                                      0.114     6.554 r  bd_0_i/hls_inst/inst/out_r_d0[12]_INST_0/CO[3]
                         net (fo=1, routed)           0.000     6.554    bd_0_i/hls_inst/inst/out_r_d0[12]_INST_0_n_4
    SLICE_X17Y32         CARRY4 (Prop_carry4_CI_CO[3])
                                                      0.114     6.668 r  bd_0_i/hls_inst/inst/out_r_d0[16]_INST_0/CO[3]
                         net (fo=1, routed)           0.000     6.668    bd_0_i/hls_inst/inst/out_r_d0[16]_INST_0_n_4
    SLICE_X17Y33         CARRY4 (Prop_carry4_CI_CO[3])
                                                      0.114     6.782 r  bd_0_i/hls_inst/inst/out_r_d0[20]_INST_0/CO[3]
                         net (fo=1, routed)           0.000     6.782    bd_0_i/hls_inst/inst/out_r_d0[20]_INST_0_n_4
    SLICE_X17Y34         CARRY4 (Prop_carry4_CI_CO[3])
                                                      0.114     6.896 r  bd_0_i/hls_inst/inst/out_r_d0[24]_INST_0/CO[3]
                         net (fo=1, routed)           0.000     6.896    bd_0_i/hls_inst/inst/out_r_d0[24]_INST_0_n_4
    SLICE_X17Y35         CARRY4 (Prop_carry4_CI_O[2])
                                                      0.239     7.135 r  bd_0_i/hls_inst/inst/out_r_d0[28]_INST_0/O[2]
                         net (fo=0)                   0.973     8.108    out_r_d0[30]
                                                                      r  out_r_d0[30] (OUT)
  -------------------------------------------------------------------    -------------------

Slack:                    inf
  Source:                 bd_0_i/hls_inst/inst/icmp_ln10_14_reg_1414_pp0_iter1_reg_reg[0]/C
                            (rising edge-triggered cell FDRE clocked by ap_clk  {rise@0.000ns fall@5.000ns period=10.000ns})
  Destination:            out_r_d0[28]
                            (output port)
  Path Group:             (none)
  Path Type:              Max at Slow Process Corner
  Data Path Delay:        7.118ns  (logic 2.070ns (29.080%)  route 5.048ns (70.920%))
  Logic Levels:           10  (CARRY4=8 LUT5=1 LUT6=1)
  Clock Uncertainty:      0.025ns  ((TSJ^2 + TIJ^2)^1/2 + DJ) / 2 + PE
    Total System Jitter     (TSJ):    0.050ns
    Total Input Jitter      (TIJ):    0.000ns
    Discrete Jitter          (DJ):    0.000ns
    Phase Error              (PE):    0.000ns

    Location             Delay type                Incr(ns)  Path(ns)    Netlist Resource(s)
  -------------------------------------------------------------------    -------------------
                         (clock ap_clk rise edge)     0.000     0.000 r  
                                                      0.000     0.000 r  ap_clk (IN)
                         net (fo=414, unset)          0.973     0.973    bd_0_i/hls_inst/inst/ap_clk
    SLICE_X20Y39         FDRE                                         r  bd_0_i/hls_inst/inst/icmp_ln10_14_reg_1414_pp0_iter1_reg_reg[0]/C
  -------------------------------------------------------------------    -------------------
    SLICE_X20Y39         FDRE (Prop_fdre_C_Q)         0.518     1.491 r  bd_0_i/hls_inst/inst/icmp_ln10_14_reg_1414_pp0_iter1_reg_reg[0]/Q
                         net (fo=63, routed)          2.957     4.448    bd_0_i/hls_inst/inst/icmp_ln10_14_reg_1414_pp0_iter1_reg[0]
    SLICE_X16Y28         LUT5 (Prop_lut5_I2_O)        0.124     4.572 r  bd_0_i/hls_inst/inst/out_r_d0[0]_INST_0_i_2/O
                         net (fo=2, routed)           1.118     5.690    bd_0_i/hls_inst/inst/out_r_d0[0]_INST_0_i_2_n_4
    SLICE_X17Y28         LUT6 (Prop_lut6_I0_O)        0.124     5.814 r  bd_0_i/hls_inst/inst/out_r_d0[0]_INST_0_i_5/O
                         net (fo=1, routed)           0.000     5.814    bd_0_i/hls_inst/inst/out_r_d0[0]_INST_0_i_5_n_4
    SLICE_X17Y28         CARRY4 (Prop_carry4_S[2]_CO[3])
                                                      0.398     6.212 r  bd_0_i/hls_inst/inst/out_r_d0[0]_INST_0/CO[3]
                         net (fo=1, routed)           0.000     6.212    bd_0_i/hls_inst/inst/out_r_d0[0]_INST_0_n_4
    SLICE_X17Y29         CARRY4 (Prop_carry4_CI_CO[3])
                                                      0.114     6.326 r  bd_0_i/hls_inst/inst/out_r_d0[4]_INST_0/CO[3]
                         net (fo=1, routed)           0.000     6.326    bd_0_i/hls_inst/inst/out_r_d0[4]_INST_0_n_4
    SLICE_X17Y30         CARRY4 (Prop_carry4_CI_CO[3])
                                                      0.114     6.440 r  bd_0_i/hls_inst/inst/out_r_d0[8]_INST_0/CO[3]
                         net (fo=1, routed)           0.000     6.440    bd_0_i/hls_inst/inst/out_r_d0[8]_INST_0_n_4
    SLICE_X17Y31         CARRY4 (Prop_carry4_CI_CO[3])
                                                      0.114     6.554 r  bd_0_i/hls_inst/inst/out_r_d0[12]_INST_0/CO[3]
                         net (fo=1, routed)           0.000     6.554    bd_0_i/hls_inst/inst/out_r_d0[12]_INST_0_n_4
    SLICE_X17Y32         CARRY4 (Prop_carry4_CI_CO[3])
                                                      0.114     6.668 r  bd_0_i/hls_inst/inst/out_r_d0[16]_INST_0/CO[3]
                         net (fo=1, routed)           0.000     6.668    bd_0_i/hls_inst/inst/out_r_d0[16]_INST_0_n_4
    SLICE_X17Y33         CARRY4 (Prop_carry4_CI_CO[3])
                                                      0.114     6.782 r  bd_0_i/hls_inst/inst/out_r_d0[20]_INST_0/CO[3]
                         net (fo=1, routed)           0.000     6.782    bd_0_i/hls_inst/inst/out_r_d0[20]_INST_0_n_4
    SLICE_X17Y34         CARRY4 (Prop_carry4_CI_CO[3])
                                                      0.114     6.896 r  bd_0_i/hls_inst/inst/out_r_d0[24]_INST_0/CO[3]
                         net (fo=1, routed)           0.000     6.896    bd_0_i/hls_inst/inst/out_r_d0[24]_INST_0_n_4
    SLICE_X17Y35         CARRY4 (Prop_carry4_CI_O[0])
                                                      0.222     7.118 r  bd_0_i/hls_inst/inst/out_r_d0[28]_INST_0/O[0]
                         net (fo=0)                   0.973     8.091    out_r_d0[28]
                                                                      r  out_r_d0[28] (OUT)
  -------------------------------------------------------------------    -------------------

Slack:                    inf
  Source:                 bd_0_i/hls_inst/inst/icmp_ln10_14_reg_1414_pp0_iter1_reg_reg[0]/C
                            (rising edge-triggered cell FDRE clocked by ap_clk  {rise@0.000ns fall@5.000ns period=10.000ns})
  Destination:            out_r_d0[25]
                            (output port)
  Path Group:             (none)
  Path Type:              Max at Slow Process Corner
  Data Path Delay:        7.116ns  (logic 2.068ns (29.060%)  route 5.048ns (70.940%))
  Logic Levels:           9  (CARRY4=7 LUT5=1 LUT6=1)
  Clock Uncertainty:      0.025ns  ((TSJ^2 + TIJ^2)^1/2 + DJ) / 2 + PE
    Total System Jitter     (TSJ):    0.050ns
    Total Input Jitter      (TIJ):    0.000ns
    Discrete Jitter          (DJ):    0.000ns
    Phase Error              (PE):    0.000ns

    Location             Delay type                Incr(ns)  Path(ns)    Netlist Resource(s)
  -------------------------------------------------------------------    -------------------
                         (clock ap_clk rise edge)     0.000     0.000 r  
                                                      0.000     0.000 r  ap_clk (IN)
                         net (fo=414, unset)          0.973     0.973    bd_0_i/hls_inst/inst/ap_clk
    SLICE_X20Y39         FDRE                                         r  bd_0_i/hls_inst/inst/icmp_ln10_14_reg_1414_pp0_iter1_reg_reg[0]/C
  -------------------------------------------------------------------    -------------------
    SLICE_X20Y39         FDRE (Prop_fdre_C_Q)         0.518     1.491 r  bd_0_i/hls_inst/inst/icmp_ln10_14_reg_1414_pp0_iter1_reg_reg[0]/Q
                         net (fo=63, routed)          2.957     4.448    bd_0_i/hls_inst/inst/icmp_ln10_14_reg_1414_pp0_iter1_reg[0]
    SLICE_X16Y28         LUT5 (Prop_lut5_I2_O)        0.124     4.572 r  bd_0_i/hls_inst/inst/out_r_d0[0]_INST_0_i_2/O
                         net (fo=2, routed)           1.118     5.690    bd_0_i/hls_inst/inst/out_r_d0[0]_INST_0_i_2_n_4
    SLICE_X17Y28         LUT6 (Prop_lut6_I0_O)        0.124     5.814 r  bd_0_i/hls_inst/inst/out_r_d0[0]_INST_0_i_5/O
                         net (fo=1, routed)           0.000     5.814    bd_0_i/hls_inst/inst/out_r_d0[0]_INST_0_i_5_n_4
    SLICE_X17Y28         CARRY4 (Prop_carry4_S[2]_CO[3])
                                                      0.398     6.212 r  bd_0_i/hls_inst/inst/out_r_d0[0]_INST_0/CO[3]
                         net (fo=1, routed)           0.000     6.212    bd_0_i/hls_inst/inst/out_r_d0[0]_INST_0_n_4
    SLICE_X17Y29         CARRY4 (Prop_carry4_CI_CO[3])
                                                      0.114     6.326 r  bd_0_i/hls_inst/inst/out_r_d0[4]_INST_0/CO[3]
                         net (fo=1, routed)           0.000     6.326    bd_0_i/hls_inst/inst/out_r_d0[4]_INST_0_n_4
    SLICE_X17Y30         CARRY4 (Prop_carry4_CI_CO[3])
                                                      0.114     6.440 r  bd_0_i/hls_inst/inst/out_r_d0[8]_INST_0/CO[3]
                         net (fo=1, routed)           0.000     6.440    bd_0_i/hls_inst/inst/out_r_d0[8]_INST_0_n_4
    SLICE_X17Y31         CARRY4 (Prop_carry4_CI_CO[3])
                                                      0.114     6.554 r  bd_0_i/hls_inst/inst/out_r_d0[12]_INST_0/CO[3]
                         net (fo=1, routed)           0.000     6.554    bd_0_i/hls_inst/inst/out_r_d0[12]_INST_0_n_4
    SLICE_X17Y32         CARRY4 (Prop_carry4_CI_CO[3])
                                                      0.114     6.668 r  bd_0_i/hls_inst/inst/out_r_d0[16]_INST_0/CO[3]
                         net (fo=1, routed)           0.000     6.668    bd_0_i/hls_inst/inst/out_r_d0[16]_INST_0_n_4
    SLICE_X17Y33         CARRY4 (Prop_carry4_CI_CO[3])
                                                      0.114     6.782 r  bd_0_i/hls_inst/inst/out_r_d0[20]_INST_0/CO[3]
                         net (fo=1, routed)           0.000     6.782    bd_0_i/hls_inst/inst/out_r_d0[20]_INST_0_n_4
    SLICE_X17Y34         CARRY4 (Prop_carry4_CI_O[1])
                                                      0.334     7.116 r  bd_0_i/hls_inst/inst/out_r_d0[24]_INST_0/O[1]
                         net (fo=0)                   0.973     8.089    out_r_d0[25]
                                                                      r  out_r_d0[25] (OUT)
  -------------------------------------------------------------------    -------------------

Slack:                    inf
  Source:                 bd_0_i/hls_inst/inst/icmp_ln10_14_reg_1414_pp0_iter1_reg_reg[0]/C
                            (rising edge-triggered cell FDRE clocked by ap_clk  {rise@0.000ns fall@5.000ns period=10.000ns})
  Destination:            out_r_d0[27]
                            (output port)
  Path Group:             (none)
  Path Type:              Max at Slow Process Corner
  Data Path Delay:        7.095ns  (logic 2.047ns (28.850%)  route 5.048ns (71.150%))
  Logic Levels:           9  (CARRY4=7 LUT5=1 LUT6=1)
  Clock Uncertainty:      0.025ns  ((TSJ^2 + TIJ^2)^1/2 + DJ) / 2 + PE
    Total System Jitter     (TSJ):    0.050ns
    Total Input Jitter      (TIJ):    0.000ns
    Discrete Jitter          (DJ):    0.000ns
    Phase Error              (PE):    0.000ns

    Location             Delay type                Incr(ns)  Path(ns)    Netlist Resource(s)
  -------------------------------------------------------------------    -------------------
                         (clock ap_clk rise edge)     0.000     0.000 r  
                                                      0.000     0.000 r  ap_clk (IN)
                         net (fo=414, unset)          0.973     0.973    bd_0_i/hls_inst/inst/ap_clk
    SLICE_X20Y39         FDRE                                         r  bd_0_i/hls_inst/inst/icmp_ln10_14_reg_1414_pp0_iter1_reg_reg[0]/C
  -------------------------------------------------------------------    -------------------
    SLICE_X20Y39         FDRE (Prop_fdre_C_Q)         0.518     1.491 r  bd_0_i/hls_inst/inst/icmp_ln10_14_reg_1414_pp0_iter1_reg_reg[0]/Q
                         net (fo=63, routed)          2.957     4.448    bd_0_i/hls_inst/inst/icmp_ln10_14_reg_1414_pp0_iter1_reg[0]
    SLICE_X16Y28         LUT5 (Prop_lut5_I2_O)        0.124     4.572 r  bd_0_i/hls_inst/inst/out_r_d0[0]_INST_0_i_2/O
                         net (fo=2, routed)           1.118     5.690    bd_0_i/hls_inst/inst/out_r_d0[0]_INST_0_i_2_n_4
    SLICE_X17Y28         LUT6 (Prop_lut6_I0_O)        0.124     5.814 r  bd_0_i/hls_inst/inst/out_r_d0[0]_INST_0_i_5/O
                         net (fo=1, routed)           0.000     5.814    bd_0_i/hls_inst/inst/out_r_d0[0]_INST_0_i_5_n_4
    SLICE_X17Y28         CARRY4 (Prop_carry4_S[2]_CO[3])
                                                      0.398     6.212 r  bd_0_i/hls_inst/inst/out_r_d0[0]_INST_0/CO[3]
                         net (fo=1, routed)           0.000     6.212    bd_0_i/hls_inst/inst/out_r_d0[0]_INST_0_n_4
    SLICE_X17Y29         CARRY4 (Prop_carry4_CI_CO[3])
                                                      0.114     6.326 r  bd_0_i/hls_inst/inst/out_r_d0[4]_INST_0/CO[3]
                         net (fo=1, routed)           0.000     6.326    bd_0_i/hls_inst/inst/out_r_d0[4]_INST_0_n_4
    SLICE_X17Y30         CARRY4 (Prop_carry4_CI_CO[3])
                                                      0.114     6.440 r  bd_0_i/hls_inst/inst/out_r_d0[8]_INST_0/CO[3]
                         net (fo=1, routed)           0.000     6.440    bd_0_i/hls_inst/inst/out_r_d0[8]_INST_0_n_4
    SLICE_X17Y31         CARRY4 (Prop_carry4_CI_CO[3])
                                                      0.114     6.554 r  bd_0_i/hls_inst/inst/out_r_d0[12]_INST_0/CO[3]
                         net (fo=1, routed)           0.000     6.554    bd_0_i/hls_inst/inst/out_r_d0[12]_INST_0_n_4
    SLICE_X17Y32         CARRY4 (Prop_carry4_CI_CO[3])
                                                      0.114     6.668 r  bd_0_i/hls_inst/inst/out_r_d0[16]_INST_0/CO[3]
                         net (fo=1, routed)           0.000     6.668    bd_0_i/hls_inst/inst/out_r_d0[16]_INST_0_n_4
    SLICE_X17Y33         CARRY4 (Prop_carry4_CI_CO[3])
                                                      0.114     6.782 r  bd_0_i/hls_inst/inst/out_r_d0[20]_INST_0/CO[3]
                         net (fo=1, routed)           0.000     6.782    bd_0_i/hls_inst/inst/out_r_d0[20]_INST_0_n_4
    SLICE_X17Y34         CARRY4 (Prop_carry4_CI_O[3])
                                                      0.313     7.095 r  bd_0_i/hls_inst/inst/out_r_d0[24]_INST_0/O[3]
                         net (fo=0)                   0.973     8.068    out_r_d0[27]
                                                                      r  out_r_d0[27] (OUT)
  -------------------------------------------------------------------    -------------------

Slack:                    inf
  Source:                 bd_0_i/hls_inst/inst/icmp_ln10_14_reg_1414_pp0_iter1_reg_reg[0]/C
                            (rising edge-triggered cell FDRE clocked by ap_clk  {rise@0.000ns fall@5.000ns period=10.000ns})
  Destination:            out_r_d0[26]
                            (output port)
  Path Group:             (none)
  Path Type:              Max at Slow Process Corner
  Data Path Delay:        7.021ns  (logic 1.973ns (28.100%)  route 5.048ns (71.900%))
  Logic Levels:           9  (CARRY4=7 LUT5=1 LUT6=1)
  Clock Uncertainty:      0.025ns  ((TSJ^2 + TIJ^2)^1/2 + DJ) / 2 + PE
    Total System Jitter     (TSJ):    0.050ns
    Total Input Jitter      (TIJ):    0.000ns
    Discrete Jitter          (DJ):    0.000ns
    Phase Error              (PE):    0.000ns

    Location             Delay type                Incr(ns)  Path(ns)    Netlist Resource(s)
  -------------------------------------------------------------------    -------------------
                         (clock ap_clk rise edge)     0.000     0.000 r  
                                                      0.000     0.000 r  ap_clk (IN)
                         net (fo=414, unset)          0.973     0.973    bd_0_i/hls_inst/inst/ap_clk
    SLICE_X20Y39         FDRE                                         r  bd_0_i/hls_inst/inst/icmp_ln10_14_reg_1414_pp0_iter1_reg_reg[0]/C
  -------------------------------------------------------------------    -------------------
    SLICE_X20Y39         FDRE (Prop_fdre_C_Q)         0.518     1.491 r  bd_0_i/hls_inst/inst/icmp_ln10_14_reg_1414_pp0_iter1_reg_reg[0]/Q
                         net (fo=63, routed)          2.957     4.448    bd_0_i/hls_inst/inst/icmp_ln10_14_reg_1414_pp0_iter1_reg[0]
    SLICE_X16Y28         LUT5 (Prop_lut5_I2_O)        0.124     4.572 r  bd_0_i/hls_inst/inst/out_r_d0[0]_INST_0_i_2/O
                         net (fo=2, routed)           1.118     5.690    bd_0_i/hls_inst/inst/out_r_d0[0]_INST_0_i_2_n_4
    SLICE_X17Y28         LUT6 (Prop_lut6_I0_O)        0.124     5.814 r  bd_0_i/hls_inst/inst/out_r_d0[0]_INST_0_i_5/O
                         net (fo=1, routed)           0.000     5.814    bd_0_i/hls_inst/inst/out_r_d0[0]_INST_0_i_5_n_4
    SLICE_X17Y28         CARRY4 (Prop_carry4_S[2]_CO[3])
                                                      0.398     6.212 r  bd_0_i/hls_inst/inst/out_r_d0[0]_INST_0/CO[3]
                         net (fo=1, routed)           0.000     6.212    bd_0_i/hls_inst/inst/out_r_d0[0]_INST_0_n_4
    SLICE_X17Y29         CARRY4 (Prop_carry4_CI_CO[3])
                                                      0.114     6.326 r  bd_0_i/hls_inst/inst/out_r_d0[4]_INST_0/CO[3]
                         net (fo=1, routed)           0.000     6.326    bd_0_i/hls_inst/inst/out_r_d0[4]_INST_0_n_4
    SLICE_X17Y30         CARRY4 (Prop_carry4_CI_CO[3])
                                                      0.114     6.440 r  bd_0_i/hls_inst/inst/out_r_d0[8]_INST_0/CO[3]
                         net (fo=1, routed)           0.000     6.440    bd_0_i/hls_inst/inst/out_r_d0[8]_INST_0_n_4
    SLICE_X17Y31         CARRY4 (Prop_carry4_CI_CO[3])
                                                      0.114     6.554 r  bd_0_i/hls_inst/inst/out_r_d0[12]_INST_0/CO[3]
                         net (fo=1, routed)           0.000     6.554    bd_0_i/hls_inst/inst/out_r_d0[12]_INST_0_n_4
    SLICE_X17Y32         CARRY4 (Prop_carry4_CI_CO[3])
                                                      0.114     6.668 r  bd_0_i/hls_inst/inst/out_r_d0[16]_INST_0/CO[3]
                         net (fo=1, routed)           0.000     6.668    bd_0_i/hls_inst/inst/out_r_d0[16]_INST_0_n_4
    SLICE_X17Y33         CARRY4 (Prop_carry4_CI_CO[3])
                                                      0.114     6.782 r  bd_0_i/hls_inst/inst/out_r_d0[20]_INST_0/CO[3]
                         net (fo=1, routed)           0.000     6.782    bd_0_i/hls_inst/inst/out_r_d0[20]_INST_0_n_4
    SLICE_X17Y34         CARRY4 (Prop_carry4_CI_O[2])
                                                      0.239     7.021 r  bd_0_i/hls_inst/inst/out_r_d0[24]_INST_0/O[2]
                         net (fo=0)                   0.973     7.994    out_r_d0[26]
                                                                      r  out_r_d0[26] (OUT)
  -------------------------------------------------------------------    -------------------

Slack:                    inf
  Source:                 bd_0_i/hls_inst/inst/icmp_ln10_14_reg_1414_pp0_iter1_reg_reg[0]/C
                            (rising edge-triggered cell FDRE clocked by ap_clk  {rise@0.000ns fall@5.000ns period=10.000ns})
  Destination:            out_r_d0[24]
                            (output port)
  Path Group:             (none)
  Path Type:              Max at Slow Process Corner
  Data Path Delay:        7.004ns  (logic 1.956ns (27.926%)  route 5.048ns (72.074%))
  Logic Levels:           9  (CARRY4=7 LUT5=1 LUT6=1)
  Clock Uncertainty:      0.025ns  ((TSJ^2 + TIJ^2)^1/2 + DJ) / 2 + PE
    Total System Jitter     (TSJ):    0.050ns
    Total Input Jitter      (TIJ):    0.000ns
    Discrete Jitter          (DJ):    0.000ns
    Phase Error              (PE):    0.000ns

    Location             Delay type                Incr(ns)  Path(ns)    Netlist Resource(s)
  -------------------------------------------------------------------    -------------------
                         (clock ap_clk rise edge)     0.000     0.000 r  
                                                      0.000     0.000 r  ap_clk (IN)
                         net (fo=414, unset)          0.973     0.973    bd_0_i/hls_inst/inst/ap_clk
    SLICE_X20Y39         FDRE                                         r  bd_0_i/hls_inst/inst/icmp_ln10_14_reg_1414_pp0_iter1_reg_reg[0]/C
  -------------------------------------------------------------------    -------------------
    SLICE_X20Y39         FDRE (Prop_fdre_C_Q)         0.518     1.491 r  bd_0_i/hls_inst/inst/icmp_ln10_14_reg_1414_pp0_iter1_reg_reg[0]/Q
                         net (fo=63, routed)          2.957     4.448    bd_0_i/hls_inst/inst/icmp_ln10_14_reg_1414_pp0_iter1_reg[0]
    SLICE_X16Y28         LUT5 (Prop_lut5_I2_O)        0.124     4.572 r  bd_0_i/hls_inst/inst/out_r_d0[0]_INST_0_i_2/O
                         net (fo=2, routed)           1.118     5.690    bd_0_i/hls_inst/inst/out_r_d0[0]_INST_0_i_2_n_4
    SLICE_X17Y28         LUT6 (Prop_lut6_I0_O)        0.124     5.814 r  bd_0_i/hls_inst/inst/out_r_d0[0]_INST_0_i_5/O
                         net (fo=1, routed)           0.000     5.814    bd_0_i/hls_inst/inst/out_r_d0[0]_INST_0_i_5_n_4
    SLICE_X17Y28         CARRY4 (Prop_carry4_S[2]_CO[3])
                                                      0.398     6.212 r  bd_0_i/hls_inst/inst/out_r_d0[0]_INST_0/CO[3]
                         net (fo=1, routed)           0.000     6.212    bd_0_i/hls_inst/inst/out_r_d0[0]_INST_0_n_4
    SLICE_X17Y29         CARRY4 (Prop_carry4_CI_CO[3])
                                                      0.114     6.326 r  bd_0_i/hls_inst/inst/out_r_d0[4]_INST_0/CO[3]
                         net (fo=1, routed)           0.000     6.326    bd_0_i/hls_inst/inst/out_r_d0[4]_INST_0_n_4
    SLICE_X17Y30         CARRY4 (Prop_carry4_CI_CO[3])
                                                      0.114     6.440 r  bd_0_i/hls_inst/inst/out_r_d0[8]_INST_0/CO[3]
                         net (fo=1, routed)           0.000     6.440    bd_0_i/hls_inst/inst/out_r_d0[8]_INST_0_n_4
    SLICE_X17Y31         CARRY4 (Prop_carry4_CI_CO[3])
                                                      0.114     6.554 r  bd_0_i/hls_inst/inst/out_r_d0[12]_INST_0/CO[3]
                         net (fo=1, routed)           0.000     6.554    bd_0_i/hls_inst/inst/out_r_d0[12]_INST_0_n_4
    SLICE_X17Y32         CARRY4 (Prop_carry4_CI_CO[3])
                                                      0.114     6.668 r  bd_0_i/hls_inst/inst/out_r_d0[16]_INST_0/CO[3]
                         net (fo=1, routed)           0.000     6.668    bd_0_i/hls_inst/inst/out_r_d0[16]_INST_0_n_4
    SLICE_X17Y33         CARRY4 (Prop_carry4_CI_CO[3])
                                                      0.114     6.782 r  bd_0_i/hls_inst/inst/out_r_d0[20]_INST_0/CO[3]
                         net (fo=1, routed)           0.000     6.782    bd_0_i/hls_inst/inst/out_r_d0[20]_INST_0_n_4
    SLICE_X17Y34         CARRY4 (Prop_carry4_CI_O[0])
                                                      0.222     7.004 r  bd_0_i/hls_inst/inst/out_r_d0[24]_INST_0/O[0]
                         net (fo=0)                   0.973     7.977    out_r_d0[24]
                                                                      r  out_r_d0[24] (OUT)
  -------------------------------------------------------------------    -------------------

Slack:                    inf
  Source:                 bd_0_i/hls_inst/inst/icmp_ln10_14_reg_1414_pp0_iter1_reg_reg[0]/C
                            (rising edge-triggered cell FDRE clocked by ap_clk  {rise@0.000ns fall@5.000ns period=10.000ns})
  Destination:            out_r_d0[21]
                            (output port)
  Path Group:             (none)
  Path Type:              Max at Slow Process Corner
  Data Path Delay:        7.002ns  (logic 1.954ns (27.905%)  route 5.048ns (72.095%))
  Logic Levels:           8  (CARRY4=6 LUT5=1 LUT6=1)
  Clock Uncertainty:      0.025ns  ((TSJ^2 + TIJ^2)^1/2 + DJ) / 2 + PE
    Total System Jitter     (TSJ):    0.050ns
    Total Input Jitter      (TIJ):    0.000ns
    Discrete Jitter          (DJ):    0.000ns
    Phase Error              (PE):    0.000ns

    Location             Delay type                Incr(ns)  Path(ns)    Netlist Resource(s)
  -------------------------------------------------------------------    -------------------
                         (clock ap_clk rise edge)     0.000     0.000 r  
                                                      0.000     0.000 r  ap_clk (IN)
                         net (fo=414, unset)          0.973     0.973    bd_0_i/hls_inst/inst/ap_clk
    SLICE_X20Y39         FDRE                                         r  bd_0_i/hls_inst/inst/icmp_ln10_14_reg_1414_pp0_iter1_reg_reg[0]/C
  -------------------------------------------------------------------    -------------------
    SLICE_X20Y39         FDRE (Prop_fdre_C_Q)         0.518     1.491 r  bd_0_i/hls_inst/inst/icmp_ln10_14_reg_1414_pp0_iter1_reg_reg[0]/Q
                         net (fo=63, routed)          2.957     4.448    bd_0_i/hls_inst/inst/icmp_ln10_14_reg_1414_pp0_iter1_reg[0]
    SLICE_X16Y28         LUT5 (Prop_lut5_I2_O)        0.124     4.572 r  bd_0_i/hls_inst/inst/out_r_d0[0]_INST_0_i_2/O
                         net (fo=2, routed)           1.118     5.690    bd_0_i/hls_inst/inst/out_r_d0[0]_INST_0_i_2_n_4
    SLICE_X17Y28         LUT6 (Prop_lut6_I0_O)        0.124     5.814 r  bd_0_i/hls_inst/inst/out_r_d0[0]_INST_0_i_5/O
                         net (fo=1, routed)           0.000     5.814    bd_0_i/hls_inst/inst/out_r_d0[0]_INST_0_i_5_n_4
    SLICE_X17Y28         CARRY4 (Prop_carry4_S[2]_CO[3])
                                                      0.398     6.212 r  bd_0_i/hls_inst/inst/out_r_d0[0]_INST_0/CO[3]
                         net (fo=1, routed)           0.000     6.212    bd_0_i/hls_inst/inst/out_r_d0[0]_INST_0_n_4
    SLICE_X17Y29         CARRY4 (Prop_carry4_CI_CO[3])
                                                      0.114     6.326 r  bd_0_i/hls_inst/inst/out_r_d0[4]_INST_0/CO[3]
                         net (fo=1, routed)           0.000     6.326    bd_0_i/hls_inst/inst/out_r_d0[4]_INST_0_n_4
    SLICE_X17Y30         CARRY4 (Prop_carry4_CI_CO[3])
                                                      0.114     6.440 r  bd_0_i/hls_inst/inst/out_r_d0[8]_INST_0/CO[3]
                         net (fo=1, routed)           0.000     6.440    bd_0_i/hls_inst/inst/out_r_d0[8]_INST_0_n_4
    SLICE_X17Y31         CARRY4 (Prop_carry4_CI_CO[3])
                                                      0.114     6.554 r  bd_0_i/hls_inst/inst/out_r_d0[12]_INST_0/CO[3]
                         net (fo=1, routed)           0.000     6.554    bd_0_i/hls_inst/inst/out_r_d0[12]_INST_0_n_4
    SLICE_X17Y32         CARRY4 (Prop_carry4_CI_CO[3])
                                                      0.114     6.668 r  bd_0_i/hls_inst/inst/out_r_d0[16]_INST_0/CO[3]
                         net (fo=1, routed)           0.000     6.668    bd_0_i/hls_inst/inst/out_r_d0[16]_INST_0_n_4
    SLICE_X17Y33         CARRY4 (Prop_carry4_CI_O[1])
                                                      0.334     7.002 r  bd_0_i/hls_inst/inst/out_r_d0[20]_INST_0/O[1]
                         net (fo=0)                   0.973     7.975    out_r_d0[21]
                                                                      r  out_r_d0[21] (OUT)
  -------------------------------------------------------------------    -------------------

Slack:                    inf
  Source:                 bd_0_i/hls_inst/inst/icmp_ln10_14_reg_1414_pp0_iter1_reg_reg[0]/C
                            (rising edge-triggered cell FDRE clocked by ap_clk  {rise@0.000ns fall@5.000ns period=10.000ns})
  Destination:            out_r_d0[23]
                            (output port)
  Path Group:             (none)
  Path Type:              Max at Slow Process Corner
  Data Path Delay:        6.981ns  (logic 1.933ns (27.688%)  route 5.048ns (72.312%))
  Logic Levels:           8  (CARRY4=6 LUT5=1 LUT6=1)
  Clock Uncertainty:      0.025ns  ((TSJ^2 + TIJ^2)^1/2 + DJ) / 2 + PE
    Total System Jitter     (TSJ):    0.050ns
    Total Input Jitter      (TIJ):    0.000ns
    Discrete Jitter          (DJ):    0.000ns
    Phase Error              (PE):    0.000ns

    Location             Delay type                Incr(ns)  Path(ns)    Netlist Resource(s)
  -------------------------------------------------------------------    -------------------
                         (clock ap_clk rise edge)     0.000     0.000 r  
                                                      0.000     0.000 r  ap_clk (IN)
                         net (fo=414, unset)          0.973     0.973    bd_0_i/hls_inst/inst/ap_clk
    SLICE_X20Y39         FDRE                                         r  bd_0_i/hls_inst/inst/icmp_ln10_14_reg_1414_pp0_iter1_reg_reg[0]/C
  -------------------------------------------------------------------    -------------------
    SLICE_X20Y39         FDRE (Prop_fdre_C_Q)         0.518     1.491 r  bd_0_i/hls_inst/inst/icmp_ln10_14_reg_1414_pp0_iter1_reg_reg[0]/Q
                         net (fo=63, routed)          2.957     4.448    bd_0_i/hls_inst/inst/icmp_ln10_14_reg_1414_pp0_iter1_reg[0]
    SLICE_X16Y28         LUT5 (Prop_lut5_I2_O)        0.124     4.572 r  bd_0_i/hls_inst/inst/out_r_d0[0]_INST_0_i_2/O
                         net (fo=2, routed)           1.118     5.690    bd_0_i/hls_inst/inst/out_r_d0[0]_INST_0_i_2_n_4
    SLICE_X17Y28         LUT6 (Prop_lut6_I0_O)        0.124     5.814 r  bd_0_i/hls_inst/inst/out_r_d0[0]_INST_0_i_5/O
                         net (fo=1, routed)           0.000     5.814    bd_0_i/hls_inst/inst/out_r_d0[0]_INST_0_i_5_n_4
    SLICE_X17Y28         CARRY4 (Prop_carry4_S[2]_CO[3])
                                                      0.398     6.212 r  bd_0_i/hls_inst/inst/out_r_d0[0]_INST_0/CO[3]
                         net (fo=1, routed)           0.000     6.212    bd_0_i/hls_inst/inst/out_r_d0[0]_INST_0_n_4
    SLICE_X17Y29         CARRY4 (Prop_carry4_CI_CO[3])
                                                      0.114     6.326 r  bd_0_i/hls_inst/inst/out_r_d0[4]_INST_0/CO[3]
                         net (fo=1, routed)           0.000     6.326    bd_0_i/hls_inst/inst/out_r_d0[4]_INST_0_n_4
    SLICE_X17Y30         CARRY4 (Prop_carry4_CI_CO[3])
                                                      0.114     6.440 r  bd_0_i/hls_inst/inst/out_r_d0[8]_INST_0/CO[3]
                         net (fo=1, routed)           0.000     6.440    bd_0_i/hls_inst/inst/out_r_d0[8]_INST_0_n_4
    SLICE_X17Y31         CARRY4 (Prop_carry4_CI_CO[3])
                                                      0.114     6.554 r  bd_0_i/hls_inst/inst/out_r_d0[12]_INST_0/CO[3]
                         net (fo=1, routed)           0.000     6.554    bd_0_i/hls_inst/inst/out_r_d0[12]_INST_0_n_4
    SLICE_X17Y32         CARRY4 (Prop_carry4_CI_CO[3])
                                                      0.114     6.668 r  bd_0_i/hls_inst/inst/out_r_d0[16]_INST_0/CO[3]
                         net (fo=1, routed)           0.000     6.668    bd_0_i/hls_inst/inst/out_r_d0[16]_INST_0_n_4
    SLICE_X17Y33         CARRY4 (Prop_carry4_CI_O[3])
                                                      0.313     6.981 r  bd_0_i/hls_inst/inst/out_r_d0[20]_INST_0/O[3]
                         net (fo=0)                   0.973     7.954    out_r_d0[23]
                                                                      r  out_r_d0[23] (OUT)
  -------------------------------------------------------------------    -------------------





Min Delay Paths
--------------------------------------------------------------------------------------
Slack:                    inf
  Source:                 bd_0_i/hls_inst/inst/add_ln14_reg_1632_reg[1]/C
                            (rising edge-triggered cell FDRE clocked by ap_clk  {rise@0.000ns fall@5.000ns period=10.000ns})
  Destination:            out_r_address0[1]
                            (output port)
  Path Group:             (none)
  Path Type:              Min at Fast Process Corner
  Data Path Delay:        0.551ns  (logic 0.141ns (25.583%)  route 0.410ns (74.417%))
  Logic Levels:           0  
  Clock Uncertainty:      0.025ns  ((TSJ^2 + TIJ^2)^1/2 + DJ) / 2 + PE
    Total System Jitter     (TSJ):    0.050ns
    Total Input Jitter      (TIJ):    0.000ns
    Discrete Jitter          (DJ):    0.000ns
    Phase Error              (PE):    0.000ns

    Location             Delay type                Incr(ns)  Path(ns)    Netlist Resource(s)
  -------------------------------------------------------------------    -------------------
                         (clock ap_clk rise edge)     0.000     0.000 r  
                                                      0.000     0.000 r  ap_clk (IN)
                         net (fo=414, unset)          0.410     0.410    bd_0_i/hls_inst/inst/ap_clk
    SLICE_X29Y28         FDRE                                         r  bd_0_i/hls_inst/inst/add_ln14_reg_1632_reg[1]/C
  -------------------------------------------------------------------    -------------------
    SLICE_X29Y28         FDRE (Prop_fdre_C_Q)         0.141     0.551 r  bd_0_i/hls_inst/inst/add_ln14_reg_1632_reg[1]/Q
                         net (fo=0)                   0.410     0.961    out_r_address0[1]
                                                                      r  out_r_address0[1] (OUT)
  -------------------------------------------------------------------    -------------------

Slack:                    inf
  Source:                 bd_0_i/hls_inst/inst/add_ln14_reg_1632_reg[2]/C
                            (rising edge-triggered cell FDRE clocked by ap_clk  {rise@0.000ns fall@5.000ns period=10.000ns})
  Destination:            out_r_address0[2]
                            (output port)
  Path Group:             (none)
  Path Type:              Min at Fast Process Corner
  Data Path Delay:        0.551ns  (logic 0.141ns (25.583%)  route 0.410ns (74.417%))
  Logic Levels:           0  
  Clock Uncertainty:      0.025ns  ((TSJ^2 + TIJ^2)^1/2 + DJ) / 2 + PE
    Total System Jitter     (TSJ):    0.050ns
    Total Input Jitter      (TIJ):    0.000ns
    Discrete Jitter          (DJ):    0.000ns
    Phase Error              (PE):    0.000ns

    Location             Delay type                Incr(ns)  Path(ns)    Netlist Resource(s)
  -------------------------------------------------------------------    -------------------
                         (clock ap_clk rise edge)     0.000     0.000 r  
                                                      0.000     0.000 r  ap_clk (IN)
                         net (fo=414, unset)          0.410     0.410    bd_0_i/hls_inst/inst/ap_clk
    SLICE_X33Y28         FDRE                                         r  bd_0_i/hls_inst/inst/add_ln14_reg_1632_reg[2]/C
  -------------------------------------------------------------------    -------------------
    SLICE_X33Y28         FDRE (Prop_fdre_C_Q)         0.141     0.551 r  bd_0_i/hls_inst/inst/add_ln14_reg_1632_reg[2]/Q
                         net (fo=0)                   0.410     0.961    out_r_address0[2]
                                                                      r  out_r_address0[2] (OUT)
  -------------------------------------------------------------------    -------------------

Slack:                    inf
  Source:                 bd_0_i/hls_inst/inst/add_ln14_reg_1632_reg[3]/C
                            (rising edge-triggered cell FDRE clocked by ap_clk  {rise@0.000ns fall@5.000ns period=10.000ns})
  Destination:            out_r_address0[3]
                            (output port)
  Path Group:             (none)
  Path Type:              Min at Fast Process Corner
  Data Path Delay:        0.551ns  (logic 0.141ns (25.583%)  route 0.410ns (74.417%))
  Logic Levels:           0  
  Clock Uncertainty:      0.025ns  ((TSJ^2 + TIJ^2)^1/2 + DJ) / 2 + PE
    Total System Jitter     (TSJ):    0.050ns
    Total Input Jitter      (TIJ):    0.000ns
    Discrete Jitter          (DJ):    0.000ns
    Phase Error              (PE):    0.000ns

    Location             Delay type                Incr(ns)  Path(ns)    Netlist Resource(s)
  -------------------------------------------------------------------    -------------------
                         (clock ap_clk rise edge)     0.000     0.000 r  
                                                      0.000     0.000 r  ap_clk (IN)
                         net (fo=414, unset)          0.410     0.410    bd_0_i/hls_inst/inst/ap_clk
    SLICE_X29Y28         FDRE                                         r  bd_0_i/hls_inst/inst/add_ln14_reg_1632_reg[3]/C
  -------------------------------------------------------------------    -------------------
    SLICE_X29Y28         FDRE (Prop_fdre_C_Q)         0.141     0.551 r  bd_0_i/hls_inst/inst/add_ln14_reg_1632_reg[3]/Q
                         net (fo=0)                   0.410     0.961    out_r_address0[3]
                                                                      r  out_r_address0[3] (OUT)
  -------------------------------------------------------------------    -------------------

Slack:                    inf
  Source:                 bd_0_i/hls_inst/inst/add_ln14_reg_1632_reg[4]/C
                            (rising edge-triggered cell FDRE clocked by ap_clk  {rise@0.000ns fall@5.000ns period=10.000ns})
  Destination:            out_r_address0[4]
                            (output port)
  Path Group:             (none)
  Path Type:              Min at Fast Process Corner
  Data Path Delay:        0.551ns  (logic 0.141ns (25.583%)  route 0.410ns (74.417%))
  Logic Levels:           0  
  Clock Uncertainty:      0.025ns  ((TSJ^2 + TIJ^2)^1/2 + DJ) / 2 + PE
    Total System Jitter     (TSJ):    0.050ns
    Total Input Jitter      (TIJ):    0.000ns
    Discrete Jitter          (DJ):    0.000ns
    Phase Error              (PE):    0.000ns

    Location             Delay type                Incr(ns)  Path(ns)    Netlist Resource(s)
  -------------------------------------------------------------------    -------------------
                         (clock ap_clk rise edge)     0.000     0.000 r  
                                                      0.000     0.000 r  ap_clk (IN)
                         net (fo=414, unset)          0.410     0.410    bd_0_i/hls_inst/inst/ap_clk
    SLICE_X26Y30         FDRE                                         r  bd_0_i/hls_inst/inst/add_ln14_reg_1632_reg[4]/C
  -------------------------------------------------------------------    -------------------
    SLICE_X26Y30         FDRE (Prop_fdre_C_Q)         0.141     0.551 r  bd_0_i/hls_inst/inst/add_ln14_reg_1632_reg[4]/Q
                         net (fo=0)                   0.410     0.961    out_r_address0[4]
                                                                      r  out_r_address0[4] (OUT)
  -------------------------------------------------------------------    -------------------

Slack:                    inf
  Source:                 bd_0_i/hls_inst/inst/add_ln14_reg_1632_reg[5]/C
                            (rising edge-triggered cell FDRE clocked by ap_clk  {rise@0.000ns fall@5.000ns period=10.000ns})
  Destination:            out_r_address0[5]
                            (output port)
  Path Group:             (none)
  Path Type:              Min at Fast Process Corner
  Data Path Delay:        0.551ns  (logic 0.141ns (25.583%)  route 0.410ns (74.417%))
  Logic Levels:           0  
  Clock Uncertainty:      0.025ns  ((TSJ^2 + TIJ^2)^1/2 + DJ) / 2 + PE
    Total System Jitter     (TSJ):    0.050ns
    Total Input Jitter      (TIJ):    0.000ns
    Discrete Jitter          (DJ):    0.000ns
    Phase Error              (PE):    0.000ns

    Location             Delay type                Incr(ns)  Path(ns)    Netlist Resource(s)
  -------------------------------------------------------------------    -------------------
                         (clock ap_clk rise edge)     0.000     0.000 r  
                                                      0.000     0.000 r  ap_clk (IN)
                         net (fo=414, unset)          0.410     0.410    bd_0_i/hls_inst/inst/ap_clk
    SLICE_X26Y30         FDRE                                         r  bd_0_i/hls_inst/inst/add_ln14_reg_1632_reg[5]/C
  -------------------------------------------------------------------    -------------------
    SLICE_X26Y30         FDRE (Prop_fdre_C_Q)         0.141     0.551 r  bd_0_i/hls_inst/inst/add_ln14_reg_1632_reg[5]/Q
                         net (fo=0)                   0.410     0.961    out_r_address0[5]
                                                                      r  out_r_address0[5] (OUT)
  -------------------------------------------------------------------    -------------------

Slack:                    inf
  Source:                 bd_0_i/hls_inst/inst/add_ln14_reg_1632_reg[6]/C
                            (rising edge-triggered cell FDRE clocked by ap_clk  {rise@0.000ns fall@5.000ns period=10.000ns})
  Destination:            out_r_address0[6]
                            (output port)
  Path Group:             (none)
  Path Type:              Min at Fast Process Corner
  Data Path Delay:        0.551ns  (logic 0.141ns (25.583%)  route 0.410ns (74.417%))
  Logic Levels:           0  
  Clock Uncertainty:      0.025ns  ((TSJ^2 + TIJ^2)^1/2 + DJ) / 2 + PE
    Total System Jitter     (TSJ):    0.050ns
    Total Input Jitter      (TIJ):    0.000ns
    Discrete Jitter          (DJ):    0.000ns
    Phase Error              (PE):    0.000ns

    Location             Delay type                Incr(ns)  Path(ns)    Netlist Resource(s)
  -------------------------------------------------------------------    -------------------
                         (clock ap_clk rise edge)     0.000     0.000 r  
                                                      0.000     0.000 r  ap_clk (IN)
                         net (fo=414, unset)          0.410     0.410    bd_0_i/hls_inst/inst/ap_clk
    SLICE_X26Y30         FDRE                                         r  bd_0_i/hls_inst/inst/add_ln14_reg_1632_reg[6]/C
  -------------------------------------------------------------------    -------------------
    SLICE_X26Y30         FDRE (Prop_fdre_C_Q)         0.141     0.551 r  bd_0_i/hls_inst/inst/add_ln14_reg_1632_reg[6]/Q
                         net (fo=0)                   0.410     0.961    out_r_address0[6]
                                                                      r  out_r_address0[6] (OUT)
  -------------------------------------------------------------------    -------------------

Slack:                    inf
  Source:                 bd_0_i/hls_inst/inst/add_ln14_reg_1632_reg[7]/C
                            (rising edge-triggered cell FDRE clocked by ap_clk  {rise@0.000ns fall@5.000ns period=10.000ns})
  Destination:            out_r_address0[7]
                            (output port)
  Path Group:             (none)
  Path Type:              Min at Fast Process Corner
  Data Path Delay:        0.551ns  (logic 0.141ns (25.583%)  route 0.410ns (74.417%))
  Logic Levels:           0  
  Clock Uncertainty:      0.025ns  ((TSJ^2 + TIJ^2)^1/2 + DJ) / 2 + PE
    Total System Jitter     (TSJ):    0.050ns
    Total Input Jitter      (TIJ):    0.000ns
    Discrete Jitter          (DJ):    0.000ns
    Phase Error              (PE):    0.000ns

    Location             Delay type                Incr(ns)  Path(ns)    Netlist Resource(s)
  -------------------------------------------------------------------    -------------------
                         (clock ap_clk rise edge)     0.000     0.000 r  
                                                      0.000     0.000 r  ap_clk (IN)
                         net (fo=414, unset)          0.410     0.410    bd_0_i/hls_inst/inst/ap_clk
    SLICE_X26Y30         FDRE                                         r  bd_0_i/hls_inst/inst/add_ln14_reg_1632_reg[7]/C
  -------------------------------------------------------------------    -------------------
    SLICE_X26Y30         FDRE (Prop_fdre_C_Q)         0.141     0.551 r  bd_0_i/hls_inst/inst/add_ln14_reg_1632_reg[7]/Q
                         net (fo=0)                   0.410     0.961    out_r_address0[7]
                                                                      r  out_r_address0[7] (OUT)
  -------------------------------------------------------------------    -------------------

Slack:                    inf
  Source:                 bd_0_i/hls_inst/inst/add_ln14_reg_1632_reg[0]/C
                            (rising edge-triggered cell FDRE clocked by ap_clk  {rise@0.000ns fall@5.000ns period=10.000ns})
  Destination:            out_r_address0[0]
                            (output port)
  Path Group:             (none)
  Path Type:              Min at Fast Process Corner
  Data Path Delay:        0.574ns  (logic 0.164ns (28.565%)  route 0.410ns (71.435%))
  Logic Levels:           0  
  Clock Uncertainty:      0.025ns  ((TSJ^2 + TIJ^2)^1/2 + DJ) / 2 + PE
    Total System Jitter     (TSJ):    0.050ns
    Total Input Jitter      (TIJ):    0.000ns
    Discrete Jitter          (DJ):    0.000ns
    Phase Error              (PE):    0.000ns

    Location             Delay type                Incr(ns)  Path(ns)    Netlist Resource(s)
  -------------------------------------------------------------------    -------------------
                         (clock ap_clk rise edge)     0.000     0.000 r  
                                                      0.000     0.000 r  ap_clk (IN)
                         net (fo=414, unset)          0.410     0.410    bd_0_i/hls_inst/inst/ap_clk
    SLICE_X34Y27         FDRE                                         r  bd_0_i/hls_inst/inst/add_ln14_reg_1632_reg[0]/C
  -------------------------------------------------------------------    -------------------
    SLICE_X34Y27         FDRE (Prop_fdre_C_Q)         0.164     0.574 r  bd_0_i/hls_inst/inst/add_ln14_reg_1632_reg[0]/Q
                         net (fo=0)                   0.410     0.984    out_r_address0[0]
                                                                      r  out_r_address0[0] (OUT)
  -------------------------------------------------------------------    -------------------

Slack:                    inf
  Source:                 bd_0_i/hls_inst/inst/ap_CS_fsm_reg[5]/C
                            (rising edge-triggered cell FDRE clocked by ap_clk  {rise@0.000ns fall@5.000ns period=10.000ns})
  Destination:            in1_address0[2]
                            (output port)
  Path Group:             (none)
  Path Type:              Min at Fast Process Corner
  Data Path Delay:        0.685ns  (logic 0.186ns (27.158%)  route 0.499ns (72.842%))
  Logic Levels:           1  (LUT6=1)
  Clock Uncertainty:      0.025ns  ((TSJ^2 + TIJ^2)^1/2 + DJ) / 2 + PE
    Total System Jitter     (TSJ):    0.050ns
    Total Input Jitter      (TIJ):    0.000ns
    Discrete Jitter          (DJ):    0.000ns
    Phase Error              (PE):    0.000ns

    Location             Delay type                Incr(ns)  Path(ns)    Netlist Resource(s)
  -------------------------------------------------------------------    -------------------
                         (clock ap_clk rise edge)     0.000     0.000 r  
                                                      0.000     0.000 r  ap_clk (IN)
                         net (fo=414, unset)          0.410     0.410    bd_0_i/hls_inst/inst/ap_clk
    SLICE_X26Y29         FDRE                                         r  bd_0_i/hls_inst/inst/ap_CS_fsm_reg[5]/C
  -------------------------------------------------------------------    -------------------
    SLICE_X26Y29         FDRE (Prop_fdre_C_Q)         0.141     0.551 f  bd_0_i/hls_inst/inst/ap_CS_fsm_reg[5]/Q
                         net (fo=63, routed)          0.089     0.640    bd_0_i/hls_inst/inst/ap_CS_fsm_pp0_stage5
    SLICE_X27Y29         LUT6 (Prop_lut6_I1_O)        0.045     0.685 r  bd_0_i/hls_inst/inst/in2_address1[6]_INST_0/O
                         net (fo=0)                   0.410     1.095    in1_address0[2]
                                                                      r  in1_address0[2] (OUT)
  -------------------------------------------------------------------    -------------------

Slack:                    inf
  Source:                 bd_0_i/hls_inst/inst/ap_CS_fsm_reg[5]/C
                            (rising edge-triggered cell FDRE clocked by ap_clk  {rise@0.000ns fall@5.000ns period=10.000ns})
  Destination:            in1_address1[2]
                            (output port)
  Path Group:             (none)
  Path Type:              Min at Fast Process Corner
  Data Path Delay:        0.685ns  (logic 0.186ns (27.158%)  route 0.499ns (72.842%))
  Logic Levels:           1  (LUT6=1)
  Clock Uncertainty:      0.025ns  ((TSJ^2 + TIJ^2)^1/2 + DJ) / 2 + PE
    Total System Jitter     (TSJ):    0.050ns
    Total Input Jitter      (TIJ):    0.000ns
    Discrete Jitter          (DJ):    0.000ns
    Phase Error              (PE):    0.000ns

    Location             Delay type                Incr(ns)  Path(ns)    Netlist Resource(s)
  -------------------------------------------------------------------    -------------------
                         (clock ap_clk rise edge)     0.000     0.000 r  
                                                      0.000     0.000 r  ap_clk (IN)
                         net (fo=414, unset)          0.410     0.410    bd_0_i/hls_inst/inst/ap_clk
    SLICE_X26Y29         FDRE                                         r  bd_0_i/hls_inst/inst/ap_CS_fsm_reg[5]/C
  -------------------------------------------------------------------    -------------------
    SLICE_X26Y29         FDRE (Prop_fdre_C_Q)         0.141     0.551 f  bd_0_i/hls_inst/inst/ap_CS_fsm_reg[5]/Q
                         net (fo=63, routed)          0.089     0.640    bd_0_i/hls_inst/inst/ap_CS_fsm_pp0_stage5
    SLICE_X27Y29         LUT6 (Prop_lut6_I1_O)        0.045     0.685 r  bd_0_i/hls_inst/inst/in2_address1[6]_INST_0/O
                         net (fo=0)                   0.410     1.095    in1_address1[2]
                                                                      r  in1_address1[2] (OUT)
  -------------------------------------------------------------------    -------------------





--------------------------------------------------------------------------------------
Path Group:  (none)
From Clock:  
  To Clock:  ap_clk

Max Delay           332 Endpoints
Min Delay           332 Endpoints
--------------------------------------------------------------------------------------


Max Delay Paths
--------------------------------------------------------------------------------------
Slack:                    inf
  Source:                 in2_q0[16]
                            (input port)
  Destination:            bd_0_i/hls_inst/inst/mul_32s_32s_32_2_1_U2/buff0_reg[4]__0/D
                            (rising edge-triggered cell FDRE clocked by ap_clk  {rise@0.000ns fall@5.000ns period=10.000ns})
  Path Group:             (none)
  Path Type:              Setup (Max at Slow Process Corner)
  Data Path Delay:        5.834ns  (logic 3.841ns (65.844%)  route 1.993ns (34.156%))
  Logic Levels:           1  (DSP48E1=1)
  Clock Path Skew:        0.924ns (DCD - SCD + CPR)
    Destination Clock Delay (DCD):    0.924ns
    Source Clock Delay      (SCD):    0.000ns
    Clock Pessimism Removal (CPR):    0.000ns
  Clock Uncertainty:      0.025ns  ((TSJ^2 + TIJ^2)^1/2 + DJ) / 2 + PE
    Total System Jitter     (TSJ):    0.050ns
    Total Input Jitter      (TIJ):    0.000ns
    Discrete Jitter          (DJ):    0.000ns
    Phase Error              (PE):    0.000ns

    Location             Delay type                Incr(ns)  Path(ns)    Netlist Resource(s)
  -------------------------------------------------------------------    -------------------
                                                      0.000     0.000 r  in2_q0[16] (IN)
                         net (fo=0)                   0.973     0.973    bd_0_i/hls_inst/inst/mul_32s_32s_32_2_1_U2/in2_q0[16]
    DSP48_X0Y13          DSP48E1 (Prop_dsp48e1_A[16]_P[4])
                                                      3.841     4.814 r  bd_0_i/hls_inst/inst/mul_32s_32s_32_2_1_U2/tmp_product__0/P[4]
                         net (fo=1, routed)           1.020     5.834    bd_0_i/hls_inst/inst/mul_32s_32s_32_2_1_U2/tmp_product__0_n_105
    SLICE_X8Y28          FDRE                                         r  bd_0_i/hls_inst/inst/mul_32s_32s_32_2_1_U2/buff0_reg[4]__0/D
  -------------------------------------------------------------------    -------------------

                         (clock ap_clk rise edge)     0.000     0.000 r  
                                                      0.000     0.000 r  ap_clk (IN)
                         net (fo=414, unset)          0.924     0.924    bd_0_i/hls_inst/inst/mul_32s_32s_32_2_1_U2/ap_clk
    SLICE_X8Y28          FDRE                                         r  bd_0_i/hls_inst/inst/mul_32s_32s_32_2_1_U2/buff0_reg[4]__0/C

Slack:                    inf
  Source:                 in2_q0[16]
                            (input port)
  Destination:            bd_0_i/hls_inst/inst/mul_32s_32s_32_2_1_U2/buff0_reg[5]__0/D
                            (rising edge-triggered cell FDRE clocked by ap_clk  {rise@0.000ns fall@5.000ns period=10.000ns})
  Path Group:             (none)
  Path Type:              Setup (Max at Slow Process Corner)
  Data Path Delay:        5.679ns  (logic 3.841ns (67.641%)  route 1.838ns (32.359%))
  Logic Levels:           1  (DSP48E1=1)
  Clock Path Skew:        0.924ns (DCD - SCD + CPR)
    Destination Clock Delay (DCD):    0.924ns
    Source Clock Delay      (SCD):    0.000ns
    Clock Pessimism Removal (CPR):    0.000ns
  Clock Uncertainty:      0.025ns  ((TSJ^2 + TIJ^2)^1/2 + DJ) / 2 + PE
    Total System Jitter     (TSJ):    0.050ns
    Total Input Jitter      (TIJ):    0.000ns
    Discrete Jitter          (DJ):    0.000ns
    Phase Error              (PE):    0.000ns

    Location             Delay type                Incr(ns)  Path(ns)    Netlist Resource(s)
  -------------------------------------------------------------------    -------------------
                                                      0.000     0.000 r  in2_q0[16] (IN)
                         net (fo=0)                   0.973     0.973    bd_0_i/hls_inst/inst/mul_32s_32s_32_2_1_U2/in2_q0[16]
    DSP48_X0Y13          DSP48E1 (Prop_dsp48e1_A[16]_P[5])
                                                      3.841     4.814 r  bd_0_i/hls_inst/inst/mul_32s_32s_32_2_1_U2/tmp_product__0/P[5]
                         net (fo=1, routed)           0.865     5.679    bd_0_i/hls_inst/inst/mul_32s_32s_32_2_1_U2/tmp_product__0_n_104
    SLICE_X8Y28          FDRE                                         r  bd_0_i/hls_inst/inst/mul_32s_32s_32_2_1_U2/buff0_reg[5]__0/D
  -------------------------------------------------------------------    -------------------

                         (clock ap_clk rise edge)     0.000     0.000 r  
                                                      0.000     0.000 r  ap_clk (IN)
                         net (fo=414, unset)          0.924     0.924    bd_0_i/hls_inst/inst/mul_32s_32s_32_2_1_U2/ap_clk
    SLICE_X8Y28          FDRE                                         r  bd_0_i/hls_inst/inst/mul_32s_32s_32_2_1_U2/buff0_reg[5]__0/C

Slack:                    inf
  Source:                 in2_q1[16]
                            (input port)
  Destination:            bd_0_i/hls_inst/inst/mul_32s_32s_32_2_1_U1/buff0_reg[6]__0/D
                            (rising edge-triggered cell FDRE clocked by ap_clk  {rise@0.000ns fall@5.000ns period=10.000ns})
  Path Group:             (none)
  Path Type:              Setup (Max at Slow Process Corner)
  Data Path Delay:        5.639ns  (logic 3.841ns (68.116%)  route 1.798ns (31.884%))
  Logic Levels:           1  (DSP48E1=1)
  Clock Path Skew:        0.924ns (DCD - SCD + CPR)
    Destination Clock Delay (DCD):    0.924ns
    Source Clock Delay      (SCD):    0.000ns
    Clock Pessimism Removal (CPR):    0.000ns
  Clock Uncertainty:      0.025ns  ((TSJ^2 + TIJ^2)^1/2 + DJ) / 2 + PE
    Total System Jitter     (TSJ):    0.050ns
    Total Input Jitter      (TIJ):    0.000ns
    Discrete Jitter          (DJ):    0.000ns
    Phase Error              (PE):    0.000ns

    Location             Delay type                Incr(ns)  Path(ns)    Netlist Resource(s)
  -------------------------------------------------------------------    -------------------
                                                      0.000     0.000 r  in2_q1[16] (IN)
                         net (fo=0)                   0.973     0.973    bd_0_i/hls_inst/inst/mul_32s_32s_32_2_1_U1/in2_q1[16]
    DSP48_X0Y11          DSP48E1 (Prop_dsp48e1_A[16]_P[6])
                                                      3.841     4.814 r  bd_0_i/hls_inst/inst/mul_32s_32s_32_2_1_U1/tmp_product__0/P[6]
                         net (fo=1, routed)           0.825     5.639    bd_0_i/hls_inst/inst/mul_32s_32s_32_2_1_U1/tmp_product__0_n_103
    SLICE_X12Y28         FDRE                                         r  bd_0_i/hls_inst/inst/mul_32s_32s_32_2_1_U1/buff0_reg[6]__0/D
  -------------------------------------------------------------------    -------------------

                         (clock ap_clk rise edge)     0.000     0.000 r  
                                                      0.000     0.000 r  ap_clk (IN)
                         net (fo=414, unset)          0.924     0.924    bd_0_i/hls_inst/inst/mul_32s_32s_32_2_1_U1/ap_clk
    SLICE_X12Y28         FDRE                                         r  bd_0_i/hls_inst/inst/mul_32s_32s_32_2_1_U1/buff0_reg[6]__0/C

Slack:                    inf
  Source:                 in2_q0[16]
                            (input port)
  Destination:            bd_0_i/hls_inst/inst/mul_32s_32s_32_2_1_U2/buff0_reg[6]__0/D
                            (rising edge-triggered cell FDRE clocked by ap_clk  {rise@0.000ns fall@5.000ns period=10.000ns})
  Path Group:             (none)
  Path Type:              Setup (Max at Slow Process Corner)
  Data Path Delay:        5.636ns  (logic 3.841ns (68.149%)  route 1.795ns (31.851%))
  Logic Levels:           1  (DSP48E1=1)
  Clock Path Skew:        0.924ns (DCD - SCD + CPR)
    Destination Clock Delay (DCD):    0.924ns
    Source Clock Delay      (SCD):    0.000ns
    Clock Pessimism Removal (CPR):    0.000ns
  Clock Uncertainty:      0.025ns  ((TSJ^2 + TIJ^2)^1/2 + DJ) / 2 + PE
    Total System Jitter     (TSJ):    0.050ns
    Total Input Jitter      (TIJ):    0.000ns
    Discrete Jitter          (DJ):    0.000ns
    Phase Error              (PE):    0.000ns

    Location             Delay type                Incr(ns)  Path(ns)    Netlist Resource(s)
  -------------------------------------------------------------------    -------------------
                                                      0.000     0.000 r  in2_q0[16] (IN)
                         net (fo=0)                   0.973     0.973    bd_0_i/hls_inst/inst/mul_32s_32s_32_2_1_U2/in2_q0[16]
    DSP48_X0Y13          DSP48E1 (Prop_dsp48e1_A[16]_P[6])
                                                      3.841     4.814 r  bd_0_i/hls_inst/inst/mul_32s_32s_32_2_1_U2/tmp_product__0/P[6]
                         net (fo=1, routed)           0.822     5.636    bd_0_i/hls_inst/inst/mul_32s_32s_32_2_1_U2/tmp_product__0_n_103
    SLICE_X8Y28          FDRE                                         r  bd_0_i/hls_inst/inst/mul_32s_32s_32_2_1_U2/buff0_reg[6]__0/D
  -------------------------------------------------------------------    -------------------

                         (clock ap_clk rise edge)     0.000     0.000 r  
                                                      0.000     0.000 r  ap_clk (IN)
                         net (fo=414, unset)          0.924     0.924    bd_0_i/hls_inst/inst/mul_32s_32s_32_2_1_U2/ap_clk
    SLICE_X8Y28          FDRE                                         r  bd_0_i/hls_inst/inst/mul_32s_32s_32_2_1_U2/buff0_reg[6]__0/C

Slack:                    inf
  Source:                 in2_q0[16]
                            (input port)
  Destination:            bd_0_i/hls_inst/inst/mul_32s_32s_32_2_1_U2/buff0_reg[16]__0/D
                            (rising edge-triggered cell FDRE clocked by ap_clk  {rise@0.000ns fall@5.000ns period=10.000ns})
  Path Group:             (none)
  Path Type:              Setup (Max at Slow Process Corner)
  Data Path Delay:        5.616ns  (logic 3.841ns (68.392%)  route 1.775ns (31.608%))
  Logic Levels:           1  (DSP48E1=1)
  Clock Path Skew:        0.924ns (DCD - SCD + CPR)
    Destination Clock Delay (DCD):    0.924ns
    Source Clock Delay      (SCD):    0.000ns
    Clock Pessimism Removal (CPR):    0.000ns
  Clock Uncertainty:      0.025ns  ((TSJ^2 + TIJ^2)^1/2 + DJ) / 2 + PE
    Total System Jitter     (TSJ):    0.050ns
    Total Input Jitter      (TIJ):    0.000ns
    Discrete Jitter          (DJ):    0.000ns
    Phase Error              (PE):    0.000ns

    Location             Delay type                Incr(ns)  Path(ns)    Netlist Resource(s)
  -------------------------------------------------------------------    -------------------
                                                      0.000     0.000 r  in2_q0[16] (IN)
                         net (fo=0)                   0.973     0.973    bd_0_i/hls_inst/inst/mul_32s_32s_32_2_1_U2/in2_q0[16]
    DSP48_X0Y13          DSP48E1 (Prop_dsp48e1_A[16]_P[16])
                                                      3.841     4.814 r  bd_0_i/hls_inst/inst/mul_32s_32s_32_2_1_U2/tmp_product__0/P[16]
                         net (fo=1, routed)           0.802     5.616    bd_0_i/hls_inst/inst/mul_32s_32s_32_2_1_U2/tmp_product__0_n_93
    SLICE_X6Y34          FDRE                                         r  bd_0_i/hls_inst/inst/mul_32s_32s_32_2_1_U2/buff0_reg[16]__0/D
  -------------------------------------------------------------------    -------------------

                         (clock ap_clk rise edge)     0.000     0.000 r  
                                                      0.000     0.000 r  ap_clk (IN)
                         net (fo=414, unset)          0.924     0.924    bd_0_i/hls_inst/inst/mul_32s_32s_32_2_1_U2/ap_clk
    SLICE_X6Y34          FDRE                                         r  bd_0_i/hls_inst/inst/mul_32s_32s_32_2_1_U2/buff0_reg[16]__0/C

Slack:                    inf
  Source:                 in2_q1[16]
                            (input port)
  Destination:            bd_0_i/hls_inst/inst/mul_32s_32s_32_2_1_U1/buff0_reg[14]__0/D
                            (rising edge-triggered cell FDRE clocked by ap_clk  {rise@0.000ns fall@5.000ns period=10.000ns})
  Path Group:             (none)
  Path Type:              Setup (Max at Slow Process Corner)
  Data Path Delay:        5.612ns  (logic 3.841ns (68.440%)  route 1.771ns (31.560%))
  Logic Levels:           1  (DSP48E1=1)
  Clock Path Skew:        0.924ns (DCD - SCD + CPR)
    Destination Clock Delay (DCD):    0.924ns
    Source Clock Delay      (SCD):    0.000ns
    Clock Pessimism Removal (CPR):    0.000ns
  Clock Uncertainty:      0.025ns  ((TSJ^2 + TIJ^2)^1/2 + DJ) / 2 + PE
    Total System Jitter     (TSJ):    0.050ns
    Total Input Jitter      (TIJ):    0.000ns
    Discrete Jitter          (DJ):    0.000ns
    Phase Error              (PE):    0.000ns

    Location             Delay type                Incr(ns)  Path(ns)    Netlist Resource(s)
  -------------------------------------------------------------------    -------------------
                                                      0.000     0.000 r  in2_q1[16] (IN)
                         net (fo=0)                   0.973     0.973    bd_0_i/hls_inst/inst/mul_32s_32s_32_2_1_U1/in2_q1[16]
    DSP48_X0Y11          DSP48E1 (Prop_dsp48e1_A[16]_P[14])
                                                      3.841     4.814 r  bd_0_i/hls_inst/inst/mul_32s_32s_32_2_1_U1/tmp_product__0/P[14]
                         net (fo=1, routed)           0.798     5.612    bd_0_i/hls_inst/inst/mul_32s_32s_32_2_1_U1/tmp_product__0_n_95
    SLICE_X8Y27          FDRE                                         r  bd_0_i/hls_inst/inst/mul_32s_32s_32_2_1_U1/buff0_reg[14]__0/D
  -------------------------------------------------------------------    -------------------

                         (clock ap_clk rise edge)     0.000     0.000 r  
                                                      0.000     0.000 r  ap_clk (IN)
                         net (fo=414, unset)          0.924     0.924    bd_0_i/hls_inst/inst/mul_32s_32s_32_2_1_U1/ap_clk
    SLICE_X8Y27          FDRE                                         r  bd_0_i/hls_inst/inst/mul_32s_32s_32_2_1_U1/buff0_reg[14]__0/C

Slack:                    inf
  Source:                 in2_q0[16]
                            (input port)
  Destination:            bd_0_i/hls_inst/inst/mul_32s_32s_32_2_1_U2/buff0_reg[15]__0/D
                            (rising edge-triggered cell FDRE clocked by ap_clk  {rise@0.000ns fall@5.000ns period=10.000ns})
  Path Group:             (none)
  Path Type:              Setup (Max at Slow Process Corner)
  Data Path Delay:        5.600ns  (logic 3.841ns (68.589%)  route 1.759ns (31.411%))
  Logic Levels:           1  (DSP48E1=1)
  Clock Path Skew:        0.924ns (DCD - SCD + CPR)
    Destination Clock Delay (DCD):    0.924ns
    Source Clock Delay      (SCD):    0.000ns
    Clock Pessimism Removal (CPR):    0.000ns
  Clock Uncertainty:      0.025ns  ((TSJ^2 + TIJ^2)^1/2 + DJ) / 2 + PE
    Total System Jitter     (TSJ):    0.050ns
    Total Input Jitter      (TIJ):    0.000ns
    Discrete Jitter          (DJ):    0.000ns
    Phase Error              (PE):    0.000ns

    Location             Delay type                Incr(ns)  Path(ns)    Netlist Resource(s)
  -------------------------------------------------------------------    -------------------
                                                      0.000     0.000 r  in2_q0[16] (IN)
                         net (fo=0)                   0.973     0.973    bd_0_i/hls_inst/inst/mul_32s_32s_32_2_1_U2/in2_q0[16]
    DSP48_X0Y13          DSP48E1 (Prop_dsp48e1_A[16]_P[15])
                                                      3.841     4.814 r  bd_0_i/hls_inst/inst/mul_32s_32s_32_2_1_U2/tmp_product__0/P[15]
                         net (fo=1, routed)           0.786     5.600    bd_0_i/hls_inst/inst/mul_32s_32s_32_2_1_U2/tmp_product__0_n_94
    SLICE_X5Y35          FDRE                                         r  bd_0_i/hls_inst/inst/mul_32s_32s_32_2_1_U2/buff0_reg[15]__0/D
  -------------------------------------------------------------------    -------------------

                         (clock ap_clk rise edge)     0.000     0.000 r  
                                                      0.000     0.000 r  ap_clk (IN)
                         net (fo=414, unset)          0.924     0.924    bd_0_i/hls_inst/inst/mul_32s_32s_32_2_1_U2/ap_clk
    SLICE_X5Y35          FDRE                                         r  bd_0_i/hls_inst/inst/mul_32s_32s_32_2_1_U2/buff0_reg[15]__0/C

Slack:                    inf
  Source:                 in2_q1[16]
                            (input port)
  Destination:            bd_0_i/hls_inst/inst/mul_32s_32s_32_2_1_U1/buff0_reg[16]__0/D
                            (rising edge-triggered cell FDRE clocked by ap_clk  {rise@0.000ns fall@5.000ns period=10.000ns})
  Path Group:             (none)
  Path Type:              Setup (Max at Slow Process Corner)
  Data Path Delay:        5.589ns  (logic 3.841ns (68.719%)  route 1.748ns (31.281%))
  Logic Levels:           1  (DSP48E1=1)
  Clock Path Skew:        0.924ns (DCD - SCD + CPR)
    Destination Clock Delay (DCD):    0.924ns
    Source Clock Delay      (SCD):    0.000ns
    Clock Pessimism Removal (CPR):    0.000ns
  Clock Uncertainty:      0.025ns  ((TSJ^2 + TIJ^2)^1/2 + DJ) / 2 + PE
    Total System Jitter     (TSJ):    0.050ns
    Total Input Jitter      (TIJ):    0.000ns
    Discrete Jitter          (DJ):    0.000ns
    Phase Error              (PE):    0.000ns

    Location             Delay type                Incr(ns)  Path(ns)    Netlist Resource(s)
  -------------------------------------------------------------------    -------------------
                                                      0.000     0.000 r  in2_q1[16] (IN)
                         net (fo=0)                   0.973     0.973    bd_0_i/hls_inst/inst/mul_32s_32s_32_2_1_U1/in2_q1[16]
    DSP48_X0Y11          DSP48E1 (Prop_dsp48e1_A[16]_P[16])
                                                      3.841     4.814 r  bd_0_i/hls_inst/inst/mul_32s_32s_32_2_1_U1/tmp_product__0/P[16]
                         net (fo=1, routed)           0.775     5.589    bd_0_i/hls_inst/inst/mul_32s_32s_32_2_1_U1/tmp_product__0_n_93
    SLICE_X10Y24         FDRE                                         r  bd_0_i/hls_inst/inst/mul_32s_32s_32_2_1_U1/buff0_reg[16]__0/D
  -------------------------------------------------------------------    -------------------

                         (clock ap_clk rise edge)     0.000     0.000 r  
                                                      0.000     0.000 r  ap_clk (IN)
                         net (fo=414, unset)          0.924     0.924    bd_0_i/hls_inst/inst/mul_32s_32s_32_2_1_U1/ap_clk
    SLICE_X10Y24         FDRE                                         r  bd_0_i/hls_inst/inst/mul_32s_32s_32_2_1_U1/buff0_reg[16]__0/C

Slack:                    inf
  Source:                 in2_q0[16]
                            (input port)
  Destination:            bd_0_i/hls_inst/inst/mul_32s_32s_32_2_1_U2/buff0_reg[10]__0/D
                            (rising edge-triggered cell FDRE clocked by ap_clk  {rise@0.000ns fall@5.000ns period=10.000ns})
  Path Group:             (none)
  Path Type:              Setup (Max at Slow Process Corner)
  Data Path Delay:        5.540ns  (logic 3.841ns (69.336%)  route 1.699ns (30.664%))
  Logic Levels:           1  (DSP48E1=1)
  Clock Path Skew:        0.924ns (DCD - SCD + CPR)
    Destination Clock Delay (DCD):    0.924ns
    Source Clock Delay      (SCD):    0.000ns
    Clock Pessimism Removal (CPR):    0.000ns
  Clock Uncertainty:      0.025ns  ((TSJ^2 + TIJ^2)^1/2 + DJ) / 2 + PE
    Total System Jitter     (TSJ):    0.050ns
    Total Input Jitter      (TIJ):    0.000ns
    Discrete Jitter          (DJ):    0.000ns
    Phase Error              (PE):    0.000ns

    Location             Delay type                Incr(ns)  Path(ns)    Netlist Resource(s)
  -------------------------------------------------------------------    -------------------
                                                      0.000     0.000 r  in2_q0[16] (IN)
                         net (fo=0)                   0.973     0.973    bd_0_i/hls_inst/inst/mul_32s_32s_32_2_1_U2/in2_q0[16]
    DSP48_X0Y13          DSP48E1 (Prop_dsp48e1_A[16]_P[10])
                                                      3.841     4.814 r  bd_0_i/hls_inst/inst/mul_32s_32s_32_2_1_U2/tmp_product__0/P[10]
                         net (fo=1, routed)           0.726     5.540    bd_0_i/hls_inst/inst/mul_32s_32s_32_2_1_U2/tmp_product__0_n_99
    SLICE_X6Y32          FDRE                                         r  bd_0_i/hls_inst/inst/mul_32s_32s_32_2_1_U2/buff0_reg[10]__0/D
  -------------------------------------------------------------------    -------------------

                         (clock ap_clk rise edge)     0.000     0.000 r  
                                                      0.000     0.000 r  ap_clk (IN)
                         net (fo=414, unset)          0.924     0.924    bd_0_i/hls_inst/inst/mul_32s_32s_32_2_1_U2/ap_clk
    SLICE_X6Y32          FDRE                                         r  bd_0_i/hls_inst/inst/mul_32s_32s_32_2_1_U2/buff0_reg[10]__0/C

Slack:                    inf
  Source:                 in2_q1[16]
                            (input port)
  Destination:            bd_0_i/hls_inst/inst/mul_32s_32s_32_2_1_U1/buff0_reg[0]__0/D
                            (rising edge-triggered cell FDRE clocked by ap_clk  {rise@0.000ns fall@5.000ns period=10.000ns})
  Path Group:             (none)
  Path Type:              Setup (Max at Slow Process Corner)
  Data Path Delay:        5.540ns  (logic 3.841ns (69.338%)  route 1.699ns (30.662%))
  Logic Levels:           1  (DSP48E1=1)
  Clock Path Skew:        0.924ns (DCD - SCD + CPR)
    Destination Clock Delay (DCD):    0.924ns
    Source Clock Delay      (SCD):    0.000ns
    Clock Pessimism Removal (CPR):    0.000ns
  Clock Uncertainty:      0.025ns  ((TSJ^2 + TIJ^2)^1/2 + DJ) / 2 + PE
    Total System Jitter     (TSJ):    0.050ns
    Total Input Jitter      (TIJ):    0.000ns
    Discrete Jitter          (DJ):    0.000ns
    Phase Error              (PE):    0.000ns

    Location             Delay type                Incr(ns)  Path(ns)    Netlist Resource(s)
  -------------------------------------------------------------------    -------------------
                                                      0.000     0.000 r  in2_q1[16] (IN)
                         net (fo=0)                   0.973     0.973    bd_0_i/hls_inst/inst/mul_32s_32s_32_2_1_U1/in2_q1[16]
    DSP48_X0Y11          DSP48E1 (Prop_dsp48e1_A[16]_P[0])
                                                      3.841     4.814 r  bd_0_i/hls_inst/inst/mul_32s_32s_32_2_1_U1/tmp_product__0/P[0]
                         net (fo=1, routed)           0.726     5.540    bd_0_i/hls_inst/inst/mul_32s_32s_32_2_1_U1/tmp_product__0_n_109
    SLICE_X9Y25          FDRE                                         r  bd_0_i/hls_inst/inst/mul_32s_32s_32_2_1_U1/buff0_reg[0]__0/D
  -------------------------------------------------------------------    -------------------

                         (clock ap_clk rise edge)     0.000     0.000 r  
                                                      0.000     0.000 r  ap_clk (IN)
                         net (fo=414, unset)          0.924     0.924    bd_0_i/hls_inst/inst/mul_32s_32s_32_2_1_U1/ap_clk
    SLICE_X9Y25          FDRE                                         r  bd_0_i/hls_inst/inst/mul_32s_32s_32_2_1_U1/buff0_reg[0]__0/C





Min Delay Paths
--------------------------------------------------------------------------------------
Slack:                    inf
  Source:                 bd_0_i/hls_inst/inst/mul_32s_32s_32_2_1_U1/tmp_product__0/ACOUT[0]
                            (internal pin)
  Destination:            bd_0_i/hls_inst/inst/mul_32s_32s_32_2_1_U1/buff0_reg/ACIN[0]
                            (rising edge-triggered cell DSP48E1 clocked by ap_clk  {rise@0.000ns fall@5.000ns period=10.000ns})
  Path Group:             (none)
  Path Type:              Hold (Min at Slow Process Corner)
  Data Path Delay:        0.002ns  (logic 0.000ns (0.000%)  route 0.002ns (100.000%))
  Logic Levels:           0  
  Clock Uncertainty:      0.025ns  ((TSJ^2 + TIJ^2)^1/2 + DJ) / 2 + PE
    Total System Jitter     (TSJ):    0.050ns
    Total Input Jitter      (TIJ):    0.000ns
    Discrete Jitter          (DJ):    0.000ns
    Phase Error              (PE):    0.000ns

    Location             Delay type                Incr(ns)  Path(ns)    Netlist Resource(s)
  -------------------------------------------------------------------    -------------------
    DSP48_X0Y11          DSP48E1                      0.000     0.000 r  bd_0_i/hls_inst/inst/mul_32s_32s_32_2_1_U1/tmp_product__0/ACOUT[0]
                         net (fo=1, routed)           0.002     0.002    bd_0_i/hls_inst/inst/mul_32s_32s_32_2_1_U1/tmp_product__0_n_57
    DSP48_X0Y12          DSP48E1                                      r  bd_0_i/hls_inst/inst/mul_32s_32s_32_2_1_U1/buff0_reg/ACIN[0]
  -------------------------------------------------------------------    -------------------

                         (clock ap_clk rise edge)     0.000     0.000 r  
                                                      0.000     0.000 r  ap_clk (IN)
                         net (fo=414, unset)          0.973     0.973    bd_0_i/hls_inst/inst/mul_32s_32s_32_2_1_U1/ap_clk
    DSP48_X0Y12          DSP48E1                                      r  bd_0_i/hls_inst/inst/mul_32s_32s_32_2_1_U1/buff0_reg/CLK

Slack:                    inf
  Source:                 bd_0_i/hls_inst/inst/mul_32s_32s_32_2_1_U1/tmp_product__0/ACOUT[10]
                            (internal pin)
  Destination:            bd_0_i/hls_inst/inst/mul_32s_32s_32_2_1_U1/buff0_reg/ACIN[10]
                            (rising edge-triggered cell DSP48E1 clocked by ap_clk  {rise@0.000ns fall@5.000ns period=10.000ns})
  Path Group:             (none)
  Path Type:              Hold (Min at Slow Process Corner)
  Data Path Delay:        0.002ns  (logic 0.000ns (0.000%)  route 0.002ns (100.000%))
  Logic Levels:           0  
  Clock Uncertainty:      0.025ns  ((TSJ^2 + TIJ^2)^1/2 + DJ) / 2 + PE
    Total System Jitter     (TSJ):    0.050ns
    Total Input Jitter      (TIJ):    0.000ns
    Discrete Jitter          (DJ):    0.000ns
    Phase Error              (PE):    0.000ns

    Location             Delay type                Incr(ns)  Path(ns)    Netlist Resource(s)
  -------------------------------------------------------------------    -------------------
    DSP48_X0Y11          DSP48E1                      0.000     0.000 r  bd_0_i/hls_inst/inst/mul_32s_32s_32_2_1_U1/tmp_product__0/ACOUT[10]
                         net (fo=1, routed)           0.002     0.002    bd_0_i/hls_inst/inst/mul_32s_32s_32_2_1_U1/tmp_product__0_n_47
    DSP48_X0Y12          DSP48E1                                      r  bd_0_i/hls_inst/inst/mul_32s_32s_32_2_1_U1/buff0_reg/ACIN[10]
  -------------------------------------------------------------------    -------------------

                         (clock ap_clk rise edge)     0.000     0.000 r  
                                                      0.000     0.000 r  ap_clk (IN)
                         net (fo=414, unset)          0.973     0.973    bd_0_i/hls_inst/inst/mul_32s_32s_32_2_1_U1/ap_clk
    DSP48_X0Y12          DSP48E1                                      r  bd_0_i/hls_inst/inst/mul_32s_32s_32_2_1_U1/buff0_reg/CLK

Slack:                    inf
  Source:                 bd_0_i/hls_inst/inst/mul_32s_32s_32_2_1_U1/tmp_product__0/ACOUT[11]
                            (internal pin)
  Destination:            bd_0_i/hls_inst/inst/mul_32s_32s_32_2_1_U1/buff0_reg/ACIN[11]
                            (rising edge-triggered cell DSP48E1 clocked by ap_clk  {rise@0.000ns fall@5.000ns period=10.000ns})
  Path Group:             (none)
  Path Type:              Hold (Min at Slow Process Corner)
  Data Path Delay:        0.002ns  (logic 0.000ns (0.000%)  route 0.002ns (100.000%))
  Logic Levels:           0  
  Clock Uncertainty:      0.025ns  ((TSJ^2 + TIJ^2)^1/2 + DJ) / 2 + PE
    Total System Jitter     (TSJ):    0.050ns
    Total Input Jitter      (TIJ):    0.000ns
    Discrete Jitter          (DJ):    0.000ns
    Phase Error              (PE):    0.000ns

    Location             Delay type                Incr(ns)  Path(ns)    Netlist Resource(s)
  -------------------------------------------------------------------    -------------------
    DSP48_X0Y11          DSP48E1                      0.000     0.000 r  bd_0_i/hls_inst/inst/mul_32s_32s_32_2_1_U1/tmp_product__0/ACOUT[11]
                         net (fo=1, routed)           0.002     0.002    bd_0_i/hls_inst/inst/mul_32s_32s_32_2_1_U1/tmp_product__0_n_46
    DSP48_X0Y12          DSP48E1                                      r  bd_0_i/hls_inst/inst/mul_32s_32s_32_2_1_U1/buff0_reg/ACIN[11]
  -------------------------------------------------------------------    -------------------

                         (clock ap_clk rise edge)     0.000     0.000 r  
                                                      0.000     0.000 r  ap_clk (IN)
                         net (fo=414, unset)          0.973     0.973    bd_0_i/hls_inst/inst/mul_32s_32s_32_2_1_U1/ap_clk
    DSP48_X0Y12          DSP48E1                                      r  bd_0_i/hls_inst/inst/mul_32s_32s_32_2_1_U1/buff0_reg/CLK

Slack:                    inf
  Source:                 bd_0_i/hls_inst/inst/mul_32s_32s_32_2_1_U1/tmp_product__0/ACOUT[12]
                            (internal pin)
  Destination:            bd_0_i/hls_inst/inst/mul_32s_32s_32_2_1_U1/buff0_reg/ACIN[12]
                            (rising edge-triggered cell DSP48E1 clocked by ap_clk  {rise@0.000ns fall@5.000ns period=10.000ns})
  Path Group:             (none)
  Path Type:              Hold (Min at Slow Process Corner)
  Data Path Delay:        0.002ns  (logic 0.000ns (0.000%)  route 0.002ns (100.000%))
  Logic Levels:           0  
  Clock Uncertainty:      0.025ns  ((TSJ^2 + TIJ^2)^1/2 + DJ) / 2 + PE
    Total System Jitter     (TSJ):    0.050ns
    Total Input Jitter      (TIJ):    0.000ns
    Discrete Jitter          (DJ):    0.000ns
    Phase Error              (PE):    0.000ns

    Location             Delay type                Incr(ns)  Path(ns)    Netlist Resource(s)
  -------------------------------------------------------------------    -------------------
    DSP48_X0Y11          DSP48E1                      0.000     0.000 r  bd_0_i/hls_inst/inst/mul_32s_32s_32_2_1_U1/tmp_product__0/ACOUT[12]
                         net (fo=1, routed)           0.002     0.002    bd_0_i/hls_inst/inst/mul_32s_32s_32_2_1_U1/tmp_product__0_n_45
    DSP48_X0Y12          DSP48E1                                      r  bd_0_i/hls_inst/inst/mul_32s_32s_32_2_1_U1/buff0_reg/ACIN[12]
  -------------------------------------------------------------------    -------------------

                         (clock ap_clk rise edge)     0.000     0.000 r  
                                                      0.000     0.000 r  ap_clk (IN)
                         net (fo=414, unset)          0.973     0.973    bd_0_i/hls_inst/inst/mul_32s_32s_32_2_1_U1/ap_clk
    DSP48_X0Y12          DSP48E1                                      r  bd_0_i/hls_inst/inst/mul_32s_32s_32_2_1_U1/buff0_reg/CLK

Slack:                    inf
  Source:                 bd_0_i/hls_inst/inst/mul_32s_32s_32_2_1_U1/tmp_product__0/ACOUT[13]
                            (internal pin)
  Destination:            bd_0_i/hls_inst/inst/mul_32s_32s_32_2_1_U1/buff0_reg/ACIN[13]
                            (rising edge-triggered cell DSP48E1 clocked by ap_clk  {rise@0.000ns fall@5.000ns period=10.000ns})
  Path Group:             (none)
  Path Type:              Hold (Min at Slow Process Corner)
  Data Path Delay:        0.002ns  (logic 0.000ns (0.000%)  route 0.002ns (100.000%))
  Logic Levels:           0  
  Clock Uncertainty:      0.025ns  ((TSJ^2 + TIJ^2)^1/2 + DJ) / 2 + PE
    Total System Jitter     (TSJ):    0.050ns
    Total Input Jitter      (TIJ):    0.000ns
    Discrete Jitter          (DJ):    0.000ns
    Phase Error              (PE):    0.000ns

    Location             Delay type                Incr(ns)  Path(ns)    Netlist Resource(s)
  -------------------------------------------------------------------    -------------------
    DSP48_X0Y11          DSP48E1                      0.000     0.000 r  bd_0_i/hls_inst/inst/mul_32s_32s_32_2_1_U1/tmp_product__0/ACOUT[13]
                         net (fo=1, routed)           0.002     0.002    bd_0_i/hls_inst/inst/mul_32s_32s_32_2_1_U1/tmp_product__0_n_44
    DSP48_X0Y12          DSP48E1                                      r  bd_0_i/hls_inst/inst/mul_32s_32s_32_2_1_U1/buff0_reg/ACIN[13]
  -------------------------------------------------------------------    -------------------

                         (clock ap_clk rise edge)     0.000     0.000 r  
                                                      0.000     0.000 r  ap_clk (IN)
                         net (fo=414, unset)          0.973     0.973    bd_0_i/hls_inst/inst/mul_32s_32s_32_2_1_U1/ap_clk
    DSP48_X0Y12          DSP48E1                                      r  bd_0_i/hls_inst/inst/mul_32s_32s_32_2_1_U1/buff0_reg/CLK

Slack:                    inf
  Source:                 bd_0_i/hls_inst/inst/mul_32s_32s_32_2_1_U1/tmp_product__0/ACOUT[14]
                            (internal pin)
  Destination:            bd_0_i/hls_inst/inst/mul_32s_32s_32_2_1_U1/buff0_reg/ACIN[14]
                            (rising edge-triggered cell DSP48E1 clocked by ap_clk  {rise@0.000ns fall@5.000ns period=10.000ns})
  Path Group:             (none)
  Path Type:              Hold (Min at Slow Process Corner)
  Data Path Delay:        0.002ns  (logic 0.000ns (0.000%)  route 0.002ns (100.000%))
  Logic Levels:           0  
  Clock Uncertainty:      0.025ns  ((TSJ^2 + TIJ^2)^1/2 + DJ) / 2 + PE
    Total System Jitter     (TSJ):    0.050ns
    Total Input Jitter      (TIJ):    0.000ns
    Discrete Jitter          (DJ):    0.000ns
    Phase Error              (PE):    0.000ns

    Location             Delay type                Incr(ns)  Path(ns)    Netlist Resource(s)
  -------------------------------------------------------------------    -------------------
    DSP48_X0Y11          DSP48E1                      0.000     0.000 r  bd_0_i/hls_inst/inst/mul_32s_32s_32_2_1_U1/tmp_product__0/ACOUT[14]
                         net (fo=1, routed)           0.002     0.002    bd_0_i/hls_inst/inst/mul_32s_32s_32_2_1_U1/tmp_product__0_n_43
    DSP48_X0Y12          DSP48E1                                      r  bd_0_i/hls_inst/inst/mul_32s_32s_32_2_1_U1/buff0_reg/ACIN[14]
  -------------------------------------------------------------------    -------------------

                         (clock ap_clk rise edge)     0.000     0.000 r  
                                                      0.000     0.000 r  ap_clk (IN)
                         net (fo=414, unset)          0.973     0.973    bd_0_i/hls_inst/inst/mul_32s_32s_32_2_1_U1/ap_clk
    DSP48_X0Y12          DSP48E1                                      r  bd_0_i/hls_inst/inst/mul_32s_32s_32_2_1_U1/buff0_reg/CLK

Slack:                    inf
  Source:                 bd_0_i/hls_inst/inst/mul_32s_32s_32_2_1_U1/tmp_product__0/ACOUT[15]
                            (internal pin)
  Destination:            bd_0_i/hls_inst/inst/mul_32s_32s_32_2_1_U1/buff0_reg/ACIN[15]
                            (rising edge-triggered cell DSP48E1 clocked by ap_clk  {rise@0.000ns fall@5.000ns period=10.000ns})
  Path Group:             (none)
  Path Type:              Hold (Min at Slow Process Corner)
  Data Path Delay:        0.002ns  (logic 0.000ns (0.000%)  route 0.002ns (100.000%))
  Logic Levels:           0  
  Clock Uncertainty:      0.025ns  ((TSJ^2 + TIJ^2)^1/2 + DJ) / 2 + PE
    Total System Jitter     (TSJ):    0.050ns
    Total Input Jitter      (TIJ):    0.000ns
    Discrete Jitter          (DJ):    0.000ns
    Phase Error              (PE):    0.000ns

    Location             Delay type                Incr(ns)  Path(ns)    Netlist Resource(s)
  -------------------------------------------------------------------    -------------------
    DSP48_X0Y11          DSP48E1                      0.000     0.000 r  bd_0_i/hls_inst/inst/mul_32s_32s_32_2_1_U1/tmp_product__0/ACOUT[15]
                         net (fo=1, routed)           0.002     0.002    bd_0_i/hls_inst/inst/mul_32s_32s_32_2_1_U1/tmp_product__0_n_42
    DSP48_X0Y12          DSP48E1                                      r  bd_0_i/hls_inst/inst/mul_32s_32s_32_2_1_U1/buff0_reg/ACIN[15]
  -------------------------------------------------------------------    -------------------

                         (clock ap_clk rise edge)     0.000     0.000 r  
                                                      0.000     0.000 r  ap_clk (IN)
                         net (fo=414, unset)          0.973     0.973    bd_0_i/hls_inst/inst/mul_32s_32s_32_2_1_U1/ap_clk
    DSP48_X0Y12          DSP48E1                                      r  bd_0_i/hls_inst/inst/mul_32s_32s_32_2_1_U1/buff0_reg/CLK

Slack:                    inf
  Source:                 bd_0_i/hls_inst/inst/mul_32s_32s_32_2_1_U1/tmp_product__0/ACOUT[16]
                            (internal pin)
  Destination:            bd_0_i/hls_inst/inst/mul_32s_32s_32_2_1_U1/buff0_reg/ACIN[16]
                            (rising edge-triggered cell DSP48E1 clocked by ap_clk  {rise@0.000ns fall@5.000ns period=10.000ns})
  Path Group:             (none)
  Path Type:              Hold (Min at Slow Process Corner)
  Data Path Delay:        0.002ns  (logic 0.000ns (0.000%)  route 0.002ns (100.000%))
  Logic Levels:           0  
  Clock Uncertainty:      0.025ns  ((TSJ^2 + TIJ^2)^1/2 + DJ) / 2 + PE
    Total System Jitter     (TSJ):    0.050ns
    Total Input Jitter      (TIJ):    0.000ns
    Discrete Jitter          (DJ):    0.000ns
    Phase Error              (PE):    0.000ns

    Location             Delay type                Incr(ns)  Path(ns)    Netlist Resource(s)
  -------------------------------------------------------------------    -------------------
    DSP48_X0Y11          DSP48E1                      0.000     0.000 r  bd_0_i/hls_inst/inst/mul_32s_32s_32_2_1_U1/tmp_product__0/ACOUT[16]
                         net (fo=1, routed)           0.002     0.002    bd_0_i/hls_inst/inst/mul_32s_32s_32_2_1_U1/tmp_product__0_n_41
    DSP48_X0Y12          DSP48E1                                      r  bd_0_i/hls_inst/inst/mul_32s_32s_32_2_1_U1/buff0_reg/ACIN[16]
  -------------------------------------------------------------------    -------------------

                         (clock ap_clk rise edge)     0.000     0.000 r  
                                                      0.000     0.000 r  ap_clk (IN)
                         net (fo=414, unset)          0.973     0.973    bd_0_i/hls_inst/inst/mul_32s_32s_32_2_1_U1/ap_clk
    DSP48_X0Y12          DSP48E1                                      r  bd_0_i/hls_inst/inst/mul_32s_32s_32_2_1_U1/buff0_reg/CLK

Slack:                    inf
  Source:                 bd_0_i/hls_inst/inst/mul_32s_32s_32_2_1_U1/tmp_product__0/ACOUT[1]
                            (internal pin)
  Destination:            bd_0_i/hls_inst/inst/mul_32s_32s_32_2_1_U1/buff0_reg/ACIN[1]
                            (rising edge-triggered cell DSP48E1 clocked by ap_clk  {rise@0.000ns fall@5.000ns period=10.000ns})
  Path Group:             (none)
  Path Type:              Hold (Min at Slow Process Corner)
  Data Path Delay:        0.002ns  (logic 0.000ns (0.000%)  route 0.002ns (100.000%))
  Logic Levels:           0  
  Clock Uncertainty:      0.025ns  ((TSJ^2 + TIJ^2)^1/2 + DJ) / 2 + PE
    Total System Jitter     (TSJ):    0.050ns
    Total Input Jitter      (TIJ):    0.000ns
    Discrete Jitter          (DJ):    0.000ns
    Phase Error              (PE):    0.000ns

    Location             Delay type                Incr(ns)  Path(ns)    Netlist Resource(s)
  -------------------------------------------------------------------    -------------------
    DSP48_X0Y11          DSP48E1                      0.000     0.000 r  bd_0_i/hls_inst/inst/mul_32s_32s_32_2_1_U1/tmp_product__0/ACOUT[1]
                         net (fo=1, routed)           0.002     0.002    bd_0_i/hls_inst/inst/mul_32s_32s_32_2_1_U1/tmp_product__0_n_56
    DSP48_X0Y12          DSP48E1                                      r  bd_0_i/hls_inst/inst/mul_32s_32s_32_2_1_U1/buff0_reg/ACIN[1]
  -------------------------------------------------------------------    -------------------

                         (clock ap_clk rise edge)     0.000     0.000 r  
                                                      0.000     0.000 r  ap_clk (IN)
                         net (fo=414, unset)          0.973     0.973    bd_0_i/hls_inst/inst/mul_32s_32s_32_2_1_U1/ap_clk
    DSP48_X0Y12          DSP48E1                                      r  bd_0_i/hls_inst/inst/mul_32s_32s_32_2_1_U1/buff0_reg/CLK

Slack:                    inf
  Source:                 bd_0_i/hls_inst/inst/mul_32s_32s_32_2_1_U1/tmp_product__0/ACOUT[2]
                            (internal pin)
  Destination:            bd_0_i/hls_inst/inst/mul_32s_32s_32_2_1_U1/buff0_reg/ACIN[2]
                            (rising edge-triggered cell DSP48E1 clocked by ap_clk  {rise@0.000ns fall@5.000ns period=10.000ns})
  Path Group:             (none)
  Path Type:              Hold (Min at Slow Process Corner)
  Data Path Delay:        0.002ns  (logic 0.000ns (0.000%)  route 0.002ns (100.000%))
  Logic Levels:           0  
  Clock Uncertainty:      0.025ns  ((TSJ^2 + TIJ^2)^1/2 + DJ) / 2 + PE
    Total System Jitter     (TSJ):    0.050ns
    Total Input Jitter      (TIJ):    0.000ns
    Discrete Jitter          (DJ):    0.000ns
    Phase Error              (PE):    0.000ns

    Location             Delay type                Incr(ns)  Path(ns)    Netlist Resource(s)
  -------------------------------------------------------------------    -------------------
    DSP48_X0Y11          DSP48E1                      0.000     0.000 r  bd_0_i/hls_inst/inst/mul_32s_32s_32_2_1_U1/tmp_product__0/ACOUT[2]
                         net (fo=1, routed)           0.002     0.002    bd_0_i/hls_inst/inst/mul_32s_32s_32_2_1_U1/tmp_product__0_n_55
    DSP48_X0Y12          DSP48E1                                      r  bd_0_i/hls_inst/inst/mul_32s_32s_32_2_1_U1/buff0_reg/ACIN[2]
  -------------------------------------------------------------------    -------------------

                         (clock ap_clk rise edge)     0.000     0.000 r  
                                                      0.000     0.000 r  ap_clk (IN)
                         net (fo=414, unset)          0.973     0.973    bd_0_i/hls_inst/inst/mul_32s_32s_32_2_1_U1/ap_clk
    DSP48_X0Y12          DSP48E1                                      r  bd_0_i/hls_inst/inst/mul_32s_32s_32_2_1_U1/buff0_reg/CLK





