Copyright 1986-2022 Xilinx, Inc. All Rights Reserved. Copyright 2022-2025 Advanced Micro Devices, Inc. All Rights Reserved.
------------------------------------------------------------------------------------------------------------------------------------------------------------------------------------------------------------------------------------------------
| Tool Version : Vivado v.2025.2 (lin64) Build 6299465 Fri Nov 14 12:34:56 MST 2025
| Date         : Mon May 25 15:20:30 2026
| Host         : NhanEnten running 64-bit Ubuntu 24.04.4 LTS
| Command      : report_timing_summary -max_paths 10 -routable_nets -report_unconstrained -file bd_0_wrapper_timing_summary_routed.rpt -pb bd_0_wrapper_timing_summary_routed.pb -rpx bd_0_wrapper_timing_summary_routed.rpx -warn_on_violation
| Design       : bd_0_wrapper
| Device       : 7z010-clg400
| Speed File   : -1  PRODUCTION 1.12 2019-11-22
| Design State : Routed
------------------------------------------------------------------------------------------------------------------------------------------------------------------------------------------------------------------------------------------------

Timing Summary Report

------------------------------------------------------------------------------------------------
| Timer Settings
| --------------
------------------------------------------------------------------------------------------------

  Enable Multi Corner Analysis               :  Yes
  Enable Pessimism Removal                   :  Yes
  Pessimism Removal Resolution               :  Nearest Common Node
  Enable Input Delay Default Clock           :  No
  Enable Preset / Clear Arcs                 :  No
  Disable Flight Delays                      :  No
  Ignore I/O Paths                           :  No
  Timing Early Launch at Borrowing Latches   :  No
  Borrow Time for Max Delay Exceptions       :  Yes
  Merge Timing Exceptions                    :  Yes
  Inter-SLR Compensation                     :  Conservative

  Corner  Analyze    Analyze    
  Name    Max Paths  Min Paths  
  ------  ---------  ---------  
  Slow    Yes        Yes        
  Fast    Yes        Yes        


------------------------------------------------------------------------------------------------
| Report Methodology
| ------------------
------------------------------------------------------------------------------------------------

Rule       Severity  Description                    Violations  
---------  --------  -----------------------------  ----------  
TIMING-18  Warning   Missing input or output delay  161         

Note: This report is based on the most recent report_methodology run and may not be up-to-date. Run report_methodology on the current design for the latest report.



check_timing report

Table of Contents
-----------------
1. checking no_clock (0)
2. checking constant_clock (0)
3. checking pulse_width_clock (0)
4. checking unconstrained_internal_endpoints (0)
5. checking no_input_delay (98)
6. checking no_output_delay (63)
7. checking multiple_clock (0)
8. checking generated_clocks (0)
9. checking loops (0)
10. checking partial_input_delay (0)
11. checking partial_output_delay (0)
12. checking latch_loops (0)

1. checking no_clock (0)
------------------------
 There are 0 register/latch pins with no clock.


2. checking constant_clock (0)
------------------------------
 There are 0 register/latch pins with constant_clock.


3. checking pulse_width_clock (0)
---------------------------------
 There are 0 register/latch pins which need pulse_width check


4. checking unconstrained_internal_endpoints (0)
------------------------------------------------
 There are 0 pins that are not constrained for maximum delay.

 There are 0 pins that are not constrained for maximum delay due to constant clock.


5. checking no_input_delay (98)
-------------------------------
 There are 98 input ports with no input delay specified. (HIGH)

 There are 0 input ports with no input delay but user has a false path constraint.


6. checking no_output_delay (63)
--------------------------------
 There are 63 ports with no output delay specified. (HIGH)

 There are 0 ports with no output delay but user has a false path constraint

 There are 0 ports with no output delay but with a timing clock defined on it or propagating through it


7. checking multiple_clock (0)
------------------------------
 There are 0 register/latch pins with multiple clocks.


8. checking generated_clocks (0)
--------------------------------
 There are 0 generated clocks that are not connected to a clock source.


9. checking loops (0)
---------------------
 There are 0 combinational loops in the design.


10. checking partial_input_delay (0)
------------------------------------
 There are 0 input ports with partial input delay specified.


11. checking partial_output_delay (0)
-------------------------------------
 There are 0 ports with partial output delay specified.


12. checking latch_loops (0)
----------------------------
 There are 0 combinational latch loops in the design through latch input



------------------------------------------------------------------------------------------------
| Design Timing Summary
| ---------------------
------------------------------------------------------------------------------------------------

    WNS(ns)      TNS(ns)  TNS Failing Endpoints  TNS Total Endpoints      WHS(ns)      THS(ns)  THS Failing Endpoints  THS Total Endpoints     WPWS(ns)     TPWS(ns)  TPWS Failing Endpoints  TPWS Total Endpoints  
    -------      -------  ---------------------  -------------------      -------      -------  ---------------------  -------------------     --------     --------  ----------------------  --------------------  
      5.330        0.000                      0                  261        0.171        0.000                      0                  261        4.020        0.000                       0                   188  


All user specified timing constraints are met.


------------------------------------------------------------------------------------------------
| Clock Summary
| -------------
------------------------------------------------------------------------------------------------

Clock   Waveform(ns)       Period(ns)      Frequency(MHz)
-----   ------------       ----------      --------------
ap_clk  {0.000 5.000}      10.000          100.000         


------------------------------------------------------------------------------------------------
| Intra Clock Table
| -----------------
------------------------------------------------------------------------------------------------

Clock             WNS(ns)      TNS(ns)  TNS Failing Endpoints  TNS Total Endpoints      WHS(ns)      THS(ns)  THS Failing Endpoints  THS Total Endpoints     WPWS(ns)     TPWS(ns)  TPWS Failing Endpoints  TPWS Total Endpoints  
-----             -------      -------  ---------------------  -------------------      -------      -------  ---------------------  -------------------     --------     --------  ----------------------  --------------------  
ap_clk              5.330        0.000                      0                  261        0.171        0.000                      0                  261        4.020        0.000                       0                   188  


------------------------------------------------------------------------------------------------
| Inter Clock Table
| -----------------
------------------------------------------------------------------------------------------------

From Clock    To Clock          WNS(ns)      TNS(ns)  TNS Failing Endpoints  TNS Total Endpoints      WHS(ns)      THS(ns)  THS Failing Endpoints  THS Total Endpoints  
----------    --------          -------      -------  ---------------------  -------------------      -------      -------  ---------------------  -------------------  


------------------------------------------------------------------------------------------------
| Other Path Groups Table
| -----------------------
------------------------------------------------------------------------------------------------

Path Group    From Clock    To Clock          WNS(ns)      TNS(ns)  TNS Failing Endpoints  TNS Total Endpoints      WHS(ns)      THS(ns)  THS Failing Endpoints  THS Total Endpoints  
----------    ----------    --------          -------      -------  ---------------------  -------------------      -------      -------  ---------------------  -------------------  


------------------------------------------------------------------------------------------------
| User Ignored Path Table
| -----------------------
------------------------------------------------------------------------------------------------

Path Group    From Clock    To Clock    
----------    ----------    --------    


------------------------------------------------------------------------------------------------
| Unconstrained Path Table
| ------------------------
------------------------------------------------------------------------------------------------

Path Group    From Clock    To Clock    
----------    ----------    --------    
(none)                                    
(none)        ap_clk                      
(none)                      ap_clk        


------------------------------------------------------------------------------------------------
| Timing Details
| --------------
------------------------------------------------------------------------------------------------


---------------------------------------------------------------------------------------------------
From Clock:  ap_clk
  To Clock:  ap_clk

Setup :            0  Failing Endpoints,  Worst Slack        5.330ns,  Total Violation        0.000ns
Hold  :            0  Failing Endpoints,  Worst Slack        0.171ns,  Total Violation        0.000ns
PW    :            0  Failing Endpoints,  Worst Slack        4.020ns,  Total Violation        0.000ns
---------------------------------------------------------------------------------------------------


Max Delay Paths
--------------------------------------------------------------------------------------
Slack (MET) :             5.330ns  (required time - arrival time)
  Source:                 bd_0_i/hls_inst/inst/flow_control_loop_delay_pipe_U/rewind_ap_ready_reg_reg/C
                            (rising edge-triggered cell FDRE clocked by ap_clk  {rise@0.000ns fall@5.000ns period=10.000ns})
  Destination:            bd_0_i/hls_inst/inst/sum_fu_88_reg[28]/R
                            (rising edge-triggered cell FDRE clocked by ap_clk  {rise@0.000ns fall@5.000ns period=10.000ns})
  Path Group:             ap_clk
  Path Type:              Setup (Max at Slow Process Corner)
  Requirement:            10.000ns  (ap_clk rise@10.000ns - ap_clk rise@0.000ns)
  Data Path Delay:        3.953ns  (logic 0.666ns (16.847%)  route 3.287ns (83.153%))
  Logic Levels:           1  (LUT3=1)
  Clock Path Skew:        -0.049ns (DCD - SCD + CPR)
    Destination Clock Delay (DCD):    0.924ns = ( 10.924 - 10.000 ) 
    Source Clock Delay      (SCD):    0.973ns
    Clock Pessimism Removal (CPR):    0.000ns
  Clock Uncertainty:      0.035ns  ((TSJ^2 + TIJ^2)^1/2 + DJ) / 2 + PE
    Total System Jitter     (TSJ):    0.071ns
    Total Input Jitter      (TIJ):    0.000ns
    Discrete Jitter          (DJ):    0.000ns
    Phase Error              (PE):    0.000ns

    Location             Delay type                Incr(ns)  Path(ns)    Netlist Resource(s)
  -------------------------------------------------------------------    -------------------
                         (clock ap_clk rise edge)     0.000     0.000 r  
                                                      0.000     0.000 r  ap_clk (IN)
                         net (fo=187, unset)          0.973     0.973    bd_0_i/hls_inst/inst/flow_control_loop_delay_pipe_U/ap_clk
    SLICE_X30Y48         FDRE                                         r  bd_0_i/hls_inst/inst/flow_control_loop_delay_pipe_U/rewind_ap_ready_reg_reg/C
  -------------------------------------------------------------------    -------------------
    SLICE_X30Y48         FDRE (Prop_fdre_C_Q)         0.518     1.491 f  bd_0_i/hls_inst/inst/flow_control_loop_delay_pipe_U/rewind_ap_ready_reg_reg/Q
                         net (fo=19, routed)          1.094     2.585    bd_0_i/hls_inst/inst/flow_control_loop_delay_pipe_U/rewind_ap_ready_reg
    SLICE_X30Y45         LUT3 (Prop_lut3_I1_O)        0.148     2.733 r  bd_0_i/hls_inst/inst/flow_control_loop_delay_pipe_U/k_fu_84[4]_i_1/O
                         net (fo=56, routed)          2.194     4.926    bd_0_i/hls_inst/inst/ap_condition_162
    SLICE_X18Y53         FDRE                                         r  bd_0_i/hls_inst/inst/sum_fu_88_reg[28]/R
  -------------------------------------------------------------------    -------------------

                         (clock ap_clk rise edge)    10.000    10.000 r  
                                                      0.000    10.000 r  ap_clk (IN)
                         net (fo=187, unset)          0.924    10.924    bd_0_i/hls_inst/inst/ap_clk
    SLICE_X18Y53         FDRE                                         r  bd_0_i/hls_inst/inst/sum_fu_88_reg[28]/C
                         clock pessimism              0.000    10.924    
                         clock uncertainty           -0.035    10.889    
    SLICE_X18Y53         FDRE (Setup_fdre_C_R)       -0.633    10.256    bd_0_i/hls_inst/inst/sum_fu_88_reg[28]
  -------------------------------------------------------------------
                         required time                         10.256    
                         arrival time                          -4.926    
  -------------------------------------------------------------------
                         slack                                  5.330    

Slack (MET) :             5.330ns  (required time - arrival time)
  Source:                 bd_0_i/hls_inst/inst/flow_control_loop_delay_pipe_U/rewind_ap_ready_reg_reg/C
                            (rising edge-triggered cell FDRE clocked by ap_clk  {rise@0.000ns fall@5.000ns period=10.000ns})
  Destination:            bd_0_i/hls_inst/inst/sum_fu_88_reg[29]/R
                            (rising edge-triggered cell FDRE clocked by ap_clk  {rise@0.000ns fall@5.000ns period=10.000ns})
  Path Group:             ap_clk
  Path Type:              Setup (Max at Slow Process Corner)
  Requirement:            10.000ns  (ap_clk rise@10.000ns - ap_clk rise@0.000ns)
  Data Path Delay:        3.953ns  (logic 0.666ns (16.847%)  route 3.287ns (83.153%))
  Logic Levels:           1  (LUT3=1)
  Clock Path Skew:        -0.049ns (DCD - SCD + CPR)
    Destination Clock Delay (DCD):    0.924ns = ( 10.924 - 10.000 ) 
    Source Clock Delay      (SCD):    0.973ns
    Clock Pessimism Removal (CPR):    0.000ns
  Clock Uncertainty:      0.035ns  ((TSJ^2 + TIJ^2)^1/2 + DJ) / 2 + PE
    Total System Jitter     (TSJ):    0.071ns
    Total Input Jitter      (TIJ):    0.000ns
    Discrete Jitter          (DJ):    0.000ns
    Phase Error              (PE):    0.000ns

    Location             Delay type                Incr(ns)  Path(ns)    Netlist Resource(s)
  -------------------------------------------------------------------    -------------------
                         (clock ap_clk rise edge)     0.000     0.000 r  
                                                      0.000     0.000 r  ap_clk (IN)
                         net (fo=187, unset)          0.973     0.973    bd_0_i/hls_inst/inst/flow_control_loop_delay_pipe_U/ap_clk
    SLICE_X30Y48         FDRE                                         r  bd_0_i/hls_inst/inst/flow_control_loop_delay_pipe_U/rewind_ap_ready_reg_reg/C
  -------------------------------------------------------------------    -------------------
    SLICE_X30Y48         FDRE (Prop_fdre_C_Q)         0.518     1.491 f  bd_0_i/hls_inst/inst/flow_control_loop_delay_pipe_U/rewind_ap_ready_reg_reg/Q
                         net (fo=19, routed)          1.094     2.585    bd_0_i/hls_inst/inst/flow_control_loop_delay_pipe_U/rewind_ap_ready_reg
    SLICE_X30Y45         LUT3 (Prop_lut3_I1_O)        0.148     2.733 r  bd_0_i/hls_inst/inst/flow_control_loop_delay_pipe_U/k_fu_84[4]_i_1/O
                         net (fo=56, routed)          2.194     4.926    bd_0_i/hls_inst/inst/ap_condition_162
    SLICE_X18Y53         FDRE                                         r  bd_0_i/hls_inst/inst/sum_fu_88_reg[29]/R
  -------------------------------------------------------------------    -------------------

                         (clock ap_clk rise edge)    10.000    10.000 r  
                                                      0.000    10.000 r  ap_clk (IN)
                         net (fo=187, unset)          0.924    10.924    bd_0_i/hls_inst/inst/ap_clk
    SLICE_X18Y53         FDRE                                         r  bd_0_i/hls_inst/inst/sum_fu_88_reg[29]/C
                         clock pessimism              0.000    10.924    
                         clock uncertainty           -0.035    10.889    
    SLICE_X18Y53         FDRE (Setup_fdre_C_R)       -0.633    10.256    bd_0_i/hls_inst/inst/sum_fu_88_reg[29]
  -------------------------------------------------------------------
                         required time                         10.256    
                         arrival time                          -4.926    
  -------------------------------------------------------------------
                         slack                                  5.330    

Slack (MET) :             5.330ns  (required time - arrival time)
  Source:                 bd_0_i/hls_inst/inst/flow_control_loop_delay_pipe_U/rewind_ap_ready_reg_reg/C
                            (rising edge-triggered cell FDRE clocked by ap_clk  {rise@0.000ns fall@5.000ns period=10.000ns})
  Destination:            bd_0_i/hls_inst/inst/sum_fu_88_reg[30]/R
                            (rising edge-triggered cell FDRE clocked by ap_clk  {rise@0.000ns fall@5.000ns period=10.000ns})
  Path Group:             ap_clk
  Path Type:              Setup (Max at Slow Process Corner)
  Requirement:            10.000ns  (ap_clk rise@10.000ns - ap_clk rise@0.000ns)
  Data Path Delay:        3.953ns  (logic 0.666ns (16.847%)  route 3.287ns (83.153%))
  Logic Levels:           1  (LUT3=1)
  Clock Path Skew:        -0.049ns (DCD - SCD + CPR)
    Destination Clock Delay (DCD):    0.924ns = ( 10.924 - 10.000 ) 
    Source Clock Delay      (SCD):    0.973ns
    Clock Pessimism Removal (CPR):    0.000ns
  Clock Uncertainty:      0.035ns  ((TSJ^2 + TIJ^2)^1/2 + DJ) / 2 + PE
    Total System Jitter     (TSJ):    0.071ns
    Total Input Jitter      (TIJ):    0.000ns
    Discrete Jitter          (DJ):    0.000ns
    Phase Error              (PE):    0.000ns

    Location             Delay type                Incr(ns)  Path(ns)    Netlist Resource(s)
  -------------------------------------------------------------------    -------------------
                         (clock ap_clk rise edge)     0.000     0.000 r  
                                                      0.000     0.000 r  ap_clk (IN)
                         net (fo=187, unset)          0.973     0.973    bd_0_i/hls_inst/inst/flow_control_loop_delay_pipe_U/ap_clk
    SLICE_X30Y48         FDRE                                         r  bd_0_i/hls_inst/inst/flow_control_loop_delay_pipe_U/rewind_ap_ready_reg_reg/C
  -------------------------------------------------------------------    -------------------
    SLICE_X30Y48         FDRE (Prop_fdre_C_Q)         0.518     1.491 f  bd_0_i/hls_inst/inst/flow_control_loop_delay_pipe_U/rewind_ap_ready_reg_reg/Q
                         net (fo=19, routed)          1.094     2.585    bd_0_i/hls_inst/inst/flow_control_loop_delay_pipe_U/rewind_ap_ready_reg
    SLICE_X30Y45         LUT3 (Prop_lut3_I1_O)        0.148     2.733 r  bd_0_i/hls_inst/inst/flow_control_loop_delay_pipe_U/k_fu_84[4]_i_1/O
                         net (fo=56, routed)          2.194     4.926    bd_0_i/hls_inst/inst/ap_condition_162
    SLICE_X18Y53         FDRE                                         r  bd_0_i/hls_inst/inst/sum_fu_88_reg[30]/R
  -------------------------------------------------------------------    -------------------

                         (clock ap_clk rise edge)    10.000    10.000 r  
                                                      0.000    10.000 r  ap_clk (IN)
                         net (fo=187, unset)          0.924    10.924    bd_0_i/hls_inst/inst/ap_clk
    SLICE_X18Y53         FDRE                                         r  bd_0_i/hls_inst/inst/sum_fu_88_reg[30]/C
                         clock pessimism              0.000    10.924    
                         clock uncertainty           -0.035    10.889    
    SLICE_X18Y53         FDRE (Setup_fdre_C_R)       -0.633    10.256    bd_0_i/hls_inst/inst/sum_fu_88_reg[30]
  -------------------------------------------------------------------
                         required time                         10.256    
                         arrival time                          -4.926    
  -------------------------------------------------------------------
                         slack                                  5.330    

Slack (MET) :             5.330ns  (required time - arrival time)
  Source:                 bd_0_i/hls_inst/inst/flow_control_loop_delay_pipe_U/rewind_ap_ready_reg_reg/C
                            (rising edge-triggered cell FDRE clocked by ap_clk  {rise@0.000ns fall@5.000ns period=10.000ns})
  Destination:            bd_0_i/hls_inst/inst/sum_fu_88_reg[31]/R
                            (rising edge-triggered cell FDRE clocked by ap_clk  {rise@0.000ns fall@5.000ns period=10.000ns})
  Path Group:             ap_clk
  Path Type:              Setup (Max at Slow Process Corner)
  Requirement:            10.000ns  (ap_clk rise@10.000ns - ap_clk rise@0.000ns)
  Data Path Delay:        3.953ns  (logic 0.666ns (16.847%)  route 3.287ns (83.153%))
  Logic Levels:           1  (LUT3=1)
  Clock Path Skew:        -0.049ns (DCD - SCD + CPR)
    Destination Clock Delay (DCD):    0.924ns = ( 10.924 - 10.000 ) 
    Source Clock Delay      (SCD):    0.973ns
    Clock Pessimism Removal (CPR):    0.000ns
  Clock Uncertainty:      0.035ns  ((TSJ^2 + TIJ^2)^1/2 + DJ) / 2 + PE
    Total System Jitter     (TSJ):    0.071ns
    Total Input Jitter      (TIJ):    0.000ns
    Discrete Jitter          (DJ):    0.000ns
    Phase Error              (PE):    0.000ns

    Location             Delay type                Incr(ns)  Path(ns)    Netlist Resource(s)
  -------------------------------------------------------------------    -------------------
                         (clock ap_clk rise edge)     0.000     0.000 r  
                                                      0.000     0.000 r  ap_clk (IN)
                         net (fo=187, unset)          0.973     0.973    bd_0_i/hls_inst/inst/flow_control_loop_delay_pipe_U/ap_clk
    SLICE_X30Y48         FDRE                                         r  bd_0_i/hls_inst/inst/flow_control_loop_delay_pipe_U/rewind_ap_ready_reg_reg/C
  -------------------------------------------------------------------    -------------------
    SLICE_X30Y48         FDRE (Prop_fdre_C_Q)         0.518     1.491 f  bd_0_i/hls_inst/inst/flow_control_loop_delay_pipe_U/rewind_ap_ready_reg_reg/Q
                         net (fo=19, routed)          1.094     2.585    bd_0_i/hls_inst/inst/flow_control_loop_delay_pipe_U/rewind_ap_ready_reg
    SLICE_X30Y45         LUT3 (Prop_lut3_I1_O)        0.148     2.733 r  bd_0_i/hls_inst/inst/flow_control_loop_delay_pipe_U/k_fu_84[4]_i_1/O
                         net (fo=56, routed)          2.194     4.926    bd_0_i/hls_inst/inst/ap_condition_162
    SLICE_X18Y53         FDRE                                         r  bd_0_i/hls_inst/inst/sum_fu_88_reg[31]/R
  -------------------------------------------------------------------    -------------------

                         (clock ap_clk rise edge)    10.000    10.000 r  
                                                      0.000    10.000 r  ap_clk (IN)
                         net (fo=187, unset)          0.924    10.924    bd_0_i/hls_inst/inst/ap_clk
    SLICE_X18Y53         FDRE                                         r  bd_0_i/hls_inst/inst/sum_fu_88_reg[31]/C
                         clock pessimism              0.000    10.924    
                         clock uncertainty           -0.035    10.889    
    SLICE_X18Y53         FDRE (Setup_fdre_C_R)       -0.633    10.256    bd_0_i/hls_inst/inst/sum_fu_88_reg[31]
  -------------------------------------------------------------------
                         required time                         10.256    
                         arrival time                          -4.926    
  -------------------------------------------------------------------
                         slack                                  5.330    

Slack (MET) :             5.472ns  (required time - arrival time)
  Source:                 bd_0_i/hls_inst/inst/flow_control_loop_delay_pipe_U/rewind_ap_ready_reg_reg/C
                            (rising edge-triggered cell FDRE clocked by ap_clk  {rise@0.000ns fall@5.000ns period=10.000ns})
  Destination:            bd_0_i/hls_inst/inst/sum_fu_88_reg[24]/R
                            (rising edge-triggered cell FDRE clocked by ap_clk  {rise@0.000ns fall@5.000ns period=10.000ns})
  Path Group:             ap_clk
  Path Type:              Setup (Max at Slow Process Corner)
  Requirement:            10.000ns  (ap_clk rise@10.000ns - ap_clk rise@0.000ns)
  Data Path Delay:        3.811ns  (logic 0.666ns (17.474%)  route 3.145ns (82.526%))
  Logic Levels:           1  (LUT3=1)
  Clock Path Skew:        -0.049ns (DCD - SCD + CPR)
    Destination Clock Delay (DCD):    0.924ns = ( 10.924 - 10.000 ) 
    Source Clock Delay      (SCD):    0.973ns
    Clock Pessimism Removal (CPR):    0.000ns
  Clock Uncertainty:      0.035ns  ((TSJ^2 + TIJ^2)^1/2 + DJ) / 2 + PE
    Total System Jitter     (TSJ):    0.071ns
    Total Input Jitter      (TIJ):    0.000ns
    Discrete Jitter          (DJ):    0.000ns
    Phase Error              (PE):    0.000ns

    Location             Delay type                Incr(ns)  Path(ns)    Netlist Resource(s)
  -------------------------------------------------------------------    -------------------
                         (clock ap_clk rise edge)     0.000     0.000 r  
                                                      0.000     0.000 r  ap_clk (IN)
                         net (fo=187, unset)          0.973     0.973    bd_0_i/hls_inst/inst/flow_control_loop_delay_pipe_U/ap_clk
    SLICE_X30Y48         FDRE                                         r  bd_0_i/hls_inst/inst/flow_control_loop_delay_pipe_U/rewind_ap_ready_reg_reg/C
  -------------------------------------------------------------------    -------------------
    SLICE_X30Y48         FDRE (Prop_fdre_C_Q)         0.518     1.491 f  bd_0_i/hls_inst/inst/flow_control_loop_delay_pipe_U/rewind_ap_ready_reg_reg/Q
                         net (fo=19, routed)          1.094     2.585    bd_0_i/hls_inst/inst/flow_control_loop_delay_pipe_U/rewind_ap_ready_reg
    SLICE_X30Y45         LUT3 (Prop_lut3_I1_O)        0.148     2.733 r  bd_0_i/hls_inst/inst/flow_control_loop_delay_pipe_U/k_fu_84[4]_i_1/O
                         net (fo=56, routed)          2.052     4.784    bd_0_i/hls_inst/inst/ap_condition_162
    SLICE_X18Y52         FDRE                                         r  bd_0_i/hls_inst/inst/sum_fu_88_reg[24]/R
  -------------------------------------------------------------------    -------------------

                         (clock ap_clk rise edge)    10.000    10.000 r  
                                                      0.000    10.000 r  ap_clk (IN)
                         net (fo=187, unset)          0.924    10.924    bd_0_i/hls_inst/inst/ap_clk
    SLICE_X18Y52         FDRE                                         r  bd_0_i/hls_inst/inst/sum_fu_88_reg[24]/C
                         clock pessimism              0.000    10.924    
                         clock uncertainty           -0.035    10.889    
    SLICE_X18Y52         FDRE (Setup_fdre_C_R)       -0.633    10.256    bd_0_i/hls_inst/inst/sum_fu_88_reg[24]
  -------------------------------------------------------------------
                         required time                         10.256    
                         arrival time                          -4.784    
  -------------------------------------------------------------------
                         slack                                  5.472    

Slack (MET) :             5.472ns  (required time - arrival time)
  Source:                 bd_0_i/hls_inst/inst/flow_control_loop_delay_pipe_U/rewind_ap_ready_reg_reg/C
                            (rising edge-triggered cell FDRE clocked by ap_clk  {rise@0.000ns fall@5.000ns period=10.000ns})
  Destination:            bd_0_i/hls_inst/inst/sum_fu_88_reg[25]/R
                            (rising edge-triggered cell FDRE clocked by ap_clk  {rise@0.000ns fall@5.000ns period=10.000ns})
  Path Group:             ap_clk
  Path Type:              Setup (Max at Slow Process Corner)
  Requirement:            10.000ns  (ap_clk rise@10.000ns - ap_clk rise@0.000ns)
  Data Path Delay:        3.811ns  (logic 0.666ns (17.474%)  route 3.145ns (82.526%))
  Logic Levels:           1  (LUT3=1)
  Clock Path Skew:        -0.049ns (DCD - SCD + CPR)
    Destination Clock Delay (DCD):    0.924ns = ( 10.924 - 10.000 ) 
    Source Clock Delay      (SCD):    0.973ns
    Clock Pessimism Removal (CPR):    0.000ns
  Clock Uncertainty:      0.035ns  ((TSJ^2 + TIJ^2)^1/2 + DJ) / 2 + PE
    Total System Jitter     (TSJ):    0.071ns
    Total Input Jitter      (TIJ):    0.000ns
    Discrete Jitter          (DJ):    0.000ns
    Phase Error              (PE):    0.000ns

    Location             Delay type                Incr(ns)  Path(ns)    Netlist Resource(s)
  -------------------------------------------------------------------    -------------------
                         (clock ap_clk rise edge)     0.000     0.000 r  
                                                      0.000     0.000 r  ap_clk (IN)
                         net (fo=187, unset)          0.973     0.973    bd_0_i/hls_inst/inst/flow_control_loop_delay_pipe_U/ap_clk
    SLICE_X30Y48         FDRE                                         r  bd_0_i/hls_inst/inst/flow_control_loop_delay_pipe_U/rewind_ap_ready_reg_reg/C
  -------------------------------------------------------------------    -------------------
    SLICE_X30Y48         FDRE (Prop_fdre_C_Q)         0.518     1.491 f  bd_0_i/hls_inst/inst/flow_control_loop_delay_pipe_U/rewind_ap_ready_reg_reg/Q
                         net (fo=19, routed)          1.094     2.585    bd_0_i/hls_inst/inst/flow_control_loop_delay_pipe_U/rewind_ap_ready_reg
    SLICE_X30Y45         LUT3 (Prop_lut3_I1_O)        0.148     2.733 r  bd_0_i/hls_inst/inst/flow_control_loop_delay_pipe_U/k_fu_84[4]_i_1/O
                         net (fo=56, routed)          2.052     4.784    bd_0_i/hls_inst/inst/ap_condition_162
    SLICE_X18Y52         FDRE                                         r  bd_0_i/hls_inst/inst/sum_fu_88_reg[25]/R
  -------------------------------------------------------------------    -------------------

                         (clock ap_clk rise edge)    10.000    10.000 r  
                                                      0.000    10.000 r  ap_clk (IN)
                         net (fo=187, unset)          0.924    10.924    bd_0_i/hls_inst/inst/ap_clk
    SLICE_X18Y52         FDRE                                         r  bd_0_i/hls_inst/inst/sum_fu_88_reg[25]/C
                         clock pessimism              0.000    10.924    
                         clock uncertainty           -0.035    10.889    
    SLICE_X18Y52         FDRE (Setup_fdre_C_R)       -0.633    10.256    bd_0_i/hls_inst/inst/sum_fu_88_reg[25]
  -------------------------------------------------------------------
                         required time                         10.256    
                         arrival time                          -4.784    
  -------------------------------------------------------------------
                         slack                                  5.472    

Slack (MET) :             5.472ns  (required time - arrival time)
  Source:                 bd_0_i/hls_inst/inst/flow_control_loop_delay_pipe_U/rewind_ap_ready_reg_reg/C
                            (rising edge-triggered cell FDRE clocked by ap_clk  {rise@0.000ns fall@5.000ns period=10.000ns})
  Destination:            bd_0_i/hls_inst/inst/sum_fu_88_reg[26]/R
                            (rising edge-triggered cell FDRE clocked by ap_clk  {rise@0.000ns fall@5.000ns period=10.000ns})
  Path Group:             ap_clk
  Path Type:              Setup (Max at Slow Process Corner)
  Requirement:            10.000ns  (ap_clk rise@10.000ns - ap_clk rise@0.000ns)
  Data Path Delay:        3.811ns  (logic 0.666ns (17.474%)  route 3.145ns (82.526%))
  Logic Levels:           1  (LUT3=1)
  Clock Path Skew:        -0.049ns (DCD - SCD + CPR)
    Destination Clock Delay (DCD):    0.924ns = ( 10.924 - 10.000 ) 
    Source Clock Delay      (SCD):    0.973ns
    Clock Pessimism Removal (CPR):    0.000ns
  Clock Uncertainty:      0.035ns  ((TSJ^2 + TIJ^2)^1/2 + DJ) / 2 + PE
    Total System Jitter     (TSJ):    0.071ns
    Total Input Jitter      (TIJ):    0.000ns
    Discrete Jitter          (DJ):    0.000ns
    Phase Error              (PE):    0.000ns

    Location             Delay type                Incr(ns)  Path(ns)    Netlist Resource(s)
  -------------------------------------------------------------------    -------------------
                         (clock ap_clk rise edge)     0.000     0.000 r  
                                                      0.000     0.000 r  ap_clk (IN)
                         net (fo=187, unset)          0.973     0.973    bd_0_i/hls_inst/inst/flow_control_loop_delay_pipe_U/ap_clk
    SLICE_X30Y48         FDRE                                         r  bd_0_i/hls_inst/inst/flow_control_loop_delay_pipe_U/rewind_ap_ready_reg_reg/C
  -------------------------------------------------------------------    -------------------
    SLICE_X30Y48         FDRE (Prop_fdre_C_Q)         0.518     1.491 f  bd_0_i/hls_inst/inst/flow_control_loop_delay_pipe_U/rewind_ap_ready_reg_reg/Q
                         net (fo=19, routed)          1.094     2.585    bd_0_i/hls_inst/inst/flow_control_loop_delay_pipe_U/rewind_ap_ready_reg
    SLICE_X30Y45         LUT3 (Prop_lut3_I1_O)        0.148     2.733 r  bd_0_i/hls_inst/inst/flow_control_loop_delay_pipe_U/k_fu_84[4]_i_1/O
                         net (fo=56, routed)          2.052     4.784    bd_0_i/hls_inst/inst/ap_condition_162
    SLICE_X18Y52         FDRE                                         r  bd_0_i/hls_inst/inst/sum_fu_88_reg[26]/R
  -------------------------------------------------------------------    -------------------

                         (clock ap_clk rise edge)    10.000    10.000 r  
                                                      0.000    10.000 r  ap_clk (IN)
                         net (fo=187, unset)          0.924    10.924    bd_0_i/hls_inst/inst/ap_clk
    SLICE_X18Y52         FDRE                                         r  bd_0_i/hls_inst/inst/sum_fu_88_reg[26]/C
                         clock pessimism              0.000    10.924    
                         clock uncertainty           -0.035    10.889    
    SLICE_X18Y52         FDRE (Setup_fdre_C_R)       -0.633    10.256    bd_0_i/hls_inst/inst/sum_fu_88_reg[26]
  -------------------------------------------------------------------
                         required time                         10.256    
                         arrival time                          -4.784    
  -------------------------------------------------------------------
                         slack                                  5.472    

Slack (MET) :             5.472ns  (required time - arrival time)
  Source:                 bd_0_i/hls_inst/inst/flow_control_loop_delay_pipe_U/rewind_ap_ready_reg_reg/C
                            (rising edge-triggered cell FDRE clocked by ap_clk  {rise@0.000ns fall@5.000ns period=10.000ns})
  Destination:            bd_0_i/hls_inst/inst/sum_fu_88_reg[27]/R
                            (rising edge-triggered cell FDRE clocked by ap_clk  {rise@0.000ns fall@5.000ns period=10.000ns})
  Path Group:             ap_clk
  Path Type:              Setup (Max at Slow Process Corner)
  Requirement:            10.000ns  (ap_clk rise@10.000ns - ap_clk rise@0.000ns)
  Data Path Delay:        3.811ns  (logic 0.666ns (17.474%)  route 3.145ns (82.526%))
  Logic Levels:           1  (LUT3=1)
  Clock Path Skew:        -0.049ns (DCD - SCD + CPR)
    Destination Clock Delay (DCD):    0.924ns = ( 10.924 - 10.000 ) 
    Source Clock Delay      (SCD):    0.973ns
    Clock Pessimism Removal (CPR):    0.000ns
  Clock Uncertainty:      0.035ns  ((TSJ^2 + TIJ^2)^1/2 + DJ) / 2 + PE
    Total System Jitter     (TSJ):    0.071ns
    Total Input Jitter      (TIJ):    0.000ns
    Discrete Jitter          (DJ):    0.000ns
    Phase Error              (PE):    0.000ns

    Location             Delay type                Incr(ns)  Path(ns)    Netlist Resource(s)
  -------------------------------------------------------------------    -------------------
                         (clock ap_clk rise edge)     0.000     0.000 r  
                                                      0.000     0.000 r  ap_clk (IN)
                         net (fo=187, unset)          0.973     0.973    bd_0_i/hls_inst/inst/flow_control_loop_delay_pipe_U/ap_clk
    SLICE_X30Y48         FDRE                                         r  bd_0_i/hls_inst/inst/flow_control_loop_delay_pipe_U/rewind_ap_ready_reg_reg/C
  -------------------------------------------------------------------    -------------------
    SLICE_X30Y48         FDRE (Prop_fdre_C_Q)         0.518     1.491 f  bd_0_i/hls_inst/inst/flow_control_loop_delay_pipe_U/rewind_ap_ready_reg_reg/Q
                         net (fo=19, routed)          1.094     2.585    bd_0_i/hls_inst/inst/flow_control_loop_delay_pipe_U/rewind_ap_ready_reg
    SLICE_X30Y45         LUT3 (Prop_lut3_I1_O)        0.148     2.733 r  bd_0_i/hls_inst/inst/flow_control_loop_delay_pipe_U/k_fu_84[4]_i_1/O
                         net (fo=56, routed)          2.052     4.784    bd_0_i/hls_inst/inst/ap_condition_162
    SLICE_X18Y52         FDRE                                         r  bd_0_i/hls_inst/inst/sum_fu_88_reg[27]/R
  -------------------------------------------------------------------    -------------------

                         (clock ap_clk rise edge)    10.000    10.000 r  
                                                      0.000    10.000 r  ap_clk (IN)
                         net (fo=187, unset)          0.924    10.924    bd_0_i/hls_inst/inst/ap_clk
    SLICE_X18Y52         FDRE                                         r  bd_0_i/hls_inst/inst/sum_fu_88_reg[27]/C
                         clock pessimism              0.000    10.924    
                         clock uncertainty           -0.035    10.889    
    SLICE_X18Y52         FDRE (Setup_fdre_C_R)       -0.633    10.256    bd_0_i/hls_inst/inst/sum_fu_88_reg[27]
  -------------------------------------------------------------------
                         required time                         10.256    
                         arrival time                          -4.784    
  -------------------------------------------------------------------
                         slack                                  5.472    

Slack (MET) :             5.562ns  (required time - arrival time)
  Source:                 bd_0_i/hls_inst/inst/icmp_ln9_reg_518_reg[0]/C
                            (rising edge-triggered cell FDRE clocked by ap_clk  {rise@0.000ns fall@5.000ns period=10.000ns})
  Destination:            bd_0_i/hls_inst/inst/icmp_ln11_reg_513_reg[0]/D
                            (rising edge-triggered cell FDRE clocked by ap_clk  {rise@0.000ns fall@5.000ns period=10.000ns})
  Path Group:             ap_clk
  Path Type:              Setup (Max at Slow Process Corner)
  Requirement:            10.000ns  (ap_clk rise@10.000ns - ap_clk rise@0.000ns)
  Data Path Delay:        4.204ns  (logic 1.824ns (43.391%)  route 2.380ns (56.609%))
  Logic Levels:           6  (CARRY4=4 LUT5=2)
  Clock Path Skew:        -0.049ns (DCD - SCD + CPR)
    Destination Clock Delay (DCD):    0.924ns = ( 10.924 - 10.000 ) 
    Source Clock Delay      (SCD):    0.973ns
    Clock Pessimism Removal (CPR):    0.000ns
  Clock Uncertainty:      0.035ns  ((TSJ^2 + TIJ^2)^1/2 + DJ) / 2 + PE
    Total System Jitter     (TSJ):    0.071ns
    Total Input Jitter      (TIJ):    0.000ns
    Discrete Jitter          (DJ):    0.000ns
    Phase Error              (PE):    0.000ns

    Location             Delay type                Incr(ns)  Path(ns)    Netlist Resource(s)
  -------------------------------------------------------------------    -------------------
                         (clock ap_clk rise edge)     0.000     0.000 r  
                                                      0.000     0.000 r  ap_clk (IN)
                         net (fo=187, unset)          0.973     0.973    bd_0_i/hls_inst/inst/ap_clk
    SLICE_X29Y46         FDRE                                         r  bd_0_i/hls_inst/inst/icmp_ln9_reg_518_reg[0]/C
  -------------------------------------------------------------------    -------------------
    SLICE_X29Y46         FDRE (Prop_fdre_C_Q)         0.456     1.429 r  bd_0_i/hls_inst/inst/icmp_ln9_reg_518_reg[0]/Q
                         net (fo=13, routed)          1.279     2.708    bd_0_i/hls_inst/inst/icmp_ln9_reg_518[0]
    SLICE_X27Y44         LUT5 (Prop_lut5_I3_O)        0.152     2.860 r  bd_0_i/hls_inst/inst/in1_address0[6]_INST_0_i_1/O
                         net (fo=16, routed)          1.101     3.961    bd_0_i/hls_inst/inst/in1_address0[6]_INST_0_i_1_n_4
    SLICE_X28Y46         LUT5 (Prop_lut5_I4_O)        0.332     4.293 r  bd_0_i/hls_inst/inst/icmp_ln11_reg_513[0]_i_35/O
                         net (fo=1, routed)           0.000     4.293    bd_0_i/hls_inst/inst/icmp_ln11_reg_513[0]_i_35_n_4
    SLICE_X28Y46         CARRY4 (Prop_carry4_S[1]_CO[3])
                                                      0.533     4.826 r  bd_0_i/hls_inst/inst/icmp_ln11_reg_513_reg[0]_i_20/CO[3]
                         net (fo=1, routed)           0.000     4.826    bd_0_i/hls_inst/inst/icmp_ln11_reg_513_reg[0]_i_20_n_4
    SLICE_X28Y47         CARRY4 (Prop_carry4_CI_CO[3])
                                                      0.117     4.943 r  bd_0_i/hls_inst/inst/icmp_ln11_reg_513_reg[0]_i_11/CO[3]
                         net (fo=1, routed)           0.000     4.943    bd_0_i/hls_inst/inst/icmp_ln11_reg_513_reg[0]_i_11_n_4
    SLICE_X28Y48         CARRY4 (Prop_carry4_CI_CO[3])
                                                      0.117     5.060 r  bd_0_i/hls_inst/inst/icmp_ln11_reg_513_reg[0]_i_2/CO[3]
                         net (fo=1, routed)           0.000     5.060    bd_0_i/hls_inst/inst/icmp_ln11_reg_513_reg[0]_i_2_n_4
    SLICE_X28Y49         CARRY4 (Prop_carry4_CI_CO[3])
                                                      0.117     5.177 r  bd_0_i/hls_inst/inst/icmp_ln11_reg_513_reg[0]_i_1/CO[3]
                         net (fo=1, routed)           0.000     5.177    bd_0_i/hls_inst/inst/icmp_ln11_fu_353_p2[0]
    SLICE_X28Y49         FDRE                                         r  bd_0_i/hls_inst/inst/icmp_ln11_reg_513_reg[0]/D
  -------------------------------------------------------------------    -------------------

                         (clock ap_clk rise edge)    10.000    10.000 r  
                                                      0.000    10.000 r  ap_clk (IN)
                         net (fo=187, unset)          0.924    10.924    bd_0_i/hls_inst/inst/ap_clk
    SLICE_X28Y49         FDRE                                         r  bd_0_i/hls_inst/inst/icmp_ln11_reg_513_reg[0]/C
                         clock pessimism              0.000    10.924    
                         clock uncertainty           -0.035    10.889    
    SLICE_X28Y49         FDRE (Setup_fdre_C_D)       -0.150    10.739    bd_0_i/hls_inst/inst/icmp_ln11_reg_513_reg[0]
  -------------------------------------------------------------------
                         required time                         10.739    
                         arrival time                          -5.177    
  -------------------------------------------------------------------
                         slack                                  5.562    

Slack (MET) :             5.623ns  (required time - arrival time)
  Source:                 bd_0_i/hls_inst/inst/flow_control_loop_delay_pipe_U/rewind_ap_ready_reg_reg/C
                            (rising edge-triggered cell FDRE clocked by ap_clk  {rise@0.000ns fall@5.000ns period=10.000ns})
  Destination:            bd_0_i/hls_inst/inst/sum_fu_88_reg[20]/R
                            (rising edge-triggered cell FDRE clocked by ap_clk  {rise@0.000ns fall@5.000ns period=10.000ns})
  Path Group:             ap_clk
  Path Type:              Setup (Max at Slow Process Corner)
  Requirement:            10.000ns  (ap_clk rise@10.000ns - ap_clk rise@0.000ns)
  Data Path Delay:        3.660ns  (logic 0.666ns (18.199%)  route 2.994ns (81.801%))
  Logic Levels:           1  (LUT3=1)
  Clock Path Skew:        -0.049ns (DCD - SCD + CPR)
    Destination Clock Delay (DCD):    0.924ns = ( 10.924 - 10.000 ) 
    Source Clock Delay      (SCD):    0.973ns
    Clock Pessimism Removal (CPR):    0.000ns
  Clock Uncertainty:      0.035ns  ((TSJ^2 + TIJ^2)^1/2 + DJ) / 2 + PE
    Total System Jitter     (TSJ):    0.071ns
    Total Input Jitter      (TIJ):    0.000ns
    Discrete Jitter          (DJ):    0.000ns
    Phase Error              (PE):    0.000ns

    Location             Delay type                Incr(ns)  Path(ns)    Netlist Resource(s)
  -------------------------------------------------------------------    -------------------
                         (clock ap_clk rise edge)     0.000     0.000 r  
                                                      0.000     0.000 r  ap_clk (IN)
                         net (fo=187, unset)          0.973     0.973    bd_0_i/hls_inst/inst/flow_control_loop_delay_pipe_U/ap_clk
    SLICE_X30Y48         FDRE                                         r  bd_0_i/hls_inst/inst/flow_control_loop_delay_pipe_U/rewind_ap_ready_reg_reg/C
  -------------------------------------------------------------------    -------------------
    SLICE_X30Y48         FDRE (Prop_fdre_C_Q)         0.518     1.491 f  bd_0_i/hls_inst/inst/flow_control_loop_delay_pipe_U/rewind_ap_ready_reg_reg/Q
                         net (fo=19, routed)          1.094     2.585    bd_0_i/hls_inst/inst/flow_control_loop_delay_pipe_U/rewind_ap_ready_reg
    SLICE_X30Y45         LUT3 (Prop_lut3_I1_O)        0.148     2.733 r  bd_0_i/hls_inst/inst/flow_control_loop_delay_pipe_U/k_fu_84[4]_i_1/O
                         net (fo=56, routed)          1.900     4.633    bd_0_i/hls_inst/inst/ap_condition_162
    SLICE_X18Y51         FDRE                                         r  bd_0_i/hls_inst/inst/sum_fu_88_reg[20]/R
  -------------------------------------------------------------------    -------------------

                         (clock ap_clk rise edge)    10.000    10.000 r  
                                                      0.000    10.000 r  ap_clk (IN)
                         net (fo=187, unset)          0.924    10.924    bd_0_i/hls_inst/inst/ap_clk
    SLICE_X18Y51         FDRE                                         r  bd_0_i/hls_inst/inst/sum_fu_88_reg[20]/C
                         clock pessimism              0.000    10.924    
                         clock uncertainty           -0.035    10.889    
    SLICE_X18Y51         FDRE (Setup_fdre_C_R)       -0.633    10.256    bd_0_i/hls_inst/inst/sum_fu_88_reg[20]
  -------------------------------------------------------------------
                         required time                         10.256    
                         arrival time                          -4.633    
  -------------------------------------------------------------------
                         slack                                  5.623    





Min Delay Paths
--------------------------------------------------------------------------------------
Slack (MET) :             0.171ns  (arrival time - required time)
  Source:                 bd_0_i/hls_inst/inst/indvar_flatten3_fu_76_reg[8]/C
                            (rising edge-triggered cell FDRE clocked by ap_clk  {rise@0.000ns fall@5.000ns period=10.000ns})
  Destination:            bd_0_i/hls_inst/inst/indvar_flatten3_fu_76_reg[9]/D
                            (rising edge-triggered cell FDRE clocked by ap_clk  {rise@0.000ns fall@5.000ns period=10.000ns})
  Path Group:             ap_clk
  Path Type:              Hold (Min at Fast Process Corner)
  Requirement:            0.000ns  (ap_clk rise@0.000ns - ap_clk rise@0.000ns)
  Data Path Delay:        0.284ns  (logic 0.209ns (73.503%)  route 0.075ns (26.497%))
  Logic Levels:           1  (LUT6=1)
  Clock Path Skew:        0.022ns (DCD - SCD - CPR)
    Destination Clock Delay (DCD):    0.432ns
    Source Clock Delay      (SCD):    0.410ns
    Clock Pessimism Removal (CPR):    -0.000ns

    Location             Delay type                Incr(ns)  Path(ns)    Netlist Resource(s)
  -------------------------------------------------------------------    -------------------
                         (clock ap_clk rise edge)     0.000     0.000 r  
                                                      0.000     0.000 r  ap_clk (IN)
                         net (fo=187, unset)          0.410     0.410    bd_0_i/hls_inst/inst/ap_clk
    SLICE_X30Y44         FDRE                                         r  bd_0_i/hls_inst/inst/indvar_flatten3_fu_76_reg[8]/C
  -------------------------------------------------------------------    -------------------
    SLICE_X30Y44         FDRE (Prop_fdre_C_Q)         0.164     0.574 r  bd_0_i/hls_inst/inst/indvar_flatten3_fu_76_reg[8]/Q
                         net (fo=3, routed)           0.075     0.649    bd_0_i/hls_inst/inst/indvar_flatten3_fu_76_reg[8]
    SLICE_X31Y44         LUT6 (Prop_lut6_I1_O)        0.045     0.694 r  bd_0_i/hls_inst/inst/indvar_flatten3_fu_76[9]_i_1/O
                         net (fo=1, routed)           0.000     0.694    bd_0_i/hls_inst/inst/indvar_flatten3_fu_76[9]_i_1_n_4
    SLICE_X31Y44         FDRE                                         r  bd_0_i/hls_inst/inst/indvar_flatten3_fu_76_reg[9]/D
  -------------------------------------------------------------------    -------------------

                         (clock ap_clk rise edge)     0.000     0.000 r  
                                                      0.000     0.000 r  ap_clk (IN)
                         net (fo=187, unset)          0.432     0.432    bd_0_i/hls_inst/inst/ap_clk
    SLICE_X31Y44         FDRE                                         r  bd_0_i/hls_inst/inst/indvar_flatten3_fu_76_reg[9]/C
                         clock pessimism              0.000     0.432    
    SLICE_X31Y44         FDRE (Hold_fdre_C_D)         0.092     0.524    bd_0_i/hls_inst/inst/indvar_flatten3_fu_76_reg[9]
  -------------------------------------------------------------------
                         required time                         -0.524    
                         arrival time                           0.694    
  -------------------------------------------------------------------
                         slack                                  0.171    

Slack (MET) :             0.189ns  (arrival time - required time)
  Source:                 bd_0_i/hls_inst/inst/mul_32s_32s_32_2_1_U1/buff0_reg[2]__0/C
                            (rising edge-triggered cell FDRE clocked by ap_clk  {rise@0.000ns fall@5.000ns period=10.000ns})
  Destination:            bd_0_i/hls_inst/inst/mul_ln12_reg_538_reg[2]/D
                            (rising edge-triggered cell FDRE clocked by ap_clk  {rise@0.000ns fall@5.000ns period=10.000ns})
  Path Group:             ap_clk
  Path Type:              Hold (Min at Fast Process Corner)
  Requirement:            0.000ns  (ap_clk rise@0.000ns - ap_clk rise@0.000ns)
  Data Path Delay:        0.274ns  (logic 0.164ns (59.853%)  route 0.110ns (40.147%))
  Logic Levels:           0  
  Clock Path Skew:        0.022ns (DCD - SCD - CPR)
    Destination Clock Delay (DCD):    0.432ns
    Source Clock Delay      (SCD):    0.410ns
    Clock Pessimism Removal (CPR):    -0.000ns

    Location             Delay type                Incr(ns)  Path(ns)    Netlist Resource(s)
  -------------------------------------------------------------------    -------------------
                         (clock ap_clk rise edge)     0.000     0.000 r  
                                                      0.000     0.000 r  ap_clk (IN)
                         net (fo=187, unset)          0.410     0.410    bd_0_i/hls_inst/inst/mul_32s_32s_32_2_1_U1/ap_clk
    SLICE_X12Y46         FDRE                                         r  bd_0_i/hls_inst/inst/mul_32s_32s_32_2_1_U1/buff0_reg[2]__0/C
  -------------------------------------------------------------------    -------------------
    SLICE_X12Y46         FDRE (Prop_fdre_C_Q)         0.164     0.574 r  bd_0_i/hls_inst/inst/mul_32s_32s_32_2_1_U1/buff0_reg[2]__0/Q
                         net (fo=1, routed)           0.110     0.684    bd_0_i/hls_inst/inst/mul_32s_32s_32_2_1_U1_n_33
    SLICE_X12Y46         FDRE                                         r  bd_0_i/hls_inst/inst/mul_ln12_reg_538_reg[2]/D
  -------------------------------------------------------------------    -------------------

                         (clock ap_clk rise edge)     0.000     0.000 r  
                                                      0.000     0.000 r  ap_clk (IN)
                         net (fo=187, unset)          0.432     0.432    bd_0_i/hls_inst/inst/ap_clk
    SLICE_X12Y46         FDRE                                         r  bd_0_i/hls_inst/inst/mul_ln12_reg_538_reg[2]/C
                         clock pessimism              0.000     0.432    
    SLICE_X12Y46         FDRE (Hold_fdre_C_D)         0.063     0.495    bd_0_i/hls_inst/inst/mul_ln12_reg_538_reg[2]
  -------------------------------------------------------------------
                         required time                         -0.495    
                         arrival time                           0.684    
  -------------------------------------------------------------------
                         slack                                  0.189    

Slack (MET) :             0.189ns  (arrival time - required time)
  Source:                 bd_0_i/hls_inst/inst/mul_32s_32s_32_2_1_U1/buff0_reg[7]__0/C
                            (rising edge-triggered cell FDRE clocked by ap_clk  {rise@0.000ns fall@5.000ns period=10.000ns})
  Destination:            bd_0_i/hls_inst/inst/mul_ln12_reg_538_reg[7]/D
                            (rising edge-triggered cell FDRE clocked by ap_clk  {rise@0.000ns fall@5.000ns period=10.000ns})
  Path Group:             ap_clk
  Path Type:              Hold (Min at Fast Process Corner)
  Requirement:            0.000ns  (ap_clk rise@0.000ns - ap_clk rise@0.000ns)
  Data Path Delay:        0.274ns  (logic 0.164ns (59.853%)  route 0.110ns (40.147%))
  Logic Levels:           0  
  Clock Path Skew:        0.022ns (DCD - SCD - CPR)
    Destination Clock Delay (DCD):    0.432ns
    Source Clock Delay      (SCD):    0.410ns
    Clock Pessimism Removal (CPR):    -0.000ns

    Location             Delay type                Incr(ns)  Path(ns)    Netlist Resource(s)
  -------------------------------------------------------------------    -------------------
                         (clock ap_clk rise edge)     0.000     0.000 r  
                                                      0.000     0.000 r  ap_clk (IN)
                         net (fo=187, unset)          0.410     0.410    bd_0_i/hls_inst/inst/mul_32s_32s_32_2_1_U1/ap_clk
    SLICE_X10Y48         FDRE                                         r  bd_0_i/hls_inst/inst/mul_32s_32s_32_2_1_U1/buff0_reg[7]__0/C
  -------------------------------------------------------------------    -------------------
    SLICE_X10Y48         FDRE (Prop_fdre_C_Q)         0.164     0.574 r  bd_0_i/hls_inst/inst/mul_32s_32s_32_2_1_U1/buff0_reg[7]__0/Q
                         net (fo=1, routed)           0.110     0.684    bd_0_i/hls_inst/inst/mul_32s_32s_32_2_1_U1_n_28
    SLICE_X10Y48         FDRE                                         r  bd_0_i/hls_inst/inst/mul_ln12_reg_538_reg[7]/D
  -------------------------------------------------------------------    -------------------

                         (clock ap_clk rise edge)     0.000     0.000 r  
                                                      0.000     0.000 r  ap_clk (IN)
                         net (fo=187, unset)          0.432     0.432    bd_0_i/hls_inst/inst/ap_clk
    SLICE_X10Y48         FDRE                                         r  bd_0_i/hls_inst/inst/mul_ln12_reg_538_reg[7]/C
                         clock pessimism              0.000     0.432    
    SLICE_X10Y48         FDRE (Hold_fdre_C_D)         0.063     0.495    bd_0_i/hls_inst/inst/mul_ln12_reg_538_reg[7]
  -------------------------------------------------------------------
                         required time                         -0.495    
                         arrival time                           0.684    
  -------------------------------------------------------------------
                         slack                                  0.189    

Slack (MET) :             0.204ns  (arrival time - required time)
  Source:                 bd_0_i/hls_inst/inst/ap_loop_init_pp0_iter1_reg_reg/C
                            (rising edge-triggered cell FDRE clocked by ap_clk  {rise@0.000ns fall@5.000ns period=10.000ns})
  Destination:            bd_0_i/hls_inst/inst/indvar_flatten3_fu_76_reg[1]/D
                            (rising edge-triggered cell FDRE clocked by ap_clk  {rise@0.000ns fall@5.000ns period=10.000ns})
  Path Group:             ap_clk
  Path Type:              Hold (Min at Fast Process Corner)
  Requirement:            0.000ns  (ap_clk rise@0.000ns - ap_clk rise@0.000ns)
  Data Path Delay:        0.345ns  (logic 0.209ns (60.502%)  route 0.136ns (39.498%))
  Logic Levels:           1  (LUT6=1)
  Clock Path Skew:        0.022ns (DCD - SCD - CPR)
    Destination Clock Delay (DCD):    0.432ns
    Source Clock Delay      (SCD):    0.410ns
    Clock Pessimism Removal (CPR):    -0.000ns

    Location             Delay type                Incr(ns)  Path(ns)    Netlist Resource(s)
  -------------------------------------------------------------------    -------------------
                         (clock ap_clk rise edge)     0.000     0.000 r  
                                                      0.000     0.000 r  ap_clk (IN)
                         net (fo=187, unset)          0.410     0.410    bd_0_i/hls_inst/inst/ap_clk
    SLICE_X30Y45         FDRE                                         r  bd_0_i/hls_inst/inst/ap_loop_init_pp0_iter1_reg_reg/C
  -------------------------------------------------------------------    -------------------
    SLICE_X30Y45         FDRE (Prop_fdre_C_Q)         0.164     0.574 r  bd_0_i/hls_inst/inst/ap_loop_init_pp0_iter1_reg_reg/Q
                         net (fo=20, routed)          0.136     0.711    bd_0_i/hls_inst/inst/ap_loop_init_pp0_iter1_reg
    SLICE_X30Y44         LUT6 (Prop_lut6_I2_O)        0.045     0.756 r  bd_0_i/hls_inst/inst/indvar_flatten3_fu_76[1]_i_1/O
                         net (fo=1, routed)           0.000     0.756    bd_0_i/hls_inst/inst/select_ln7_1_fu_376_p3[1]
    SLICE_X30Y44         FDRE                                         r  bd_0_i/hls_inst/inst/indvar_flatten3_fu_76_reg[1]/D
  -------------------------------------------------------------------    -------------------

                         (clock ap_clk rise edge)     0.000     0.000 r  
                                                      0.000     0.000 r  ap_clk (IN)
                         net (fo=187, unset)          0.432     0.432    bd_0_i/hls_inst/inst/ap_clk
    SLICE_X30Y44         FDRE                                         r  bd_0_i/hls_inst/inst/indvar_flatten3_fu_76_reg[1]/C
                         clock pessimism              0.000     0.432    
    SLICE_X30Y44         FDRE (Hold_fdre_C_D)         0.120     0.552    bd_0_i/hls_inst/inst/indvar_flatten3_fu_76_reg[1]
  -------------------------------------------------------------------
                         required time                         -0.552    
                         arrival time                           0.756    
  -------------------------------------------------------------------
                         slack                                  0.204    

Slack (MET) :             0.211ns  (arrival time - required time)
  Source:                 bd_0_i/hls_inst/inst/indvar_flatten3_fu_76_reg[3]/C
                            (rising edge-triggered cell FDRE clocked by ap_clk  {rise@0.000ns fall@5.000ns period=10.000ns})
  Destination:            bd_0_i/hls_inst/inst/indvar_flatten3_fu_76_reg[4]/D
                            (rising edge-triggered cell FDRE clocked by ap_clk  {rise@0.000ns fall@5.000ns period=10.000ns})
  Path Group:             ap_clk
  Path Type:              Hold (Min at Fast Process Corner)
  Requirement:            0.000ns  (ap_clk rise@0.000ns - ap_clk rise@0.000ns)
  Data Path Delay:        0.325ns  (logic 0.227ns (69.852%)  route 0.098ns (30.148%))
  Logic Levels:           1  (LUT6=1)
  Clock Path Skew:        0.022ns (DCD - SCD - CPR)
    Destination Clock Delay (DCD):    0.432ns
    Source Clock Delay      (SCD):    0.410ns
    Clock Pessimism Removal (CPR):    -0.000ns

    Location             Delay type                Incr(ns)  Path(ns)    Netlist Resource(s)
  -------------------------------------------------------------------    -------------------
                         (clock ap_clk rise edge)     0.000     0.000 r  
                                                      0.000     0.000 r  ap_clk (IN)
                         net (fo=187, unset)          0.410     0.410    bd_0_i/hls_inst/inst/ap_clk
    SLICE_X31Y43         FDRE                                         r  bd_0_i/hls_inst/inst/indvar_flatten3_fu_76_reg[3]/C
  -------------------------------------------------------------------    -------------------
    SLICE_X31Y43         FDRE (Prop_fdre_C_Q)         0.128     0.538 r  bd_0_i/hls_inst/inst/indvar_flatten3_fu_76_reg[3]/Q
                         net (fo=4, routed)           0.098     0.636    bd_0_i/hls_inst/inst/indvar_flatten3_fu_76_reg[3]
    SLICE_X31Y43         LUT6 (Prop_lut6_I4_O)        0.099     0.735 r  bd_0_i/hls_inst/inst/indvar_flatten3_fu_76[4]_i_1/O
                         net (fo=1, routed)           0.000     0.735    bd_0_i/hls_inst/inst/indvar_flatten3_fu_76[4]_i_1_n_4
    SLICE_X31Y43         FDRE                                         r  bd_0_i/hls_inst/inst/indvar_flatten3_fu_76_reg[4]/D
  -------------------------------------------------------------------    -------------------

                         (clock ap_clk rise edge)     0.000     0.000 r  
                                                      0.000     0.000 r  ap_clk (IN)
                         net (fo=187, unset)          0.432     0.432    bd_0_i/hls_inst/inst/ap_clk
    SLICE_X31Y43         FDRE                                         r  bd_0_i/hls_inst/inst/indvar_flatten3_fu_76_reg[4]/C
                         clock pessimism              0.000     0.432    
    SLICE_X31Y43         FDRE (Hold_fdre_C_D)         0.092     0.524    bd_0_i/hls_inst/inst/indvar_flatten3_fu_76_reg[4]
  -------------------------------------------------------------------
                         required time                         -0.524    
                         arrival time                           0.735    
  -------------------------------------------------------------------
                         slack                                  0.211    

Slack (MET) :             0.217ns  (arrival time - required time)
  Source:                 bd_0_i/hls_inst/inst/i_fu_72_reg[0]/C
                            (rising edge-triggered cell FDRE clocked by ap_clk  {rise@0.000ns fall@5.000ns period=10.000ns})
  Destination:            bd_0_i/hls_inst/inst/i_fu_72_reg[1]/D
                            (rising edge-triggered cell FDRE clocked by ap_clk  {rise@0.000ns fall@5.000ns period=10.000ns})
  Path Group:             ap_clk
  Path Type:              Hold (Min at Fast Process Corner)
  Requirement:            0.000ns  (ap_clk rise@0.000ns - ap_clk rise@0.000ns)
  Data Path Delay:        0.329ns  (logic 0.186ns (56.479%)  route 0.143ns (43.521%))
  Logic Levels:           1  (LUT6=1)
  Clock Path Skew:        0.022ns (DCD - SCD - CPR)
    Destination Clock Delay (DCD):    0.432ns
    Source Clock Delay      (SCD):    0.410ns
    Clock Pessimism Removal (CPR):    -0.000ns

    Location             Delay type                Incr(ns)  Path(ns)    Netlist Resource(s)
  -------------------------------------------------------------------    -------------------
                         (clock ap_clk rise edge)     0.000     0.000 r  
                                                      0.000     0.000 r  ap_clk (IN)
                         net (fo=187, unset)          0.410     0.410    bd_0_i/hls_inst/inst/ap_clk
    SLICE_X26Y44         FDRE                                         r  bd_0_i/hls_inst/inst/i_fu_72_reg[0]/C
  -------------------------------------------------------------------    -------------------
    SLICE_X26Y44         FDRE (Prop_fdre_C_Q)         0.141     0.551 r  bd_0_i/hls_inst/inst/i_fu_72_reg[0]/Q
                         net (fo=12, routed)          0.143     0.694    bd_0_i/hls_inst/inst/i_fu_72_reg[0]
    SLICE_X27Y44         LUT6 (Prop_lut6_I4_O)        0.045     0.739 r  bd_0_i/hls_inst/inst/i_fu_72[1]_i_1/O
                         net (fo=1, routed)           0.000     0.739    bd_0_i/hls_inst/inst/tmp_fu_297_p3[5]
    SLICE_X27Y44         FDRE                                         r  bd_0_i/hls_inst/inst/i_fu_72_reg[1]/D
  -------------------------------------------------------------------    -------------------

                         (clock ap_clk rise edge)     0.000     0.000 r  
                                                      0.000     0.000 r  ap_clk (IN)
                         net (fo=187, unset)          0.432     0.432    bd_0_i/hls_inst/inst/ap_clk
    SLICE_X27Y44         FDRE                                         r  bd_0_i/hls_inst/inst/i_fu_72_reg[1]/C
                         clock pessimism              0.000     0.432    
    SLICE_X27Y44         FDRE (Hold_fdre_C_D)         0.091     0.523    bd_0_i/hls_inst/inst/i_fu_72_reg[1]
  -------------------------------------------------------------------
                         required time                         -0.523    
                         arrival time                           0.739    
  -------------------------------------------------------------------
                         slack                                  0.217    

Slack (MET) :             0.218ns  (arrival time - required time)
  Source:                 bd_0_i/hls_inst/inst/mul_32s_32s_32_2_1_U1/buff0_reg[6]__0/C
                            (rising edge-triggered cell FDRE clocked by ap_clk  {rise@0.000ns fall@5.000ns period=10.000ns})
  Destination:            bd_0_i/hls_inst/inst/mul_ln12_reg_538_reg[6]/D
                            (rising edge-triggered cell FDRE clocked by ap_clk  {rise@0.000ns fall@5.000ns period=10.000ns})
  Path Group:             ap_clk
  Path Type:              Hold (Min at Fast Process Corner)
  Requirement:            0.000ns  (ap_clk rise@0.000ns - ap_clk rise@0.000ns)
  Data Path Delay:        0.311ns  (logic 0.141ns (45.298%)  route 0.170ns (54.702%))
  Logic Levels:           0  
  Clock Path Skew:        0.022ns (DCD - SCD - CPR)
    Destination Clock Delay (DCD):    0.432ns
    Source Clock Delay      (SCD):    0.410ns
    Clock Pessimism Removal (CPR):    -0.000ns

    Location             Delay type                Incr(ns)  Path(ns)    Netlist Resource(s)
  -------------------------------------------------------------------    -------------------
                         (clock ap_clk rise edge)     0.000     0.000 r  
                                                      0.000     0.000 r  ap_clk (IN)
                         net (fo=187, unset)          0.410     0.410    bd_0_i/hls_inst/inst/mul_32s_32s_32_2_1_U1/ap_clk
    SLICE_X11Y47         FDRE                                         r  bd_0_i/hls_inst/inst/mul_32s_32s_32_2_1_U1/buff0_reg[6]__0/C
  -------------------------------------------------------------------    -------------------
    SLICE_X11Y47         FDRE (Prop_fdre_C_Q)         0.141     0.551 r  bd_0_i/hls_inst/inst/mul_32s_32s_32_2_1_U1/buff0_reg[6]__0/Q
                         net (fo=1, routed)           0.170     0.721    bd_0_i/hls_inst/inst/mul_32s_32s_32_2_1_U1_n_29
    SLICE_X11Y47         FDRE                                         r  bd_0_i/hls_inst/inst/mul_ln12_reg_538_reg[6]/D
  -------------------------------------------------------------------    -------------------

                         (clock ap_clk rise edge)     0.000     0.000 r  
                                                      0.000     0.000 r  ap_clk (IN)
                         net (fo=187, unset)          0.432     0.432    bd_0_i/hls_inst/inst/ap_clk
    SLICE_X11Y47         FDRE                                         r  bd_0_i/hls_inst/inst/mul_ln12_reg_538_reg[6]/C
                         clock pessimism              0.000     0.432    
    SLICE_X11Y47         FDRE (Hold_fdre_C_D)         0.072     0.504    bd_0_i/hls_inst/inst/mul_ln12_reg_538_reg[6]
  -------------------------------------------------------------------
                         required time                         -0.504    
                         arrival time                           0.721    
  -------------------------------------------------------------------
                         slack                                  0.218    

Slack (MET) :             0.226ns  (arrival time - required time)
  Source:                 bd_0_i/hls_inst/inst/k_fu_84_reg[1]/C
                            (rising edge-triggered cell FDRE clocked by ap_clk  {rise@0.000ns fall@5.000ns period=10.000ns})
  Destination:            bd_0_i/hls_inst/inst/k_fu_84_reg[4]/D
                            (rising edge-triggered cell FDRE clocked by ap_clk  {rise@0.000ns fall@5.000ns period=10.000ns})
  Path Group:             ap_clk
  Path Type:              Hold (Min at Fast Process Corner)
  Requirement:            0.000ns  (ap_clk rise@0.000ns - ap_clk rise@0.000ns)
  Data Path Delay:        0.368ns  (logic 0.209ns (56.743%)  route 0.159ns (43.257%))
  Logic Levels:           1  (LUT6=1)
  Clock Path Skew:        0.022ns (DCD - SCD - CPR)
    Destination Clock Delay (DCD):    0.432ns
    Source Clock Delay      (SCD):    0.410ns
    Clock Pessimism Removal (CPR):    -0.000ns

    Location             Delay type                Incr(ns)  Path(ns)    Netlist Resource(s)
  -------------------------------------------------------------------    -------------------
                         (clock ap_clk rise edge)     0.000     0.000 r  
                                                      0.000     0.000 r  ap_clk (IN)
                         net (fo=187, unset)          0.410     0.410    bd_0_i/hls_inst/inst/ap_clk
    SLICE_X28Y46         FDRE                                         r  bd_0_i/hls_inst/inst/k_fu_84_reg[1]/C
  -------------------------------------------------------------------    -------------------
    SLICE_X28Y46         FDRE (Prop_fdre_C_Q)         0.164     0.574 r  bd_0_i/hls_inst/inst/k_fu_84_reg[1]/Q
                         net (fo=11, routed)          0.159     0.733    bd_0_i/hls_inst/inst/k_fu_84[1]
    SLICE_X28Y45         LUT6 (Prop_lut6_I4_O)        0.045     0.778 r  bd_0_i/hls_inst/inst/k_fu_84[4]_i_2/O
                         net (fo=1, routed)           0.000     0.778    bd_0_i/hls_inst/inst/k_3_fu_358_p2[4]
    SLICE_X28Y45         FDRE                                         r  bd_0_i/hls_inst/inst/k_fu_84_reg[4]/D
  -------------------------------------------------------------------    -------------------

                         (clock ap_clk rise edge)     0.000     0.000 r  
                                                      0.000     0.000 r  ap_clk (IN)
                         net (fo=187, unset)          0.432     0.432    bd_0_i/hls_inst/inst/ap_clk
    SLICE_X28Y45         FDRE                                         r  bd_0_i/hls_inst/inst/k_fu_84_reg[4]/C
                         clock pessimism              0.000     0.432    
    SLICE_X28Y45         FDRE (Hold_fdre_C_D)         0.121     0.553    bd_0_i/hls_inst/inst/k_fu_84_reg[4]
  -------------------------------------------------------------------
                         required time                         -0.553    
                         arrival time                           0.778    
  -------------------------------------------------------------------
                         slack                                  0.226    

Slack (MET) :             0.227ns  (arrival time - required time)
  Source:                 bd_0_i/hls_inst/inst/mul_32s_32s_32_2_1_U1/buff0_reg[1]__0/C
                            (rising edge-triggered cell FDRE clocked by ap_clk  {rise@0.000ns fall@5.000ns period=10.000ns})
  Destination:            bd_0_i/hls_inst/inst/mul_ln12_reg_538_reg[1]/D
                            (rising edge-triggered cell FDRE clocked by ap_clk  {rise@0.000ns fall@5.000ns period=10.000ns})
  Path Group:             ap_clk
  Path Type:              Hold (Min at Fast Process Corner)
  Requirement:            0.000ns  (ap_clk rise@0.000ns - ap_clk rise@0.000ns)
  Data Path Delay:        0.311ns  (logic 0.141ns (45.298%)  route 0.170ns (54.702%))
  Logic Levels:           0  
  Clock Path Skew:        0.022ns (DCD - SCD - CPR)
    Destination Clock Delay (DCD):    0.432ns
    Source Clock Delay      (SCD):    0.410ns
    Clock Pessimism Removal (CPR):    -0.000ns

    Location             Delay type                Incr(ns)  Path(ns)    Netlist Resource(s)
  -------------------------------------------------------------------    -------------------
                         (clock ap_clk rise edge)     0.000     0.000 r  
                                                      0.000     0.000 r  ap_clk (IN)
                         net (fo=187, unset)          0.410     0.410    bd_0_i/hls_inst/inst/mul_32s_32s_32_2_1_U1/ap_clk
    SLICE_X13Y46         FDRE                                         r  bd_0_i/hls_inst/inst/mul_32s_32s_32_2_1_U1/buff0_reg[1]__0/C
  -------------------------------------------------------------------    -------------------
    SLICE_X13Y46         FDRE (Prop_fdre_C_Q)         0.141     0.551 r  bd_0_i/hls_inst/inst/mul_32s_32s_32_2_1_U1/buff0_reg[1]__0/Q
                         net (fo=1, routed)           0.170     0.721    bd_0_i/hls_inst/inst/mul_32s_32s_32_2_1_U1_n_34
    SLICE_X12Y46         FDRE                                         r  bd_0_i/hls_inst/inst/mul_ln12_reg_538_reg[1]/D
  -------------------------------------------------------------------    -------------------

                         (clock ap_clk rise edge)     0.000     0.000 r  
                                                      0.000     0.000 r  ap_clk (IN)
                         net (fo=187, unset)          0.432     0.432    bd_0_i/hls_inst/inst/ap_clk
    SLICE_X12Y46         FDRE                                         r  bd_0_i/hls_inst/inst/mul_ln12_reg_538_reg[1]/C
                         clock pessimism              0.000     0.432    
    SLICE_X12Y46         FDRE (Hold_fdre_C_D)         0.063     0.495    bd_0_i/hls_inst/inst/mul_ln12_reg_538_reg[1]
  -------------------------------------------------------------------
                         required time                         -0.495    
                         arrival time                           0.721    
  -------------------------------------------------------------------
                         slack                                  0.227    

Slack (MET) :             0.231ns  (arrival time - required time)
  Source:                 bd_0_i/hls_inst/inst/mul_32s_32s_32_2_1_U1/buff0_reg[12]__0/C
                            (rising edge-triggered cell FDRE clocked by ap_clk  {rise@0.000ns fall@5.000ns period=10.000ns})
  Destination:            bd_0_i/hls_inst/inst/mul_ln12_reg_538_reg[12]/D
                            (rising edge-triggered cell FDRE clocked by ap_clk  {rise@0.000ns fall@5.000ns period=10.000ns})
  Path Group:             ap_clk
  Path Type:              Hold (Min at Fast Process Corner)
  Requirement:            0.000ns  (ap_clk rise@0.000ns - ap_clk rise@0.000ns)
  Data Path Delay:        0.311ns  (logic 0.141ns (45.298%)  route 0.170ns (54.702%))
  Logic Levels:           0  
  Clock Path Skew:        0.022ns (DCD - SCD - CPR)
    Destination Clock Delay (DCD):    0.432ns
    Source Clock Delay      (SCD):    0.410ns
    Clock Pessimism Removal (CPR):    -0.000ns

    Location             Delay type                Incr(ns)  Path(ns)    Netlist Resource(s)
  -------------------------------------------------------------------    -------------------
                         (clock ap_clk rise edge)     0.000     0.000 r  
                                                      0.000     0.000 r  ap_clk (IN)
                         net (fo=187, unset)          0.410     0.410    bd_0_i/hls_inst/inst/mul_32s_32s_32_2_1_U1/ap_clk
    SLICE_X11Y53         FDRE                                         r  bd_0_i/hls_inst/inst/mul_32s_32s_32_2_1_U1/buff0_reg[12]__0/C
  -------------------------------------------------------------------    -------------------
    SLICE_X11Y53         FDRE (Prop_fdre_C_Q)         0.141     0.551 r  bd_0_i/hls_inst/inst/mul_32s_32s_32_2_1_U1/buff0_reg[12]__0/Q
                         net (fo=1, routed)           0.170     0.721    bd_0_i/hls_inst/inst/mul_32s_32s_32_2_1_U1_n_23
    SLICE_X10Y53         FDRE                                         r  bd_0_i/hls_inst/inst/mul_ln12_reg_538_reg[12]/D
  -------------------------------------------------------------------    -------------------

                         (clock ap_clk rise edge)     0.000     0.000 r  
                                                      0.000     0.000 r  ap_clk (IN)
                         net (fo=187, unset)          0.432     0.432    bd_0_i/hls_inst/inst/ap_clk
    SLICE_X10Y53         FDRE                                         r  bd_0_i/hls_inst/inst/mul_ln12_reg_538_reg[12]/C
                         clock pessimism              0.000     0.432    
    SLICE_X10Y53         FDRE (Hold_fdre_C_D)         0.059     0.491    bd_0_i/hls_inst/inst/mul_ln12_reg_538_reg[12]
  -------------------------------------------------------------------
                         required time                         -0.491    
                         arrival time                           0.721    
  -------------------------------------------------------------------
                         slack                                  0.231    





Pulse Width Checks
--------------------------------------------------------------------------------------
Clock Name:         ap_clk
Waveform(ns):       { 0.000 5.000 }
Period(ns):         10.000
Sources:            { ap_clk }

Check Type        Corner  Lib Pin      Reference Pin  Required(ns)  Actual(ns)  Slack(ns)  Location      Pin
Min Period        n/a     DSP48E1/CLK  n/a            2.154         10.000      7.846      DSP48_X0Y22   bd_0_i/hls_inst/inst/mul_32s_32s_32_2_1_U1/buff0_reg/CLK
Min Period        n/a     DSP48E1/CLK  n/a            2.154         10.000      7.846      DSP48_X0Y20   bd_0_i/hls_inst/inst/mul_32s_32s_32_2_1_U1/tmp_product/CLK
Min Period        n/a     FDRE/C       n/a            1.000         10.000      9.000      SLICE_X30Y43  bd_0_i/hls_inst/inst/add_ln15_reg_498_pp0_iter3_reg_reg[0]/C
Min Period        n/a     FDRE/C       n/a            1.000         10.000      9.000      SLICE_X30Y43  bd_0_i/hls_inst/inst/add_ln15_reg_498_pp0_iter3_reg_reg[1]/C
Min Period        n/a     FDRE/C       n/a            1.000         10.000      9.000      SLICE_X30Y43  bd_0_i/hls_inst/inst/add_ln15_reg_498_pp0_iter3_reg_reg[2]/C
Min Period        n/a     FDRE/C       n/a            1.000         10.000      9.000      SLICE_X30Y43  bd_0_i/hls_inst/inst/add_ln15_reg_498_pp0_iter3_reg_reg[3]/C
Min Period        n/a     FDRE/C       n/a            1.000         10.000      9.000      SLICE_X30Y43  bd_0_i/hls_inst/inst/add_ln15_reg_498_pp0_iter3_reg_reg[4]/C
Min Period        n/a     FDRE/C       n/a            1.000         10.000      9.000      SLICE_X30Y43  bd_0_i/hls_inst/inst/add_ln15_reg_498_pp0_iter3_reg_reg[5]/C
Min Period        n/a     FDRE/C       n/a            1.000         10.000      9.000      SLICE_X30Y43  bd_0_i/hls_inst/inst/add_ln15_reg_498_pp0_iter3_reg_reg[6]/C
Min Period        n/a     FDRE/C       n/a            1.000         10.000      9.000      SLICE_X30Y43  bd_0_i/hls_inst/inst/add_ln15_reg_498_pp0_iter3_reg_reg[7]/C
Low Pulse Width   Slow    SRL16E/CLK   n/a            0.980         5.000       4.020      SLICE_X30Y43  bd_0_i/hls_inst/inst/add_ln15_reg_498_pp0_iter2_reg_reg[0]_srl2/CLK
Low Pulse Width   Fast    SRL16E/CLK   n/a            0.980         5.000       4.020      SLICE_X30Y43  bd_0_i/hls_inst/inst/add_ln15_reg_498_pp0_iter2_reg_reg[0]_srl2/CLK
Low Pulse Width   Slow    SRL16E/CLK   n/a            0.980         5.000       4.020      SLICE_X30Y43  bd_0_i/hls_inst/inst/add_ln15_reg_498_pp0_iter2_reg_reg[1]_srl2/CLK
Low Pulse Width   Fast    SRL16E/CLK   n/a            0.980         5.000       4.020      SLICE_X30Y43  bd_0_i/hls_inst/inst/add_ln15_reg_498_pp0_iter2_reg_reg[1]_srl2/CLK
Low Pulse Width   Slow    SRL16E/CLK   n/a            0.980         5.000       4.020      SLICE_X30Y43  bd_0_i/hls_inst/inst/add_ln15_reg_498_pp0_iter2_reg_reg[2]_srl2/CLK
Low Pulse Width   Fast    SRL16E/CLK   n/a            0.980         5.000       4.020      SLICE_X30Y43  bd_0_i/hls_inst/inst/add_ln15_reg_498_pp0_iter2_reg_reg[2]_srl2/CLK
Low Pulse Width   Slow    SRL16E/CLK   n/a            0.980         5.000       4.020      SLICE_X30Y43  bd_0_i/hls_inst/inst/add_ln15_reg_498_pp0_iter2_reg_reg[3]_srl2/CLK
Low Pulse Width   Fast    SRL16E/CLK   n/a            0.980         5.000       4.020      SLICE_X30Y43  bd_0_i/hls_inst/inst/add_ln15_reg_498_pp0_iter2_reg_reg[3]_srl2/CLK
Low Pulse Width   Slow    SRL16E/CLK   n/a            0.980         5.000       4.020      SLICE_X30Y43  bd_0_i/hls_inst/inst/add_ln15_reg_498_pp0_iter2_reg_reg[4]_srl2/CLK
Low Pulse Width   Fast    SRL16E/CLK   n/a            0.980         5.000       4.020      SLICE_X30Y43  bd_0_i/hls_inst/inst/add_ln15_reg_498_pp0_iter2_reg_reg[4]_srl2/CLK
High Pulse Width  Slow    SRL16E/CLK   n/a            0.980         5.000       4.020      SLICE_X30Y43  bd_0_i/hls_inst/inst/add_ln15_reg_498_pp0_iter2_reg_reg[0]_srl2/CLK
High Pulse Width  Fast    SRL16E/CLK   n/a            0.980         5.000       4.020      SLICE_X30Y43  bd_0_i/hls_inst/inst/add_ln15_reg_498_pp0_iter2_reg_reg[0]_srl2/CLK
High Pulse Width  Slow    SRL16E/CLK   n/a            0.980         5.000       4.020      SLICE_X30Y43  bd_0_i/hls_inst/inst/add_ln15_reg_498_pp0_iter2_reg_reg[1]_srl2/CLK
High Pulse Width  Fast    SRL16E/CLK   n/a            0.980         5.000       4.020      SLICE_X30Y43  bd_0_i/hls_inst/inst/add_ln15_reg_498_pp0_iter2_reg_reg[1]_srl2/CLK
High Pulse Width  Slow    SRL16E/CLK   n/a            0.980         5.000       4.020      SLICE_X30Y43  bd_0_i/hls_inst/inst/add_ln15_reg_498_pp0_iter2_reg_reg[2]_srl2/CLK
High Pulse Width  Fast    SRL16E/CLK   n/a            0.980         5.000       4.020      SLICE_X30Y43  bd_0_i/hls_inst/inst/add_ln15_reg_498_pp0_iter2_reg_reg[2]_srl2/CLK
High Pulse Width  Slow    SRL16E/CLK   n/a            0.980         5.000       4.020      SLICE_X30Y43  bd_0_i/hls_inst/inst/add_ln15_reg_498_pp0_iter2_reg_reg[3]_srl2/CLK
High Pulse Width  Fast    SRL16E/CLK   n/a            0.980         5.000       4.020      SLICE_X30Y43  bd_0_i/hls_inst/inst/add_ln15_reg_498_pp0_iter2_reg_reg[3]_srl2/CLK
High Pulse Width  Slow    SRL16E/CLK   n/a            0.980         5.000       4.020      SLICE_X30Y43  bd_0_i/hls_inst/inst/add_ln15_reg_498_pp0_iter2_reg_reg[4]_srl2/CLK
High Pulse Width  Fast    SRL16E/CLK   n/a            0.980         5.000       4.020      SLICE_X30Y43  bd_0_i/hls_inst/inst/add_ln15_reg_498_pp0_iter2_reg_reg[4]_srl2/CLK



--------------------------------------------------------------------------------------
Path Group:  (none)
From Clock:  
  To Clock:  

Max Delay             1 Endpoint
Min Delay             1 Endpoint
--------------------------------------------------------------------------------------


Max Delay Paths
--------------------------------------------------------------------------------------
Slack:                    inf
  Source:                 ap_ctrl_start
                            (input port)
  Destination:            ap_ctrl_idle
                            (output port)
  Path Group:             (none)
  Path Type:              Max at Slow Process Corner
  Data Path Delay:        2.070ns  (logic 0.124ns (5.990%)  route 1.946ns (94.010%))
  Logic Levels:           1  (LUT6=1)

    Location             Delay type                Incr(ns)  Path(ns)    Netlist Resource(s)
  -------------------------------------------------------------------    -------------------
                                                      0.000     0.000 f  ap_ctrl_start (IN)
                         net (fo=18, unset)           0.973     0.973    bd_0_i/hls_inst/inst/flow_control_loop_delay_pipe_U/ap_start
    SLICE_X30Y46         LUT6 (Prop_lut6_I5_O)        0.124     1.097 r  bd_0_i/hls_inst/inst/flow_control_loop_delay_pipe_U/ap_idle_INST_0/O
                         net (fo=0)                   0.973     2.070    ap_ctrl_idle
                                                                      r  ap_ctrl_idle (OUT)
  -------------------------------------------------------------------    -------------------





Min Delay Paths
--------------------------------------------------------------------------------------
Slack:                    inf
  Source:                 ap_ctrl_start
                            (input port)
  Destination:            ap_ctrl_idle
                            (output port)
  Path Group:             (none)
  Path Type:              Min at Fast Process Corner
  Data Path Delay:        0.865ns  (logic 0.045ns (5.201%)  route 0.820ns (94.799%))
  Logic Levels:           1  (LUT6=1)

    Location             Delay type                Incr(ns)  Path(ns)    Netlist Resource(s)
  -------------------------------------------------------------------    -------------------
                                                      0.000     0.000 f  ap_ctrl_start (IN)
                         net (fo=18, unset)           0.410     0.410    bd_0_i/hls_inst/inst/flow_control_loop_delay_pipe_U/ap_start
    SLICE_X30Y46         LUT6 (Prop_lut6_I5_O)        0.045     0.455 r  bd_0_i/hls_inst/inst/flow_control_loop_delay_pipe_U/ap_idle_INST_0/O
                         net (fo=0)                   0.410     0.865    ap_ctrl_idle
                                                                      r  ap_ctrl_idle (OUT)
  -------------------------------------------------------------------    -------------------





--------------------------------------------------------------------------------------
Path Group:  (none)
From Clock:  ap_clk
  To Clock:  

Max Delay            63 Endpoints
Min Delay            63 Endpoints
--------------------------------------------------------------------------------------


Max Delay Paths
--------------------------------------------------------------------------------------
Slack:                    inf
  Source:                 bd_0_i/hls_inst/inst/icmp_ln11_reg_513_pp0_iter3_reg_reg[0]/C
                            (rising edge-triggered cell FDRE clocked by ap_clk  {rise@0.000ns fall@5.000ns period=10.000ns})
  Destination:            out_r_d0[29]
                            (output port)
  Path Group:             (none)
  Path Type:              Max at Slow Process Corner
  Data Path Delay:        4.596ns  (logic 2.224ns (48.390%)  route 2.372ns (51.610%))
  Logic Levels:           9  (CARRY4=8 LUT4=1)
  Clock Uncertainty:      0.025ns  ((TSJ^2 + TIJ^2)^1/2 + DJ) / 2 + PE
    Total System Jitter     (TSJ):    0.050ns
    Total Input Jitter      (TIJ):    0.000ns
    Discrete Jitter          (DJ):    0.000ns
    Phase Error              (PE):    0.000ns

    Location             Delay type                Incr(ns)  Path(ns)    Netlist Resource(s)
  -------------------------------------------------------------------    -------------------
                         (clock ap_clk rise edge)     0.000     0.000 r  
                                                      0.000     0.000 r  ap_clk (IN)
                         net (fo=187, unset)          0.973     0.973    bd_0_i/hls_inst/inst/ap_clk
    SLICE_X24Y47         FDRE                                         r  bd_0_i/hls_inst/inst/icmp_ln11_reg_513_pp0_iter3_reg_reg[0]/C
  -------------------------------------------------------------------    -------------------
    SLICE_X24Y47         FDRE (Prop_fdre_C_Q)         0.518     1.491 r  bd_0_i/hls_inst/inst/icmp_ln11_reg_513_pp0_iter3_reg_reg[0]/Q
                         net (fo=63, routed)          1.398     2.889    bd_0_i/hls_inst/inst/icmp_ln11_reg_513_pp0_iter3_reg[0]
    SLICE_X18Y46         LUT4 (Prop_lut4_I1_O)        0.124     3.013 r  bd_0_i/hls_inst/inst/out_r_d0[0]_INST_0_i_7/O
                         net (fo=1, routed)           0.000     3.013    bd_0_i/hls_inst/inst/out_r_d0[0]_INST_0_i_7_n_4
    SLICE_X18Y46         CARRY4 (Prop_carry4_S[1]_CO[3])
                                                      0.550     3.563 r  bd_0_i/hls_inst/inst/out_r_d0[0]_INST_0/CO[3]
                         net (fo=1, routed)           0.000     3.563    bd_0_i/hls_inst/inst/out_r_d0[0]_INST_0_n_4
    SLICE_X18Y47         CARRY4 (Prop_carry4_CI_CO[3])
                                                      0.114     3.677 r  bd_0_i/hls_inst/inst/out_r_d0[4]_INST_0/CO[3]
                         net (fo=1, routed)           0.000     3.677    bd_0_i/hls_inst/inst/out_r_d0[4]_INST_0_n_4
    SLICE_X18Y48         CARRY4 (Prop_carry4_CI_CO[3])
                                                      0.114     3.791 r  bd_0_i/hls_inst/inst/out_r_d0[8]_INST_0/CO[3]
                         net (fo=1, routed)           0.000     3.791    bd_0_i/hls_inst/inst/out_r_d0[8]_INST_0_n_4
    SLICE_X18Y49         CARRY4 (Prop_carry4_CI_CO[3])
                                                      0.114     3.905 r  bd_0_i/hls_inst/inst/out_r_d0[12]_INST_0/CO[3]
                         net (fo=1, routed)           0.001     3.906    bd_0_i/hls_inst/inst/out_r_d0[12]_INST_0_n_4
    SLICE_X18Y50         CARRY4 (Prop_carry4_CI_CO[3])
                                                      0.114     4.020 r  bd_0_i/hls_inst/inst/out_r_d0[16]_INST_0/CO[3]
                         net (fo=1, routed)           0.000     4.020    bd_0_i/hls_inst/inst/out_r_d0[16]_INST_0_n_4
    SLICE_X18Y51         CARRY4 (Prop_carry4_CI_CO[3])
                                                      0.114     4.134 r  bd_0_i/hls_inst/inst/out_r_d0[20]_INST_0/CO[3]
                         net (fo=1, routed)           0.000     4.134    bd_0_i/hls_inst/inst/out_r_d0[20]_INST_0_n_4
    SLICE_X18Y52         CARRY4 (Prop_carry4_CI_CO[3])
                                                      0.114     4.248 r  bd_0_i/hls_inst/inst/out_r_d0[24]_INST_0/CO[3]
                         net (fo=1, routed)           0.000     4.248    bd_0_i/hls_inst/inst/out_r_d0[24]_INST_0_n_4
    SLICE_X18Y53         CARRY4 (Prop_carry4_CI_O[1])
                                                      0.348     4.596 r  bd_0_i/hls_inst/inst/out_r_d0[28]_INST_0/O[1]
                         net (fo=1, unset)            0.973     5.569    out_r_d0[29]
                                                                      r  out_r_d0[29] (OUT)
  -------------------------------------------------------------------    -------------------

Slack:                    inf
  Source:                 bd_0_i/hls_inst/inst/icmp_ln11_reg_513_pp0_iter3_reg_reg[0]/C
                            (rising edge-triggered cell FDRE clocked by ap_clk  {rise@0.000ns fall@5.000ns period=10.000ns})
  Destination:            out_r_d0[31]
                            (output port)
  Path Group:             (none)
  Path Type:              Max at Slow Process Corner
  Data Path Delay:        4.577ns  (logic 2.205ns (48.176%)  route 2.372ns (51.824%))
  Logic Levels:           9  (CARRY4=8 LUT4=1)
  Clock Uncertainty:      0.025ns  ((TSJ^2 + TIJ^2)^1/2 + DJ) / 2 + PE
    Total System Jitter     (TSJ):    0.050ns
    Total Input Jitter      (TIJ):    0.000ns
    Discrete Jitter          (DJ):    0.000ns
    Phase Error              (PE):    0.000ns

    Location             Delay type                Incr(ns)  Path(ns)    Netlist Resource(s)
  -------------------------------------------------------------------    -------------------
                         (clock ap_clk rise edge)     0.000     0.000 r  
                                                      0.000     0.000 r  ap_clk (IN)
                         net (fo=187, unset)          0.973     0.973    bd_0_i/hls_inst/inst/ap_clk
    SLICE_X24Y47         FDRE                                         r  bd_0_i/hls_inst/inst/icmp_ln11_reg_513_pp0_iter3_reg_reg[0]/C
  -------------------------------------------------------------------    -------------------
    SLICE_X24Y47         FDRE (Prop_fdre_C_Q)         0.518     1.491 r  bd_0_i/hls_inst/inst/icmp_ln11_reg_513_pp0_iter3_reg_reg[0]/Q
                         net (fo=63, routed)          1.398     2.889    bd_0_i/hls_inst/inst/icmp_ln11_reg_513_pp0_iter3_reg[0]
    SLICE_X18Y46         LUT4 (Prop_lut4_I1_O)        0.124     3.013 r  bd_0_i/hls_inst/inst/out_r_d0[0]_INST_0_i_7/O
                         net (fo=1, routed)           0.000     3.013    bd_0_i/hls_inst/inst/out_r_d0[0]_INST_0_i_7_n_4
    SLICE_X18Y46         CARRY4 (Prop_carry4_S[1]_CO[3])
                                                      0.550     3.563 r  bd_0_i/hls_inst/inst/out_r_d0[0]_INST_0/CO[3]
                         net (fo=1, routed)           0.000     3.563    bd_0_i/hls_inst/inst/out_r_d0[0]_INST_0_n_4
    SLICE_X18Y47         CARRY4 (Prop_carry4_CI_CO[3])
                                                      0.114     3.677 r  bd_0_i/hls_inst/inst/out_r_d0[4]_INST_0/CO[3]
                         net (fo=1, routed)           0.000     3.677    bd_0_i/hls_inst/inst/out_r_d0[4]_INST_0_n_4
    SLICE_X18Y48         CARRY4 (Prop_carry4_CI_CO[3])
                                                      0.114     3.791 r  bd_0_i/hls_inst/inst/out_r_d0[8]_INST_0/CO[3]
                         net (fo=1, routed)           0.000     3.791    bd_0_i/hls_inst/inst/out_r_d0[8]_INST_0_n_4
    SLICE_X18Y49         CARRY4 (Prop_carry4_CI_CO[3])
                                                      0.114     3.905 r  bd_0_i/hls_inst/inst/out_r_d0[12]_INST_0/CO[3]
                         net (fo=1, routed)           0.001     3.906    bd_0_i/hls_inst/inst/out_r_d0[12]_INST_0_n_4
    SLICE_X18Y50         CARRY4 (Prop_carry4_CI_CO[3])
                                                      0.114     4.020 r  bd_0_i/hls_inst/inst/out_r_d0[16]_INST_0/CO[3]
                         net (fo=1, routed)           0.000     4.020    bd_0_i/hls_inst/inst/out_r_d0[16]_INST_0_n_4
    SLICE_X18Y51         CARRY4 (Prop_carry4_CI_CO[3])
                                                      0.114     4.134 r  bd_0_i/hls_inst/inst/out_r_d0[20]_INST_0/CO[3]
                         net (fo=1, routed)           0.000     4.134    bd_0_i/hls_inst/inst/out_r_d0[20]_INST_0_n_4
    SLICE_X18Y52         CARRY4 (Prop_carry4_CI_CO[3])
                                                      0.114     4.248 r  bd_0_i/hls_inst/inst/out_r_d0[24]_INST_0/CO[3]
                         net (fo=1, routed)           0.000     4.248    bd_0_i/hls_inst/inst/out_r_d0[24]_INST_0_n_4
    SLICE_X18Y53         CARRY4 (Prop_carry4_CI_O[3])
                                                      0.329     4.577 r  bd_0_i/hls_inst/inst/out_r_d0[28]_INST_0/O[3]
                         net (fo=1, unset)            0.973     5.550    out_r_d0[31]
                                                                      r  out_r_d0[31] (OUT)
  -------------------------------------------------------------------    -------------------

Slack:                    inf
  Source:                 bd_0_i/hls_inst/inst/icmp_ln11_reg_513_pp0_iter3_reg_reg[0]/C
                            (rising edge-triggered cell FDRE clocked by ap_clk  {rise@0.000ns fall@5.000ns period=10.000ns})
  Destination:            out_r_d0[30]
                            (output port)
  Path Group:             (none)
  Path Type:              Max at Slow Process Corner
  Data Path Delay:        4.504ns  (logic 2.132ns (47.336%)  route 2.372ns (52.664%))
  Logic Levels:           9  (CARRY4=8 LUT4=1)
  Clock Uncertainty:      0.025ns  ((TSJ^2 + TIJ^2)^1/2 + DJ) / 2 + PE
    Total System Jitter     (TSJ):    0.050ns
    Total Input Jitter      (TIJ):    0.000ns
    Discrete Jitter          (DJ):    0.000ns
    Phase Error              (PE):    0.000ns

    Location             Delay type                Incr(ns)  Path(ns)    Netlist Resource(s)
  -------------------------------------------------------------------    -------------------
                         (clock ap_clk rise edge)     0.000     0.000 r  
                                                      0.000     0.000 r  ap_clk (IN)
                         net (fo=187, unset)          0.973     0.973    bd_0_i/hls_inst/inst/ap_clk
    SLICE_X24Y47         FDRE                                         r  bd_0_i/hls_inst/inst/icmp_ln11_reg_513_pp0_iter3_reg_reg[0]/C
  -------------------------------------------------------------------    -------------------
    SLICE_X24Y47         FDRE (Prop_fdre_C_Q)         0.518     1.491 r  bd_0_i/hls_inst/inst/icmp_ln11_reg_513_pp0_iter3_reg_reg[0]/Q
                         net (fo=63, routed)          1.398     2.889    bd_0_i/hls_inst/inst/icmp_ln11_reg_513_pp0_iter3_reg[0]
    SLICE_X18Y46         LUT4 (Prop_lut4_I1_O)        0.124     3.013 r  bd_0_i/hls_inst/inst/out_r_d0[0]_INST_0_i_7/O
                         net (fo=1, routed)           0.000     3.013    bd_0_i/hls_inst/inst/out_r_d0[0]_INST_0_i_7_n_4
    SLICE_X18Y46         CARRY4 (Prop_carry4_S[1]_CO[3])
                                                      0.550     3.563 r  bd_0_i/hls_inst/inst/out_r_d0[0]_INST_0/CO[3]
                         net (fo=1, routed)           0.000     3.563    bd_0_i/hls_inst/inst/out_r_d0[0]_INST_0_n_4
    SLICE_X18Y47         CARRY4 (Prop_carry4_CI_CO[3])
                                                      0.114     3.677 r  bd_0_i/hls_inst/inst/out_r_d0[4]_INST_0/CO[3]
                         net (fo=1, routed)           0.000     3.677    bd_0_i/hls_inst/inst/out_r_d0[4]_INST_0_n_4
    SLICE_X18Y48         CARRY4 (Prop_carry4_CI_CO[3])
                                                      0.114     3.791 r  bd_0_i/hls_inst/inst/out_r_d0[8]_INST_0/CO[3]
                         net (fo=1, routed)           0.000     3.791    bd_0_i/hls_inst/inst/out_r_d0[8]_INST_0_n_4
    SLICE_X18Y49         CARRY4 (Prop_carry4_CI_CO[3])
                                                      0.114     3.905 r  bd_0_i/hls_inst/inst/out_r_d0[12]_INST_0/CO[3]
                         net (fo=1, routed)           0.001     3.906    bd_0_i/hls_inst/inst/out_r_d0[12]_INST_0_n_4
    SLICE_X18Y50         CARRY4 (Prop_carry4_CI_CO[3])
                                                      0.114     4.020 r  bd_0_i/hls_inst/inst/out_r_d0[16]_INST_0/CO[3]
                         net (fo=1, routed)           0.000     4.020    bd_0_i/hls_inst/inst/out_r_d0[16]_INST_0_n_4
    SLICE_X18Y51         CARRY4 (Prop_carry4_CI_CO[3])
                                                      0.114     4.134 r  bd_0_i/hls_inst/inst/out_r_d0[20]_INST_0/CO[3]
                         net (fo=1, routed)           0.000     4.134    bd_0_i/hls_inst/inst/out_r_d0[20]_INST_0_n_4
    SLICE_X18Y52         CARRY4 (Prop_carry4_CI_CO[3])
                                                      0.114     4.248 r  bd_0_i/hls_inst/inst/out_r_d0[24]_INST_0/CO[3]
                         net (fo=1, routed)           0.000     4.248    bd_0_i/hls_inst/inst/out_r_d0[24]_INST_0_n_4
    SLICE_X18Y53         CARRY4 (Prop_carry4_CI_O[2])
                                                      0.256     4.504 r  bd_0_i/hls_inst/inst/out_r_d0[28]_INST_0/O[2]
                         net (fo=1, unset)            0.973     5.477    out_r_d0[30]
                                                                      r  out_r_d0[30] (OUT)
  -------------------------------------------------------------------    -------------------

Slack:                    inf
  Source:                 bd_0_i/hls_inst/inst/icmp_ln11_reg_513_pp0_iter3_reg_reg[0]/C
                            (rising edge-triggered cell FDRE clocked by ap_clk  {rise@0.000ns fall@5.000ns period=10.000ns})
  Destination:            out_r_d0[28]
                            (output port)
  Path Group:             (none)
  Path Type:              Max at Slow Process Corner
  Data Path Delay:        4.483ns  (logic 2.111ns (47.089%)  route 2.372ns (52.911%))
  Logic Levels:           9  (CARRY4=8 LUT4=1)
  Clock Uncertainty:      0.025ns  ((TSJ^2 + TIJ^2)^1/2 + DJ) / 2 + PE
    Total System Jitter     (TSJ):    0.050ns
    Total Input Jitter      (TIJ):    0.000ns
    Discrete Jitter          (DJ):    0.000ns
    Phase Error              (PE):    0.000ns

    Location             Delay type                Incr(ns)  Path(ns)    Netlist Resource(s)
  -------------------------------------------------------------------    -------------------
                         (clock ap_clk rise edge)     0.000     0.000 r  
                                                      0.000     0.000 r  ap_clk (IN)
                         net (fo=187, unset)          0.973     0.973    bd_0_i/hls_inst/inst/ap_clk
    SLICE_X24Y47         FDRE                                         r  bd_0_i/hls_inst/inst/icmp_ln11_reg_513_pp0_iter3_reg_reg[0]/C
  -------------------------------------------------------------------    -------------------
    SLICE_X24Y47         FDRE (Prop_fdre_C_Q)         0.518     1.491 r  bd_0_i/hls_inst/inst/icmp_ln11_reg_513_pp0_iter3_reg_reg[0]/Q
                         net (fo=63, routed)          1.398     2.889    bd_0_i/hls_inst/inst/icmp_ln11_reg_513_pp0_iter3_reg[0]
    SLICE_X18Y46         LUT4 (Prop_lut4_I1_O)        0.124     3.013 r  bd_0_i/hls_inst/inst/out_r_d0[0]_INST_0_i_7/O
                         net (fo=1, routed)           0.000     3.013    bd_0_i/hls_inst/inst/out_r_d0[0]_INST_0_i_7_n_4
    SLICE_X18Y46         CARRY4 (Prop_carry4_S[1]_CO[3])
                                                      0.550     3.563 r  bd_0_i/hls_inst/inst/out_r_d0[0]_INST_0/CO[3]
                         net (fo=1, routed)           0.000     3.563    bd_0_i/hls_inst/inst/out_r_d0[0]_INST_0_n_4
    SLICE_X18Y47         CARRY4 (Prop_carry4_CI_CO[3])
                                                      0.114     3.677 r  bd_0_i/hls_inst/inst/out_r_d0[4]_INST_0/CO[3]
                         net (fo=1, routed)           0.000     3.677    bd_0_i/hls_inst/inst/out_r_d0[4]_INST_0_n_4
    SLICE_X18Y48         CARRY4 (Prop_carry4_CI_CO[3])
                                                      0.114     3.791 r  bd_0_i/hls_inst/inst/out_r_d0[8]_INST_0/CO[3]
                         net (fo=1, routed)           0.000     3.791    bd_0_i/hls_inst/inst/out_r_d0[8]_INST_0_n_4
    SLICE_X18Y49         CARRY4 (Prop_carry4_CI_CO[3])
                                                      0.114     3.905 r  bd_0_i/hls_inst/inst/out_r_d0[12]_INST_0/CO[3]
                         net (fo=1, routed)           0.001     3.906    bd_0_i/hls_inst/inst/out_r_d0[12]_INST_0_n_4
    SLICE_X18Y50         CARRY4 (Prop_carry4_CI_CO[3])
                                                      0.114     4.020 r  bd_0_i/hls_inst/inst/out_r_d0[16]_INST_0/CO[3]
                         net (fo=1, routed)           0.000     4.020    bd_0_i/hls_inst/inst/out_r_d0[16]_INST_0_n_4
    SLICE_X18Y51         CARRY4 (Prop_carry4_CI_CO[3])
                                                      0.114     4.134 r  bd_0_i/hls_inst/inst/out_r_d0[20]_INST_0/CO[3]
                         net (fo=1, routed)           0.000     4.134    bd_0_i/hls_inst/inst/out_r_d0[20]_INST_0_n_4
    SLICE_X18Y52         CARRY4 (Prop_carry4_CI_CO[3])
                                                      0.114     4.248 r  bd_0_i/hls_inst/inst/out_r_d0[24]_INST_0/CO[3]
                         net (fo=1, routed)           0.000     4.248    bd_0_i/hls_inst/inst/out_r_d0[24]_INST_0_n_4
    SLICE_X18Y53         CARRY4 (Prop_carry4_CI_O[0])
                                                      0.235     4.483 r  bd_0_i/hls_inst/inst/out_r_d0[28]_INST_0/O[0]
                         net (fo=1, unset)            0.973     5.456    out_r_d0[28]
                                                                      r  out_r_d0[28] (OUT)
  -------------------------------------------------------------------    -------------------

Slack:                    inf
  Source:                 bd_0_i/hls_inst/inst/icmp_ln11_reg_513_pp0_iter3_reg_reg[0]/C
                            (rising edge-triggered cell FDRE clocked by ap_clk  {rise@0.000ns fall@5.000ns period=10.000ns})
  Destination:            out_r_d0[25]
                            (output port)
  Path Group:             (none)
  Path Type:              Max at Slow Process Corner
  Data Path Delay:        4.482ns  (logic 2.110ns (47.077%)  route 2.372ns (52.923%))
  Logic Levels:           8  (CARRY4=7 LUT4=1)
  Clock Uncertainty:      0.025ns  ((TSJ^2 + TIJ^2)^1/2 + DJ) / 2 + PE
    Total System Jitter     (TSJ):    0.050ns
    Total Input Jitter      (TIJ):    0.000ns
    Discrete Jitter          (DJ):    0.000ns
    Phase Error              (PE):    0.000ns

    Location             Delay type                Incr(ns)  Path(ns)    Netlist Resource(s)
  -------------------------------------------------------------------    -------------------
                         (clock ap_clk rise edge)     0.000     0.000 r  
                                                      0.000     0.000 r  ap_clk (IN)
                         net (fo=187, unset)          0.973     0.973    bd_0_i/hls_inst/inst/ap_clk
    SLICE_X24Y47         FDRE                                         r  bd_0_i/hls_inst/inst/icmp_ln11_reg_513_pp0_iter3_reg_reg[0]/C
  -------------------------------------------------------------------    -------------------
    SLICE_X24Y47         FDRE (Prop_fdre_C_Q)         0.518     1.491 r  bd_0_i/hls_inst/inst/icmp_ln11_reg_513_pp0_iter3_reg_reg[0]/Q
                         net (fo=63, routed)          1.398     2.889    bd_0_i/hls_inst/inst/icmp_ln11_reg_513_pp0_iter3_reg[0]
    SLICE_X18Y46         LUT4 (Prop_lut4_I1_O)        0.124     3.013 r  bd_0_i/hls_inst/inst/out_r_d0[0]_INST_0_i_7/O
                         net (fo=1, routed)           0.000     3.013    bd_0_i/hls_inst/inst/out_r_d0[0]_INST_0_i_7_n_4
    SLICE_X18Y46         CARRY4 (Prop_carry4_S[1]_CO[3])
                                                      0.550     3.563 r  bd_0_i/hls_inst/inst/out_r_d0[0]_INST_0/CO[3]
                         net (fo=1, routed)           0.000     3.563    bd_0_i/hls_inst/inst/out_r_d0[0]_INST_0_n_4
    SLICE_X18Y47         CARRY4 (Prop_carry4_CI_CO[3])
                                                      0.114     3.677 r  bd_0_i/hls_inst/inst/out_r_d0[4]_INST_0/CO[3]
                         net (fo=1, routed)           0.000     3.677    bd_0_i/hls_inst/inst/out_r_d0[4]_INST_0_n_4
    SLICE_X18Y48         CARRY4 (Prop_carry4_CI_CO[3])
                                                      0.114     3.791 r  bd_0_i/hls_inst/inst/out_r_d0[8]_INST_0/CO[3]
                         net (fo=1, routed)           0.000     3.791    bd_0_i/hls_inst/inst/out_r_d0[8]_INST_0_n_4
    SLICE_X18Y49         CARRY4 (Prop_carry4_CI_CO[3])
                                                      0.114     3.905 r  bd_0_i/hls_inst/inst/out_r_d0[12]_INST_0/CO[3]
                         net (fo=1, routed)           0.001     3.906    bd_0_i/hls_inst/inst/out_r_d0[12]_INST_0_n_4
    SLICE_X18Y50         CARRY4 (Prop_carry4_CI_CO[3])
                                                      0.114     4.020 r  bd_0_i/hls_inst/inst/out_r_d0[16]_INST_0/CO[3]
                         net (fo=1, routed)           0.000     4.020    bd_0_i/hls_inst/inst/out_r_d0[16]_INST_0_n_4
    SLICE_X18Y51         CARRY4 (Prop_carry4_CI_CO[3])
                                                      0.114     4.134 r  bd_0_i/hls_inst/inst/out_r_d0[20]_INST_0/CO[3]
                         net (fo=1, routed)           0.000     4.134    bd_0_i/hls_inst/inst/out_r_d0[20]_INST_0_n_4
    SLICE_X18Y52         CARRY4 (Prop_carry4_CI_O[1])
                                                      0.348     4.482 r  bd_0_i/hls_inst/inst/out_r_d0[24]_INST_0/O[1]
                         net (fo=1, unset)            0.973     5.455    out_r_d0[25]
                                                                      r  out_r_d0[25] (OUT)
  -------------------------------------------------------------------    -------------------

Slack:                    inf
  Source:                 bd_0_i/hls_inst/inst/icmp_ln11_reg_513_pp0_iter3_reg_reg[0]/C
                            (rising edge-triggered cell FDRE clocked by ap_clk  {rise@0.000ns fall@5.000ns period=10.000ns})
  Destination:            out_r_d0[27]
                            (output port)
  Path Group:             (none)
  Path Type:              Max at Slow Process Corner
  Data Path Delay:        4.463ns  (logic 2.091ns (46.852%)  route 2.372ns (53.148%))
  Logic Levels:           8  (CARRY4=7 LUT4=1)
  Clock Uncertainty:      0.025ns  ((TSJ^2 + TIJ^2)^1/2 + DJ) / 2 + PE
    Total System Jitter     (TSJ):    0.050ns
    Total Input Jitter      (TIJ):    0.000ns
    Discrete Jitter          (DJ):    0.000ns
    Phase Error              (PE):    0.000ns

    Location             Delay type                Incr(ns)  Path(ns)    Netlist Resource(s)
  -------------------------------------------------------------------    -------------------
                         (clock ap_clk rise edge)     0.000     0.000 r  
                                                      0.000     0.000 r  ap_clk (IN)
                         net (fo=187, unset)          0.973     0.973    bd_0_i/hls_inst/inst/ap_clk
    SLICE_X24Y47         FDRE                                         r  bd_0_i/hls_inst/inst/icmp_ln11_reg_513_pp0_iter3_reg_reg[0]/C
  -------------------------------------------------------------------    -------------------
    SLICE_X24Y47         FDRE (Prop_fdre_C_Q)         0.518     1.491 r  bd_0_i/hls_inst/inst/icmp_ln11_reg_513_pp0_iter3_reg_reg[0]/Q
                         net (fo=63, routed)          1.398     2.889    bd_0_i/hls_inst/inst/icmp_ln11_reg_513_pp0_iter3_reg[0]
    SLICE_X18Y46         LUT4 (Prop_lut4_I1_O)        0.124     3.013 r  bd_0_i/hls_inst/inst/out_r_d0[0]_INST_0_i_7/O
                         net (fo=1, routed)           0.000     3.013    bd_0_i/hls_inst/inst/out_r_d0[0]_INST_0_i_7_n_4
    SLICE_X18Y46         CARRY4 (Prop_carry4_S[1]_CO[3])
                                                      0.550     3.563 r  bd_0_i/hls_inst/inst/out_r_d0[0]_INST_0/CO[3]
                         net (fo=1, routed)           0.000     3.563    bd_0_i/hls_inst/inst/out_r_d0[0]_INST_0_n_4
    SLICE_X18Y47         CARRY4 (Prop_carry4_CI_CO[3])
                                                      0.114     3.677 r  bd_0_i/hls_inst/inst/out_r_d0[4]_INST_0/CO[3]
                         net (fo=1, routed)           0.000     3.677    bd_0_i/hls_inst/inst/out_r_d0[4]_INST_0_n_4
    SLICE_X18Y48         CARRY4 (Prop_carry4_CI_CO[3])
                                                      0.114     3.791 r  bd_0_i/hls_inst/inst/out_r_d0[8]_INST_0/CO[3]
                         net (fo=1, routed)           0.000     3.791    bd_0_i/hls_inst/inst/out_r_d0[8]_INST_0_n_4
    SLICE_X18Y49         CARRY4 (Prop_carry4_CI_CO[3])
                                                      0.114     3.905 r  bd_0_i/hls_inst/inst/out_r_d0[12]_INST_0/CO[3]
                         net (fo=1, routed)           0.001     3.906    bd_0_i/hls_inst/inst/out_r_d0[12]_INST_0_n_4
    SLICE_X18Y50         CARRY4 (Prop_carry4_CI_CO[3])
                                                      0.114     4.020 r  bd_0_i/hls_inst/inst/out_r_d0[16]_INST_0/CO[3]
                         net (fo=1, routed)           0.000     4.020    bd_0_i/hls_inst/inst/out_r_d0[16]_INST_0_n_4
    SLICE_X18Y51         CARRY4 (Prop_carry4_CI_CO[3])
                                                      0.114     4.134 r  bd_0_i/hls_inst/inst/out_r_d0[20]_INST_0/CO[3]
                         net (fo=1, routed)           0.000     4.134    bd_0_i/hls_inst/inst/out_r_d0[20]_INST_0_n_4
    SLICE_X18Y52         CARRY4 (Prop_carry4_CI_O[3])
                                                      0.329     4.463 r  bd_0_i/hls_inst/inst/out_r_d0[24]_INST_0/O[3]
                         net (fo=1, unset)            0.973     5.436    out_r_d0[27]
                                                                      r  out_r_d0[27] (OUT)
  -------------------------------------------------------------------    -------------------

Slack:                    inf
  Source:                 bd_0_i/hls_inst/inst/icmp_ln11_reg_513_pp0_iter3_reg_reg[0]/C
                            (rising edge-triggered cell FDRE clocked by ap_clk  {rise@0.000ns fall@5.000ns period=10.000ns})
  Destination:            out_r_d0[26]
                            (output port)
  Path Group:             (none)
  Path Type:              Max at Slow Process Corner
  Data Path Delay:        4.390ns  (logic 2.018ns (45.968%)  route 2.372ns (54.032%))
  Logic Levels:           8  (CARRY4=7 LUT4=1)
  Clock Uncertainty:      0.025ns  ((TSJ^2 + TIJ^2)^1/2 + DJ) / 2 + PE
    Total System Jitter     (TSJ):    0.050ns
    Total Input Jitter      (TIJ):    0.000ns
    Discrete Jitter          (DJ):    0.000ns
    Phase Error              (PE):    0.000ns

    Location             Delay type                Incr(ns)  Path(ns)    Netlist Resource(s)
  -------------------------------------------------------------------    -------------------
                         (clock ap_clk rise edge)     0.000     0.000 r  
                                                      0.000     0.000 r  ap_clk (IN)
                         net (fo=187, unset)          0.973     0.973    bd_0_i/hls_inst/inst/ap_clk
    SLICE_X24Y47         FDRE                                         r  bd_0_i/hls_inst/inst/icmp_ln11_reg_513_pp0_iter3_reg_reg[0]/C
  -------------------------------------------------------------------    -------------------
    SLICE_X24Y47         FDRE (Prop_fdre_C_Q)         0.518     1.491 r  bd_0_i/hls_inst/inst/icmp_ln11_reg_513_pp0_iter3_reg_reg[0]/Q
                         net (fo=63, routed)          1.398     2.889    bd_0_i/hls_inst/inst/icmp_ln11_reg_513_pp0_iter3_reg[0]
    SLICE_X18Y46         LUT4 (Prop_lut4_I1_O)        0.124     3.013 r  bd_0_i/hls_inst/inst/out_r_d0[0]_INST_0_i_7/O
                         net (fo=1, routed)           0.000     3.013    bd_0_i/hls_inst/inst/out_r_d0[0]_INST_0_i_7_n_4
    SLICE_X18Y46         CARRY4 (Prop_carry4_S[1]_CO[3])
                                                      0.550     3.563 r  bd_0_i/hls_inst/inst/out_r_d0[0]_INST_0/CO[3]
                         net (fo=1, routed)           0.000     3.563    bd_0_i/hls_inst/inst/out_r_d0[0]_INST_0_n_4
    SLICE_X18Y47         CARRY4 (Prop_carry4_CI_CO[3])
                                                      0.114     3.677 r  bd_0_i/hls_inst/inst/out_r_d0[4]_INST_0/CO[3]
                         net (fo=1, routed)           0.000     3.677    bd_0_i/hls_inst/inst/out_r_d0[4]_INST_0_n_4
    SLICE_X18Y48         CARRY4 (Prop_carry4_CI_CO[3])
                                                      0.114     3.791 r  bd_0_i/hls_inst/inst/out_r_d0[8]_INST_0/CO[3]
                         net (fo=1, routed)           0.000     3.791    bd_0_i/hls_inst/inst/out_r_d0[8]_INST_0_n_4
    SLICE_X18Y49         CARRY4 (Prop_carry4_CI_CO[3])
                                                      0.114     3.905 r  bd_0_i/hls_inst/inst/out_r_d0[12]_INST_0/CO[3]
                         net (fo=1, routed)           0.001     3.906    bd_0_i/hls_inst/inst/out_r_d0[12]_INST_0_n_4
    SLICE_X18Y50         CARRY4 (Prop_carry4_CI_CO[3])
                                                      0.114     4.020 r  bd_0_i/hls_inst/inst/out_r_d0[16]_INST_0/CO[3]
                         net (fo=1, routed)           0.000     4.020    bd_0_i/hls_inst/inst/out_r_d0[16]_INST_0_n_4
    SLICE_X18Y51         CARRY4 (Prop_carry4_CI_CO[3])
                                                      0.114     4.134 r  bd_0_i/hls_inst/inst/out_r_d0[20]_INST_0/CO[3]
                         net (fo=1, routed)           0.000     4.134    bd_0_i/hls_inst/inst/out_r_d0[20]_INST_0_n_4
    SLICE_X18Y52         CARRY4 (Prop_carry4_CI_O[2])
                                                      0.256     4.390 r  bd_0_i/hls_inst/inst/out_r_d0[24]_INST_0/O[2]
                         net (fo=1, unset)            0.973     5.363    out_r_d0[26]
                                                                      r  out_r_d0[26] (OUT)
  -------------------------------------------------------------------    -------------------

Slack:                    inf
  Source:                 bd_0_i/hls_inst/inst/icmp_ln11_reg_513_pp0_iter3_reg_reg[0]/C
                            (rising edge-triggered cell FDRE clocked by ap_clk  {rise@0.000ns fall@5.000ns period=10.000ns})
  Destination:            out_r_d0[24]
                            (output port)
  Path Group:             (none)
  Path Type:              Max at Slow Process Corner
  Data Path Delay:        4.369ns  (logic 1.997ns (45.708%)  route 2.372ns (54.292%))
  Logic Levels:           8  (CARRY4=7 LUT4=1)
  Clock Uncertainty:      0.025ns  ((TSJ^2 + TIJ^2)^1/2 + DJ) / 2 + PE
    Total System Jitter     (TSJ):    0.050ns
    Total Input Jitter      (TIJ):    0.000ns
    Discrete Jitter          (DJ):    0.000ns
    Phase Error              (PE):    0.000ns

    Location             Delay type                Incr(ns)  Path(ns)    Netlist Resource(s)
  -------------------------------------------------------------------    -------------------
                         (clock ap_clk rise edge)     0.000     0.000 r  
                                                      0.000     0.000 r  ap_clk (IN)
                         net (fo=187, unset)          0.973     0.973    bd_0_i/hls_inst/inst/ap_clk
    SLICE_X24Y47         FDRE                                         r  bd_0_i/hls_inst/inst/icmp_ln11_reg_513_pp0_iter3_reg_reg[0]/C
  -------------------------------------------------------------------    -------------------
    SLICE_X24Y47         FDRE (Prop_fdre_C_Q)         0.518     1.491 r  bd_0_i/hls_inst/inst/icmp_ln11_reg_513_pp0_iter3_reg_reg[0]/Q
                         net (fo=63, routed)          1.398     2.889    bd_0_i/hls_inst/inst/icmp_ln11_reg_513_pp0_iter3_reg[0]
    SLICE_X18Y46         LUT4 (Prop_lut4_I1_O)        0.124     3.013 r  bd_0_i/hls_inst/inst/out_r_d0[0]_INST_0_i_7/O
                         net (fo=1, routed)           0.000     3.013    bd_0_i/hls_inst/inst/out_r_d0[0]_INST_0_i_7_n_4
    SLICE_X18Y46         CARRY4 (Prop_carry4_S[1]_CO[3])
                                                      0.550     3.563 r  bd_0_i/hls_inst/inst/out_r_d0[0]_INST_0/CO[3]
                         net (fo=1, routed)           0.000     3.563    bd_0_i/hls_inst/inst/out_r_d0[0]_INST_0_n_4
    SLICE_X18Y47         CARRY4 (Prop_carry4_CI_CO[3])
                                                      0.114     3.677 r  bd_0_i/hls_inst/inst/out_r_d0[4]_INST_0/CO[3]
                         net (fo=1, routed)           0.000     3.677    bd_0_i/hls_inst/inst/out_r_d0[4]_INST_0_n_4
    SLICE_X18Y48         CARRY4 (Prop_carry4_CI_CO[3])
                                                      0.114     3.791 r  bd_0_i/hls_inst/inst/out_r_d0[8]_INST_0/CO[3]
                         net (fo=1, routed)           0.000     3.791    bd_0_i/hls_inst/inst/out_r_d0[8]_INST_0_n_4
    SLICE_X18Y49         CARRY4 (Prop_carry4_CI_CO[3])
                                                      0.114     3.905 r  bd_0_i/hls_inst/inst/out_r_d0[12]_INST_0/CO[3]
                         net (fo=1, routed)           0.001     3.906    bd_0_i/hls_inst/inst/out_r_d0[12]_INST_0_n_4
    SLICE_X18Y50         CARRY4 (Prop_carry4_CI_CO[3])
                                                      0.114     4.020 r  bd_0_i/hls_inst/inst/out_r_d0[16]_INST_0/CO[3]
                         net (fo=1, routed)           0.000     4.020    bd_0_i/hls_inst/inst/out_r_d0[16]_INST_0_n_4
    SLICE_X18Y51         CARRY4 (Prop_carry4_CI_CO[3])
                                                      0.114     4.134 r  bd_0_i/hls_inst/inst/out_r_d0[20]_INST_0/CO[3]
                         net (fo=1, routed)           0.000     4.134    bd_0_i/hls_inst/inst/out_r_d0[20]_INST_0_n_4
    SLICE_X18Y52         CARRY4 (Prop_carry4_CI_O[0])
                                                      0.235     4.369 r  bd_0_i/hls_inst/inst/out_r_d0[24]_INST_0/O[0]
                         net (fo=1, unset)            0.973     5.342    out_r_d0[24]
                                                                      r  out_r_d0[24] (OUT)
  -------------------------------------------------------------------    -------------------

Slack:                    inf
  Source:                 bd_0_i/hls_inst/inst/icmp_ln11_reg_513_pp0_iter3_reg_reg[0]/C
                            (rising edge-triggered cell FDRE clocked by ap_clk  {rise@0.000ns fall@5.000ns period=10.000ns})
  Destination:            out_r_d0[21]
                            (output port)
  Path Group:             (none)
  Path Type:              Max at Slow Process Corner
  Data Path Delay:        4.368ns  (logic 1.996ns (45.696%)  route 2.372ns (54.304%))
  Logic Levels:           7  (CARRY4=6 LUT4=1)
  Clock Uncertainty:      0.025ns  ((TSJ^2 + TIJ^2)^1/2 + DJ) / 2 + PE
    Total System Jitter     (TSJ):    0.050ns
    Total Input Jitter      (TIJ):    0.000ns
    Discrete Jitter          (DJ):    0.000ns
    Phase Error              (PE):    0.000ns

    Location             Delay type                Incr(ns)  Path(ns)    Netlist Resource(s)
  -------------------------------------------------------------------    -------------------
                         (clock ap_clk rise edge)     0.000     0.000 r  
                                                      0.000     0.000 r  ap_clk (IN)
                         net (fo=187, unset)          0.973     0.973    bd_0_i/hls_inst/inst/ap_clk
    SLICE_X24Y47         FDRE                                         r  bd_0_i/hls_inst/inst/icmp_ln11_reg_513_pp0_iter3_reg_reg[0]/C
  -------------------------------------------------------------------    -------------------
    SLICE_X24Y47         FDRE (Prop_fdre_C_Q)         0.518     1.491 r  bd_0_i/hls_inst/inst/icmp_ln11_reg_513_pp0_iter3_reg_reg[0]/Q
                         net (fo=63, routed)          1.398     2.889    bd_0_i/hls_inst/inst/icmp_ln11_reg_513_pp0_iter3_reg[0]
    SLICE_X18Y46         LUT4 (Prop_lut4_I1_O)        0.124     3.013 r  bd_0_i/hls_inst/inst/out_r_d0[0]_INST_0_i_7/O
                         net (fo=1, routed)           0.000     3.013    bd_0_i/hls_inst/inst/out_r_d0[0]_INST_0_i_7_n_4
    SLICE_X18Y46         CARRY4 (Prop_carry4_S[1]_CO[3])
                                                      0.550     3.563 r  bd_0_i/hls_inst/inst/out_r_d0[0]_INST_0/CO[3]
                         net (fo=1, routed)           0.000     3.563    bd_0_i/hls_inst/inst/out_r_d0[0]_INST_0_n_4
    SLICE_X18Y47         CARRY4 (Prop_carry4_CI_CO[3])
                                                      0.114     3.677 r  bd_0_i/hls_inst/inst/out_r_d0[4]_INST_0/CO[3]
                         net (fo=1, routed)           0.000     3.677    bd_0_i/hls_inst/inst/out_r_d0[4]_INST_0_n_4
    SLICE_X18Y48         CARRY4 (Prop_carry4_CI_CO[3])
                                                      0.114     3.791 r  bd_0_i/hls_inst/inst/out_r_d0[8]_INST_0/CO[3]
                         net (fo=1, routed)           0.000     3.791    bd_0_i/hls_inst/inst/out_r_d0[8]_INST_0_n_4
    SLICE_X18Y49         CARRY4 (Prop_carry4_CI_CO[3])
                                                      0.114     3.905 r  bd_0_i/hls_inst/inst/out_r_d0[12]_INST_0/CO[3]
                         net (fo=1, routed)           0.001     3.906    bd_0_i/hls_inst/inst/out_r_d0[12]_INST_0_n_4
    SLICE_X18Y50         CARRY4 (Prop_carry4_CI_CO[3])
                                                      0.114     4.020 r  bd_0_i/hls_inst/inst/out_r_d0[16]_INST_0/CO[3]
                         net (fo=1, routed)           0.000     4.020    bd_0_i/hls_inst/inst/out_r_d0[16]_INST_0_n_4
    SLICE_X18Y51         CARRY4 (Prop_carry4_CI_O[1])
                                                      0.348     4.368 r  bd_0_i/hls_inst/inst/out_r_d0[20]_INST_0/O[1]
                         net (fo=1, unset)            0.973     5.341    out_r_d0[21]
                                                                      r  out_r_d0[21] (OUT)
  -------------------------------------------------------------------    -------------------

Slack:                    inf
  Source:                 bd_0_i/hls_inst/inst/icmp_ln6_reg_489_pp0_iter1_reg_reg[0]/C
                            (rising edge-triggered cell FDRE clocked by ap_clk  {rise@0.000ns fall@5.000ns period=10.000ns})
  Destination:            in2_address0[4]
                            (output port)
  Path Group:             (none)
  Path Type:              Max at Slow Process Corner
  Data Path Delay:        4.359ns  (logic 0.890ns (20.415%)  route 3.469ns (79.585%))
  Logic Levels:           3  (LUT2=1 LUT4=1 LUT6=1)
  Clock Uncertainty:      0.025ns  ((TSJ^2 + TIJ^2)^1/2 + DJ) / 2 + PE
    Total System Jitter     (TSJ):    0.050ns
    Total Input Jitter      (TIJ):    0.000ns
    Discrete Jitter          (DJ):    0.000ns
    Phase Error              (PE):    0.000ns

    Location             Delay type                Incr(ns)  Path(ns)    Netlist Resource(s)
  -------------------------------------------------------------------    -------------------
                         (clock ap_clk rise edge)     0.000     0.000 r  
                                                      0.000     0.000 r  ap_clk (IN)
                         net (fo=187, unset)          0.973     0.973    bd_0_i/hls_inst/inst/ap_clk
    SLICE_X30Y45         FDRE                                         r  bd_0_i/hls_inst/inst/icmp_ln6_reg_489_pp0_iter1_reg_reg[0]/C
  -------------------------------------------------------------------    -------------------
    SLICE_X30Y45         FDRE (Prop_fdre_C_Q)         0.518     1.491 f  bd_0_i/hls_inst/inst/icmp_ln6_reg_489_pp0_iter1_reg_reg[0]/Q
                         net (fo=20, routed)          0.988     2.479    bd_0_i/hls_inst/inst/icmp_ln6_reg_489_pp0_iter1_reg[0]
    SLICE_X27Y44         LUT4 (Prop_lut4_I2_O)        0.124     2.603 r  bd_0_i/hls_inst/inst/in1_address0[7]_INST_0_i_2/O
                         net (fo=16, routed)          0.643     3.247    bd_0_i/hls_inst/inst/in1_address0[7]_INST_0_i_2_n_4
    SLICE_X29Y43         LUT6 (Prop_lut6_I1_O)        0.124     3.371 r  bd_0_i/hls_inst/inst/in2_address0[7]_INST_0_i_1/O
                         net (fo=9, routed)           0.865     4.235    bd_0_i/hls_inst/inst/j_3_fu_289_p3[4]
    SLICE_X29Y45         LUT2 (Prop_lut2_I1_O)        0.124     4.359 r  bd_0_i/hls_inst/inst/in2_address0[4]_INST_0/O
                         net (fo=0)                   0.973     5.332    in2_address0[4]
                                                                      r  in2_address0[4] (OUT)
  -------------------------------------------------------------------    -------------------





Min Delay Paths
--------------------------------------------------------------------------------------
Slack:                    inf
  Source:                 bd_0_i/hls_inst/inst/ap_condition_exit_pp0_iter0_stage0_pp0_iter3_reg_reg/C
                            (rising edge-triggered cell FDRE clocked by ap_clk  {rise@0.000ns fall@5.000ns period=10.000ns})
  Destination:            ap_ctrl_ready
                            (output port)
  Path Group:             (none)
  Path Type:              Min at Fast Process Corner
  Data Path Delay:        0.558ns  (logic 0.148ns (26.517%)  route 0.410ns (73.483%))
  Logic Levels:           0  
  Clock Uncertainty:      0.025ns  ((TSJ^2 + TIJ^2)^1/2 + DJ) / 2 + PE
    Total System Jitter     (TSJ):    0.050ns
    Total Input Jitter      (TIJ):    0.000ns
    Discrete Jitter          (DJ):    0.000ns
    Phase Error              (PE):    0.000ns

    Location             Delay type                Incr(ns)  Path(ns)    Netlist Resource(s)
  -------------------------------------------------------------------    -------------------
                         (clock ap_clk rise edge)     0.000     0.000 r  
                                                      0.000     0.000 r  ap_clk (IN)
                         net (fo=187, unset)          0.410     0.410    bd_0_i/hls_inst/inst/ap_clk
    SLICE_X30Y47         FDRE                                         r  bd_0_i/hls_inst/inst/ap_condition_exit_pp0_iter0_stage0_pp0_iter3_reg_reg/C
  -------------------------------------------------------------------    -------------------
    SLICE_X30Y47         FDRE (Prop_fdre_C_Q)         0.148     0.558 r  bd_0_i/hls_inst/inst/ap_condition_exit_pp0_iter0_stage0_pp0_iter3_reg_reg/Q
                         net (fo=2, unset)            0.410     0.968    ap_ctrl_ready
                                                                      r  ap_ctrl_ready (OUT)
  -------------------------------------------------------------------    -------------------

Slack:                    inf
  Source:                 bd_0_i/hls_inst/inst/add_ln15_reg_498_pp0_iter3_reg_reg[4]/C
                            (rising edge-triggered cell FDRE clocked by ap_clk  {rise@0.000ns fall@5.000ns period=10.000ns})
  Destination:            out_r_address0[4]
                            (output port)
  Path Group:             (none)
  Path Type:              Min at Fast Process Corner
  Data Path Delay:        0.558ns  (logic 0.148ns (26.517%)  route 0.410ns (73.483%))
  Logic Levels:           0  
  Clock Uncertainty:      0.025ns  ((TSJ^2 + TIJ^2)^1/2 + DJ) / 2 + PE
    Total System Jitter     (TSJ):    0.050ns
    Total Input Jitter      (TIJ):    0.000ns
    Discrete Jitter          (DJ):    0.000ns
    Phase Error              (PE):    0.000ns

    Location             Delay type                Incr(ns)  Path(ns)    Netlist Resource(s)
  -------------------------------------------------------------------    -------------------
                         (clock ap_clk rise edge)     0.000     0.000 r  
                                                      0.000     0.000 r  ap_clk (IN)
                         net (fo=187, unset)          0.410     0.410    bd_0_i/hls_inst/inst/ap_clk
    SLICE_X30Y43         FDRE                                         r  bd_0_i/hls_inst/inst/add_ln15_reg_498_pp0_iter3_reg_reg[4]/C
  -------------------------------------------------------------------    -------------------
    SLICE_X30Y43         FDRE (Prop_fdre_C_Q)         0.148     0.558 r  bd_0_i/hls_inst/inst/add_ln15_reg_498_pp0_iter3_reg_reg[4]/Q
                         net (fo=0)                   0.410     0.968    out_r_address0[4]
                                                                      r  out_r_address0[4] (OUT)
  -------------------------------------------------------------------    -------------------

Slack:                    inf
  Source:                 bd_0_i/hls_inst/inst/add_ln15_reg_498_pp0_iter3_reg_reg[5]/C
                            (rising edge-triggered cell FDRE clocked by ap_clk  {rise@0.000ns fall@5.000ns period=10.000ns})
  Destination:            out_r_address0[5]
                            (output port)
  Path Group:             (none)
  Path Type:              Min at Fast Process Corner
  Data Path Delay:        0.558ns  (logic 0.148ns (26.517%)  route 0.410ns (73.483%))
  Logic Levels:           0  
  Clock Uncertainty:      0.025ns  ((TSJ^2 + TIJ^2)^1/2 + DJ) / 2 + PE
    Total System Jitter     (TSJ):    0.050ns
    Total Input Jitter      (TIJ):    0.000ns
    Discrete Jitter          (DJ):    0.000ns
    Phase Error              (PE):    0.000ns

    Location             Delay type                Incr(ns)  Path(ns)    Netlist Resource(s)
  -------------------------------------------------------------------    -------------------
                         (clock ap_clk rise edge)     0.000     0.000 r  
                                                      0.000     0.000 r  ap_clk (IN)
                         net (fo=187, unset)          0.410     0.410    bd_0_i/hls_inst/inst/ap_clk
    SLICE_X30Y43         FDRE                                         r  bd_0_i/hls_inst/inst/add_ln15_reg_498_pp0_iter3_reg_reg[5]/C
  -------------------------------------------------------------------    -------------------
    SLICE_X30Y43         FDRE (Prop_fdre_C_Q)         0.148     0.558 r  bd_0_i/hls_inst/inst/add_ln15_reg_498_pp0_iter3_reg_reg[5]/Q
                         net (fo=0)                   0.410     0.968    out_r_address0[5]
                                                                      r  out_r_address0[5] (OUT)
  -------------------------------------------------------------------    -------------------

Slack:                    inf
  Source:                 bd_0_i/hls_inst/inst/add_ln15_reg_498_pp0_iter3_reg_reg[6]/C
                            (rising edge-triggered cell FDRE clocked by ap_clk  {rise@0.000ns fall@5.000ns period=10.000ns})
  Destination:            out_r_address0[6]
                            (output port)
  Path Group:             (none)
  Path Type:              Min at Fast Process Corner
  Data Path Delay:        0.558ns  (logic 0.148ns (26.517%)  route 0.410ns (73.483%))
  Logic Levels:           0  
  Clock Uncertainty:      0.025ns  ((TSJ^2 + TIJ^2)^1/2 + DJ) / 2 + PE
    Total System Jitter     (TSJ):    0.050ns
    Total Input Jitter      (TIJ):    0.000ns
    Discrete Jitter          (DJ):    0.000ns
    Phase Error              (PE):    0.000ns

    Location             Delay type                Incr(ns)  Path(ns)    Netlist Resource(s)
  -------------------------------------------------------------------    -------------------
                         (clock ap_clk rise edge)     0.000     0.000 r  
                                                      0.000     0.000 r  ap_clk (IN)
                         net (fo=187, unset)          0.410     0.410    bd_0_i/hls_inst/inst/ap_clk
    SLICE_X30Y43         FDRE                                         r  bd_0_i/hls_inst/inst/add_ln15_reg_498_pp0_iter3_reg_reg[6]/C
  -------------------------------------------------------------------    -------------------
    SLICE_X30Y43         FDRE (Prop_fdre_C_Q)         0.148     0.558 r  bd_0_i/hls_inst/inst/add_ln15_reg_498_pp0_iter3_reg_reg[6]/Q
                         net (fo=0)                   0.410     0.968    out_r_address0[6]
                                                                      r  out_r_address0[6] (OUT)
  -------------------------------------------------------------------    -------------------

Slack:                    inf
  Source:                 bd_0_i/hls_inst/inst/add_ln15_reg_498_pp0_iter3_reg_reg[7]/C
                            (rising edge-triggered cell FDRE clocked by ap_clk  {rise@0.000ns fall@5.000ns period=10.000ns})
  Destination:            out_r_address0[7]
                            (output port)
  Path Group:             (none)
  Path Type:              Min at Fast Process Corner
  Data Path Delay:        0.558ns  (logic 0.148ns (26.517%)  route 0.410ns (73.483%))
  Logic Levels:           0  
  Clock Uncertainty:      0.025ns  ((TSJ^2 + TIJ^2)^1/2 + DJ) / 2 + PE
    Total System Jitter     (TSJ):    0.050ns
    Total Input Jitter      (TIJ):    0.000ns
    Discrete Jitter          (DJ):    0.000ns
    Phase Error              (PE):    0.000ns

    Location             Delay type                Incr(ns)  Path(ns)    Netlist Resource(s)
  -------------------------------------------------------------------    -------------------
                         (clock ap_clk rise edge)     0.000     0.000 r  
                                                      0.000     0.000 r  ap_clk (IN)
                         net (fo=187, unset)          0.410     0.410    bd_0_i/hls_inst/inst/ap_clk
    SLICE_X30Y43         FDRE                                         r  bd_0_i/hls_inst/inst/add_ln15_reg_498_pp0_iter3_reg_reg[7]/C
  -------------------------------------------------------------------    -------------------
    SLICE_X30Y43         FDRE (Prop_fdre_C_Q)         0.148     0.558 r  bd_0_i/hls_inst/inst/add_ln15_reg_498_pp0_iter3_reg_reg[7]/Q
                         net (fo=0)                   0.410     0.968    out_r_address0[7]
                                                                      r  out_r_address0[7] (OUT)
  -------------------------------------------------------------------    -------------------

Slack:                    inf
  Source:                 bd_0_i/hls_inst/inst/ap_loop_exit_ready_pp0_iter4_reg_reg/C
                            (rising edge-triggered cell FDRE clocked by ap_clk  {rise@0.000ns fall@5.000ns period=10.000ns})
  Destination:            ap_ctrl_done
                            (output port)
  Path Group:             (none)
  Path Type:              Min at Fast Process Corner
  Data Path Delay:        0.574ns  (logic 0.164ns (28.565%)  route 0.410ns (71.435%))
  Logic Levels:           0  
  Clock Uncertainty:      0.025ns  ((TSJ^2 + TIJ^2)^1/2 + DJ) / 2 + PE
    Total System Jitter     (TSJ):    0.050ns
    Total Input Jitter      (TIJ):    0.000ns
    Discrete Jitter          (DJ):    0.000ns
    Phase Error              (PE):    0.000ns

    Location             Delay type                Incr(ns)  Path(ns)    Netlist Resource(s)
  -------------------------------------------------------------------    -------------------
                         (clock ap_clk rise edge)     0.000     0.000 r  
                                                      0.000     0.000 r  ap_clk (IN)
                         net (fo=187, unset)          0.410     0.410    bd_0_i/hls_inst/inst/ap_clk
    SLICE_X28Y47         FDRE                                         r  bd_0_i/hls_inst/inst/ap_loop_exit_ready_pp0_iter4_reg_reg/C
  -------------------------------------------------------------------    -------------------
    SLICE_X28Y47         FDRE (Prop_fdre_C_Q)         0.164     0.574 r  bd_0_i/hls_inst/inst/ap_loop_exit_ready_pp0_iter4_reg_reg/Q
                         net (fo=0)                   0.410     0.984    ap_ctrl_done
                                                                      r  ap_ctrl_done (OUT)
  -------------------------------------------------------------------    -------------------

Slack:                    inf
  Source:                 bd_0_i/hls_inst/inst/ap_enable_reg_pp0_iter1_reg/C
                            (rising edge-triggered cell FDRE clocked by ap_clk  {rise@0.000ns fall@5.000ns period=10.000ns})
  Destination:            in1_ce0
                            (output port)
  Path Group:             (none)
  Path Type:              Min at Fast Process Corner
  Data Path Delay:        0.574ns  (logic 0.164ns (28.565%)  route 0.410ns (71.435%))
  Logic Levels:           0  
  Clock Uncertainty:      0.025ns  ((TSJ^2 + TIJ^2)^1/2 + DJ) / 2 + PE
    Total System Jitter     (TSJ):    0.050ns
    Total Input Jitter      (TIJ):    0.000ns
    Discrete Jitter          (DJ):    0.000ns
    Phase Error              (PE):    0.000ns

    Location             Delay type                Incr(ns)  Path(ns)    Netlist Resource(s)
  -------------------------------------------------------------------    -------------------
                         (clock ap_clk rise edge)     0.000     0.000 r  
                                                      0.000     0.000 r  ap_clk (IN)
                         net (fo=187, unset)          0.410     0.410    bd_0_i/hls_inst/inst/ap_clk
    SLICE_X30Y46         FDRE                                         r  bd_0_i/hls_inst/inst/ap_enable_reg_pp0_iter1_reg/C
  -------------------------------------------------------------------    -------------------
    SLICE_X30Y46         FDRE (Prop_fdre_C_Q)         0.164     0.574 r  bd_0_i/hls_inst/inst/ap_enable_reg_pp0_iter1_reg/Q
                         net (fo=28, unset)           0.410     0.984    in1_ce0
                                                                      r  in1_ce0 (OUT)
  -------------------------------------------------------------------    -------------------

Slack:                    inf
  Source:                 bd_0_i/hls_inst/inst/ap_enable_reg_pp0_iter1_reg/C
                            (rising edge-triggered cell FDRE clocked by ap_clk  {rise@0.000ns fall@5.000ns period=10.000ns})
  Destination:            in2_ce0
                            (output port)
  Path Group:             (none)
  Path Type:              Min at Fast Process Corner
  Data Path Delay:        0.574ns  (logic 0.164ns (28.565%)  route 0.410ns (71.435%))
  Logic Levels:           0  
  Clock Uncertainty:      0.025ns  ((TSJ^2 + TIJ^2)^1/2 + DJ) / 2 + PE
    Total System Jitter     (TSJ):    0.050ns
    Total Input Jitter      (TIJ):    0.000ns
    Discrete Jitter          (DJ):    0.000ns
    Phase Error              (PE):    0.000ns

    Location             Delay type                Incr(ns)  Path(ns)    Netlist Resource(s)
  -------------------------------------------------------------------    -------------------
                         (clock ap_clk rise edge)     0.000     0.000 r  
                                                      0.000     0.000 r  ap_clk (IN)
                         net (fo=187, unset)          0.410     0.410    bd_0_i/hls_inst/inst/ap_clk
    SLICE_X30Y46         FDRE                                         r  bd_0_i/hls_inst/inst/ap_enable_reg_pp0_iter1_reg/C
  -------------------------------------------------------------------    -------------------
    SLICE_X30Y46         FDRE (Prop_fdre_C_Q)         0.164     0.574 r  bd_0_i/hls_inst/inst/ap_enable_reg_pp0_iter1_reg/Q
                         net (fo=28, unset)           0.410     0.984    in2_ce0
                                                                      r  in2_ce0 (OUT)
  -------------------------------------------------------------------    -------------------

Slack:                    inf
  Source:                 bd_0_i/hls_inst/inst/add_ln15_reg_498_pp0_iter3_reg_reg[0]/C
                            (rising edge-triggered cell FDRE clocked by ap_clk  {rise@0.000ns fall@5.000ns period=10.000ns})
  Destination:            out_r_address0[0]
                            (output port)
  Path Group:             (none)
  Path Type:              Min at Fast Process Corner
  Data Path Delay:        0.574ns  (logic 0.164ns (28.565%)  route 0.410ns (71.435%))
  Logic Levels:           0  
  Clock Uncertainty:      0.025ns  ((TSJ^2 + TIJ^2)^1/2 + DJ) / 2 + PE
    Total System Jitter     (TSJ):    0.050ns
    Total Input Jitter      (TIJ):    0.000ns
    Discrete Jitter          (DJ):    0.000ns
    Phase Error              (PE):    0.000ns

    Location             Delay type                Incr(ns)  Path(ns)    Netlist Resource(s)
  -------------------------------------------------------------------    -------------------
                         (clock ap_clk rise edge)     0.000     0.000 r  
                                                      0.000     0.000 r  ap_clk (IN)
                         net (fo=187, unset)          0.410     0.410    bd_0_i/hls_inst/inst/ap_clk
    SLICE_X30Y43         FDRE                                         r  bd_0_i/hls_inst/inst/add_ln15_reg_498_pp0_iter3_reg_reg[0]/C
  -------------------------------------------------------------------    -------------------
    SLICE_X30Y43         FDRE (Prop_fdre_C_Q)         0.164     0.574 r  bd_0_i/hls_inst/inst/add_ln15_reg_498_pp0_iter3_reg_reg[0]/Q
                         net (fo=0)                   0.410     0.984    out_r_address0[0]
                                                                      r  out_r_address0[0] (OUT)
  -------------------------------------------------------------------    -------------------

Slack:                    inf
  Source:                 bd_0_i/hls_inst/inst/add_ln15_reg_498_pp0_iter3_reg_reg[1]/C
                            (rising edge-triggered cell FDRE clocked by ap_clk  {rise@0.000ns fall@5.000ns period=10.000ns})
  Destination:            out_r_address0[1]
                            (output port)
  Path Group:             (none)
  Path Type:              Min at Fast Process Corner
  Data Path Delay:        0.574ns  (logic 0.164ns (28.565%)  route 0.410ns (71.435%))
  Logic Levels:           0  
  Clock Uncertainty:      0.025ns  ((TSJ^2 + TIJ^2)^1/2 + DJ) / 2 + PE
    Total System Jitter     (TSJ):    0.050ns
    Total Input Jitter      (TIJ):    0.000ns
    Discrete Jitter          (DJ):    0.000ns
    Phase Error              (PE):    0.000ns

    Location             Delay type                Incr(ns)  Path(ns)    Netlist Resource(s)
  -------------------------------------------------------------------    -------------------
                         (clock ap_clk rise edge)     0.000     0.000 r  
                                                      0.000     0.000 r  ap_clk (IN)
                         net (fo=187, unset)          0.410     0.410    bd_0_i/hls_inst/inst/ap_clk
    SLICE_X30Y43         FDRE                                         r  bd_0_i/hls_inst/inst/add_ln15_reg_498_pp0_iter3_reg_reg[1]/C
  -------------------------------------------------------------------    -------------------
    SLICE_X30Y43         FDRE (Prop_fdre_C_Q)         0.164     0.574 r  bd_0_i/hls_inst/inst/add_ln15_reg_498_pp0_iter3_reg_reg[1]/Q
                         net (fo=0)                   0.410     0.984    out_r_address0[1]
                                                                      r  out_r_address0[1] (OUT)
  -------------------------------------------------------------------    -------------------





--------------------------------------------------------------------------------------
Path Group:  (none)
From Clock:  
  To Clock:  ap_clk

Max Delay           256 Endpoints
Min Delay           256 Endpoints
--------------------------------------------------------------------------------------


Max Delay Paths
--------------------------------------------------------------------------------------
Slack:                    inf
  Source:                 in2_q0[16]
                            (input port)
  Destination:            bd_0_i/hls_inst/inst/mul_32s_32s_32_2_1_U1/buff0_reg[2]__0/D
                            (rising edge-triggered cell FDRE clocked by ap_clk  {rise@0.000ns fall@5.000ns period=10.000ns})
  Path Group:             (none)
  Path Type:              Setup (Max at Slow Process Corner)
  Data Path Delay:        5.845ns  (logic 3.841ns (65.715%)  route 2.004ns (34.285%))
  Logic Levels:           1  (DSP48E1=1)
  Clock Path Skew:        0.924ns (DCD - SCD + CPR)
    Destination Clock Delay (DCD):    0.924ns
    Source Clock Delay      (SCD):    0.000ns
    Clock Pessimism Removal (CPR):    0.000ns
  Clock Uncertainty:      0.025ns  ((TSJ^2 + TIJ^2)^1/2 + DJ) / 2 + PE
    Total System Jitter     (TSJ):    0.050ns
    Total Input Jitter      (TIJ):    0.000ns
    Discrete Jitter          (DJ):    0.000ns
    Phase Error              (PE):    0.000ns

    Location             Delay type                Incr(ns)  Path(ns)    Netlist Resource(s)
  -------------------------------------------------------------------    -------------------
                                                      0.000     0.000 r  in2_q0[16] (IN)
                         net (fo=0)                   0.973     0.973    bd_0_i/hls_inst/inst/mul_32s_32s_32_2_1_U1/in2_q0[16]
    DSP48_X0Y21          DSP48E1 (Prop_dsp48e1_A[16]_P[2])
                                                      3.841     4.814 r  bd_0_i/hls_inst/inst/mul_32s_32s_32_2_1_U1/tmp_product__0/P[2]
                         net (fo=1, routed)           1.031     5.845    bd_0_i/hls_inst/inst/mul_32s_32s_32_2_1_U1/tmp_product__0_n_107
    SLICE_X12Y46         FDRE                                         r  bd_0_i/hls_inst/inst/mul_32s_32s_32_2_1_U1/buff0_reg[2]__0/D
  -------------------------------------------------------------------    -------------------

                         (clock ap_clk rise edge)     0.000     0.000 r  
                                                      0.000     0.000 r  ap_clk (IN)
                         net (fo=187, unset)          0.924     0.924    bd_0_i/hls_inst/inst/mul_32s_32s_32_2_1_U1/ap_clk
    SLICE_X12Y46         FDRE                                         r  bd_0_i/hls_inst/inst/mul_32s_32s_32_2_1_U1/buff0_reg[2]__0/C

Slack:                    inf
  Source:                 in2_q0[16]
                            (input port)
  Destination:            bd_0_i/hls_inst/inst/mul_32s_32s_32_2_1_U1/buff0_reg[6]__0/D
                            (rising edge-triggered cell FDRE clocked by ap_clk  {rise@0.000ns fall@5.000ns period=10.000ns})
  Path Group:             (none)
  Path Type:              Setup (Max at Slow Process Corner)
  Data Path Delay:        5.737ns  (logic 3.841ns (66.946%)  route 1.896ns (33.054%))
  Logic Levels:           1  (DSP48E1=1)
  Clock Path Skew:        0.924ns (DCD - SCD + CPR)
    Destination Clock Delay (DCD):    0.924ns
    Source Clock Delay      (SCD):    0.000ns
    Clock Pessimism Removal (CPR):    0.000ns
  Clock Uncertainty:      0.025ns  ((TSJ^2 + TIJ^2)^1/2 + DJ) / 2 + PE
    Total System Jitter     (TSJ):    0.050ns
    Total Input Jitter      (TIJ):    0.000ns
    Discrete Jitter          (DJ):    0.000ns
    Phase Error              (PE):    0.000ns

    Location             Delay type                Incr(ns)  Path(ns)    Netlist Resource(s)
  -------------------------------------------------------------------    -------------------
                                                      0.000     0.000 r  in2_q0[16] (IN)
                         net (fo=0)                   0.973     0.973    bd_0_i/hls_inst/inst/mul_32s_32s_32_2_1_U1/in2_q0[16]
    DSP48_X0Y21          DSP48E1 (Prop_dsp48e1_A[16]_P[6])
                                                      3.841     4.814 r  bd_0_i/hls_inst/inst/mul_32s_32s_32_2_1_U1/tmp_product__0/P[6]
                         net (fo=1, routed)           0.923     5.737    bd_0_i/hls_inst/inst/mul_32s_32s_32_2_1_U1/tmp_product__0_n_103
    SLICE_X11Y47         FDRE                                         r  bd_0_i/hls_inst/inst/mul_32s_32s_32_2_1_U1/buff0_reg[6]__0/D
  -------------------------------------------------------------------    -------------------

                         (clock ap_clk rise edge)     0.000     0.000 r  
                                                      0.000     0.000 r  ap_clk (IN)
                         net (fo=187, unset)          0.924     0.924    bd_0_i/hls_inst/inst/mul_32s_32s_32_2_1_U1/ap_clk
    SLICE_X11Y47         FDRE                                         r  bd_0_i/hls_inst/inst/mul_32s_32s_32_2_1_U1/buff0_reg[6]__0/C

Slack:                    inf
  Source:                 in2_q0[16]
                            (input port)
  Destination:            bd_0_i/hls_inst/inst/mul_32s_32s_32_2_1_U1/buff0_reg[4]__0/D
                            (rising edge-triggered cell FDRE clocked by ap_clk  {rise@0.000ns fall@5.000ns period=10.000ns})
  Path Group:             (none)
  Path Type:              Setup (Max at Slow Process Corner)
  Data Path Delay:        5.704ns  (logic 3.841ns (67.334%)  route 1.863ns (32.666%))
  Logic Levels:           1  (DSP48E1=1)
  Clock Path Skew:        0.924ns (DCD - SCD + CPR)
    Destination Clock Delay (DCD):    0.924ns
    Source Clock Delay      (SCD):    0.000ns
    Clock Pessimism Removal (CPR):    0.000ns
  Clock Uncertainty:      0.025ns  ((TSJ^2 + TIJ^2)^1/2 + DJ) / 2 + PE
    Total System Jitter     (TSJ):    0.050ns
    Total Input Jitter      (TIJ):    0.000ns
    Discrete Jitter          (DJ):    0.000ns
    Phase Error              (PE):    0.000ns

    Location             Delay type                Incr(ns)  Path(ns)    Netlist Resource(s)
  -------------------------------------------------------------------    -------------------
                                                      0.000     0.000 r  in2_q0[16] (IN)
                         net (fo=0)                   0.973     0.973    bd_0_i/hls_inst/inst/mul_32s_32s_32_2_1_U1/in2_q0[16]
    DSP48_X0Y21          DSP48E1 (Prop_dsp48e1_A[16]_P[4])
                                                      3.841     4.814 r  bd_0_i/hls_inst/inst/mul_32s_32s_32_2_1_U1/tmp_product__0/P[4]
                         net (fo=1, routed)           0.890     5.704    bd_0_i/hls_inst/inst/mul_32s_32s_32_2_1_U1/tmp_product__0_n_105
    SLICE_X10Y47         FDRE                                         r  bd_0_i/hls_inst/inst/mul_32s_32s_32_2_1_U1/buff0_reg[4]__0/D
  -------------------------------------------------------------------    -------------------

                         (clock ap_clk rise edge)     0.000     0.000 r  
                                                      0.000     0.000 r  ap_clk (IN)
                         net (fo=187, unset)          0.924     0.924    bd_0_i/hls_inst/inst/mul_32s_32s_32_2_1_U1/ap_clk
    SLICE_X10Y47         FDRE                                         r  bd_0_i/hls_inst/inst/mul_32s_32s_32_2_1_U1/buff0_reg[4]__0/C

Slack:                    inf
  Source:                 in2_q0[16]
                            (input port)
  Destination:            bd_0_i/hls_inst/inst/mul_32s_32s_32_2_1_U1/buff0_reg[0]__0/D
                            (rising edge-triggered cell FDRE clocked by ap_clk  {rise@0.000ns fall@5.000ns period=10.000ns})
  Path Group:             (none)
  Path Type:              Setup (Max at Slow Process Corner)
  Data Path Delay:        5.696ns  (logic 3.841ns (67.429%)  route 1.855ns (32.571%))
  Logic Levels:           1  (DSP48E1=1)
  Clock Path Skew:        0.924ns (DCD - SCD + CPR)
    Destination Clock Delay (DCD):    0.924ns
    Source Clock Delay      (SCD):    0.000ns
    Clock Pessimism Removal (CPR):    0.000ns
  Clock Uncertainty:      0.025ns  ((TSJ^2 + TIJ^2)^1/2 + DJ) / 2 + PE
    Total System Jitter     (TSJ):    0.050ns
    Total Input Jitter      (TIJ):    0.000ns
    Discrete Jitter          (DJ):    0.000ns
    Phase Error              (PE):    0.000ns

    Location             Delay type                Incr(ns)  Path(ns)    Netlist Resource(s)
  -------------------------------------------------------------------    -------------------
                                                      0.000     0.000 r  in2_q0[16] (IN)
                         net (fo=0)                   0.973     0.973    bd_0_i/hls_inst/inst/mul_32s_32s_32_2_1_U1/in2_q0[16]
    DSP48_X0Y21          DSP48E1 (Prop_dsp48e1_A[16]_P[0])
                                                      3.841     4.814 r  bd_0_i/hls_inst/inst/mul_32s_32s_32_2_1_U1/tmp_product__0/P[0]
                         net (fo=1, routed)           0.882     5.696    bd_0_i/hls_inst/inst/mul_32s_32s_32_2_1_U1/tmp_product__0_n_109
    SLICE_X13Y46         FDRE                                         r  bd_0_i/hls_inst/inst/mul_32s_32s_32_2_1_U1/buff0_reg[0]__0/D
  -------------------------------------------------------------------    -------------------

                         (clock ap_clk rise edge)     0.000     0.000 r  
                                                      0.000     0.000 r  ap_clk (IN)
                         net (fo=187, unset)          0.924     0.924    bd_0_i/hls_inst/inst/mul_32s_32s_32_2_1_U1/ap_clk
    SLICE_X13Y46         FDRE                                         r  bd_0_i/hls_inst/inst/mul_32s_32s_32_2_1_U1/buff0_reg[0]__0/C

Slack:                    inf
  Source:                 in2_q0[16]
                            (input port)
  Destination:            bd_0_i/hls_inst/inst/mul_32s_32s_32_2_1_U1/buff0_reg[5]__0/D
                            (rising edge-triggered cell FDRE clocked by ap_clk  {rise@0.000ns fall@5.000ns period=10.000ns})
  Path Group:             (none)
  Path Type:              Setup (Max at Slow Process Corner)
  Data Path Delay:        5.695ns  (logic 3.841ns (67.441%)  route 1.854ns (32.559%))
  Logic Levels:           1  (DSP48E1=1)
  Clock Path Skew:        0.924ns (DCD - SCD + CPR)
    Destination Clock Delay (DCD):    0.924ns
    Source Clock Delay      (SCD):    0.000ns
    Clock Pessimism Removal (CPR):    0.000ns
  Clock Uncertainty:      0.025ns  ((TSJ^2 + TIJ^2)^1/2 + DJ) / 2 + PE
    Total System Jitter     (TSJ):    0.050ns
    Total Input Jitter      (TIJ):    0.000ns
    Discrete Jitter          (DJ):    0.000ns
    Phase Error              (PE):    0.000ns

    Location             Delay type                Incr(ns)  Path(ns)    Netlist Resource(s)
  -------------------------------------------------------------------    -------------------
                                                      0.000     0.000 r  in2_q0[16] (IN)
                         net (fo=0)                   0.973     0.973    bd_0_i/hls_inst/inst/mul_32s_32s_32_2_1_U1/in2_q0[16]
    DSP48_X0Y21          DSP48E1 (Prop_dsp48e1_A[16]_P[5])
                                                      3.841     4.814 r  bd_0_i/hls_inst/inst/mul_32s_32s_32_2_1_U1/tmp_product__0/P[5]
                         net (fo=1, routed)           0.881     5.695    bd_0_i/hls_inst/inst/mul_32s_32s_32_2_1_U1/tmp_product__0_n_104
    SLICE_X10Y47         FDRE                                         r  bd_0_i/hls_inst/inst/mul_32s_32s_32_2_1_U1/buff0_reg[5]__0/D
  -------------------------------------------------------------------    -------------------

                         (clock ap_clk rise edge)     0.000     0.000 r  
                                                      0.000     0.000 r  ap_clk (IN)
                         net (fo=187, unset)          0.924     0.924    bd_0_i/hls_inst/inst/mul_32s_32s_32_2_1_U1/ap_clk
    SLICE_X10Y47         FDRE                                         r  bd_0_i/hls_inst/inst/mul_32s_32s_32_2_1_U1/buff0_reg[5]__0/C

Slack:                    inf
  Source:                 in2_q0[16]
                            (input port)
  Destination:            bd_0_i/hls_inst/inst/mul_32s_32s_32_2_1_U1/buff0_reg[1]__0/D
                            (rising edge-triggered cell FDRE clocked by ap_clk  {rise@0.000ns fall@5.000ns period=10.000ns})
  Path Group:             (none)
  Path Type:              Setup (Max at Slow Process Corner)
  Data Path Delay:        5.653ns  (logic 3.841ns (67.951%)  route 1.812ns (32.049%))
  Logic Levels:           1  (DSP48E1=1)
  Clock Path Skew:        0.924ns (DCD - SCD + CPR)
    Destination Clock Delay (DCD):    0.924ns
    Source Clock Delay      (SCD):    0.000ns
    Clock Pessimism Removal (CPR):    0.000ns
  Clock Uncertainty:      0.025ns  ((TSJ^2 + TIJ^2)^1/2 + DJ) / 2 + PE
    Total System Jitter     (TSJ):    0.050ns
    Total Input Jitter      (TIJ):    0.000ns
    Discrete Jitter          (DJ):    0.000ns
    Phase Error              (PE):    0.000ns

    Location             Delay type                Incr(ns)  Path(ns)    Netlist Resource(s)
  -------------------------------------------------------------------    -------------------
                                                      0.000     0.000 r  in2_q0[16] (IN)
                         net (fo=0)                   0.973     0.973    bd_0_i/hls_inst/inst/mul_32s_32s_32_2_1_U1/in2_q0[16]
    DSP48_X0Y21          DSP48E1 (Prop_dsp48e1_A[16]_P[1])
                                                      3.841     4.814 r  bd_0_i/hls_inst/inst/mul_32s_32s_32_2_1_U1/tmp_product__0/P[1]
                         net (fo=1, routed)           0.839     5.653    bd_0_i/hls_inst/inst/mul_32s_32s_32_2_1_U1/tmp_product__0_n_108
    SLICE_X13Y46         FDRE                                         r  bd_0_i/hls_inst/inst/mul_32s_32s_32_2_1_U1/buff0_reg[1]__0/D
  -------------------------------------------------------------------    -------------------

                         (clock ap_clk rise edge)     0.000     0.000 r  
                                                      0.000     0.000 r  ap_clk (IN)
                         net (fo=187, unset)          0.924     0.924    bd_0_i/hls_inst/inst/mul_32s_32s_32_2_1_U1/ap_clk
    SLICE_X13Y46         FDRE                                         r  bd_0_i/hls_inst/inst/mul_32s_32s_32_2_1_U1/buff0_reg[1]__0/C

Slack:                    inf
  Source:                 in2_q0[16]
                            (input port)
  Destination:            bd_0_i/hls_inst/inst/mul_32s_32s_32_2_1_U1/buff0_reg[7]__0/D
                            (rising edge-triggered cell FDRE clocked by ap_clk  {rise@0.000ns fall@5.000ns period=10.000ns})
  Path Group:             (none)
  Path Type:              Setup (Max at Slow Process Corner)
  Data Path Delay:        5.515ns  (logic 3.841ns (69.651%)  route 1.674ns (30.349%))
  Logic Levels:           1  (DSP48E1=1)
  Clock Path Skew:        0.924ns (DCD - SCD + CPR)
    Destination Clock Delay (DCD):    0.924ns
    Source Clock Delay      (SCD):    0.000ns
    Clock Pessimism Removal (CPR):    0.000ns
  Clock Uncertainty:      0.025ns  ((TSJ^2 + TIJ^2)^1/2 + DJ) / 2 + PE
    Total System Jitter     (TSJ):    0.050ns
    Total Input Jitter      (TIJ):    0.000ns
    Discrete Jitter          (DJ):    0.000ns
    Phase Error              (PE):    0.000ns

    Location             Delay type                Incr(ns)  Path(ns)    Netlist Resource(s)
  -------------------------------------------------------------------    -------------------
                                                      0.000     0.000 r  in2_q0[16] (IN)
                         net (fo=0)                   0.973     0.973    bd_0_i/hls_inst/inst/mul_32s_32s_32_2_1_U1/in2_q0[16]
    DSP48_X0Y21          DSP48E1 (Prop_dsp48e1_A[16]_P[7])
                                                      3.841     4.814 r  bd_0_i/hls_inst/inst/mul_32s_32s_32_2_1_U1/tmp_product__0/P[7]
                         net (fo=1, routed)           0.701     5.515    bd_0_i/hls_inst/inst/mul_32s_32s_32_2_1_U1/tmp_product__0_n_102
    SLICE_X10Y48         FDRE                                         r  bd_0_i/hls_inst/inst/mul_32s_32s_32_2_1_U1/buff0_reg[7]__0/D
  -------------------------------------------------------------------    -------------------

                         (clock ap_clk rise edge)     0.000     0.000 r  
                                                      0.000     0.000 r  ap_clk (IN)
                         net (fo=187, unset)          0.924     0.924    bd_0_i/hls_inst/inst/mul_32s_32s_32_2_1_U1/ap_clk
    SLICE_X10Y48         FDRE                                         r  bd_0_i/hls_inst/inst/mul_32s_32s_32_2_1_U1/buff0_reg[7]__0/C

Slack:                    inf
  Source:                 in2_q0[16]
                            (input port)
  Destination:            bd_0_i/hls_inst/inst/mul_32s_32s_32_2_1_U1/buff0_reg[14]__0/D
                            (rising edge-triggered cell FDRE clocked by ap_clk  {rise@0.000ns fall@5.000ns period=10.000ns})
  Path Group:             (none)
  Path Type:              Setup (Max at Slow Process Corner)
  Data Path Delay:        5.512ns  (logic 3.841ns (69.687%)  route 1.671ns (30.313%))
  Logic Levels:           1  (DSP48E1=1)
  Clock Path Skew:        0.924ns (DCD - SCD + CPR)
    Destination Clock Delay (DCD):    0.924ns
    Source Clock Delay      (SCD):    0.000ns
    Clock Pessimism Removal (CPR):    0.000ns
  Clock Uncertainty:      0.025ns  ((TSJ^2 + TIJ^2)^1/2 + DJ) / 2 + PE
    Total System Jitter     (TSJ):    0.050ns
    Total Input Jitter      (TIJ):    0.000ns
    Discrete Jitter          (DJ):    0.000ns
    Phase Error              (PE):    0.000ns

    Location             Delay type                Incr(ns)  Path(ns)    Netlist Resource(s)
  -------------------------------------------------------------------    -------------------
                                                      0.000     0.000 r  in2_q0[16] (IN)
                         net (fo=0)                   0.973     0.973    bd_0_i/hls_inst/inst/mul_32s_32s_32_2_1_U1/in2_q0[16]
    DSP48_X0Y21          DSP48E1 (Prop_dsp48e1_A[16]_P[14])
                                                      3.841     4.814 r  bd_0_i/hls_inst/inst/mul_32s_32s_32_2_1_U1/tmp_product__0/P[14]
                         net (fo=1, routed)           0.698     5.512    bd_0_i/hls_inst/inst/mul_32s_32s_32_2_1_U1/tmp_product__0_n_95
    SLICE_X11Y53         FDRE                                         r  bd_0_i/hls_inst/inst/mul_32s_32s_32_2_1_U1/buff0_reg[14]__0/D
  -------------------------------------------------------------------    -------------------

                         (clock ap_clk rise edge)     0.000     0.000 r  
                                                      0.000     0.000 r  ap_clk (IN)
                         net (fo=187, unset)          0.924     0.924    bd_0_i/hls_inst/inst/mul_32s_32s_32_2_1_U1/ap_clk
    SLICE_X11Y53         FDRE                                         r  bd_0_i/hls_inst/inst/mul_32s_32s_32_2_1_U1/buff0_reg[14]__0/C

Slack:                    inf
  Source:                 in2_q0[16]
                            (input port)
  Destination:            bd_0_i/hls_inst/inst/mul_32s_32s_32_2_1_U1/buff0_reg[12]__0/D
                            (rising edge-triggered cell FDRE clocked by ap_clk  {rise@0.000ns fall@5.000ns period=10.000ns})
  Path Group:             (none)
  Path Type:              Setup (Max at Slow Process Corner)
  Data Path Delay:        5.497ns  (logic 3.841ns (69.872%)  route 1.656ns (30.128%))
  Logic Levels:           1  (DSP48E1=1)
  Clock Path Skew:        0.924ns (DCD - SCD + CPR)
    Destination Clock Delay (DCD):    0.924ns
    Source Clock Delay      (SCD):    0.000ns
    Clock Pessimism Removal (CPR):    0.000ns
  Clock Uncertainty:      0.025ns  ((TSJ^2 + TIJ^2)^1/2 + DJ) / 2 + PE
    Total System Jitter     (TSJ):    0.050ns
    Total Input Jitter      (TIJ):    0.000ns
    Discrete Jitter          (DJ):    0.000ns
    Phase Error              (PE):    0.000ns

    Location             Delay type                Incr(ns)  Path(ns)    Netlist Resource(s)
  -------------------------------------------------------------------    -------------------
                                                      0.000     0.000 r  in2_q0[16] (IN)
                         net (fo=0)                   0.973     0.973    bd_0_i/hls_inst/inst/mul_32s_32s_32_2_1_U1/in2_q0[16]
    DSP48_X0Y21          DSP48E1 (Prop_dsp48e1_A[16]_P[12])
                                                      3.841     4.814 r  bd_0_i/hls_inst/inst/mul_32s_32s_32_2_1_U1/tmp_product__0/P[12]
                         net (fo=1, routed)           0.683     5.497    bd_0_i/hls_inst/inst/mul_32s_32s_32_2_1_U1/tmp_product__0_n_97
    SLICE_X11Y53         FDRE                                         r  bd_0_i/hls_inst/inst/mul_32s_32s_32_2_1_U1/buff0_reg[12]__0/D
  -------------------------------------------------------------------    -------------------

                         (clock ap_clk rise edge)     0.000     0.000 r  
                                                      0.000     0.000 r  ap_clk (IN)
                         net (fo=187, unset)          0.924     0.924    bd_0_i/hls_inst/inst/mul_32s_32s_32_2_1_U1/ap_clk
    SLICE_X11Y53         FDRE                                         r  bd_0_i/hls_inst/inst/mul_32s_32s_32_2_1_U1/buff0_reg[12]__0/C

Slack:                    inf
  Source:                 in2_q0[16]
                            (input port)
  Destination:            bd_0_i/hls_inst/inst/mul_32s_32s_32_2_1_U1/buff0_reg[3]__0/D
                            (rising edge-triggered cell FDRE clocked by ap_clk  {rise@0.000ns fall@5.000ns period=10.000ns})
  Path Group:             (none)
  Path Type:              Setup (Max at Slow Process Corner)
  Data Path Delay:        5.497ns  (logic 3.841ns (69.874%)  route 1.656ns (30.126%))
  Logic Levels:           1  (DSP48E1=1)
  Clock Path Skew:        0.924ns (DCD - SCD + CPR)
    Destination Clock Delay (DCD):    0.924ns
    Source Clock Delay      (SCD):    0.000ns
    Clock Pessimism Removal (CPR):    0.000ns
  Clock Uncertainty:      0.025ns  ((TSJ^2 + TIJ^2)^1/2 + DJ) / 2 + PE
    Total System Jitter     (TSJ):    0.050ns
    Total Input Jitter      (TIJ):    0.000ns
    Discrete Jitter          (DJ):    0.000ns
    Phase Error              (PE):    0.000ns

    Location             Delay type                Incr(ns)  Path(ns)    Netlist Resource(s)
  -------------------------------------------------------------------    -------------------
                                                      0.000     0.000 r  in2_q0[16] (IN)
                         net (fo=0)                   0.973     0.973    bd_0_i/hls_inst/inst/mul_32s_32s_32_2_1_U1/in2_q0[16]
    DSP48_X0Y21          DSP48E1 (Prop_dsp48e1_A[16]_P[3])
                                                      3.841     4.814 r  bd_0_i/hls_inst/inst/mul_32s_32s_32_2_1_U1/tmp_product__0/P[3]
                         net (fo=1, routed)           0.683     5.497    bd_0_i/hls_inst/inst/mul_32s_32s_32_2_1_U1/tmp_product__0_n_106
    SLICE_X10Y50         FDRE                                         r  bd_0_i/hls_inst/inst/mul_32s_32s_32_2_1_U1/buff0_reg[3]__0/D
  -------------------------------------------------------------------    -------------------

                         (clock ap_clk rise edge)     0.000     0.000 r  
                                                      0.000     0.000 r  ap_clk (IN)
                         net (fo=187, unset)          0.924     0.924    bd_0_i/hls_inst/inst/mul_32s_32s_32_2_1_U1/ap_clk
    SLICE_X10Y50         FDRE                                         r  bd_0_i/hls_inst/inst/mul_32s_32s_32_2_1_U1/buff0_reg[3]__0/C





Min Delay Paths
--------------------------------------------------------------------------------------
Slack:                    inf
  Source:                 bd_0_i/hls_inst/inst/mul_32s_32s_32_2_1_U1/tmp_product__0/ACOUT[0]
                            (internal pin)
  Destination:            bd_0_i/hls_inst/inst/mul_32s_32s_32_2_1_U1/buff0_reg/ACIN[0]
                            (rising edge-triggered cell DSP48E1 clocked by ap_clk  {rise@0.000ns fall@5.000ns period=10.000ns})
  Path Group:             (none)
  Path Type:              Hold (Min at Slow Process Corner)
  Data Path Delay:        0.002ns  (logic 0.000ns (0.000%)  route 0.002ns (100.000%))
  Logic Levels:           0  
  Clock Uncertainty:      0.025ns  ((TSJ^2 + TIJ^2)^1/2 + DJ) / 2 + PE
    Total System Jitter     (TSJ):    0.050ns
    Total Input Jitter      (TIJ):    0.000ns
    Discrete Jitter          (DJ):    0.000ns
    Phase Error              (PE):    0.000ns

    Location             Delay type                Incr(ns)  Path(ns)    Netlist Resource(s)
  -------------------------------------------------------------------    -------------------
    DSP48_X0Y21          DSP48E1                      0.000     0.000 r  bd_0_i/hls_inst/inst/mul_32s_32s_32_2_1_U1/tmp_product__0/ACOUT[0]
                         net (fo=1, routed)           0.002     0.002    bd_0_i/hls_inst/inst/mul_32s_32s_32_2_1_U1/tmp_product__0_n_57
    DSP48_X0Y22          DSP48E1                                      r  bd_0_i/hls_inst/inst/mul_32s_32s_32_2_1_U1/buff0_reg/ACIN[0]
  -------------------------------------------------------------------    -------------------

                         (clock ap_clk rise edge)     0.000     0.000 r  
                                                      0.000     0.000 r  ap_clk (IN)
                         net (fo=187, unset)          0.973     0.973    bd_0_i/hls_inst/inst/mul_32s_32s_32_2_1_U1/ap_clk
    DSP48_X0Y22          DSP48E1                                      r  bd_0_i/hls_inst/inst/mul_32s_32s_32_2_1_U1/buff0_reg/CLK

Slack:                    inf
  Source:                 bd_0_i/hls_inst/inst/mul_32s_32s_32_2_1_U1/tmp_product__0/ACOUT[10]
                            (internal pin)
  Destination:            bd_0_i/hls_inst/inst/mul_32s_32s_32_2_1_U1/buff0_reg/ACIN[10]
                            (rising edge-triggered cell DSP48E1 clocked by ap_clk  {rise@0.000ns fall@5.000ns period=10.000ns})
  Path Group:             (none)
  Path Type:              Hold (Min at Slow Process Corner)
  Data Path Delay:        0.002ns  (logic 0.000ns (0.000%)  route 0.002ns (100.000%))
  Logic Levels:           0  
  Clock Uncertainty:      0.025ns  ((TSJ^2 + TIJ^2)^1/2 + DJ) / 2 + PE
    Total System Jitter     (TSJ):    0.050ns
    Total Input Jitter      (TIJ):    0.000ns
    Discrete Jitter          (DJ):    0.000ns
    Phase Error              (PE):    0.000ns

    Location             Delay type                Incr(ns)  Path(ns)    Netlist Resource(s)
  -------------------------------------------------------------------    -------------------
    DSP48_X0Y21          DSP48E1                      0.000     0.000 r  bd_0_i/hls_inst/inst/mul_32s_32s_32_2_1_U1/tmp_product__0/ACOUT[10]
                         net (fo=1, routed)           0.002     0.002    bd_0_i/hls_inst/inst/mul_32s_32s_32_2_1_U1/tmp_product__0_n_47
    DSP48_X0Y22          DSP48E1                                      r  bd_0_i/hls_inst/inst/mul_32s_32s_32_2_1_U1/buff0_reg/ACIN[10]
  -------------------------------------------------------------------    -------------------

                         (clock ap_clk rise edge)     0.000     0.000 r  
                                                      0.000     0.000 r  ap_clk (IN)
                         net (fo=187, unset)          0.973     0.973    bd_0_i/hls_inst/inst/mul_32s_32s_32_2_1_U1/ap_clk
    DSP48_X0Y22          DSP48E1                                      r  bd_0_i/hls_inst/inst/mul_32s_32s_32_2_1_U1/buff0_reg/CLK

Slack:                    inf
  Source:                 bd_0_i/hls_inst/inst/mul_32s_32s_32_2_1_U1/tmp_product__0/ACOUT[11]
                            (internal pin)
  Destination:            bd_0_i/hls_inst/inst/mul_32s_32s_32_2_1_U1/buff0_reg/ACIN[11]
                            (rising edge-triggered cell DSP48E1 clocked by ap_clk  {rise@0.000ns fall@5.000ns period=10.000ns})
  Path Group:             (none)
  Path Type:              Hold (Min at Slow Process Corner)
  Data Path Delay:        0.002ns  (logic 0.000ns (0.000%)  route 0.002ns (100.000%))
  Logic Levels:           0  
  Clock Uncertainty:      0.025ns  ((TSJ^2 + TIJ^2)^1/2 + DJ) / 2 + PE
    Total System Jitter     (TSJ):    0.050ns
    Total Input Jitter      (TIJ):    0.000ns
    Discrete Jitter          (DJ):    0.000ns
    Phase Error              (PE):    0.000ns

    Location             Delay type                Incr(ns)  Path(ns)    Netlist Resource(s)
  -------------------------------------------------------------------    -------------------
    DSP48_X0Y21          DSP48E1                      0.000     0.000 r  bd_0_i/hls_inst/inst/mul_32s_32s_32_2_1_U1/tmp_product__0/ACOUT[11]
                         net (fo=1, routed)           0.002     0.002    bd_0_i/hls_inst/inst/mul_32s_32s_32_2_1_U1/tmp_product__0_n_46
    DSP48_X0Y22          DSP48E1                                      r  bd_0_i/hls_inst/inst/mul_32s_32s_32_2_1_U1/buff0_reg/ACIN[11]
  -------------------------------------------------------------------    -------------------

                         (clock ap_clk rise edge)     0.000     0.000 r  
                                                      0.000     0.000 r  ap_clk (IN)
                         net (fo=187, unset)          0.973     0.973    bd_0_i/hls_inst/inst/mul_32s_32s_32_2_1_U1/ap_clk
    DSP48_X0Y22          DSP48E1                                      r  bd_0_i/hls_inst/inst/mul_32s_32s_32_2_1_U1/buff0_reg/CLK

Slack:                    inf
  Source:                 bd_0_i/hls_inst/inst/mul_32s_32s_32_2_1_U1/tmp_product__0/ACOUT[12]
                            (internal pin)
  Destination:            bd_0_i/hls_inst/inst/mul_32s_32s_32_2_1_U1/buff0_reg/ACIN[12]
                            (rising edge-triggered cell DSP48E1 clocked by ap_clk  {rise@0.000ns fall@5.000ns period=10.000ns})
  Path Group:             (none)
  Path Type:              Hold (Min at Slow Process Corner)
  Data Path Delay:        0.002ns  (logic 0.000ns (0.000%)  route 0.002ns (100.000%))
  Logic Levels:           0  
  Clock Uncertainty:      0.025ns  ((TSJ^2 + TIJ^2)^1/2 + DJ) / 2 + PE
    Total System Jitter     (TSJ):    0.050ns
    Total Input Jitter      (TIJ):    0.000ns
    Discrete Jitter          (DJ):    0.000ns
    Phase Error              (PE):    0.000ns

    Location             Delay type                Incr(ns)  Path(ns)    Netlist Resource(s)
  -------------------------------------------------------------------    -------------------
    DSP48_X0Y21          DSP48E1                      0.000     0.000 r  bd_0_i/hls_inst/inst/mul_32s_32s_32_2_1_U1/tmp_product__0/ACOUT[12]
                         net (fo=1, routed)           0.002     0.002    bd_0_i/hls_inst/inst/mul_32s_32s_32_2_1_U1/tmp_product__0_n_45
    DSP48_X0Y22          DSP48E1                                      r  bd_0_i/hls_inst/inst/mul_32s_32s_32_2_1_U1/buff0_reg/ACIN[12]
  -------------------------------------------------------------------    -------------------

                         (clock ap_clk rise edge)     0.000     0.000 r  
                                                      0.000     0.000 r  ap_clk (IN)
                         net (fo=187, unset)          0.973     0.973    bd_0_i/hls_inst/inst/mul_32s_32s_32_2_1_U1/ap_clk
    DSP48_X0Y22          DSP48E1                                      r  bd_0_i/hls_inst/inst/mul_32s_32s_32_2_1_U1/buff0_reg/CLK

Slack:                    inf
  Source:                 bd_0_i/hls_inst/inst/mul_32s_32s_32_2_1_U1/tmp_product__0/ACOUT[13]
                            (internal pin)
  Destination:            bd_0_i/hls_inst/inst/mul_32s_32s_32_2_1_U1/buff0_reg/ACIN[13]
                            (rising edge-triggered cell DSP48E1 clocked by ap_clk  {rise@0.000ns fall@5.000ns period=10.000ns})
  Path Group:             (none)
  Path Type:              Hold (Min at Slow Process Corner)
  Data Path Delay:        0.002ns  (logic 0.000ns (0.000%)  route 0.002ns (100.000%))
  Logic Levels:           0  
  Clock Uncertainty:      0.025ns  ((TSJ^2 + TIJ^2)^1/2 + DJ) / 2 + PE
    Total System Jitter     (TSJ):    0.050ns
    Total Input Jitter      (TIJ):    0.000ns
    Discrete Jitter          (DJ):    0.000ns
    Phase Error              (PE):    0.000ns

    Location             Delay type                Incr(ns)  Path(ns)    Netlist Resource(s)
  -------------------------------------------------------------------    -------------------
    DSP48_X0Y21          DSP48E1                      0.000     0.000 r  bd_0_i/hls_inst/inst/mul_32s_32s_32_2_1_U1/tmp_product__0/ACOUT[13]
                         net (fo=1, routed)           0.002     0.002    bd_0_i/hls_inst/inst/mul_32s_32s_32_2_1_U1/tmp_product__0_n_44
    DSP48_X0Y22          DSP48E1                                      r  bd_0_i/hls_inst/inst/mul_32s_32s_32_2_1_U1/buff0_reg/ACIN[13]
  -------------------------------------------------------------------    -------------------

                         (clock ap_clk rise edge)     0.000     0.000 r  
                                                      0.000     0.000 r  ap_clk (IN)
                         net (fo=187, unset)          0.973     0.973    bd_0_i/hls_inst/inst/mul_32s_32s_32_2_1_U1/ap_clk
    DSP48_X0Y22          DSP48E1                                      r  bd_0_i/hls_inst/inst/mul_32s_32s_32_2_1_U1/buff0_reg/CLK

Slack:                    inf
  Source:                 bd_0_i/hls_inst/inst/mul_32s_32s_32_2_1_U1/tmp_product__0/ACOUT[14]
                            (internal pin)
  Destination:            bd_0_i/hls_inst/inst/mul_32s_32s_32_2_1_U1/buff0_reg/ACIN[14]
                            (rising edge-triggered cell DSP48E1 clocked by ap_clk  {rise@0.000ns fall@5.000ns period=10.000ns})
  Path Group:             (none)
  Path Type:              Hold (Min at Slow Process Corner)
  Data Path Delay:        0.002ns  (logic 0.000ns (0.000%)  route 0.002ns (100.000%))
  Logic Levels:           0  
  Clock Uncertainty:      0.025ns  ((TSJ^2 + TIJ^2)^1/2 + DJ) / 2 + PE
    Total System Jitter     (TSJ):    0.050ns
    Total Input Jitter      (TIJ):    0.000ns
    Discrete Jitter          (DJ):    0.000ns
    Phase Error              (PE):    0.000ns

    Location             Delay type                Incr(ns)  Path(ns)    Netlist Resource(s)
  -------------------------------------------------------------------    -------------------
    DSP48_X0Y21          DSP48E1                      0.000     0.000 r  bd_0_i/hls_inst/inst/mul_32s_32s_32_2_1_U1/tmp_product__0/ACOUT[14]
                         net (fo=1, routed)           0.002     0.002    bd_0_i/hls_inst/inst/mul_32s_32s_32_2_1_U1/tmp_product__0_n_43
    DSP48_X0Y22          DSP48E1                                      r  bd_0_i/hls_inst/inst/mul_32s_32s_32_2_1_U1/buff0_reg/ACIN[14]
  -------------------------------------------------------------------    -------------------

                         (clock ap_clk rise edge)     0.000     0.000 r  
                                                      0.000     0.000 r  ap_clk (IN)
                         net (fo=187, unset)          0.973     0.973    bd_0_i/hls_inst/inst/mul_32s_32s_32_2_1_U1/ap_clk
    DSP48_X0Y22          DSP48E1                                      r  bd_0_i/hls_inst/inst/mul_32s_32s_32_2_1_U1/buff0_reg/CLK

Slack:                    inf
  Source:                 bd_0_i/hls_inst/inst/mul_32s_32s_32_2_1_U1/tmp_product__0/ACOUT[15]
                            (internal pin)
  Destination:            bd_0_i/hls_inst/inst/mul_32s_32s_32_2_1_U1/buff0_reg/ACIN[15]
                            (rising edge-triggered cell DSP48E1 clocked by ap_clk  {rise@0.000ns fall@5.000ns period=10.000ns})
  Path Group:             (none)
  Path Type:              Hold (Min at Slow Process Corner)
  Data Path Delay:        0.002ns  (logic 0.000ns (0.000%)  route 0.002ns (100.000%))
  Logic Levels:           0  
  Clock Uncertainty:      0.025ns  ((TSJ^2 + TIJ^2)^1/2 + DJ) / 2 + PE
    Total System Jitter     (TSJ):    0.050ns
    Total Input Jitter      (TIJ):    0.000ns
    Discrete Jitter          (DJ):    0.000ns
    Phase Error              (PE):    0.000ns

    Location             Delay type                Incr(ns)  Path(ns)    Netlist Resource(s)
  -------------------------------------------------------------------    -------------------
    DSP48_X0Y21          DSP48E1                      0.000     0.000 r  bd_0_i/hls_inst/inst/mul_32s_32s_32_2_1_U1/tmp_product__0/ACOUT[15]
                         net (fo=1, routed)           0.002     0.002    bd_0_i/hls_inst/inst/mul_32s_32s_32_2_1_U1/tmp_product__0_n_42
    DSP48_X0Y22          DSP48E1                                      r  bd_0_i/hls_inst/inst/mul_32s_32s_32_2_1_U1/buff0_reg/ACIN[15]
  -------------------------------------------------------------------    -------------------

                         (clock ap_clk rise edge)     0.000     0.000 r  
                                                      0.000     0.000 r  ap_clk (IN)
                         net (fo=187, unset)          0.973     0.973    bd_0_i/hls_inst/inst/mul_32s_32s_32_2_1_U1/ap_clk
    DSP48_X0Y22          DSP48E1                                      r  bd_0_i/hls_inst/inst/mul_32s_32s_32_2_1_U1/buff0_reg/CLK

Slack:                    inf
  Source:                 bd_0_i/hls_inst/inst/mul_32s_32s_32_2_1_U1/tmp_product__0/ACOUT[16]
                            (internal pin)
  Destination:            bd_0_i/hls_inst/inst/mul_32s_32s_32_2_1_U1/buff0_reg/ACIN[16]
                            (rising edge-triggered cell DSP48E1 clocked by ap_clk  {rise@0.000ns fall@5.000ns period=10.000ns})
  Path Group:             (none)
  Path Type:              Hold (Min at Slow Process Corner)
  Data Path Delay:        0.002ns  (logic 0.000ns (0.000%)  route 0.002ns (100.000%))
  Logic Levels:           0  
  Clock Uncertainty:      0.025ns  ((TSJ^2 + TIJ^2)^1/2 + DJ) / 2 + PE
    Total System Jitter     (TSJ):    0.050ns
    Total Input Jitter      (TIJ):    0.000ns
    Discrete Jitter          (DJ):    0.000ns
    Phase Error              (PE):    0.000ns

    Location             Delay type                Incr(ns)  Path(ns)    Netlist Resource(s)
  -------------------------------------------------------------------    -------------------
    DSP48_X0Y21          DSP48E1                      0.000     0.000 r  bd_0_i/hls_inst/inst/mul_32s_32s_32_2_1_U1/tmp_product__0/ACOUT[16]
                         net (fo=1, routed)           0.002     0.002    bd_0_i/hls_inst/inst/mul_32s_32s_32_2_1_U1/tmp_product__0_n_41
    DSP48_X0Y22          DSP48E1                                      r  bd_0_i/hls_inst/inst/mul_32s_32s_32_2_1_U1/buff0_reg/ACIN[16]
  -------------------------------------------------------------------    -------------------

                         (clock ap_clk rise edge)     0.000     0.000 r  
                                                      0.000     0.000 r  ap_clk (IN)
                         net (fo=187, unset)          0.973     0.973    bd_0_i/hls_inst/inst/mul_32s_32s_32_2_1_U1/ap_clk
    DSP48_X0Y22          DSP48E1                                      r  bd_0_i/hls_inst/inst/mul_32s_32s_32_2_1_U1/buff0_reg/CLK

Slack:                    inf
  Source:                 bd_0_i/hls_inst/inst/mul_32s_32s_32_2_1_U1/tmp_product__0/ACOUT[1]
                            (internal pin)
  Destination:            bd_0_i/hls_inst/inst/mul_32s_32s_32_2_1_U1/buff0_reg/ACIN[1]
                            (rising edge-triggered cell DSP48E1 clocked by ap_clk  {rise@0.000ns fall@5.000ns period=10.000ns})
  Path Group:             (none)
  Path Type:              Hold (Min at Slow Process Corner)
  Data Path Delay:        0.002ns  (logic 0.000ns (0.000%)  route 0.002ns (100.000%))
  Logic Levels:           0  
  Clock Uncertainty:      0.025ns  ((TSJ^2 + TIJ^2)^1/2 + DJ) / 2 + PE
    Total System Jitter     (TSJ):    0.050ns
    Total Input Jitter      (TIJ):    0.000ns
    Discrete Jitter          (DJ):    0.000ns
    Phase Error              (PE):    0.000ns

    Location             Delay type                Incr(ns)  Path(ns)    Netlist Resource(s)
  -------------------------------------------------------------------    -------------------
    DSP48_X0Y21          DSP48E1                      0.000     0.000 r  bd_0_i/hls_inst/inst/mul_32s_32s_32_2_1_U1/tmp_product__0/ACOUT[1]
                         net (fo=1, routed)           0.002     0.002    bd_0_i/hls_inst/inst/mul_32s_32s_32_2_1_U1/tmp_product__0_n_56
    DSP48_X0Y22          DSP48E1                                      r  bd_0_i/hls_inst/inst/mul_32s_32s_32_2_1_U1/buff0_reg/ACIN[1]
  -------------------------------------------------------------------    -------------------

                         (clock ap_clk rise edge)     0.000     0.000 r  
                                                      0.000     0.000 r  ap_clk (IN)
                         net (fo=187, unset)          0.973     0.973    bd_0_i/hls_inst/inst/mul_32s_32s_32_2_1_U1/ap_clk
    DSP48_X0Y22          DSP48E1                                      r  bd_0_i/hls_inst/inst/mul_32s_32s_32_2_1_U1/buff0_reg/CLK

Slack:                    inf
  Source:                 bd_0_i/hls_inst/inst/mul_32s_32s_32_2_1_U1/tmp_product__0/ACOUT[2]
                            (internal pin)
  Destination:            bd_0_i/hls_inst/inst/mul_32s_32s_32_2_1_U1/buff0_reg/ACIN[2]
                            (rising edge-triggered cell DSP48E1 clocked by ap_clk  {rise@0.000ns fall@5.000ns period=10.000ns})
  Path Group:             (none)
  Path Type:              Hold (Min at Slow Process Corner)
  Data Path Delay:        0.002ns  (logic 0.000ns (0.000%)  route 0.002ns (100.000%))
  Logic Levels:           0  
  Clock Uncertainty:      0.025ns  ((TSJ^2 + TIJ^2)^1/2 + DJ) / 2 + PE
    Total System Jitter     (TSJ):    0.050ns
    Total Input Jitter      (TIJ):    0.000ns
    Discrete Jitter          (DJ):    0.000ns
    Phase Error              (PE):    0.000ns

    Location             Delay type                Incr(ns)  Path(ns)    Netlist Resource(s)
  -------------------------------------------------------------------    -------------------
    DSP48_X0Y21          DSP48E1                      0.000     0.000 r  bd_0_i/hls_inst/inst/mul_32s_32s_32_2_1_U1/tmp_product__0/ACOUT[2]
                         net (fo=1, routed)           0.002     0.002    bd_0_i/hls_inst/inst/mul_32s_32s_32_2_1_U1/tmp_product__0_n_55
    DSP48_X0Y22          DSP48E1                                      r  bd_0_i/hls_inst/inst/mul_32s_32s_32_2_1_U1/buff0_reg/ACIN[2]
  -------------------------------------------------------------------    -------------------

                         (clock ap_clk rise edge)     0.000     0.000 r  
                                                      0.000     0.000 r  ap_clk (IN)
                         net (fo=187, unset)          0.973     0.973    bd_0_i/hls_inst/inst/mul_32s_32s_32_2_1_U1/ap_clk
    DSP48_X0Y22          DSP48E1                                      r  bd_0_i/hls_inst/inst/mul_32s_32s_32_2_1_U1/buff0_reg/CLK





