2026-05-22 10:21:37 [debug] : --------------------------------------------------------------------------------- 
2026-05-22 10:21:37 [debug] : /home/nhanenten/Desktop/HW_SW/Lab2 
2026-05-22 10:21:37 [debug] : --------------------------------------------------------------------------------- 
2026-05-22 10:21:37 [debug] : [Logger] Previous user logs are stored in the file - /home/nhanenten/Desktop/HW_SW/Lab1/_ide/logs/ide.log 
2026-05-22 10:21:37 [debug] : [Logger] Previous debug logs are stored in the file - /home/nhanenten/Desktop/HW_SW/Lab1/_ide/.wsdata/ide_verbose.log 
2026-05-22 10:21:37 [debug] : RIGEL SERVER 10:21:37 INFO  : created .gitignore file for the project /home/nhanenten/Desktop/HW_SW/Lab2 
2026-05-22 10:21:37 [debug] : [Repository Server] Executing method:getEmbeddedExampleTemplateTree with connection:(object). {"0":"request:","1":{"wrappers_":null,"arrayIndexOffset_":-1,"array":[],"pivot_":1.7976931348623157e+308,"convertedPrimitiveFields_":{}}}
2026-05-22 10:21:37 [debug] : [Platform Server] Executing method:[createPlatformProject] with connection:(object). {"0":"request:","1":{"wrappers_":{"19":[{"wrappers_":null,"arrayIndexOffset_":-1,"array":["VITIS_SDT_REPO",null],"pivot_":1.7976931348623157e+308,"convertedPrimitiveFields_":{}},{"wrappers_":null,"arrayIndexOffset_":-1,"array":["VITIS_SDT_BOARD_DTS",null],"pivot_":1.7976931348623157e+308,"convertedPrimitiveFields_":{}},{"wrappers_":null,"arrayIndexOffset_":-1,"array":["VITIS_SDT_INCLUDE_DTS",null],"pivot_":1.7976931348623157e+308,"convertedPrimitiveFields_":{}},{"wrappers_":null,"arrayIndexOffset_":-1,"array":["-dt_overlay","0"],"pivot_":1.7976931348623157e+308,"convertedPrimitiveFields_":{}},{"wrappers_":null,"arrayIndexOffset_":-1,"array":["custom_dtsi",null],"pivot_":1.7976931348623157e+308,"convertedPrimitiveFields_":{}}],"22":[]},"arrayIndexOffset_":-1,"array":["platform_2d",null,"/home/nhanenten/Desktop/HW_SW/Lab2/platform_2d","/home/nhanenten/Desktop/HW_SW/Lab2/design_2.xsa","ps7_cortexa9_0","standalone",null,null,null,null,null,null,null,true,null,"",null,null,[["VITIS_SDT_REPO",null],["VITIS_SDT_BOARD_DTS",null],["VITIS_SDT_INCLUDE_DTS",null],["-dt_overlay","0"],["custom_dtsi",null]],null,1,[],"dbb94719-c3d2-4377-9f03-2724288573c4",null],"pivot_":1.7976931348623157e+308,"convertedPrimitiveFields_":{}}}
2026-05-22 10:21:37 [debug] : [Platform Server] Create platform platform_2d requested with internal id 'dbb94719-c3d2-4377-9f03-2724288573c4'. 
2026-05-22 10:21:37 [debug] : [Application Examples Provider]  updating the embedded templates on workspace event. 
2026-05-22 10:21:37 [debug] : [Application Examples Provider] refresh requested. 
2026-05-22 10:21:37 [debug] : Received event from notification service: ON_DID_UPDATE_WORKSPACE. 
2026-05-22 10:21:37 [debug] : [Logger Client] log levelchanged to  {"0":"Info"}
2026-05-22 10:21:37 [debug] : [Logger UI]  Update Log Level  called 
2026-05-22 10:21:37 [debug] : [Application Examples Provider] common calling method requested. 
2026-05-22 10:21:37 [debug] : [Application Examples Provider] Repositories model update requested. 
2026-05-22 10:21:37 [debug] : [Application Examples Provider] Repositories model update completed. 
2026-05-22 10:21:37 [debug] : [ProjectCache] fetching projects for project-cache 
2026-05-22 10:21:37 [debug] : [Application Examples Provider] Templates model update requested. 
2026-05-22 10:21:37 [debug] : [Repository Service] Executing method:getEmbeddedExampleTemplateTree from frontend. {"0":"request:"}
2026-05-22 10:21:37 [debug] : [Logger UI]  Update Log Level success {"0":{"success":true,"error":""}}
2026-05-22 10:21:37 [debug] : RIGEL SERVER 10:21:37 INFO  : updated workspace path: /home/nhanenten/Desktop/HW_SW/Lab2 
2026-05-22 10:21:37 [debug] : RIGEL SERVER 10:21:37 INFO  : Marking the target connection as default Local 
2026-05-22 10:21:37 [debug] : RIGEL SERVER 10:21:37 INFO  : Marking the target connection as default Linux Agent 
2026-05-22 10:21:37 [debug] : RIGEL SERVER 10:21:37 INFO  : Marking the target connection as default XRTServer 
2026-05-22 10:21:37 [debug] : RIGEL SERVER 10:21:37 INFO  : Marking the target connection as default LinuxEmulation 
2026-05-22 10:21:37 [debug] : RIGEL SERVER 10:21:37 INFO  : Marking the target connection as default QEMU 
2026-05-22 10:21:37 [debug] : RIGEL SERVER 10:21:37 INFO  : bash, -c, empyro repo -st   /home/nhanenten/2025.2/Vitis/data/embeddedsw 
2026-05-22 10:21:37 [debug] : RIGEL SERVER 10:21:37 INFO  : Platform platform_2d creation started. 
2026-05-22 10:21:37 [debug] : Event posted using notification server in backend. {"0":{"wrappers_":{},"arrayIndexOffset_":-1,"array":["8bb71593-3b09-4113-924f-395d32a21fbb",null,54,null,null,null,null,"refresh-summaries"],"pivot_":1.7976931348623157e+308,"convertedPrimitiveFields_":{}}}
2026-05-22 10:21:37 [debug] : Received event from notification service: ON_DID_REFRESH_WORKSPACE_SUMMARIES. 
2026-05-22 10:21:37 [debug] : RIGEL SERVER 10:21:37 INFO  : Using sdt generation script from /home/nhanenten/2025.2/Vitis/vitis-server/scripts/platformutil.tcl 
2026-05-22 10:21:37 [debug] : RIGEL SERVER 10:21:37 INFO  : bash, -c, sdtgen /home/nhanenten/2025.2/Vitis/vitis-server/scripts/platformutil.tcl /home/nhanenten/Desktop/HW_SW/Lab2/design_2.xsa /home/nhanenten/Desktop/HW_SW/Lab2/platform_2d/hw/sdt 
2026-05-22 10:21:38 [debug] : [Platform Output] Creating platform_2d platform with id 'dbb94719-c3d2-4377-9f03-2724288573c4' started. 
2026-05-22 10:21:38 [debug] : Received event from notification service: ON_STOP_ANALYSIS_PROGRESS. 
2026-05-22 10:21:38 [debug] : [ProjectDecorator] tree decoration updated 
2026-05-22 10:21:38 [debug] : [ProjectCache] Project location updated to undefined 
2026-05-22 10:21:38 [debug] : [ProjectDecorator] tree decoration updated 
2026-05-22 10:21:38 [debug] : MonacoEditorModel.fireDidChangeContent - enter - {
  "changes": [
    {
      "range": {
        "startLineNumber": 1,
        "startColumn": 1,
        "endLineNumber": 1,
        "endColumn": 1
      },
      "rangeLength": 0,
      "text": "{\n    \"clangd.fallbackFlags\": []\n}",
      "rangeOffset": 0,
      "forceMoveMarkers": false
    }
  ],
  "eol": "\n",
  "isEolChange": false,
  "versionId": 2,
  "isUndoing": false,
  "isRedoing": false,
  "isFlush": false
} {"0":"file:///home/nhanenten/Desktop/HW_SW/Lab2/_ide/settings.json"}
2026-05-22 10:21:38 [debug] : MonacoEditorModel.markAsDirty - enter {"0":"file:///home/nhanenten/Desktop/HW_SW/Lab2/_ide/settings.json"}
2026-05-22 10:21:38 [debug] : MonacoEditorModel.cancelSync {"0":"file:///home/nhanenten/Desktop/HW_SW/Lab2/_ide/settings.json"}
2026-05-22 10:21:38 [debug] : MonacoEditorModel.markAsDirty - exit {"0":"file:///home/nhanenten/Desktop/HW_SW/Lab2/_ide/settings.json"}
2026-05-22 10:21:38 [debug] : MonacoEditorModel.fireDidChangeContent - exit {"0":"file:///home/nhanenten/Desktop/HW_SW/Lab2/_ide/settings.json"}
2026-05-22 10:21:38 [debug] : MonacoEditorModel.cancelSave {"0":"file:///home/nhanenten/Desktop/HW_SW/Lab2/_ide/settings.json"}
2026-05-22 10:21:38 [debug] : MonacoEditorModel.cancelSave {"0":"file:///home/nhanenten/Desktop/HW_SW/Lab2/_ide/settings.json"}
2026-05-22 10:21:38 [debug] : MonacoEditorModel.cancelSync {"0":"file:///home/nhanenten/Desktop/HW_SW/Lab2/_ide/settings.json"}
2026-05-22 10:21:38 [debug] : MonacoEditorModel.cancelSave {"0":"file:///home/nhanenten/Desktop/HW_SW/Lab2/_ide/settings.json"}
2026-05-22 10:21:38 [debug] : No label for action menu node: No command "workspace:addFolder" exists. 
2026-05-22 10:21:39 [debug] : RIGEL SERVER 10:21:39 INFO  : [INFO]: Initializing repositories 
2026-05-22 10:21:39 [debug] : RIGEL SERVER 10:21:39 INFO  : [INFO]: Successfully set the EmbeddedSW path, refer .repo.yaml for more details.
10:21:39 INFO  : Successfully created repository data at /home/nhanenten/Desktop/HW_SW/Lab2/_ide/.wsdata 
2026-05-22 10:21:39 [debug] : RIGEL SERVER 10:21:39 INFO  : bash, -c, empyro get_template_data -d /tmp/rigel_lopper_nhanenten3090624289215104901 -r /home/nhanenten/Desktop/HW_SW/Lab2/_ide/.wsdata/.repo.yaml 
2026-05-22 10:21:40 [debug] : RIGEL SERVER 10:21:40 INFO  : Embedded Template List generated successfully 
2026-05-22 10:21:40 [debug] : [Application Examples Provider] Templates model update completed. 
2026-05-22 10:21:40 [debug] : [Application Examples Provider] common calling method completed. 
2026-05-22 10:21:40 [debug] : [Application Examples Provider] refresh completed. 
2026-05-22 10:21:43 [debug] : RIGEL SERVER 10:21:43 INFO  : INFO: /home/nhanenten/Desktop/HW_SW/Lab2/platform_2d/hw/sdt exists. Files will be overwritten
10:21:43 INFO  : -xsa /home/nhanenten/Desktop/HW_SW/Lab2/design_2.xsa 
2026-05-22 10:21:43 [debug] : RIGEL SERVER 10:21:43 INFO  : -dir /home/nhanenten/Desktop/HW_SW/Lab2/platform_2d/hw/sdt
10:21:43 INFO  : -board_dts 
10:21:43 INFO  : -include_dts 
10:21:43 INFO  : -repo /home/nhanenten/2025.2/data/system-device-tree-xlnx 
2026-05-22 10:21:43 [debug] : RIGEL SERVER 10:21:43 INFO  : -zocl disable
10:21:43 INFO  : INFO: [Hsi 55-2053] elapsed time for repository (/home/nhanenten/2025.2/data/embeddedsw) loading 0 seconds
10:21:43 INFO  : SDT generated successfully 
2026-05-22 10:21:43 [debug] : RIGEL SERVER 10:21:43 INFO  : Lopper command for cpu List generation: lopper --enhanced --werror -f -O /home/nhanenten/Desktop/HW_SW/Lab2/.rigel_lopper -i lop-cpu-oslist.dts /home/nhanenten/Desktop/HW_SW/Lab2/platform_2d/hw/sdt/system-top.dts 
2026-05-22 10:21:43 [debug] : RIGEL SERVER 10:21:43 INFO  : bash, -c, lopper --enhanced --werror -f -O /home/nhanenten/Desktop/HW_SW/Lab2/.rigel_lopper -i lop-cpu-oslist.dts /home/nhanenten/Desktop/HW_SW/Lab2/platform_2d/hw/sdt/system-top.dts 
2026-05-22 10:21:45 [debug] : RIGEL SERVER 10:21:45 INFO  : CPU List generated successfully 
2026-05-22 10:21:45 [debug] : RIGEL SERVER 10:21:45 INFO  : SDT generated successfully. 
2026-05-22 10:21:45 [debug] : RIGEL SERVER 10:21:45 INFO  : ZYNQ: Using the QEMU args from install at  : /home/nhanenten/2025.2/Vitis/data/emulation/platforms/zynq/sw/a9_linux/qemu/qemu_args.txt 
2026-05-22 10:21:45 [debug] : RIGEL SERVER 10:21:45 INFO  : ZYNQ: Using the QEMU args from install at  : /home/nhanenten/2025.2/Vitis/data/emulation/platforms/zynq/sw/a9_standalone/qemu/qemu_args.txt
10:21:45 INFO  : ZYNQ: Using the QEMU args from install at  : /home/nhanenten/2025.2/Vitis/data/emulation/platforms/zynq/sw/a9_standalone/qemu/qemu_args.txt 
2026-05-22 10:21:45 [debug] : RIGEL SERVER 10:21:45 INFO  : lopper command to generate BSP :empyro create_bsp -w /home/nhanenten/Desktop/HW_SW/Lab2/platform_2d/ps7_cortexa9_0/standalone_ps7_cortexa9_0/bsp -p ps7_cortexa9_0 -o standalone -s /home/nhanenten/Desktop/HW_SW/Lab2/platform_2d/hw/sdt/system-top.dts -t empty_application -r /home/nhanenten/Desktop/HW_SW/Lab2/_ide/.wsdata/.repo.yaml 
2026-05-22 10:21:45 [debug] : RIGEL SERVER 10:21:45 INFO  : lopper command to generate BSP :empyro create_bsp -w /home/nhanenten/Desktop/HW_SW/Lab2/platform_2d/zynq_fsbl/zynq_fsbl_bsp -p ps7_cortexa9_0 -o standalone -s /home/nhanenten/Desktop/HW_SW/Lab2/platform_2d/hw/sdt/system-top.dts -t zynq_fsbl -r /home/nhanenten/Desktop/HW_SW/Lab2/_ide/.wsdata/.repo.yaml 
2026-05-22 10:21:45 [debug] : RIGEL SERVER 10:21:45 INFO  : bash, -c, empyro create_bsp -w /home/nhanenten/Desktop/HW_SW/Lab2/platform_2d/ps7_cortexa9_0/standalone_ps7_cortexa9_0/bsp -p ps7_cortexa9_0 -o standalone -s /home/nhanenten/Desktop/HW_SW/Lab2/platform_2d/hw/sdt/system-top.dts -t empty_application -r /home/nhanenten/Desktop/HW_SW/Lab2/_ide/.wsdata/.repo.yaml 
2026-05-22 10:21:45 [debug] : RIGEL SERVER 10:21:45 INFO  : bash, -c, empyro create_bsp -w /home/nhanenten/Desktop/HW_SW/Lab2/platform_2d/zynq_fsbl/zynq_fsbl_bsp -p ps7_cortexa9_0 -o standalone -s /home/nhanenten/Desktop/HW_SW/Lab2/platform_2d/hw/sdt/system-top.dts -t zynq_fsbl -r /home/nhanenten/Desktop/HW_SW/Lab2/_ide/.wsdata/.repo.yaml 
2026-05-22 10:21:58 [debug] : RIGEL SERVER 10:21:58 INFO  : [INFO]: Starting domain creation 
2026-05-22 10:21:58 [debug] : RIGEL SERVER 10:21:58 INFO  : [INFO]: Generating Domain-specific DTS for ps7_cortexa9_0
10:21:58 INFO  : [INFO]: Generating required metadata from domain specific DT
10:21:58 INFO  : [INFO]: Successfully created Domain at /home/nhanenten/Desktop/HW_SW/Lab2/platform_2d/ps7_cortexa9_0/standalone_ps7_cortexa9_0/bsp 
2026-05-22 10:21:58 [debug] : RIGEL SERVER 10:21:58 INFO  : Successfully Generated Domain /home/nhanenten/Desktop/HW_SW/Lab2/platform_2d/ps7_cortexa9_0/standalone_ps7_cortexa9_0/bsp 
2026-05-22 10:21:58 [debug] : RIGEL SERVER 10:21:58 INFO  : Domain standalone_ps7_cortexa9_0 added successfully. 
2026-05-22 10:21:58 [debug] : Received event from notification service: ON_UPDATE_PLATFORM_STATUS. 
2026-05-22 10:21:59 [debug] : RIGEL SERVER 10:21:59 INFO  : [INFO]: Starting domain creation 
2026-05-22 10:21:59 [debug] : RIGEL SERVER 10:21:59 INFO  : [INFO]: Generating Domain-specific DTS for ps7_cortexa9_0
10:21:59 INFO  : [INFO]: Generating required metadata from domain specific DT
10:21:59 INFO  : [INFO]: Successfully created Domain at /home/nhanenten/Desktop/HW_SW/Lab2/platform_2d/zynq_fsbl/zynq_fsbl_bsp
10:21:59 INFO  : Successfully Generated Domain /home/nhanenten/Desktop/HW_SW/Lab2/platform_2d/zynq_fsbl/zynq_fsbl_bsp 
2026-05-22 10:21:59 [debug] : Received event from notification service: ON_UPDATE_PLATFORM_STATUS. 
2026-05-22 10:21:59 [debug] : RIGEL SERVER 10:21:59 INFO  : lopper command to create baremetal application :empyro create_app --src_dir /home/nhanenten/Desktop/HW_SW/Lab2/platform_2d/zynq_fsbl -t zynq_fsbl -d /home/nhanenten/Desktop/HW_SW/Lab2/platform_2d/zynq_fsbl/zynq_fsbl_bsp -n fsbl -r /home/nhanenten/Desktop/HW_SW/Lab2/_ide/.wsdata/.repo.yaml 
2026-05-22 10:21:59 [debug] : RIGEL SERVER 10:21:59 INFO  : bash, -c, empyro validate_bsp -t zynq_fsbl -d /home/nhanenten/Desktop/HW_SW/Lab2/platform_2d/zynq_fsbl/zynq_fsbl_bsp -r /home/nhanenten/Desktop/HW_SW/Lab2/_ide/.wsdata/.repo.yaml 
2026-05-22 10:22:01 [debug] : RIGEL SERVER 10:22:01 INFO  : Successfully validated template zynq_fsbl 
2026-05-22 10:22:01 [debug] : RIGEL SERVER 10:22:01 INFO  : bash, -c, empyro create_app --src_dir /home/nhanenten/Desktop/HW_SW/Lab2/platform_2d/zynq_fsbl -t zynq_fsbl -d /home/nhanenten/Desktop/HW_SW/Lab2/platform_2d/zynq_fsbl/zynq_fsbl_bsp -n fsbl -r /home/nhanenten/Desktop/HW_SW/Lab2/_ide/.wsdata/.repo.yaml 
2026-05-22 10:22:02 [debug] : [Platform Server] Executing method:[getProcessorOSList] with connection:(object). {"0":"request:","1":{"wrappers_":{"6":[{"wrappers_":null,"arrayIndexOffset_":-1,"array":["VITIS_SDT_REPO",null],"pivot_":1.7976931348623157e+308,"convertedPrimitiveFields_":{}},{"wrappers_":null,"arrayIndexOffset_":-1,"array":["VITIS_SDT_BOARD_DTS",null],"pivot_":1.7976931348623157e+308,"convertedPrimitiveFields_":{}},{"wrappers_":null,"arrayIndexOffset_":-1,"array":["VITIS_SDT_INCLUDE_DTS",null],"pivot_":1.7976931348623157e+308,"convertedPrimitiveFields_":{}},{"wrappers_":null,"arrayIndexOffset_":-1,"array":["-dt_overlay","0"],"pivot_":1.7976931348623157e+308,"convertedPrimitiveFields_":{}},{"wrappers_":null,"arrayIndexOffset_":-1,"array":["custom_dtsi",null],"pivot_":1.7976931348623157e+308,"convertedPrimitiveFields_":{}}],"8":[]},"arrayIndexOffset_":-1,"array":["/home/nhanenten/Desktop/HW_SW/Lab2/design_2.xsa",null,[],[],null,[["VITIS_SDT_REPO",null],["VITIS_SDT_BOARD_DTS",null],["VITIS_SDT_INCLUDE_DTS",null],["-dt_overlay","0"],["custom_dtsi",null]],null,[],null,null,null,null,null,null,null,null,null,null,null,null,null,null,null,null,true],"pivot_":1.7976931348623157e+308,"convertedPrimitiveFields_":{}}}
2026-05-22 10:22:02 [debug] : RIGEL SERVER 10:22:02 INFO  : Using sdt generation script from /home/nhanenten/2025.2/Vitis/vitis-server/scripts/platformutil.tcl 
2026-05-22 10:22:02 [debug] : RIGEL SERVER 10:22:02 INFO  : bash, -c, sdtgen /home/nhanenten/2025.2/Vitis/vitis-server/scripts/platformutil.tcl /home/nhanenten/Desktop/HW_SW/Lab2/design_2.xsa /home/nhanenten/Desktop/HW_SW/Lab2/.rigel_lopper_temp_platform/design_2/hw/sdt 
2026-05-22 10:22:05 [debug] : RIGEL SERVER 10:22:05 INFO  : [INFO]: Generating Linker script for zynq_fsbl 
2026-05-22 10:22:05 [debug] : RIGEL SERVER 10:22:05 INFO  : [INFO]: Successfully Created Application sources at /home/nhanenten/Desktop/HW_SW/Lab2/platform_2d/zynq_fsbl
10:22:05 INFO  : Successfully created Application /home/nhanenten/Desktop/HW_SW/Lab2/platform_2d/zynq_fsbl 
2026-05-22 10:22:05 [debug] : RIGEL SERVER 10:22:05 INFO  : Platform FSBL Boot domain added successfully. 
2026-05-22 10:22:05 [debug] : RIGEL SERVER 10:22:05 INFO  : created .gitignore file for the project /home/nhanenten/Desktop/HW_SW/Lab2/platform_2d 
2026-05-22 10:22:05 [debug] : RIGEL SERVER 10:22:05 INFO  : Platform creation finished successfully. 
2026-05-22 10:22:05 [debug] : RIGEL SERVER 10:22:05 INFO  : Platform Quick Build initiated. 
2026-05-22 10:22:05 [debug] : RIGEL SERVER 10:22:05 INFO  : Generating Export directory 
2026-05-22 10:22:05 [debug] : RIGEL SERVER 10:22:05 INFO  : Generated platform metadata for creating application(s) based on platform platform_2d. 
2026-05-22 10:22:05 [debug] : [Platform Server] Creating platform platform_2d  completed on 'platform_2d' with internal id 'dbb94719-c3d2-4377-9f03-2724288573c4'. 
2026-05-22 10:22:05 [debug] : [Platform Server] Creating platform platform_2d  status event - label: platform_2d, status_code:0, status_details:. 
2026-05-22 10:22:05 [debug] : [Platform Server] Creating platform platform_2d  output steam finished on 'platform_2d' with internal id 'dbb94719-c3d2-4377-9f03-2724288573c4'. 
2026-05-22 10:22:05 [info] : [Platform Server] Creating platform platform_2d  output stream finished - platform_2d. 
2026-05-22 10:22:05 [debug] : Received event from notification service: ON_DID_UPDATE_COMPONENT. 
2026-05-22 10:22:05 [debug] : Received event from notification service: ON_UPDATE_PLATFORM_STATUS. 
2026-05-22 10:22:05 [debug] : Received event from notification service: ON_DID_CREATE_COMPONENT. 
2026-05-22 10:22:05 [debug] : Received event from notification service: ON_DID_OPEN_COMPONENT. 
2026-05-22 10:22:05 [debug] : Received event from notification service: ON_DID_BUILD_START. 
2026-05-22 10:22:05 [debug] : Received event from notification service: ON_UPDATE_FLOWNAVIGATOR_STATUS. 
2026-05-22 10:22:05 [debug] : Received event from notification service: ON_DID_MODIFY_PLATFORM_REPOS. 
2026-05-22 10:22:05 [debug] : [Platform Output] Creating platform_2d platform with id 'dbb94719-c3d2-4377-9f03-2724288573c4' completed. 
2026-05-22 10:22:05 [debug] : [Platform Output] Deleting and canceling the build task with id 'dbb94719-c3d2-4377-9f03-2724288573c4'. 
2026-05-22 10:22:05 [debug] : Received event from notification service: ON_DID_BUILD_STOP. 
2026-05-22 10:22:05 [debug] : Received event from notification service: ON_UPDATE_FLOWNAVIGATOR_STATUS. 
2026-05-22 10:22:05 [debug] : [ProjectCache] fetching projects for project-cache 
2026-05-22 10:22:05 [debug] : [Component Provider] updating project /home/nhanenten/Desktop/HW_SW/Lab2/platform_2d 
2026-05-22 10:22:05 [debug] : [ProjectDecorator] tree decoration updated 
2026-05-22 10:22:05 [debug] : [ProjectCache] Project location updated to /home/nhanenten/Desktop/HW_SW/Lab2/platform_2d 
2026-05-22 10:22:05 [debug] : [ProjectDecorator] tree decoration updated 
2026-05-22 10:22:05 [debug] : [Platform Provider] updating project /home/nhanenten/Desktop/HW_SW/Lab2/platform_2d 
2026-05-22 10:22:05 [debug] : [ProjectDecorator] tree decoration updated 
2026-05-22 10:22:05 [debug] : [ProjectCache] Project location updated to /home/nhanenten/Desktop/HW_SW/Lab2/platform_2d 
2026-05-22 10:22:05 [debug] : [Component Provider] project updated /home/nhanenten/Desktop/HW_SW/Lab2/platform_2d 
2026-05-22 10:22:05 [debug] : [Platform Provider] project updated /home/nhanenten/Desktop/HW_SW/Lab2/platform_2d {"0":{"platformName":"platform_2d","platformDescription":"","platformLocation":"/home/nhanenten/Desktop/HW_SW/Lab2/platform_2d","xsaPath":"/home/nhanenten/Desktop/HW_SW/Lab2/design_2.xsa","xsapathinplatform":"platform_2d/hw/design_2.xsa","isCustomFsbl":false,"fsblPath":"","pmufwElf":"","supportedFamily":"zynq","flow":3,"emulationXsaPath":"","emulationXsaPathInPlatform":"","stdGenHooksList":[],"reconfigurablePartitionsList":[]}}
2026-05-22 10:22:05 [debug] : [Platform Server] Executing method:[listDomains] with connection:(object). {"0":"request:","1":{"wrappers_":null,"arrayIndexOffset_":-1,"array":["/home/nhanenten/Desktop/HW_SW/Lab2/platform_2d"],"pivot_":1.7976931348623157e+308,"convertedPrimitiveFields_":{}}}
2026-05-22 10:22:05 [debug] : [Platform Server] Executing method:[getPartFromXSA] with connection:(object). {"0":"request:","1":{"wrappers_":null,"arrayIndexOffset_":-1,"array":["/home/nhanenten/Desktop/HW_SW/Lab2/platform_2d"],"pivot_":1.7976931348623157e+308,"convertedPrimitiveFields_":{}}}
2026-05-22 10:22:05 [debug] : PLUGIN_HOST(180017): PluginManagerExtImpl/loadPlugin(/home/nhanenten/2025.2/Vitis/ide/electron-app/lnx64/resources/app/plugins/vitis-output-0.0.1/extension/lib/extension.js) 
2026-05-22 10:22:05 [debug] : Calling activation function on plugin amd.vitis-output 
2026-05-22 10:22:07 [debug] : Widget was activated, but did not accept focus after 2000ms: component-editor-widget:file:///home/nhanenten/Desktop/HW_SW/Lab2/platform_2d/vitis-comp.json 
2026-05-22 10:22:08 [debug] : RIGEL SERVER 10:22:08 INFO  : INFO: /home/nhanenten/Desktop/HW_SW/Lab2/.rigel_lopper_temp_platform/design_2/hw/sdt exists. Files will be overwritten
10:22:08 INFO  : -xsa /home/nhanenten/Desktop/HW_SW/Lab2/design_2.xsa
10:22:08 INFO  : -dir /home/nhanenten/Desktop/HW_SW/Lab2/.rigel_lopper_temp_platform/design_2/hw/sdt 
2026-05-22 10:22:08 [debug] : RIGEL SERVER 10:22:08 INFO  : -board_dts 
10:22:08 INFO  : -include_dts 
2026-05-22 10:22:08 [debug] : RIGEL SERVER 10:22:08 INFO  : -repo /home/nhanenten/2025.2/data/system-device-tree-xlnx 
2026-05-22 10:22:08 [debug] : RIGEL SERVER 10:22:08 INFO  : -zocl disable 
2026-05-22 10:22:08 [debug] : RIGEL SERVER 10:22:08 INFO  : INFO: [Hsi 55-2053] elapsed time for repository (/home/nhanenten/2025.2/data/embeddedsw) loading 1 seconds 
2026-05-22 10:22:08 [debug] : RIGEL SERVER 10:22:08 INFO  : SDT generated successfully 
2026-05-22 10:22:08 [debug] : RIGEL SERVER 10:22:08 INFO  : Lopper command for cpu List generation: lopper --enhanced --werror -f -O /home/nhanenten/Desktop/HW_SW/Lab2/.rigel_lopper -i lop-cpu-oslist.dts /home/nhanenten/Desktop/HW_SW/Lab2/.rigel_lopper_temp_platform/design_2/hw/sdt/system-top.dts 
2026-05-22 10:22:08 [debug] : RIGEL SERVER 10:22:08 INFO  : bash, -c, lopper --enhanced --werror -f -O /home/nhanenten/Desktop/HW_SW/Lab2/.rigel_lopper -i lop-cpu-oslist.dts /home/nhanenten/Desktop/HW_SW/Lab2/.rigel_lopper_temp_platform/design_2/hw/sdt/system-top.dts 
2026-05-22 10:22:08 [debug] : MonacoEditorModel.cancelSync {"0":"file:///home/nhanenten/Desktop/HW_SW/Lab2/_ide/logs/vitis.log"}
2026-05-22 10:22:08 [debug] : MonacoEditorModel.doSync - enter {"0":"file:///home/nhanenten/Desktop/HW_SW/Lab2/_ide/logs/vitis.log"}
2026-05-22 10:22:08 [debug] : MonacoEditorModel.cancelSync {"0":"file:///home/nhanenten/Desktop/HW_SW/Lab2/_ide/logs/vitis.log"}
2026-05-22 10:22:08 [debug] : MonacoEditorModel.doSync - exit - cancelled while looking for a resource {"0":"file:///home/nhanenten/Desktop/HW_SW/Lab2/_ide/logs/vitis.log"}
2026-05-22 10:22:08 [debug] : MonacoEditorModel.doSync - enter {"0":"file:///home/nhanenten/Desktop/HW_SW/Lab2/_ide/logs/vitis.log"}
2026-05-22 10:22:09 [debug] : MonacoEditorModel.fireDidChangeContent - enter - {
  "changes": [
    {
      "range": {
        "startLineNumber": 62,
        "startColumn": 1,
        "endLineNumber": 62,
        "endColumn": 1
      },
      "rangeLength": 0,
      "text": "10:22:08 INFO  : INFO: /home/nhanenten/Desktop/HW_SW/Lab2/.rigel_lopper_temp_platform/design_2/hw/sdt exists. Files will be overwritten\n10:22:08 INFO  : -xsa /home/nhanenten/Desktop/HW_SW/Lab2/design_2.xsa\n10:22:08 INFO  : -dir /home/nhanenten/Desktop/HW_SW/Lab2/.rigel_lopper_temp_platform/design_2/hw/sdt\n10:22:08 INFO  : -board_dts \n10:22:08 INFO  : -include_dts \n10:22:08 INFO  : -repo /home/nhanenten/2025.2/data/system-device-tree-xlnx\n10:22:08 INFO  : -zocl disable\n10:22:08 INFO  : INFO: [Hsi 55-2053] elapsed time for repository (/home/nhanenten/2025.2/data/embeddedsw) loading 1 seconds\n10:22:08 INFO  : SDT generated successfully\n10:22:08 INFO  : Lopper command for cpu List generation: lopper --enhanced --werror -f -O /home/nhanenten/Desktop/HW_SW/Lab2/.rigel_lopper -i lop-cpu-oslist.dts /home/nhanenten/Desktop/HW_SW/Lab2/.rigel_lopper_temp_platform/design_2/hw/sdt/system-top.dts\n10:22:08 INFO  : bash, -c, lopper --enhanced --werror -f -O /home/nhanenten/Desktop/HW_SW/Lab2/.rigel_lopper -i lop-cpu-oslist.dts /home/nhanenten/Desktop/HW_SW/Lab2/.rigel_lopper_temp_platform/design_2/hw/sdt/system-top.dts\n",
      "rangeOffset": 7140,
      "forceMoveMarkers": true
    }
  ],
  "eol": "\n",
  "isEolChange": false,
  "versionId": 2,
  "isUndoing": false,
  "isRedoing": false,
  "isFlush": false
} {"0":"file:///home/nhanenten/Desktop/HW_SW/Lab2/_ide/logs/vitis.log"}
2026-05-22 10:22:09 [debug] : MonacoEditorModel.markAsDirty - enter {"0":"file:///home/nhanenten/Desktop/HW_SW/Lab2/_ide/logs/vitis.log"}
2026-05-22 10:22:09 [debug] : MonacoEditorModel.markAsDirty - exit - ignoring dirty changes enabled {"0":"file:///home/nhanenten/Desktop/HW_SW/Lab2/_ide/logs/vitis.log"}
2026-05-22 10:22:09 [debug] : MonacoEditorModel.fireDidChangeContent - exit {"0":"file:///home/nhanenten/Desktop/HW_SW/Lab2/_ide/logs/vitis.log"}
2026-05-22 10:22:09 [debug] : MonacoEditorModel.doSync - exit {"0":"file:///home/nhanenten/Desktop/HW_SW/Lab2/_ide/logs/vitis.log"}
2026-05-22 10:22:10 [debug] : RIGEL SERVER 10:22:10 INFO  : CPU List generated successfully 
2026-05-22 10:22:10 [debug] : MonacoEditorModel.cancelSync {"0":"file:///home/nhanenten/Desktop/HW_SW/Lab2/_ide/logs/vitis.log"}
2026-05-22 10:22:10 [debug] : MonacoEditorModel.doSync - enter {"0":"file:///home/nhanenten/Desktop/HW_SW/Lab2/_ide/logs/vitis.log"}
2026-05-22 10:22:10 [debug] : MonacoEditorModel.cancelSync {"0":"file:///home/nhanenten/Desktop/HW_SW/Lab2/_ide/logs/vitis.log"}
2026-05-22 10:22:10 [debug] : MonacoEditorModel.doSync - exit - cancelled while looking for a resource {"0":"file:///home/nhanenten/Desktop/HW_SW/Lab2/_ide/logs/vitis.log"}
2026-05-22 10:22:10 [debug] : MonacoEditorModel.doSync - enter {"0":"file:///home/nhanenten/Desktop/HW_SW/Lab2/_ide/logs/vitis.log"}
2026-05-22 10:22:10 [debug] : MonacoEditorModel.fireDidChangeContent - enter - {
  "changes": [
    {
      "range": {
        "startLineNumber": 73,
        "startColumn": 1,
        "endLineNumber": 73,
        "endColumn": 1
      },
      "rangeLength": 0,
      "text": "10:22:10 INFO  : CPU List generated successfully\n",
      "rangeOffset": 8261,
      "forceMoveMarkers": true
    }
  ],
  "eol": "\n",
  "isEolChange": false,
  "versionId": 3,
  "isUndoing": false,
  "isRedoing": false,
  "isFlush": false
} {"0":"file:///home/nhanenten/Desktop/HW_SW/Lab2/_ide/logs/vitis.log"}
2026-05-22 10:22:10 [debug] : MonacoEditorModel.markAsDirty - enter {"0":"file:///home/nhanenten/Desktop/HW_SW/Lab2/_ide/logs/vitis.log"}
2026-05-22 10:22:10 [debug] : MonacoEditorModel.markAsDirty - exit - ignoring dirty changes enabled {"0":"file:///home/nhanenten/Desktop/HW_SW/Lab2/_ide/logs/vitis.log"}
2026-05-22 10:22:10 [debug] : MonacoEditorModel.fireDidChangeContent - exit {"0":"file:///home/nhanenten/Desktop/HW_SW/Lab2/_ide/logs/vitis.log"}
2026-05-22 10:22:10 [debug] : MonacoEditorModel.doSync - exit {"0":"file:///home/nhanenten/Desktop/HW_SW/Lab2/_ide/logs/vitis.log"}
2026-05-22 10:22:12 [debug] : [Platform Server] Executing method:[createPlatformProject] with connection:(object). {"0":"request:","1":{"wrappers_":{"19":[{"wrappers_":null,"arrayIndexOffset_":-1,"array":["VITIS_SDT_REPO",null],"pivot_":1.7976931348623157e+308,"convertedPrimitiveFields_":{}},{"wrappers_":null,"arrayIndexOffset_":-1,"array":["VITIS_SDT_BOARD_DTS",null],"pivot_":1.7976931348623157e+308,"convertedPrimitiveFields_":{}},{"wrappers_":null,"arrayIndexOffset_":-1,"array":["VITIS_SDT_INCLUDE_DTS",null],"pivot_":1.7976931348623157e+308,"convertedPrimitiveFields_":{}},{"wrappers_":null,"arrayIndexOffset_":-1,"array":["-dt_overlay","0"],"pivot_":1.7976931348623157e+308,"convertedPrimitiveFields_":{}},{"wrappers_":null,"arrayIndexOffset_":-1,"array":["custom_dtsi",null],"pivot_":1.7976931348623157e+308,"convertedPrimitiveFields_":{}}],"22":[]},"arrayIndexOffset_":-1,"array":["platform",null,"/home/nhanenten/Desktop/HW_SW/Lab2/platform","/home/nhanenten/Desktop/HW_SW/Lab2/design_2.xsa","ps7_cortexa9_0","standalone",null,null,null,null,null,null,null,true,null,"",null,null,[["VITIS_SDT_REPO",null],["VITIS_SDT_BOARD_DTS",null],["VITIS_SDT_INCLUDE_DTS",null],["-dt_overlay","0"],["custom_dtsi",null]],null,1,[],"d568f0ed-f40d-46b6-8819-76d75f9f815d",null],"pivot_":1.7976931348623157e+308,"convertedPrimitiveFields_":{}}}
2026-05-22 10:22:12 [debug] : [Platform Server] Create platform platform requested with internal id 'd568f0ed-f40d-46b6-8819-76d75f9f815d'. 
2026-05-22 10:22:12 [debug] : RIGEL SERVER 10:22:12 INFO  : Platform platform creation started. 
2026-05-22 10:22:12 [debug] : [Platform Output] Creating platform platform with id 'd568f0ed-f40d-46b6-8819-76d75f9f815d' started. 
2026-05-22 10:22:12 [debug] : RIGEL SERVER 10:22:12 INFO  : Lopper command for cpu List generation: lopper --enhanced --werror -f -O /home/nhanenten/Desktop/HW_SW/Lab2/.rigel_lopper -i lop-cpu-oslist.dts /home/nhanenten/Desktop/HW_SW/Lab2/platform/hw/sdt/system-top.dts
10:22:12 INFO  : bash, -c, lopper --enhanced --werror -f -O /home/nhanenten/Desktop/HW_SW/Lab2/.rigel_lopper -i lop-cpu-oslist.dts /home/nhanenten/Desktop/HW_SW/Lab2/platform/hw/sdt/system-top.dts 
2026-05-22 10:22:12 [debug] : MonacoEditorModel.cancelSync {"0":"file:///home/nhanenten/Desktop/HW_SW/Lab2/_ide/logs/vitis.log"}
2026-05-22 10:22:12 [debug] : MonacoEditorModel.doSync - enter {"0":"file:///home/nhanenten/Desktop/HW_SW/Lab2/_ide/logs/vitis.log"}
2026-05-22 10:22:12 [debug] : MonacoEditorModel.cancelSync {"0":"file:///home/nhanenten/Desktop/HW_SW/Lab2/_ide/logs/vitis.log"}
2026-05-22 10:22:12 [debug] : MonacoEditorModel.doSync - exit - cancelled while looking for a resource {"0":"file:///home/nhanenten/Desktop/HW_SW/Lab2/_ide/logs/vitis.log"}
2026-05-22 10:22:12 [debug] : MonacoEditorModel.doSync - enter {"0":"file:///home/nhanenten/Desktop/HW_SW/Lab2/_ide/logs/vitis.log"}
2026-05-22 10:22:12 [debug] : MonacoEditorModel.fireDidChangeContent - enter - {
  "changes": [
    {
      "range": {
        "startLineNumber": 74,
        "startColumn": 1,
        "endLineNumber": 74,
        "endColumn": 1
      },
      "rangeLength": 0,
      "text": "10:22:12 INFO  : Platform platform creation started.\n10:22:12 INFO  : Lopper command for cpu List generation: lopper --enhanced --werror -f -O /home/nhanenten/Desktop/HW_SW/Lab2/.rigel_lopper -i lop-cpu-oslist.dts /home/nhanenten/Desktop/HW_SW/Lab2/platform/hw/sdt/system-top.dts\n10:22:12 INFO  : bash, -c, lopper --enhanced --werror -f -O /home/nhanenten/Desktop/HW_SW/Lab2/.rigel_lopper -i lop-cpu-oslist.dts /home/nhanenten/Desktop/HW_SW/Lab2/platform/hw/sdt/system-top.dts\n",
      "rangeOffset": 8310,
      "forceMoveMarkers": true
    }
  ],
  "eol": "\n",
  "isEolChange": false,
  "versionId": 4,
  "isUndoing": false,
  "isRedoing": false,
  "isFlush": false
} {"0":"file:///home/nhanenten/Desktop/HW_SW/Lab2/_ide/logs/vitis.log"}
2026-05-22 10:22:12 [debug] : MonacoEditorModel.markAsDirty - enter {"0":"file:///home/nhanenten/Desktop/HW_SW/Lab2/_ide/logs/vitis.log"}
2026-05-22 10:22:12 [debug] : MonacoEditorModel.markAsDirty - exit - ignoring dirty changes enabled {"0":"file:///home/nhanenten/Desktop/HW_SW/Lab2/_ide/logs/vitis.log"}
2026-05-22 10:22:12 [debug] : MonacoEditorModel.fireDidChangeContent - exit {"0":"file:///home/nhanenten/Desktop/HW_SW/Lab2/_ide/logs/vitis.log"}
2026-05-22 10:22:12 [debug] : MonacoEditorModel.doSync - exit {"0":"file:///home/nhanenten/Desktop/HW_SW/Lab2/_ide/logs/vitis.log"}
2026-05-22 10:22:14 [debug] : RIGEL SERVER 10:22:14 INFO  : CPU List generated successfully 
2026-05-22 10:22:14 [debug] : RIGEL SERVER 10:22:14 INFO  : SDT generated successfully. 
2026-05-22 10:22:14 [debug] : RIGEL SERVER 10:22:14 INFO  : ZYNQ: Using the QEMU args from install at  : /home/nhanenten/2025.2/Vitis/data/emulation/platforms/zynq/sw/a9_linux/qemu/qemu_args.txt 
2026-05-22 10:22:14 [debug] : RIGEL SERVER 10:22:14 INFO  : ZYNQ: Using the QEMU args from install at  : /home/nhanenten/2025.2/Vitis/data/emulation/platforms/zynq/sw/a9_standalone/qemu/qemu_args.txt
10:22:14 INFO  : ZYNQ: Using the QEMU args from install at  : /home/nhanenten/2025.2/Vitis/data/emulation/platforms/zynq/sw/a9_standalone/qemu/qemu_args.txt 
2026-05-22 10:22:14 [debug] : RIGEL SERVER 10:22:14 INFO  : lopper command to generate BSP :empyro create_bsp -w /home/nhanenten/Desktop/HW_SW/Lab2/platform/ps7_cortexa9_0/standalone_ps7_cortexa9_0/bsp -p ps7_cortexa9_0 -o standalone -s /home/nhanenten/Desktop/HW_SW/Lab2/platform/hw/sdt/system-top.dts -t empty_application -r /home/nhanenten/Desktop/HW_SW/Lab2/_ide/.wsdata/.repo.yaml
10:22:14 INFO  : lopper command to generate BSP :empyro create_bsp -w /home/nhanenten/Desktop/HW_SW/Lab2/platform/zynq_fsbl/zynq_fsbl_bsp -p ps7_cortexa9_0 -o standalone -s /home/nhanenten/Desktop/HW_SW/Lab2/platform/hw/sdt/system-top.dts -t zynq_fsbl -r /home/nhanenten/Desktop/HW_SW/Lab2/_ide/.wsdata/.repo.yaml 
2026-05-22 10:22:14 [debug] : RIGEL SERVER 10:22:14 INFO  : bash, -c, empyro create_bsp -w /home/nhanenten/Desktop/HW_SW/Lab2/platform/ps7_cortexa9_0/standalone_ps7_cortexa9_0/bsp -p ps7_cortexa9_0 -o standalone -s /home/nhanenten/Desktop/HW_SW/Lab2/platform/hw/sdt/system-top.dts -t empty_application -r /home/nhanenten/Desktop/HW_SW/Lab2/_ide/.wsdata/.repo.yaml 
2026-05-22 10:22:14 [debug] : RIGEL SERVER 10:22:14 INFO  : bash, -c, empyro create_bsp -w /home/nhanenten/Desktop/HW_SW/Lab2/platform/zynq_fsbl/zynq_fsbl_bsp -p ps7_cortexa9_0 -o standalone -s /home/nhanenten/Desktop/HW_SW/Lab2/platform/hw/sdt/system-top.dts -t zynq_fsbl -r /home/nhanenten/Desktop/HW_SW/Lab2/_ide/.wsdata/.repo.yaml 
2026-05-22 10:22:14 [debug] : MonacoEditorModel.cancelSync {"0":"file:///home/nhanenten/Desktop/HW_SW/Lab2/_ide/logs/vitis.log"}
2026-05-22 10:22:14 [debug] : MonacoEditorModel.doSync - enter {"0":"file:///home/nhanenten/Desktop/HW_SW/Lab2/_ide/logs/vitis.log"}
2026-05-22 10:22:14 [debug] : MonacoEditorModel.cancelSync {"0":"file:///home/nhanenten/Desktop/HW_SW/Lab2/_ide/logs/vitis.log"}
2026-05-22 10:22:14 [debug] : MonacoEditorModel.doSync - exit - cancelled while looking for a resource {"0":"file:///home/nhanenten/Desktop/HW_SW/Lab2/_ide/logs/vitis.log"}
2026-05-22 10:22:14 [debug] : MonacoEditorModel.doSync - enter {"0":"file:///home/nhanenten/Desktop/HW_SW/Lab2/_ide/logs/vitis.log"}
2026-05-22 10:22:14 [debug] : MonacoEditorModel.fireDidChangeContent - enter - {
  "changes": [
    {
      "range": {
        "startLineNumber": 77,
        "startColumn": 1,
        "endLineNumber": 77,
        "endColumn": 1
      },
      "rangeLength": 0,
      "text": "10:22:14 INFO  : CPU List generated successfully\n10:22:14 INFO  : SDT generated successfully.\n10:22:14 INFO  : ZYNQ: Using the QEMU args from install at  : /home/nhanenten/2025.2/Vitis/data/emulation/platforms/zynq/sw/a9_linux/qemu/qemu_args.txt\n10:22:14 INFO  : ZYNQ: Using the QEMU args from install at  : /home/nhanenten/2025.2/Vitis/data/emulation/platforms/zynq/sw/a9_standalone/qemu/qemu_args.txt\n10:22:14 INFO  : ZYNQ: Using the QEMU args from install at  : /home/nhanenten/2025.2/Vitis/data/emulation/platforms/zynq/sw/a9_standalone/qemu/qemu_args.txt\n10:22:14 INFO  : lopper command to generate BSP :empyro create_bsp -w /home/nhanenten/Desktop/HW_SW/Lab2/platform/ps7_cortexa9_0/standalone_ps7_cortexa9_0/bsp -p ps7_cortexa9_0 -o standalone -s /home/nhanenten/Desktop/HW_SW/Lab2/platform/hw/sdt/system-top.dts -t empty_application -r /home/nhanenten/Desktop/HW_SW/Lab2/_ide/.wsdata/.repo.yaml\n10:22:14 INFO  : lopper command to generate BSP :empyro create_bsp -w /home/nhanenten/Desktop/HW_SW/Lab2/platform/zynq_fsbl/zynq_fsbl_bsp -p ps7_cortexa9_0 -o standalone -s /home/nhanenten/Desktop/HW_SW/Lab2/platform/hw/sdt/system-top.dts -t zynq_fsbl -r /home/nhanenten/Desktop/HW_SW/Lab2/_ide/.wsdata/.repo.yaml\n10:22:14 INFO  : bash, -c, empyro create_bsp -w /home/nhanenten/Desktop/HW_SW/Lab2/platform/zynq_fsbl/zynq_fsbl_bsp -p ps7_cortexa9_0 -o standalone -s /home/nhanenten/Desktop/HW_SW/Lab2/platform/hw/sdt/system-top.dts -t zynq_fsbl -r /home/nhanenten/Desktop/HW_SW/Lab2/_ide/.wsdata/.repo.yaml\n10:22:14 INFO  : bash, -c, empyro create_bsp -w /home/nhanenten/Desktop/HW_SW/Lab2/platform/ps7_cortexa9_0/standalone_ps7_cortexa9_0/bsp -p ps7_cortexa9_0 -o standalone -s /home/nhanenten/Desktop/HW_SW/Lab2/platform/hw/sdt/system-top.dts -t empty_application -r /home/nhanenten/Desktop/HW_SW/Lab2/_ide/.wsdata/.repo.yaml\n",
      "rangeOffset": 8787,
      "forceMoveMarkers": true
    }
  ],
  "eol": "\n",
  "isEolChange": false,
  "versionId": 5,
  "isUndoing": false,
  "isRedoing": false,
  "isFlush": false
} {"0":"file:///home/nhanenten/Desktop/HW_SW/Lab2/_ide/logs/vitis.log"}
2026-05-22 10:22:14 [debug] : MonacoEditorModel.markAsDirty - enter {"0":"file:///home/nhanenten/Desktop/HW_SW/Lab2/_ide/logs/vitis.log"}
2026-05-22 10:22:14 [debug] : MonacoEditorModel.markAsDirty - exit - ignoring dirty changes enabled {"0":"file:///home/nhanenten/Desktop/HW_SW/Lab2/_ide/logs/vitis.log"}
2026-05-22 10:22:14 [debug] : MonacoEditorModel.fireDidChangeContent - exit {"0":"file:///home/nhanenten/Desktop/HW_SW/Lab2/_ide/logs/vitis.log"}
2026-05-22 10:22:14 [debug] : MonacoEditorModel.doSync - exit {"0":"file:///home/nhanenten/Desktop/HW_SW/Lab2/_ide/logs/vitis.log"}
2026-05-22 10:22:27 [debug] : RIGEL SERVER 10:22:27 INFO  : [INFO]: Starting domain creation
10:22:27 INFO  : [INFO]: Generating Domain-specific DTS for ps7_cortexa9_0 
2026-05-22 10:22:27 [debug] : RIGEL SERVER 10:22:27 INFO  : [INFO]: Generating required metadata from domain specific DT
10:22:27 INFO  : [INFO]: Successfully created Domain at /home/nhanenten/Desktop/HW_SW/Lab2/platform/ps7_cortexa9_0/standalone_ps7_cortexa9_0/bsp
10:22:27 INFO  : Successfully Generated Domain /home/nhanenten/Desktop/HW_SW/Lab2/platform/ps7_cortexa9_0/standalone_ps7_cortexa9_0/bsp 
2026-05-22 10:22:27 [debug] : RIGEL SERVER 10:22:27 INFO  : Domain standalone_ps7_cortexa9_0 added successfully. 
2026-05-22 10:22:27 [debug] : Received event from notification service: ON_UPDATE_PLATFORM_STATUS. 
2026-05-22 10:22:27 [debug] : MonacoEditorModel.cancelSync {"0":"file:///home/nhanenten/Desktop/HW_SW/Lab2/_ide/logs/vitis.log"}
2026-05-22 10:22:27 [debug] : MonacoEditorModel.doSync - enter {"0":"file:///home/nhanenten/Desktop/HW_SW/Lab2/_ide/logs/vitis.log"}
2026-05-22 10:22:27 [debug] : MonacoEditorModel.cancelSync {"0":"file:///home/nhanenten/Desktop/HW_SW/Lab2/_ide/logs/vitis.log"}
2026-05-22 10:22:27 [debug] : MonacoEditorModel.doSync - exit - cancelled while looking for a resource {"0":"file:///home/nhanenten/Desktop/HW_SW/Lab2/_ide/logs/vitis.log"}
2026-05-22 10:22:27 [debug] : MonacoEditorModel.doSync - enter {"0":"file:///home/nhanenten/Desktop/HW_SW/Lab2/_ide/logs/vitis.log"}
2026-05-22 10:22:27 [debug] : MonacoEditorModel.fireDidChangeContent - enter - {
  "changes": [
    {
      "range": {
        "startLineNumber": 86,
        "startColumn": 1,
        "endLineNumber": 86,
        "endColumn": 1
      },
      "rangeLength": 0,
      "text": "10:22:27 INFO  : [INFO]: Starting domain creation\n10:22:27 INFO  : [INFO]: Generating Domain-specific DTS for ps7_cortexa9_0\n10:22:27 INFO  : [INFO]: Generating required metadata from domain specific DT\n10:22:27 INFO  : [INFO]: Successfully created Domain at /home/nhanenten/Desktop/HW_SW/Lab2/platform/ps7_cortexa9_0/standalone_ps7_cortexa9_0/bsp\n10:22:27 INFO  : Successfully Generated Domain /home/nhanenten/Desktop/HW_SW/Lab2/platform/ps7_cortexa9_0/standalone_ps7_cortexa9_0/bsp\n10:22:27 INFO  : Domain standalone_ps7_cortexa9_0 added successfully.\n",
      "rangeOffset": 10617,
      "forceMoveMarkers": true
    }
  ],
  "eol": "\n",
  "isEolChange": false,
  "versionId": 6,
  "isUndoing": false,
  "isRedoing": false,
  "isFlush": false
} {"0":"file:///home/nhanenten/Desktop/HW_SW/Lab2/_ide/logs/vitis.log"}
2026-05-22 10:22:27 [debug] : MonacoEditorModel.markAsDirty - enter {"0":"file:///home/nhanenten/Desktop/HW_SW/Lab2/_ide/logs/vitis.log"}
2026-05-22 10:22:27 [debug] : MonacoEditorModel.markAsDirty - exit - ignoring dirty changes enabled {"0":"file:///home/nhanenten/Desktop/HW_SW/Lab2/_ide/logs/vitis.log"}
2026-05-22 10:22:27 [debug] : MonacoEditorModel.fireDidChangeContent - exit {"0":"file:///home/nhanenten/Desktop/HW_SW/Lab2/_ide/logs/vitis.log"}
2026-05-22 10:22:27 [debug] : MonacoEditorModel.doSync - exit {"0":"file:///home/nhanenten/Desktop/HW_SW/Lab2/_ide/logs/vitis.log"}
2026-05-22 10:22:29 [debug] : RIGEL SERVER 10:22:29 INFO  : [INFO]: Starting domain creation 
2026-05-22 10:22:29 [debug] : RIGEL SERVER 10:22:29 INFO  : [INFO]: Generating Domain-specific DTS for ps7_cortexa9_0
10:22:29 INFO  : [INFO]: Generating required metadata from domain specific DT
10:22:29 INFO  : [INFO]: Successfully created Domain at /home/nhanenten/Desktop/HW_SW/Lab2/platform/zynq_fsbl/zynq_fsbl_bsp
10:22:29 INFO  : Successfully Generated Domain /home/nhanenten/Desktop/HW_SW/Lab2/platform/zynq_fsbl/zynq_fsbl_bsp 
2026-05-22 10:22:29 [debug] : Received event from notification service: ON_UPDATE_PLATFORM_STATUS. 
2026-05-22 10:22:29 [debug] : MonacoEditorModel.cancelSync {"0":"file:///home/nhanenten/Desktop/HW_SW/Lab2/_ide/logs/vitis.log"}
2026-05-22 10:22:29 [debug] : MonacoEditorModel.doSync - enter {"0":"file:///home/nhanenten/Desktop/HW_SW/Lab2/_ide/logs/vitis.log"}
2026-05-22 10:22:29 [debug] : MonacoEditorModel.cancelSync {"0":"file:///home/nhanenten/Desktop/HW_SW/Lab2/_ide/logs/vitis.log"}
2026-05-22 10:22:29 [debug] : RIGEL SERVER 10:22:29 INFO  : lopper command to create baremetal application :empyro create_app --src_dir /home/nhanenten/Desktop/HW_SW/Lab2/platform/zynq_fsbl -t zynq_fsbl -d /home/nhanenten/Desktop/HW_SW/Lab2/platform/zynq_fsbl/zynq_fsbl_bsp -n fsbl -r /home/nhanenten/Desktop/HW_SW/Lab2/_ide/.wsdata/.repo.yaml 
2026-05-22 10:22:29 [debug] : MonacoEditorModel.doSync - exit - cancelled while looking for a resource {"0":"file:///home/nhanenten/Desktop/HW_SW/Lab2/_ide/logs/vitis.log"}
2026-05-22 10:22:29 [debug] : MonacoEditorModel.doSync - enter {"0":"file:///home/nhanenten/Desktop/HW_SW/Lab2/_ide/logs/vitis.log"}
2026-05-22 10:22:29 [debug] : RIGEL SERVER 10:22:29 INFO  : bash, -c, empyro validate_bsp -t zynq_fsbl -d /home/nhanenten/Desktop/HW_SW/Lab2/platform/zynq_fsbl/zynq_fsbl_bsp -r /home/nhanenten/Desktop/HW_SW/Lab2/_ide/.wsdata/.repo.yaml 
2026-05-22 10:22:29 [debug] : MonacoEditorModel.fireDidChangeContent - enter - {
  "changes": [
    {
      "range": {
        "startLineNumber": 92,
        "startColumn": 1,
        "endLineNumber": 92,
        "endColumn": 1
      },
      "rangeLength": 0,
      "text": "10:22:29 INFO  : [INFO]: Starting domain creation\n10:22:29 INFO  : [INFO]: Generating Domain-specific DTS for ps7_cortexa9_0\n10:22:29 INFO  : [INFO]: Generating required metadata from domain specific DT\n10:22:29 INFO  : [INFO]: Successfully created Domain at /home/nhanenten/Desktop/HW_SW/Lab2/platform/zynq_fsbl/zynq_fsbl_bsp\n10:22:29 INFO  : Successfully Generated Domain /home/nhanenten/Desktop/HW_SW/Lab2/platform/zynq_fsbl/zynq_fsbl_bsp\n10:22:29 INFO  : lopper command to create baremetal application :empyro create_app --src_dir /home/nhanenten/Desktop/HW_SW/Lab2/platform/zynq_fsbl -t zynq_fsbl -d /home/nhanenten/Desktop/HW_SW/Lab2/platform/zynq_fsbl/zynq_fsbl_bsp -n fsbl -r /home/nhanenten/Desktop/HW_SW/Lab2/_ide/.wsdata/.repo.yaml\n10:22:29 INFO  : bash, -c, empyro validate_bsp -t zynq_fsbl -d /home/nhanenten/Desktop/HW_SW/Lab2/platform/zynq_fsbl/zynq_fsbl_bsp -r /home/nhanenten/Desktop/HW_SW/Lab2/_ide/.wsdata/.repo.yaml\n",
      "rangeOffset": 11171,
      "forceMoveMarkers": true
    }
  ],
  "eol": "\n",
  "isEolChange": false,
  "versionId": 7,
  "isUndoing": false,
  "isRedoing": false,
  "isFlush": false
} {"0":"file:///home/nhanenten/Desktop/HW_SW/Lab2/_ide/logs/vitis.log"}
2026-05-22 10:22:29 [debug] : MonacoEditorModel.markAsDirty - enter {"0":"file:///home/nhanenten/Desktop/HW_SW/Lab2/_ide/logs/vitis.log"}
2026-05-22 10:22:29 [debug] : MonacoEditorModel.markAsDirty - exit - ignoring dirty changes enabled {"0":"file:///home/nhanenten/Desktop/HW_SW/Lab2/_ide/logs/vitis.log"}
2026-05-22 10:22:29 [debug] : MonacoEditorModel.fireDidChangeContent - exit {"0":"file:///home/nhanenten/Desktop/HW_SW/Lab2/_ide/logs/vitis.log"}
2026-05-22 10:22:29 [debug] : MonacoEditorModel.doSync - exit {"0":"file:///home/nhanenten/Desktop/HW_SW/Lab2/_ide/logs/vitis.log"}
2026-05-22 10:22:29 [debug] : MonacoEditorModel.cancelSync {"0":"file:///home/nhanenten/Desktop/HW_SW/Lab2/_ide/logs/vitis.log"}
2026-05-22 10:22:29 [debug] : MonacoEditorModel.doSync - enter {"0":"file:///home/nhanenten/Desktop/HW_SW/Lab2/_ide/logs/vitis.log"}
2026-05-22 10:22:29 [debug] : MonacoEditorModel.cancelSync {"0":"file:///home/nhanenten/Desktop/HW_SW/Lab2/_ide/logs/vitis.log"}
2026-05-22 10:22:29 [debug] : MonacoEditorModel.doSync - exit - cancelled while looking for a resource {"0":"file:///home/nhanenten/Desktop/HW_SW/Lab2/_ide/logs/vitis.log"}
2026-05-22 10:22:29 [debug] : MonacoEditorModel.doSync - enter {"0":"file:///home/nhanenten/Desktop/HW_SW/Lab2/_ide/logs/vitis.log"}
2026-05-22 10:22:29 [debug] : MonacoEditorModel.doSync - exit {"0":"file:///home/nhanenten/Desktop/HW_SW/Lab2/_ide/logs/vitis.log"}
2026-05-22 10:22:30 [debug] : RIGEL SERVER 10:22:30 INFO  : Successfully validated template zynq_fsbl 
2026-05-22 10:22:30 [debug] : RIGEL SERVER 10:22:30 INFO  : bash, -c, empyro create_app --src_dir /home/nhanenten/Desktop/HW_SW/Lab2/platform/zynq_fsbl -t zynq_fsbl -d /home/nhanenten/Desktop/HW_SW/Lab2/platform/zynq_fsbl/zynq_fsbl_bsp -n fsbl -r /home/nhanenten/Desktop/HW_SW/Lab2/_ide/.wsdata/.repo.yaml 
2026-05-22 10:22:31 [debug] : MonacoEditorModel.cancelSync {"0":"file:///home/nhanenten/Desktop/HW_SW/Lab2/_ide/logs/vitis.log"}
2026-05-22 10:22:31 [debug] : MonacoEditorModel.doSync - enter {"0":"file:///home/nhanenten/Desktop/HW_SW/Lab2/_ide/logs/vitis.log"}
2026-05-22 10:22:31 [debug] : MonacoEditorModel.cancelSync {"0":"file:///home/nhanenten/Desktop/HW_SW/Lab2/_ide/logs/vitis.log"}
2026-05-22 10:22:31 [debug] : MonacoEditorModel.doSync - exit - cancelled while looking for a resource {"0":"file:///home/nhanenten/Desktop/HW_SW/Lab2/_ide/logs/vitis.log"}
2026-05-22 10:22:31 [debug] : MonacoEditorModel.doSync - enter {"0":"file:///home/nhanenten/Desktop/HW_SW/Lab2/_ide/logs/vitis.log"}
2026-05-22 10:22:31 [debug] : MonacoEditorModel.fireDidChangeContent - enter - {
  "changes": [
    {
      "range": {
        "startLineNumber": 99,
        "startColumn": 1,
        "endLineNumber": 99,
        "endColumn": 1
      },
      "rangeLength": 0,
      "text": "10:22:30 INFO  : Successfully validated template zynq_fsbl\n10:22:30 INFO  : bash, -c, empyro create_app --src_dir /home/nhanenten/Desktop/HW_SW/Lab2/platform/zynq_fsbl -t zynq_fsbl -d /home/nhanenten/Desktop/HW_SW/Lab2/platform/zynq_fsbl/zynq_fsbl_bsp -n fsbl -r /home/nhanenten/Desktop/HW_SW/Lab2/_ide/.wsdata/.repo.yaml\n",
      "rangeOffset": 12107,
      "forceMoveMarkers": true
    }
  ],
  "eol": "\n",
  "isEolChange": false,
  "versionId": 8,
  "isUndoing": false,
  "isRedoing": false,
  "isFlush": false
} {"0":"file:///home/nhanenten/Desktop/HW_SW/Lab2/_ide/logs/vitis.log"}
2026-05-22 10:22:31 [debug] : MonacoEditorModel.markAsDirty - enter {"0":"file:///home/nhanenten/Desktop/HW_SW/Lab2/_ide/logs/vitis.log"}
2026-05-22 10:22:31 [debug] : MonacoEditorModel.markAsDirty - exit - ignoring dirty changes enabled {"0":"file:///home/nhanenten/Desktop/HW_SW/Lab2/_ide/logs/vitis.log"}
2026-05-22 10:22:31 [debug] : MonacoEditorModel.fireDidChangeContent - exit {"0":"file:///home/nhanenten/Desktop/HW_SW/Lab2/_ide/logs/vitis.log"}
2026-05-22 10:22:31 [debug] : MonacoEditorModel.doSync - exit {"0":"file:///home/nhanenten/Desktop/HW_SW/Lab2/_ide/logs/vitis.log"}
2026-05-22 10:22:34 [debug] : RIGEL SERVER 10:22:34 INFO  : [INFO]: Generating Linker script for zynq_fsbl
10:22:34 INFO  : [INFO]: Successfully Created Application sources at /home/nhanenten/Desktop/HW_SW/Lab2/platform/zynq_fsbl
10:22:34 INFO  : Successfully created Application /home/nhanenten/Desktop/HW_SW/Lab2/platform/zynq_fsbl 
2026-05-22 10:22:34 [debug] : RIGEL SERVER 10:22:34 INFO  : Platform FSBL Boot domain added successfully. 
2026-05-22 10:22:34 [debug] : Received event from notification service: ON_DID_UPDATE_COMPONENT. 
2026-05-22 10:22:34 [debug] : Received event from notification service: ON_UPDATE_PLATFORM_STATUS. 
2026-05-22 10:22:34 [debug] : RIGEL SERVER 10:22:34 INFO  : created .gitignore file for the project /home/nhanenten/Desktop/HW_SW/Lab2/platform 
2026-05-22 10:22:34 [debug] : Received event from notification service: ON_DID_CREATE_COMPONENT. 
2026-05-22 10:22:34 [debug] : RIGEL SERVER 10:22:34 INFO  : Platform creation finished successfully. 
2026-05-22 10:22:34 [debug] : RIGEL SERVER 10:22:34 INFO  : Platform Quick Build initiated. 
2026-05-22 10:22:34 [debug] : Received event from notification service: ON_DID_OPEN_COMPONENT. 
2026-05-22 10:22:34 [debug] : Received event from notification service: ON_DID_BUILD_START. 
2026-05-22 10:22:34 [debug] : RIGEL SERVER 10:22:34 INFO  : Generating Export directory 
2026-05-22 10:22:34 [debug] : Received event from notification service: ON_UPDATE_FLOWNAVIGATOR_STATUS. 
2026-05-22 10:22:34 [debug] : [Platform Server] Creating platform platform  completed on 'platform' with internal id 'd568f0ed-f40d-46b6-8819-76d75f9f815d'. 
2026-05-22 10:22:34 [debug] : [Platform Server] Creating platform platform  status event - label: platform, status_code:0, status_details:. 
2026-05-22 10:22:34 [debug] : [Platform Server] Creating platform platform  output steam finished on 'platform' with internal id 'd568f0ed-f40d-46b6-8819-76d75f9f815d'. 
2026-05-22 10:22:34 [info] : [Platform Server] Creating platform platform  output stream finished - platform. 
2026-05-22 10:22:34 [debug] : RIGEL SERVER 10:22:34 INFO  : Generated platform metadata for creating application(s) based on platform platform. 
2026-05-22 10:22:34 [debug] : Received event from notification service: ON_DID_MODIFY_PLATFORM_REPOS. 
2026-05-22 10:22:34 [debug] : [Platform Output] Creating platform platform with id 'd568f0ed-f40d-46b6-8819-76d75f9f815d' completed. 
2026-05-22 10:22:34 [debug] : [Platform Output] Deleting and canceling the build task with id 'd568f0ed-f40d-46b6-8819-76d75f9f815d'. 
2026-05-22 10:22:34 [debug] : Received event from notification service: ON_DID_BUILD_STOP. 
2026-05-22 10:22:34 [debug] : [ProjectCache] fetching projects for project-cache 
2026-05-22 10:22:34 [debug] : [Component Provider] updating project /home/nhanenten/Desktop/HW_SW/Lab2/platform 
2026-05-22 10:22:34 [debug] : Received event from notification service: ON_UPDATE_FLOWNAVIGATOR_STATUS. 
2026-05-22 10:22:34 [debug] : [ProjectDecorator] tree decoration updated 
2026-05-22 10:22:34 [debug] : [Platform Provider] updating project /home/nhanenten/Desktop/HW_SW/Lab2/platform_2d 
2026-05-22 10:22:34 [debug] : [Platform Provider] updating project /home/nhanenten/Desktop/HW_SW/Lab2/platform 
2026-05-22 10:22:34 [debug] : [ProjectDecorator] tree decoration updated 
2026-05-22 10:22:34 [debug] : [ProjectCache] Project location updated to /home/nhanenten/Desktop/HW_SW/Lab2/platform 
2026-05-22 10:22:34 [debug] : [Component Provider] project updated /home/nhanenten/Desktop/HW_SW/Lab2/platform 
2026-05-22 10:22:34 [debug] : [Platform Provider] project updated /home/nhanenten/Desktop/HW_SW/Lab2/platform_2d {"0":{"platformName":"platform_2d","platformDescription":"","platformLocation":"/home/nhanenten/Desktop/HW_SW/Lab2/platform_2d","xsaPath":"/home/nhanenten/Desktop/HW_SW/Lab2/design_2.xsa","xsapathinplatform":"platform_2d/hw/design_2.xsa","isCustomFsbl":false,"fsblPath":"","pmufwElf":"","supportedFamily":"zynq","flow":3,"emulationXsaPath":"","emulationXsaPathInPlatform":"","stdGenHooksList":[],"reconfigurablePartitionsList":[]}}
2026-05-22 10:22:34 [debug] : [Platform Server] Executing method:[listDomains] with connection:(object). {"0":"request:","1":{"wrappers_":null,"arrayIndexOffset_":-1,"array":["/home/nhanenten/Desktop/HW_SW/Lab2/platform_2d"],"pivot_":1.7976931348623157e+308,"convertedPrimitiveFields_":{}}}
2026-05-22 10:22:34 [debug] : [Platform Provider] project updated /home/nhanenten/Desktop/HW_SW/Lab2/platform {"0":{"platformName":"platform","platformDescription":"","platformLocation":"/home/nhanenten/Desktop/HW_SW/Lab2/platform","xsaPath":"/home/nhanenten/Desktop/HW_SW/Lab2/design_2.xsa","xsapathinplatform":"platform/hw/design_2.xsa","isCustomFsbl":false,"fsblPath":"","pmufwElf":"","supportedFamily":"zynq","flow":3,"emulationXsaPath":"","emulationXsaPathInPlatform":"","stdGenHooksList":[],"reconfigurablePartitionsList":[]}}
2026-05-22 10:22:34 [debug] : MonacoEditorModel.cancelSync {"0":"file:///home/nhanenten/Desktop/HW_SW/Lab2/_ide/logs/vitis.log"}
2026-05-22 10:22:34 [debug] : MonacoEditorModel.doSync - enter {"0":"file:///home/nhanenten/Desktop/HW_SW/Lab2/_ide/logs/vitis.log"}
2026-05-22 10:22:34 [debug] : MonacoEditorModel.cancelSync {"0":"file:///home/nhanenten/Desktop/HW_SW/Lab2/_ide/logs/vitis.log"}
2026-05-22 10:22:34 [debug] : [Platform Server] Executing method:[listDomains] with connection:(object). {"0":"request:","1":{"wrappers_":null,"arrayIndexOffset_":-1,"array":["/home/nhanenten/Desktop/HW_SW/Lab2/platform"],"pivot_":1.7976931348623157e+308,"convertedPrimitiveFields_":{}}}
2026-05-22 10:22:34 [debug] : MonacoEditorModel.doSync - exit - cancelled while looking for a resource {"0":"file:///home/nhanenten/Desktop/HW_SW/Lab2/_ide/logs/vitis.log"}
2026-05-22 10:22:34 [debug] : MonacoEditorModel.doSync - enter {"0":"file:///home/nhanenten/Desktop/HW_SW/Lab2/_ide/logs/vitis.log"}
2026-05-22 10:22:34 [debug] : [Platform Server] Executing method:[getPartFromXSA] with connection:(object). {"0":"request:","1":{"wrappers_":null,"arrayIndexOffset_":-1,"array":["/home/nhanenten/Desktop/HW_SW/Lab2/platform"],"pivot_":1.7976931348623157e+308,"convertedPrimitiveFields_":{}}}
2026-05-22 10:22:34 [debug] : MonacoEditorModel.fireDidChangeContent - enter - {
  "changes": [
    {
      "range": {
        "startLineNumber": 101,
        "startColumn": 1,
        "endLineNumber": 101,
        "endColumn": 1
      },
      "rangeLength": 0,
      "text": "10:22:34 INFO  : [INFO]: Generating Linker script for zynq_fsbl\n10:22:34 INFO  : [INFO]: Successfully Created Application sources at /home/nhanenten/Desktop/HW_SW/Lab2/platform/zynq_fsbl\n10:22:34 INFO  : Successfully created Application /home/nhanenten/Desktop/HW_SW/Lab2/platform/zynq_fsbl\n10:22:34 INFO  : Platform FSBL Boot domain added successfully.\n10:22:34 INFO  : created .gitignore file for the project /home/nhanenten/Desktop/HW_SW/Lab2/platform\n10:22:34 INFO  : Platform creation finished successfully.\n10:22:34 INFO  : Platform Quick Build initiated.\n10:22:34 INFO  : Generating Export directory\n10:22:34 INFO  : Generated platform metadata for creating application(s) based on platform platform.\n",
      "rangeOffset": 12429,
      "forceMoveMarkers": true
    }
  ],
  "eol": "\n",
  "isEolChange": false,
  "versionId": 9,
  "isUndoing": false,
  "isRedoing": false,
  "isFlush": false
} {"0":"file:///home/nhanenten/Desktop/HW_SW/Lab2/_ide/logs/vitis.log"}
2026-05-22 10:22:34 [debug] : MonacoEditorModel.markAsDirty - enter {"0":"file:///home/nhanenten/Desktop/HW_SW/Lab2/_ide/logs/vitis.log"}
2026-05-22 10:22:34 [debug] : MonacoEditorModel.markAsDirty - exit - ignoring dirty changes enabled {"0":"file:///home/nhanenten/Desktop/HW_SW/Lab2/_ide/logs/vitis.log"}
2026-05-22 10:22:34 [debug] : MonacoEditorModel.fireDidChangeContent - exit {"0":"file:///home/nhanenten/Desktop/HW_SW/Lab2/_ide/logs/vitis.log"}
2026-05-22 10:22:34 [debug] : MonacoEditorModel.doSync - exit {"0":"file:///home/nhanenten/Desktop/HW_SW/Lab2/_ide/logs/vitis.log"}
2026-05-22 10:22:35 [debug] : [Platform Server] Executing method:[getPartFromXSA] with connection:(object). {"0":"request:","1":{"wrappers_":null,"arrayIndexOffset_":-1,"array":["/home/nhanenten/Desktop/HW_SW/Lab2/platform_2d"],"pivot_":1.7976931348623157e+308,"convertedPrimitiveFields_":{}}}
2026-05-22 10:22:41 [debug] : [ProjectDecorator] tree decoration updated 
2026-05-22 10:22:41 [debug] : [ProjectCache] Project location updated to /home/nhanenten/Desktop/HW_SW/Lab2/platform 
2026-05-22 10:22:47 [debug] : onDidDeleteComponent {"0":"/home/nhanenten/Desktop/HW_SW/Lab2/platform"}
2026-05-22 10:22:47 [debug] : [ProjectCache] fetching projects for project-cache 
2026-05-22 10:22:47 [debug] : Received event from notification service: ON_DID_MODIFY_PLATFORM_REPOS. 
2026-05-22 10:22:47 [debug] : Received event from notification service: ON_DID_DELETE_COMPONENT. 
2026-05-22 10:22:47 [debug] : [ProjectDecorator] tree decoration updated 
2026-05-22 10:22:47 [debug] : [ProjectCache] Project location updated to /home/nhanenten/Desktop/HW_SW/Lab2/platform_2d 
2026-05-22 10:22:47 [debug] : [ProjectDecorator] tree decoration updated 
2026-05-22 10:22:47 [debug] : [Platform Provider] updating project /home/nhanenten/Desktop/HW_SW/Lab2/platform_2d 
2026-05-22 10:22:47 [debug] : [Component Provider] updating project /home/nhanenten/Desktop/HW_SW/Lab2/platform 
2026-05-22 10:22:47 [debug] : Error: 3 INVALID_ARGUMENT: Invalid project location '/home/nhanenten/Desktop/HW_SW/Lab2/platform'.
    at r.callErrorFromStatus (/home/nhanenten/2025.2/Vitis/ide/electron-app/lnx64/resources/app/lib/backend/384.js:2:5361773)
    at Object.onReceiveStatus (/home/nhanenten/2025.2/Vitis/ide/electron-app/lnx64/resources/app/lib/backend/384.js:2:7053281)
    at Object.onReceiveStatus (/home/nhanenten/2025.2/Vitis/ide/electron-app/lnx64/resources/app/lib/backend/384.js:2:5789310)
    at Object.onReceiveStatus (/home/nhanenten/2025.2/Vitis/ide/electron-app/lnx64/resources/app/lib/backend/384.js:2:5788755)
    at /home/nhanenten/2025.2/Vitis/ide/electron-app/lnx64/resources/app/lib/backend/384.js:2:5346692
    at process.processTicksAndRejections (node:internal/process/task_queues:77:11)
for call at
    at l.makeUnaryRequest (/home/nhanenten/2025.2/Vitis/ide/electron-app/lnx64/resources/app/lib/backend/384.js:2:7052812)
    at l.getComponent (/home/nhanenten/2025.2/Vitis/ide/electron-app/lnx64/resources/app/lib/backend/384.js:2:1745982)
    at /home/nhanenten/2025.2/Vitis/ide/electron-app/lnx64/resources/app/lib/backend/main.js:1:1360935
    at new Promise (<anonymous>)
    at x.getComponent (/home/nhanenten/2025.2/Vitis/ide/electron-app/lnx64/resources/app/lib/backend/main.js:1:1360856)
    at u.onRequest (/home/nhanenten/2025.2/Vitis/ide/electron-app/lnx64/resources/app/lib/backend/69.js:2:159784)
    at c.requestHandler (/home/nhanenten/2025.2/Vitis/ide/electron-app/lnx64/resources/app/lib/backend/69.js:2:159606)
    at c.handleRequest (/home/nhanenten/2025.2/Vitis/ide/electron-app/lnx64/resources/app/lib/backend/69.js:2:22968)
    at c.handleMessage (/home/nhanenten/2025.2/Vitis/ide/electron-app/lnx64/resources/app/lib/backend/69.js:2:20872)
    at /home/nhanenten/2025.2/Vitis/ide/electron-app/lnx64/resources/app/lib/backend/69.js:2:20507
    at /home/nhanenten/2025.2/Vitis/ide/electron-app/lnx64/resources/app/lib/backend/69.js:2:126060
    at s.invoke (/home/nhanenten/2025.2/Vitis/ide/electron-app/lnx64/resources/app/lib/backend/69.js:2:126149)
    at a.fire (/home/nhanenten/2025.2/Vitis/ide/electron-app/lnx64/resources/app/lib/backend/69.js:2:127948)
    at t.ChannelMultiplexer.handleData (/home/nhanenten/2025.2/Vitis/ide/electron-app/lnx64/resources/app/lib/backend/69.js:2:58305)
    at t.ChannelMultiplexer.handleMessage (/home/nhanenten/2025.2/Vitis/ide/electron-app/lnx64/resources/app/lib/backend/69.js:2:57483)
    at /home/nhanenten/2025.2/Vitis/ide/electron-app/lnx64/resources/app/lib/backend/69.js:2:56720 
2026-05-22 10:22:47 [debug] : Error: 3 INVALID_ARGUMENT: Invalid project location '/home/nhanenten/Desktop/HW_SW/Lab2/platform'.
    at r.callErrorFromStatus (/home/nhanenten/2025.2/Vitis/ide/electron-app/lnx64/resources/app/lib/backend/384.js:2:5361773)
    at Object.onReceiveStatus (/home/nhanenten/2025.2/Vitis/ide/electron-app/lnx64/resources/app/lib/backend/384.js:2:7053281)
    at Object.onReceiveStatus (/home/nhanenten/2025.2/Vitis/ide/electron-app/lnx64/resources/app/lib/backend/384.js:2:5789310)
    at Object.onReceiveStatus (/home/nhanenten/2025.2/Vitis/ide/electron-app/lnx64/resources/app/lib/backend/384.js:2:5788755)
    at /home/nhanenten/2025.2/Vitis/ide/electron-app/lnx64/resources/app/lib/backend/384.js:2:5346692
    at process.processTicksAndRejections (node:internal/process/task_queues:77:11)
for call at
    at l.makeUnaryRequest (/home/nhanenten/2025.2/Vitis/ide/electron-app/lnx64/resources/app/lib/backend/384.js:2:7052812)
    at l.getComponent (/home/nhanenten/2025.2/Vitis/ide/electron-app/lnx64/resources/app/lib/backend/384.js:2:1745982)
    at /home/nhanenten/2025.2/Vitis/ide/electron-app/lnx64/resources/app/lib/backend/main.js:1:1360935
    at new Promise (<anonymous>)
    at x.getComponent (/home/nhanenten/2025.2/Vitis/ide/electron-app/lnx64/resources/app/lib/backend/main.js:1:1360856)
    at u.onRequest (/home/nhanenten/2025.2/Vitis/ide/electron-app/lnx64/resources/app/lib/backend/69.js:2:159784)
    at c.requestHandler (/home/nhanenten/2025.2/Vitis/ide/electron-app/lnx64/resources/app/lib/backend/69.js:2:159606)
    at c.handleRequest (/home/nhanenten/2025.2/Vitis/ide/electron-app/lnx64/resources/app/lib/backend/69.js:2:22968)
    at c.handleMessage (/home/nhanenten/2025.2/Vitis/ide/electron-app/lnx64/resources/app/lib/backend/69.js:2:20872)
    at /home/nhanenten/2025.2/Vitis/ide/electron-app/lnx64/resources/app/lib/backend/69.js:2:20507
    at /home/nhanenten/2025.2/Vitis/ide/electron-app/lnx64/resources/app/lib/backend/69.js:2:126060
    at s.invoke (/home/nhanenten/2025.2/Vitis/ide/electron-app/lnx64/resources/app/lib/backend/69.js:2:126149)
    at a.fire (/home/nhanenten/2025.2/Vitis/ide/electron-app/lnx64/resources/app/lib/backend/69.js:2:127948)
    at t.ChannelMultiplexer.handleData (/home/nhanenten/2025.2/Vitis/ide/electron-app/lnx64/resources/app/lib/backend/69.js:2:58305)
    at t.ChannelMultiplexer.handleMessage (/home/nhanenten/2025.2/Vitis/ide/electron-app/lnx64/resources/app/lib/backend/69.js:2:57483)
    at /home/nhanenten/2025.2/Vitis/ide/electron-app/lnx64/resources/app/lib/backend/69.js:2:56720 
2026-05-22 10:22:47 [debug] : [Component Provider] project updated /home/nhanenten/Desktop/HW_SW/Lab2/platform 
2026-05-22 10:22:47 [debug] : [Platform Provider] project updated /home/nhanenten/Desktop/HW_SW/Lab2/platform_2d {"0":{"platformName":"platform_2d","platformDescription":"","platformLocation":"/home/nhanenten/Desktop/HW_SW/Lab2/platform_2d","xsaPath":"/home/nhanenten/Desktop/HW_SW/Lab2/design_2.xsa","xsapathinplatform":"platform_2d/hw/design_2.xsa","isCustomFsbl":false,"fsblPath":"","pmufwElf":"","supportedFamily":"zynq","flow":3,"emulationXsaPath":"","emulationXsaPathInPlatform":"","stdGenHooksList":[],"reconfigurablePartitionsList":[]}}
2026-05-22 10:22:47 [debug] : [Platform Server] Executing method:[listDomains] with connection:(object). {"0":"request:","1":{"wrappers_":null,"arrayIndexOffset_":-1,"array":["/home/nhanenten/Desktop/HW_SW/Lab2/platform_2d"],"pivot_":1.7976931348623157e+308,"convertedPrimitiveFields_":{}}}
2026-05-22 10:22:47 [debug] : [Platform Server] Executing method:[getPartFromXSA] with connection:(object). {"0":"request:","1":{"wrappers_":null,"arrayIndexOffset_":-1,"array":["/home/nhanenten/Desktop/HW_SW/Lab2/platform_2d"],"pivot_":1.7976931348623157e+308,"convertedPrimitiveFields_":{}}}
2026-05-22 10:22:50 [debug] : [ProjectDecorator] tree decoration updated 
2026-05-22 10:22:50 [debug] : [ProjectCache] Project location updated to /home/nhanenten/Desktop/HW_SW/Lab2/platform_2d 
2026-05-22 10:22:56 [debug] : Widget was activated, but did not accept focus after 2000ms: Examples-widget 
2026-05-22 10:23:05 [debug] : [Repository Service] Executing method:listPlatforms from frontend. {"0":"request:","1":{"name":"","repoPath":"","ignoreCertifiedRequisite":false,"requisite":{"supportedPlatformsList":[],"unsupportedPlatformsList":[],"certifiedPlatformsList":[],"supportedPlatformTypesList":["EMBEDDED","EMBEDDED_VPP_LINK_GENERATED","EMBEDDED_ACCEL"],"runtimesList":[],"osListList":["standalone","freertos"],"processorListList":["psu_cortexa53","psu_cortexr5","psv_cortexa72","psv_cortexr5","psx_cortexa78","cortexa78","psx_cortexr52","cortexr52","ps7_cortexa9","microblaze","microblaze_riscv"],"aieTypeListList":[],"filterDfxPlatforms":false},"flowList":[2,3,4]}}
2026-05-22 10:23:05 [debug] : [Repository Server] Executing method:listPlatforms with connection:(object). {"0":"request:","1":{"name":"","repoPath":"","ignoreCertifiedRequisite":false,"requisite":{"supportedPlatformsList":[],"unsupportedPlatformsList":[],"certifiedPlatformsList":[],"supportedPlatformTypesList":["EMBEDDED","EMBEDDED_VPP_LINK_GENERATED","EMBEDDED_ACCEL"],"runtimesList":[],"osListList":["standalone","freertos"],"processorListList":["psu_cortexa53","psu_cortexr5","psv_cortexa72","psv_cortexr5","psx_cortexa78","cortexa78","psx_cortexr52","cortexr52","ps7_cortexa9","microblaze","microblaze_riscv"],"aieTypeListList":[],"filterDfxPlatforms":false},"flowList":[2,3,4]}}
2026-05-22 10:23:05 [debug] : [Repository Server] Executing method:listRepoPaths with connection:(object). {"0":"request:","1":{"name":""}}
2026-05-22 10:23:05 [debug] : [Repository Server] Executing method:listRepoPaths with connection:(object). {"0":"request:","1":{"name":""}}
2026-05-22 10:23:05 [debug] : [Repository Service] Executing method:listRepoPaths from frontend. {"0":"request:","1":{"name":""}}
2026-05-22 10:23:05 [debug] : [Repository Service] Executing method:listRepoPaths from frontend. {"0":"request:","1":{"name":""}}
2026-05-22 10:23:05 [debug] : [Repository Service] Executing method:listPlatforms from frontend. {"0":"request:","1":{"name":"","repoPath":"","ignoreCertifiedRequisite":true,"requisite":{"supportedPlatformsList":[],"unsupportedPlatformsList":[],"certifiedPlatformsList":[],"supportedPlatformTypesList":["EMBEDDED","EMBEDDED_VPP_LINK_GENERATED","EMBEDDED_ACCEL"],"runtimesList":[],"osListList":["standalone","freertos"],"processorListList":["psu_cortexa53","psu_cortexr5","psv_cortexa72","psv_cortexr5","psx_cortexa78","cortexa78","psx_cortexr52","cortexr52","ps7_cortexa9","microblaze","microblaze_riscv"],"aieTypeListList":[],"filterDfxPlatforms":false},"flowList":[2,3,4]}}
2026-05-22 10:23:05 [debug] : [Repository Server] Executing method:listPlatforms with connection:(object). {"0":"request:","1":{"name":"","repoPath":"","ignoreCertifiedRequisite":true,"requisite":{"supportedPlatformsList":[],"unsupportedPlatformsList":[],"certifiedPlatformsList":[],"supportedPlatformTypesList":["EMBEDDED","EMBEDDED_VPP_LINK_GENERATED","EMBEDDED_ACCEL"],"runtimesList":[],"osListList":["standalone","freertos"],"processorListList":["psu_cortexa53","psu_cortexr5","psv_cortexa72","psv_cortexr5","psx_cortexa78","cortexa78","psx_cortexr52","cortexr52","ps7_cortexa9","microblaze","microblaze_riscv"],"aieTypeListList":[],"filterDfxPlatforms":false},"flowList":[2,3,4]}}
2026-05-22 10:23:05 [debug] : [Repository Service] Executing method:listPlatforms from frontend. {"0":"request:","1":{"name":"","repoPath":"","ignoreCertifiedRequisite":true,"requisite":{"supportedPlatformsList":[],"unsupportedPlatformsList":[],"certifiedPlatformsList":[],"supportedPlatformTypesList":["EMBEDDED","EMBEDDED_VPP_LINK_GENERATED","EMBEDDED_ACCEL"],"runtimesList":[],"osListList":["standalone","freertos"],"processorListList":["psu_cortexa53","psu_cortexr5","psv_cortexa72","psv_cortexr5","psx_cortexa78","cortexa78","psx_cortexr52","cortexr52","ps7_cortexa9","microblaze","microblaze_riscv"],"aieTypeListList":[],"filterDfxPlatforms":false},"flowList":[2,3,4]}}
2026-05-22 10:23:05 [debug] : [Repository Server] Executing method:listPlatforms with connection:(object). {"0":"request:","1":{"name":"","repoPath":"","ignoreCertifiedRequisite":true,"requisite":{"supportedPlatformsList":[],"unsupportedPlatformsList":[],"certifiedPlatformsList":[],"supportedPlatformTypesList":["EMBEDDED","EMBEDDED_VPP_LINK_GENERATED","EMBEDDED_ACCEL"],"runtimesList":[],"osListList":["standalone","freertos"],"processorListList":["psu_cortexa53","psu_cortexr5","psv_cortexa72","psv_cortexr5","psx_cortexa78","cortexa78","psx_cortexr52","cortexr52","ps7_cortexa9","microblaze","microblaze_riscv"],"aieTypeListList":[],"filterDfxPlatforms":false},"flowList":[2,3,4]}}
2026-05-22 10:23:17 [debug] : [Repository Server] Executing method:validatePlatform with connection:(object). {"0":"request:","1":{"platformPath":"/home/nhanenten/Desktop/HW_SW/Lab2/platform_2d/export/platform_2d/platform_2d.xpfm"}}
2026-05-22 10:23:17 [debug] : [Repository Service] Executing method:validatePlatform from frontend. {"0":"request:","1":{"platformPath":"/home/nhanenten/Desktop/HW_SW/Lab2/platform_2d/export/platform_2d/platform_2d.xpfm"}}
2026-05-22 10:23:17 [debug] : [Repository Server] Executing method:getFilteredPlatformDomains with connection:(object). {"0":"request:","1":{"platformPath":"/home/nhanenten/Desktop/HW_SW/Lab2/platform_2d/export/platform_2d/platform_2d.xpfm","supportedOsList":["standalone","freertos"],"supportedCputypeList":["psu_cortexa53","psu_cortexr5","psv_cortexa72","psv_cortexr5","psx_cortexa78","cortexa78","psx_cortexr52","cortexr52","ps7_cortexa9","microblaze","microblaze_riscv"]}}
2026-05-22 10:23:17 [debug] : [Repository Service] Executing method:getFilteredPlatformDomains from frontend. {"0":"request:"}
2026-05-22 10:23:17 [debug] : [Platform Server] Executing method:[validateBSP] with connection:(object). {"0":"request:","1":{"wrappers_":{},"arrayIndexOffset_":-1,"array":["/home/nhanenten/Desktop/HW_SW/Lab2/platform_2d/export/platform_2d/platform_2d.xpfm","standalone_ps7_cortexa9_0","empty_application",null,null],"pivot_":1.7976931348623157e+308,"convertedPrimitiveFields_":{}}}
2026-05-22 10:23:17 [debug] : RIGEL SERVER 10:23:17 INFO  : bash, -c, empyro validate_bsp -t empty_application -d /home/nhanenten/Desktop/HW_SW/Lab2/platform_2d/export/platform_2d/sw/standalone_ps7_cortexa9_0 -r /home/nhanenten/Desktop/HW_SW/Lab2/_ide/.wsdata/.repo.yaml 
2026-05-22 10:23:17 [debug] : MonacoEditorModel.cancelSync {"0":"file:///home/nhanenten/Desktop/HW_SW/Lab2/_ide/logs/vitis.log"}
2026-05-22 10:23:17 [debug] : MonacoEditorModel.doSync - enter {"0":"file:///home/nhanenten/Desktop/HW_SW/Lab2/_ide/logs/vitis.log"}
2026-05-22 10:23:17 [debug] : MonacoEditorModel.cancelSync {"0":"file:///home/nhanenten/Desktop/HW_SW/Lab2/_ide/logs/vitis.log"}
2026-05-22 10:23:17 [debug] : MonacoEditorModel.doSync - exit - cancelled while looking for a resource {"0":"file:///home/nhanenten/Desktop/HW_SW/Lab2/_ide/logs/vitis.log"}
2026-05-22 10:23:17 [debug] : MonacoEditorModel.doSync - enter {"0":"file:///home/nhanenten/Desktop/HW_SW/Lab2/_ide/logs/vitis.log"}
2026-05-22 10:23:17 [debug] : MonacoEditorModel.fireDidChangeContent - enter - {
  "changes": [
    {
      "range": {
        "startLineNumber": 110,
        "startColumn": 1,
        "endLineNumber": 110,
        "endColumn": 1
      },
      "rangeLength": 0,
      "text": "10:23:17 INFO  : bash, -c, empyro validate_bsp -t empty_application -d /home/nhanenten/Desktop/HW_SW/Lab2/platform_2d/export/platform_2d/sw/standalone_ps7_cortexa9_0 -r /home/nhanenten/Desktop/HW_SW/Lab2/_ide/.wsdata/.repo.yaml\n",
      "rangeOffset": 13137,
      "forceMoveMarkers": true
    }
  ],
  "eol": "\n",
  "isEolChange": false,
  "versionId": 10,
  "isUndoing": false,
  "isRedoing": false,
  "isFlush": false
} {"0":"file:///home/nhanenten/Desktop/HW_SW/Lab2/_ide/logs/vitis.log"}
2026-05-22 10:23:17 [debug] : MonacoEditorModel.markAsDirty - enter {"0":"file:///home/nhanenten/Desktop/HW_SW/Lab2/_ide/logs/vitis.log"}
2026-05-22 10:23:17 [debug] : MonacoEditorModel.markAsDirty - exit - ignoring dirty changes enabled {"0":"file:///home/nhanenten/Desktop/HW_SW/Lab2/_ide/logs/vitis.log"}
2026-05-22 10:23:17 [debug] : MonacoEditorModel.fireDidChangeContent - exit {"0":"file:///home/nhanenten/Desktop/HW_SW/Lab2/_ide/logs/vitis.log"}
2026-05-22 10:23:17 [debug] : MonacoEditorModel.doSync - exit {"0":"file:///home/nhanenten/Desktop/HW_SW/Lab2/_ide/logs/vitis.log"}
2026-05-22 10:23:18 [debug] : RIGEL SERVER 10:23:18 INFO  : Successfully validated template empty_application 
2026-05-22 10:23:18 [debug] : MonacoEditorModel.cancelSync {"0":"file:///home/nhanenten/Desktop/HW_SW/Lab2/_ide/logs/vitis.log"}
2026-05-22 10:23:18 [debug] : MonacoEditorModel.doSync - enter {"0":"file:///home/nhanenten/Desktop/HW_SW/Lab2/_ide/logs/vitis.log"}
2026-05-22 10:23:18 [debug] : MonacoEditorModel.cancelSync {"0":"file:///home/nhanenten/Desktop/HW_SW/Lab2/_ide/logs/vitis.log"}
2026-05-22 10:23:18 [debug] : MonacoEditorModel.doSync - exit - cancelled while looking for a resource {"0":"file:///home/nhanenten/Desktop/HW_SW/Lab2/_ide/logs/vitis.log"}
2026-05-22 10:23:18 [debug] : MonacoEditorModel.doSync - enter {"0":"file:///home/nhanenten/Desktop/HW_SW/Lab2/_ide/logs/vitis.log"}
2026-05-22 10:23:18 [debug] : MonacoEditorModel.fireDidChangeContent - enter - {
  "changes": [
    {
      "range": {
        "startLineNumber": 111,
        "startColumn": 1,
        "endLineNumber": 111,
        "endColumn": 1
      },
      "rangeLength": 0,
      "text": "10:23:18 INFO  : Successfully validated template empty_application\n",
      "rangeOffset": 13365,
      "forceMoveMarkers": true
    }
  ],
  "eol": "\n",
  "isEolChange": false,
  "versionId": 11,
  "isUndoing": false,
  "isRedoing": false,
  "isFlush": false
} {"0":"file:///home/nhanenten/Desktop/HW_SW/Lab2/_ide/logs/vitis.log"}
2026-05-22 10:23:18 [debug] : MonacoEditorModel.markAsDirty - enter {"0":"file:///home/nhanenten/Desktop/HW_SW/Lab2/_ide/logs/vitis.log"}
2026-05-22 10:23:18 [debug] : MonacoEditorModel.markAsDirty - exit - ignoring dirty changes enabled {"0":"file:///home/nhanenten/Desktop/HW_SW/Lab2/_ide/logs/vitis.log"}
2026-05-22 10:23:18 [debug] : MonacoEditorModel.fireDidChangeContent - exit {"0":"file:///home/nhanenten/Desktop/HW_SW/Lab2/_ide/logs/vitis.log"}
2026-05-22 10:23:18 [debug] : MonacoEditorModel.doSync - exit {"0":"file:///home/nhanenten/Desktop/HW_SW/Lab2/_ide/logs/vitis.log"}
2026-05-22 10:23:20 [debug] : Executing method:[createComponentProject] with connection:(object). {"0":"request:","1":{"wrappers_":{"13":{"wrappers_":null,"arrayIndexOffset_":-1,"array":[["part=xcvu9p-flga2104-2-i","","[hls]","flow_target=vivado","package.output.format=ip_catalog","package.output.syn=false"]],"pivot_":1.7976931348623157e+308,"convertedPrimitiveFields_":{}}},"arrayIndexOffset_":-1,"array":["timer_interrupt","/home/nhanenten/Desktop/HW_SW/Lab2/timer_interrupt",3,"/home/nhanenten/Desktop/HW_SW/Lab2/platform_2d/export/platform_2d/platform_2d.xpfm",null,"standalone_ps7_cortexa9_0","ps7_cortexa9_0","standalone","empty_application","cortex-a9","standalone_ps7_cortexa9_0",[],[["part=xcvu9p-flga2104-2-i","","[hls]","flow_target=vivado","package.output.format=ip_catalog","package.output.syn=false"]],null,null,null,null,null,"160c6365-328f-464e-8e1d-5f49a8a8f97c"],"pivot_":1.7976931348623157e+308,"convertedPrimitiveFields_":{}}}
2026-05-22 10:23:20 [debug] : RIGEL SERVER 10:23:20 INFO  : lopper command to create baremetal application :empyro create_app --src_dir /home/nhanenten/Desktop/HW_SW/Lab2/timer_interrupt/src -t empty_application -d /home/nhanenten/Desktop/HW_SW/Lab2/platform_2d/export/platform_2d/sw/standalone_ps7_cortexa9_0 -n timer_interrupt -r /home/nhanenten/Desktop/HW_SW/Lab2/_ide/.wsdata/.repo.yaml 
2026-05-22 10:23:20 [debug] : RIGEL SERVER 10:23:20 INFO  : bash, -c, empyro validate_bsp -t empty_application -d /home/nhanenten/Desktop/HW_SW/Lab2/platform_2d/export/platform_2d/sw/standalone_ps7_cortexa9_0 -r /home/nhanenten/Desktop/HW_SW/Lab2/_ide/.wsdata/.repo.yaml 
2026-05-22 10:23:20 [debug] : MonacoEditorModel.cancelSync {"0":"file:///home/nhanenten/Desktop/HW_SW/Lab2/_ide/logs/vitis.log"}
2026-05-22 10:23:20 [debug] : MonacoEditorModel.doSync - enter {"0":"file:///home/nhanenten/Desktop/HW_SW/Lab2/_ide/logs/vitis.log"}
2026-05-22 10:23:20 [debug] : MonacoEditorModel.cancelSync {"0":"file:///home/nhanenten/Desktop/HW_SW/Lab2/_ide/logs/vitis.log"}
2026-05-22 10:23:20 [debug] : MonacoEditorModel.doSync - exit - cancelled while looking for a resource {"0":"file:///home/nhanenten/Desktop/HW_SW/Lab2/_ide/logs/vitis.log"}
2026-05-22 10:23:20 [debug] : MonacoEditorModel.doSync - enter {"0":"file:///home/nhanenten/Desktop/HW_SW/Lab2/_ide/logs/vitis.log"}
2026-05-22 10:23:20 [debug] : MonacoEditorModel.fireDidChangeContent - enter - {
  "changes": [
    {
      "range": {
        "startLineNumber": 112,
        "startColumn": 1,
        "endLineNumber": 112,
        "endColumn": 1
      },
      "rangeLength": 0,
      "text": "10:23:20 INFO  : lopper command to create baremetal application :empyro create_app --src_dir /home/nhanenten/Desktop/HW_SW/Lab2/timer_interrupt/src -t empty_application -d /home/nhanenten/Desktop/HW_SW/Lab2/platform_2d/export/platform_2d/sw/standalone_ps7_cortexa9_0 -n timer_interrupt -r /home/nhanenten/Desktop/HW_SW/Lab2/_ide/.wsdata/.repo.yaml\n10:23:20 INFO  : bash, -c, empyro validate_bsp -t empty_application -d /home/nhanenten/Desktop/HW_SW/Lab2/platform_2d/export/platform_2d/sw/standalone_ps7_cortexa9_0 -r /home/nhanenten/Desktop/HW_SW/Lab2/_ide/.wsdata/.repo.yaml\n",
      "rangeOffset": 13432,
      "forceMoveMarkers": true
    }
  ],
  "eol": "\n",
  "isEolChange": false,
  "versionId": 12,
  "isUndoing": false,
  "isRedoing": false,
  "isFlush": false
} {"0":"file:///home/nhanenten/Desktop/HW_SW/Lab2/_ide/logs/vitis.log"}
2026-05-22 10:23:20 [debug] : MonacoEditorModel.markAsDirty - enter {"0":"file:///home/nhanenten/Desktop/HW_SW/Lab2/_ide/logs/vitis.log"}
2026-05-22 10:23:20 [debug] : MonacoEditorModel.markAsDirty - exit - ignoring dirty changes enabled {"0":"file:///home/nhanenten/Desktop/HW_SW/Lab2/_ide/logs/vitis.log"}
2026-05-22 10:23:20 [debug] : MonacoEditorModel.fireDidChangeContent - exit {"0":"file:///home/nhanenten/Desktop/HW_SW/Lab2/_ide/logs/vitis.log"}
2026-05-22 10:23:20 [debug] : MonacoEditorModel.doSync - exit {"0":"file:///home/nhanenten/Desktop/HW_SW/Lab2/_ide/logs/vitis.log"}
2026-05-22 10:23:20 [debug] : RIGEL SERVER 10:23:20 INFO  : Successfully validated template empty_application
10:23:20 INFO  : bash, -c, empyro create_app --src_dir /home/nhanenten/Desktop/HW_SW/Lab2/timer_interrupt/src -t empty_application -d /home/nhanenten/Desktop/HW_SW/Lab2/platform_2d/export/platform_2d/sw/standalone_ps7_cortexa9_0 -n timer_interrupt -r /home/nhanenten/Desktop/HW_SW/Lab2/_ide/.wsdata/.repo.yaml 
2026-05-22 10:23:20 [debug] : MonacoEditorModel.cancelSync {"0":"file:///home/nhanenten/Desktop/HW_SW/Lab2/_ide/logs/vitis.log"}
2026-05-22 10:23:20 [debug] : MonacoEditorModel.doSync - enter {"0":"file:///home/nhanenten/Desktop/HW_SW/Lab2/_ide/logs/vitis.log"}
2026-05-22 10:23:20 [debug] : MonacoEditorModel.cancelSync {"0":"file:///home/nhanenten/Desktop/HW_SW/Lab2/_ide/logs/vitis.log"}
2026-05-22 10:23:20 [debug] : MonacoEditorModel.doSync - exit - cancelled while looking for a resource {"0":"file:///home/nhanenten/Desktop/HW_SW/Lab2/_ide/logs/vitis.log"}
2026-05-22 10:23:20 [debug] : MonacoEditorModel.doSync - enter {"0":"file:///home/nhanenten/Desktop/HW_SW/Lab2/_ide/logs/vitis.log"}
2026-05-22 10:23:20 [debug] : MonacoEditorModel.fireDidChangeContent - enter - {
  "changes": [
    {
      "range": {
        "startLineNumber": 114,
        "startColumn": 1,
        "endLineNumber": 114,
        "endColumn": 1
      },
      "rangeLength": 0,
      "text": "10:23:20 INFO  : Successfully validated template empty_application\n10:23:20 INFO  : bash, -c, empyro create_app --src_dir /home/nhanenten/Desktop/HW_SW/Lab2/timer_interrupt/src -t empty_application -d /home/nhanenten/Desktop/HW_SW/Lab2/platform_2d/export/platform_2d/sw/standalone_ps7_cortexa9_0 -n timer_interrupt -r /home/nhanenten/Desktop/HW_SW/Lab2/_ide/.wsdata/.repo.yaml\n",
      "rangeOffset": 14008,
      "forceMoveMarkers": true
    }
  ],
  "eol": "\n",
  "isEolChange": false,
  "versionId": 13,
  "isUndoing": false,
  "isRedoing": false,
  "isFlush": false
} {"0":"file:///home/nhanenten/Desktop/HW_SW/Lab2/_ide/logs/vitis.log"}
2026-05-22 10:23:20 [debug] : MonacoEditorModel.markAsDirty - enter {"0":"file:///home/nhanenten/Desktop/HW_SW/Lab2/_ide/logs/vitis.log"}
2026-05-22 10:23:20 [debug] : MonacoEditorModel.markAsDirty - exit - ignoring dirty changes enabled {"0":"file:///home/nhanenten/Desktop/HW_SW/Lab2/_ide/logs/vitis.log"}
2026-05-22 10:23:20 [debug] : MonacoEditorModel.fireDidChangeContent - exit {"0":"file:///home/nhanenten/Desktop/HW_SW/Lab2/_ide/logs/vitis.log"}
2026-05-22 10:23:20 [debug] : MonacoEditorModel.doSync - exit {"0":"file:///home/nhanenten/Desktop/HW_SW/Lab2/_ide/logs/vitis.log"}
2026-05-22 10:23:24 [debug] : RIGEL SERVER 10:23:24 INFO  : [INFO]: Generating Linker script for empty_application 
2026-05-22 10:23:24 [debug] : RIGEL SERVER 10:23:24 INFO  : [INFO]: Successfully Created Application sources at /home/nhanenten/Desktop/HW_SW/Lab2/timer_interrupt/src
10:23:24 INFO  : Successfully created Application /home/nhanenten/Desktop/HW_SW/Lab2/timer_interrupt/src 
2026-05-22 10:23:24 [debug] : MonacoEditorModel.cancelSync {"0":"file:///home/nhanenten/Desktop/HW_SW/Lab2/_ide/logs/vitis.log"}
2026-05-22 10:23:24 [debug] : MonacoEditorModel.doSync - enter {"0":"file:///home/nhanenten/Desktop/HW_SW/Lab2/_ide/logs/vitis.log"}
2026-05-22 10:23:24 [debug] : MonacoEditorModel.cancelSync {"0":"file:///home/nhanenten/Desktop/HW_SW/Lab2/_ide/logs/vitis.log"}
2026-05-22 10:23:24 [debug] : MonacoEditorModel.doSync - exit - cancelled while looking for a resource {"0":"file:///home/nhanenten/Desktop/HW_SW/Lab2/_ide/logs/vitis.log"}
2026-05-22 10:23:24 [debug] : MonacoEditorModel.doSync - enter {"0":"file:///home/nhanenten/Desktop/HW_SW/Lab2/_ide/logs/vitis.log"}
2026-05-22 10:23:24 [debug] : RIGEL SERVER 10:23:24 INFO  : created .gitignore file for the project /home/nhanenten/Desktop/HW_SW/Lab2/timer_interrupt 
2026-05-22 10:23:24 [debug] : MonacoEditorModel.fireDidChangeContent - enter - {
  "changes": [
    {
      "range": {
        "startLineNumber": 116,
        "startColumn": 1,
        "endLineNumber": 116,
        "endColumn": 1
      },
      "rangeLength": 0,
      "text": "10:23:24 INFO  : [INFO]: Generating Linker script for empty_application\n10:23:24 INFO  : [INFO]: Successfully Created Application sources at /home/nhanenten/Desktop/HW_SW/Lab2/timer_interrupt/src\n10:23:24 INFO  : Successfully created Application /home/nhanenten/Desktop/HW_SW/Lab2/timer_interrupt/src\n",
      "rangeOffset": 14385,
      "forceMoveMarkers": true
    }
  ],
  "eol": "\n",
  "isEolChange": false,
  "versionId": 14,
  "isUndoing": false,
  "isRedoing": false,
  "isFlush": false
} {"0":"file:///home/nhanenten/Desktop/HW_SW/Lab2/_ide/logs/vitis.log"}
2026-05-22 10:23:24 [debug] : MonacoEditorModel.markAsDirty - enter {"0":"file:///home/nhanenten/Desktop/HW_SW/Lab2/_ide/logs/vitis.log"}
2026-05-22 10:23:24 [debug] : MonacoEditorModel.markAsDirty - exit - ignoring dirty changes enabled {"0":"file:///home/nhanenten/Desktop/HW_SW/Lab2/_ide/logs/vitis.log"}
2026-05-22 10:23:24 [debug] : MonacoEditorModel.fireDidChangeContent - exit {"0":"file:///home/nhanenten/Desktop/HW_SW/Lab2/_ide/logs/vitis.log"}
2026-05-22 10:23:24 [debug] : MonacoEditorModel.doSync - exit {"0":"file:///home/nhanenten/Desktop/HW_SW/Lab2/_ide/logs/vitis.log"}
2026-05-22 10:23:24 [debug] : RIGEL SERVER 10:23:24 INFO  : The hardware specification used by project '/home/nhanenten/Desktop/HW_SW/Lab2/timer_interrupt' is out of sync with the platform. Resource files extracted from the hardware specification will be updated. 
2026-05-22 10:23:24 [debug] : Received event from notification service: ON_DID_CREATE_COMPONENT. 
2026-05-22 10:23:24 [debug] : [ProjectCache] fetching projects for project-cache 
2026-05-22 10:23:24 [debug] : MonacoEditorModel.cancelSync {"0":"file:///home/nhanenten/Desktop/HW_SW/Lab2/_ide/logs/vitis.log"}
2026-05-22 10:23:24 [debug] : MonacoEditorModel.doSync - enter {"0":"file:///home/nhanenten/Desktop/HW_SW/Lab2/_ide/logs/vitis.log"}
2026-05-22 10:23:24 [debug] : MonacoEditorModel.cancelSync {"0":"file:///home/nhanenten/Desktop/HW_SW/Lab2/_ide/logs/vitis.log"}
2026-05-22 10:23:24 [debug] : RIGEL SERVER 10:23:24 INFO  : The updated bitstream files are copied from platform to folder '/home/nhanenten/Desktop/HW_SW/Lab2/timer_interrupt/_ide/bitstream' in project '/home/nhanenten/Desktop/HW_SW/Lab2/timer_interrupt'. 
2026-05-22 10:23:24 [debug] : MonacoEditorModel.doSync - exit - cancelled while looking for a resource {"0":"file:///home/nhanenten/Desktop/HW_SW/Lab2/_ide/logs/vitis.log"}
2026-05-22 10:23:24 [debug] : MonacoEditorModel.doSync - enter {"0":"file:///home/nhanenten/Desktop/HW_SW/Lab2/_ide/logs/vitis.log"}
2026-05-22 10:23:24 [debug] : RIGEL SERVER 10:23:24 INFO  : The updated ps init files are copied from platform to folder '/home/nhanenten/Desktop/HW_SW/Lab2/timer_interrupt/_ide/psinit' in project '/home/nhanenten/Desktop/HW_SW/Lab2/timer_interrupt'. 
2026-05-22 10:23:24 [debug] : MonacoEditorModel.fireDidChangeContent - enter - {
  "changes": [
    {
      "range": {
        "startLineNumber": 119,
        "startColumn": 1,
        "endLineNumber": 119,
        "endColumn": 1
      },
      "rangeLength": 0,
      "text": "10:23:24 INFO  : created .gitignore file for the project /home/nhanenten/Desktop/HW_SW/Lab2/timer_interrupt\n10:23:24 INFO  : The hardware specification used by project '/home/nhanenten/Desktop/HW_SW/Lab2/timer_interrupt' is out of sync with the platform. Resource files extracted from the hardware specification will be updated.\n10:23:24 INFO  : The updated bitstream files are copied from platform to folder '/home/nhanenten/Desktop/HW_SW/Lab2/timer_interrupt/_ide/bitstream' in project '/home/nhanenten/Desktop/HW_SW/Lab2/timer_interrupt'.\n",
      "rangeOffset": 14686,
      "forceMoveMarkers": true
    }
  ],
  "eol": "\n",
  "isEolChange": false,
  "versionId": 15,
  "isUndoing": false,
  "isRedoing": false,
  "isFlush": false
} {"0":"file:///home/nhanenten/Desktop/HW_SW/Lab2/_ide/logs/vitis.log"}
2026-05-22 10:23:24 [debug] : MonacoEditorModel.markAsDirty - enter {"0":"file:///home/nhanenten/Desktop/HW_SW/Lab2/_ide/logs/vitis.log"}
2026-05-22 10:23:24 [debug] : MonacoEditorModel.markAsDirty - exit - ignoring dirty changes enabled {"0":"file:///home/nhanenten/Desktop/HW_SW/Lab2/_ide/logs/vitis.log"}
2026-05-22 10:23:24 [debug] : MonacoEditorModel.fireDidChangeContent - exit {"0":"file:///home/nhanenten/Desktop/HW_SW/Lab2/_ide/logs/vitis.log"}
2026-05-22 10:23:24 [debug] : MonacoEditorModel.doSync - exit {"0":"file:///home/nhanenten/Desktop/HW_SW/Lab2/_ide/logs/vitis.log"}
2026-05-22 10:23:24 [debug] : [ProjectDecorator] tree decoration updated 
2026-05-22 10:23:24 [debug] : [Platform Provider] updating project /home/nhanenten/Desktop/HW_SW/Lab2/platform_2d 
2026-05-22 10:23:24 [debug] : [Component Provider] updating project /home/nhanenten/Desktop/HW_SW/Lab2/platform 
2026-05-22 10:23:24 [debug] : Error: 3 INVALID_ARGUMENT: Invalid project location '/home/nhanenten/Desktop/HW_SW/Lab2/platform'.
    at r.callErrorFromStatus (/home/nhanenten/2025.2/Vitis/ide/electron-app/lnx64/resources/app/lib/backend/384.js:2:5361773)
    at Object.onReceiveStatus (/home/nhanenten/2025.2/Vitis/ide/electron-app/lnx64/resources/app/lib/backend/384.js:2:7053281)
    at Object.onReceiveStatus (/home/nhanenten/2025.2/Vitis/ide/electron-app/lnx64/resources/app/lib/backend/384.js:2:5789310)
    at Object.onReceiveStatus (/home/nhanenten/2025.2/Vitis/ide/electron-app/lnx64/resources/app/lib/backend/384.js:2:5788755)
    at /home/nhanenten/2025.2/Vitis/ide/electron-app/lnx64/resources/app/lib/backend/384.js:2:5346692
    at process.processTicksAndRejections (node:internal/process/task_queues:77:11)
for call at
    at l.makeUnaryRequest (/home/nhanenten/2025.2/Vitis/ide/electron-app/lnx64/resources/app/lib/backend/384.js:2:7052812)
    at l.getComponent (/home/nhanenten/2025.2/Vitis/ide/electron-app/lnx64/resources/app/lib/backend/384.js:2:1745982)
    at /home/nhanenten/2025.2/Vitis/ide/electron-app/lnx64/resources/app/lib/backend/main.js:1:1360935
    at new Promise (<anonymous>)
    at x.getComponent (/home/nhanenten/2025.2/Vitis/ide/electron-app/lnx64/resources/app/lib/backend/main.js:1:1360856)
    at u.onRequest (/home/nhanenten/2025.2/Vitis/ide/electron-app/lnx64/resources/app/lib/backend/69.js:2:159784)
    at c.requestHandler (/home/nhanenten/2025.2/Vitis/ide/electron-app/lnx64/resources/app/lib/backend/69.js:2:159606)
    at c.handleRequest (/home/nhanenten/2025.2/Vitis/ide/electron-app/lnx64/resources/app/lib/backend/69.js:2:22968)
    at c.handleMessage (/home/nhanenten/2025.2/Vitis/ide/electron-app/lnx64/resources/app/lib/backend/69.js:2:20872)
    at /home/nhanenten/2025.2/Vitis/ide/electron-app/lnx64/resources/app/lib/backend/69.js:2:20507
    at /home/nhanenten/2025.2/Vitis/ide/electron-app/lnx64/resources/app/lib/backend/69.js:2:126060
    at s.invoke (/home/nhanenten/2025.2/Vitis/ide/electron-app/lnx64/resources/app/lib/backend/69.js:2:126149)
    at a.fire (/home/nhanenten/2025.2/Vitis/ide/electron-app/lnx64/resources/app/lib/backend/69.js:2:127948)
    at t.ChannelMultiplexer.handleData (/home/nhanenten/2025.2/Vitis/ide/electron-app/lnx64/resources/app/lib/backend/69.js:2:58305)
    at t.ChannelMultiplexer.handleMessage (/home/nhanenten/2025.2/Vitis/ide/electron-app/lnx64/resources/app/lib/backend/69.js:2:57483)
    at /home/nhanenten/2025.2/Vitis/ide/electron-app/lnx64/resources/app/lib/backend/69.js:2:56720 
2026-05-22 10:23:25 [debug] : [ProjectCache] fetching projects for project-cache 
2026-05-22 10:23:25 [debug] : Error: 3 INVALID_ARGUMENT: Invalid project location '/home/nhanenten/Desktop/HW_SW/Lab2/platform'.
    at r.callErrorFromStatus (/home/nhanenten/2025.2/Vitis/ide/electron-app/lnx64/resources/app/lib/backend/384.js:2:5361773)
    at Object.onReceiveStatus (/home/nhanenten/2025.2/Vitis/ide/electron-app/lnx64/resources/app/lib/backend/384.js:2:7053281)
    at Object.onReceiveStatus (/home/nhanenten/2025.2/Vitis/ide/electron-app/lnx64/resources/app/lib/backend/384.js:2:5789310)
    at Object.onReceiveStatus (/home/nhanenten/2025.2/Vitis/ide/electron-app/lnx64/resources/app/lib/backend/384.js:2:5788755)
    at /home/nhanenten/2025.2/Vitis/ide/electron-app/lnx64/resources/app/lib/backend/384.js:2:5346692
    at process.processTicksAndRejections (node:internal/process/task_queues:77:11)
for call at
    at l.makeUnaryRequest (/home/nhanenten/2025.2/Vitis/ide/electron-app/lnx64/resources/app/lib/backend/384.js:2:7052812)
    at l.getComponent (/home/nhanenten/2025.2/Vitis/ide/electron-app/lnx64/resources/app/lib/backend/384.js:2:1745982)
    at /home/nhanenten/2025.2/Vitis/ide/electron-app/lnx64/resources/app/lib/backend/main.js:1:1360935
    at new Promise (<anonymous>)
    at x.getComponent (/home/nhanenten/2025.2/Vitis/ide/electron-app/lnx64/resources/app/lib/backend/main.js:1:1360856)
    at u.onRequest (/home/nhanenten/2025.2/Vitis/ide/electron-app/lnx64/resources/app/lib/backend/69.js:2:159784)
    at c.requestHandler (/home/nhanenten/2025.2/Vitis/ide/electron-app/lnx64/resources/app/lib/backend/69.js:2:159606)
    at c.handleRequest (/home/nhanenten/2025.2/Vitis/ide/electron-app/lnx64/resources/app/lib/backend/69.js:2:22968)
    at c.handleMessage (/home/nhanenten/2025.2/Vitis/ide/electron-app/lnx64/resources/app/lib/backend/69.js:2:20872)
    at /home/nhanenten/2025.2/Vitis/ide/electron-app/lnx64/resources/app/lib/backend/69.js:2:20507
    at /home/nhanenten/2025.2/Vitis/ide/electron-app/lnx64/resources/app/lib/backend/69.js:2:126060
    at s.invoke (/home/nhanenten/2025.2/Vitis/ide/electron-app/lnx64/resources/app/lib/backend/69.js:2:126149)
    at a.fire (/home/nhanenten/2025.2/Vitis/ide/electron-app/lnx64/resources/app/lib/backend/69.js:2:127948)
    at t.ChannelMultiplexer.handleData (/home/nhanenten/2025.2/Vitis/ide/electron-app/lnx64/resources/app/lib/backend/69.js:2:58305)
    at t.ChannelMultiplexer.handleMessage (/home/nhanenten/2025.2/Vitis/ide/electron-app/lnx64/resources/app/lib/backend/69.js:2:57483)
    at /home/nhanenten/2025.2/Vitis/ide/electron-app/lnx64/resources/app/lib/backend/69.js:2:56720 
2026-05-22 10:23:25 [debug] : [Component Provider] project updated /home/nhanenten/Desktop/HW_SW/Lab2/platform 
2026-05-22 10:23:25 [debug] : [Platform Server] Executing method:[listDomains] with connection:(object). {"0":"request:","1":{"wrappers_":null,"arrayIndexOffset_":-1,"array":["/home/nhanenten/Desktop/HW_SW/Lab2/platform_2d"],"pivot_":1.7976931348623157e+308,"convertedPrimitiveFields_":{}}}
2026-05-22 10:23:25 [debug] : [Platform Provider] project updated /home/nhanenten/Desktop/HW_SW/Lab2/platform_2d {"0":{"platformName":"platform_2d","platformDescription":"","platformLocation":"/home/nhanenten/Desktop/HW_SW/Lab2/platform_2d","xsaPath":"/home/nhanenten/Desktop/HW_SW/Lab2/design_2.xsa","xsapathinplatform":"platform_2d/hw/design_2.xsa","isCustomFsbl":false,"fsblPath":"","pmufwElf":"","supportedFamily":"zynq","flow":3,"emulationXsaPath":"","emulationXsaPathInPlatform":"","stdGenHooksList":[],"reconfigurablePartitionsList":[]}}
2026-05-22 10:23:25 [debug] : [Component Provider] updating project /home/nhanenten/Desktop/HW_SW/Lab2/timer_interrupt 
2026-05-22 10:23:25 [debug] : [Platform Server] Executing method:[getPartFromXSA] with connection:(object). {"0":"request:","1":{"wrappers_":null,"arrayIndexOffset_":-1,"array":["/home/nhanenten/Desktop/HW_SW/Lab2/platform_2d"],"pivot_":1.7976931348623157e+308,"convertedPrimitiveFields_":{}}}
2026-05-22 10:23:25 [debug] : [ProjectDecorator] tree decoration updated 
2026-05-22 10:23:25 [debug] : [Platform Provider] updating project /home/nhanenten/Desktop/HW_SW/Lab2/platform_2d 
2026-05-22 10:23:25 [debug] : [Component Provider] updating project /home/nhanenten/Desktop/HW_SW/Lab2/platform 
2026-05-22 10:23:25 [debug] : [Component Provider] updating project /home/nhanenten/Desktop/HW_SW/Lab2/timer_interrupt 
2026-05-22 10:23:25 [debug] : [ProjectDecorator] tree decoration updated 
2026-05-22 10:23:25 [debug] : [ProjectCache] Project location updated to /home/nhanenten/Desktop/HW_SW/Lab2/timer_interrupt 
2026-05-22 10:23:25 [debug] : [Component Provider] project updated /home/nhanenten/Desktop/HW_SW/Lab2/timer_interrupt 
2026-05-22 10:23:25 [debug] : Error: 3 INVALID_ARGUMENT: Invalid project location '/home/nhanenten/Desktop/HW_SW/Lab2/platform'.
    at r.callErrorFromStatus (/home/nhanenten/2025.2/Vitis/ide/electron-app/lnx64/resources/app/lib/backend/384.js:2:5361773)
    at Object.onReceiveStatus (/home/nhanenten/2025.2/Vitis/ide/electron-app/lnx64/resources/app/lib/backend/384.js:2:7053281)
    at Object.onReceiveStatus (/home/nhanenten/2025.2/Vitis/ide/electron-app/lnx64/resources/app/lib/backend/384.js:2:5789310)
    at Object.onReceiveStatus (/home/nhanenten/2025.2/Vitis/ide/electron-app/lnx64/resources/app/lib/backend/384.js:2:5788755)
    at /home/nhanenten/2025.2/Vitis/ide/electron-app/lnx64/resources/app/lib/backend/384.js:2:5346692
    at process.processTicksAndRejections (node:internal/process/task_queues:77:11)
for call at
    at l.makeUnaryRequest (/home/nhanenten/2025.2/Vitis/ide/electron-app/lnx64/resources/app/lib/backend/384.js:2:7052812)
    at l.getComponent (/home/nhanenten/2025.2/Vitis/ide/electron-app/lnx64/resources/app/lib/backend/384.js:2:1745982)
    at /home/nhanenten/2025.2/Vitis/ide/electron-app/lnx64/resources/app/lib/backend/main.js:1:1360935
    at new Promise (<anonymous>)
    at x.getComponent (/home/nhanenten/2025.2/Vitis/ide/electron-app/lnx64/resources/app/lib/backend/main.js:1:1360856)
    at u.onRequest (/home/nhanenten/2025.2/Vitis/ide/electron-app/lnx64/resources/app/lib/backend/69.js:2:159784)
    at c.requestHandler (/home/nhanenten/2025.2/Vitis/ide/electron-app/lnx64/resources/app/lib/backend/69.js:2:159606)
    at c.handleRequest (/home/nhanenten/2025.2/Vitis/ide/electron-app/lnx64/resources/app/lib/backend/69.js:2:22968)
    at c.handleMessage (/home/nhanenten/2025.2/Vitis/ide/electron-app/lnx64/resources/app/lib/backend/69.js:2:20872)
    at /home/nhanenten/2025.2/Vitis/ide/electron-app/lnx64/resources/app/lib/backend/69.js:2:20507
    at /home/nhanenten/2025.2/Vitis/ide/electron-app/lnx64/resources/app/lib/backend/69.js:2:126060
    at s.invoke (/home/nhanenten/2025.2/Vitis/ide/electron-app/lnx64/resources/app/lib/backend/69.js:2:126149)
    at a.fire (/home/nhanenten/2025.2/Vitis/ide/electron-app/lnx64/resources/app/lib/backend/69.js:2:127948)
    at t.ChannelMultiplexer.handleData (/home/nhanenten/2025.2/Vitis/ide/electron-app/lnx64/resources/app/lib/backend/69.js:2:58305)
    at t.ChannelMultiplexer.handleMessage (/home/nhanenten/2025.2/Vitis/ide/electron-app/lnx64/resources/app/lib/backend/69.js:2:57483)
    at /home/nhanenten/2025.2/Vitis/ide/electron-app/lnx64/resources/app/lib/backend/69.js:2:56720 
2026-05-22 10:23:25 [debug] : Error: 3 INVALID_ARGUMENT: Invalid project location '/home/nhanenten/Desktop/HW_SW/Lab2/platform'.
    at r.callErrorFromStatus (/home/nhanenten/2025.2/Vitis/ide/electron-app/lnx64/resources/app/lib/backend/384.js:2:5361773)
    at Object.onReceiveStatus (/home/nhanenten/2025.2/Vitis/ide/electron-app/lnx64/resources/app/lib/backend/384.js:2:7053281)
    at Object.onReceiveStatus (/home/nhanenten/2025.2/Vitis/ide/electron-app/lnx64/resources/app/lib/backend/384.js:2:5789310)
    at Object.onReceiveStatus (/home/nhanenten/2025.2/Vitis/ide/electron-app/lnx64/resources/app/lib/backend/384.js:2:5788755)
    at /home/nhanenten/2025.2/Vitis/ide/electron-app/lnx64/resources/app/lib/backend/384.js:2:5346692
    at process.processTicksAndRejections (node:internal/process/task_queues:77:11)
for call at
    at l.makeUnaryRequest (/home/nhanenten/2025.2/Vitis/ide/electron-app/lnx64/resources/app/lib/backend/384.js:2:7052812)
    at l.getComponent (/home/nhanenten/2025.2/Vitis/ide/electron-app/lnx64/resources/app/lib/backend/384.js:2:1745982)
    at /home/nhanenten/2025.2/Vitis/ide/electron-app/lnx64/resources/app/lib/backend/main.js:1:1360935
    at new Promise (<anonymous>)
    at x.getComponent (/home/nhanenten/2025.2/Vitis/ide/electron-app/lnx64/resources/app/lib/backend/main.js:1:1360856)
    at u.onRequest (/home/nhanenten/2025.2/Vitis/ide/electron-app/lnx64/resources/app/lib/backend/69.js:2:159784)
    at c.requestHandler (/home/nhanenten/2025.2/Vitis/ide/electron-app/lnx64/resources/app/lib/backend/69.js:2:159606)
    at c.handleRequest (/home/nhanenten/2025.2/Vitis/ide/electron-app/lnx64/resources/app/lib/backend/69.js:2:22968)
    at c.handleMessage (/home/nhanenten/2025.2/Vitis/ide/electron-app/lnx64/resources/app/lib/backend/69.js:2:20872)
    at /home/nhanenten/2025.2/Vitis/ide/electron-app/lnx64/resources/app/lib/backend/69.js:2:20507
    at /home/nhanenten/2025.2/Vitis/ide/electron-app/lnx64/resources/app/lib/backend/69.js:2:126060
    at s.invoke (/home/nhanenten/2025.2/Vitis/ide/electron-app/lnx64/resources/app/lib/backend/69.js:2:126149)
    at a.fire (/home/nhanenten/2025.2/Vitis/ide/electron-app/lnx64/resources/app/lib/backend/69.js:2:127948)
    at t.ChannelMultiplexer.handleData (/home/nhanenten/2025.2/Vitis/ide/electron-app/lnx64/resources/app/lib/backend/69.js:2:58305)
    at t.ChannelMultiplexer.handleMessage (/home/nhanenten/2025.2/Vitis/ide/electron-app/lnx64/resources/app/lib/backend/69.js:2:57483)
    at /home/nhanenten/2025.2/Vitis/ide/electron-app/lnx64/resources/app/lib/backend/69.js:2:56720 
2026-05-22 10:23:25 [debug] : [Component Provider] project updated /home/nhanenten/Desktop/HW_SW/Lab2/platform 
2026-05-22 10:23:25 [debug] : [Platform Provider] project updated /home/nhanenten/Desktop/HW_SW/Lab2/platform_2d {"0":{"platformName":"platform_2d","platformDescription":"","platformLocation":"/home/nhanenten/Desktop/HW_SW/Lab2/platform_2d","xsaPath":"/home/nhanenten/Desktop/HW_SW/Lab2/design_2.xsa","xsapathinplatform":"platform_2d/hw/design_2.xsa","isCustomFsbl":false,"fsblPath":"","pmufwElf":"","supportedFamily":"zynq","flow":3,"emulationXsaPath":"","emulationXsaPathInPlatform":"","stdGenHooksList":[],"reconfigurablePartitionsList":[]}}
2026-05-22 10:23:25 [debug] : [Component Provider] project updated /home/nhanenten/Desktop/HW_SW/Lab2/timer_interrupt 
2026-05-22 10:23:25 [debug] : [Platform Server] Executing method:[listDomains] with connection:(object). {"0":"request:","1":{"wrappers_":null,"arrayIndexOffset_":-1,"array":["/home/nhanenten/Desktop/HW_SW/Lab2/platform_2d"],"pivot_":1.7976931348623157e+308,"convertedPrimitiveFields_":{}}}
2026-05-22 10:23:25 [debug] : MonacoEditorModel.cancelSync {"0":"file:///home/nhanenten/Desktop/HW_SW/Lab2/_ide/logs/vitis.log"}
2026-05-22 10:23:25 [debug] : MonacoEditorModel.doSync - enter {"0":"file:///home/nhanenten/Desktop/HW_SW/Lab2/_ide/logs/vitis.log"}
2026-05-22 10:23:25 [debug] : MonacoEditorModel.cancelSync {"0":"file:///home/nhanenten/Desktop/HW_SW/Lab2/_ide/logs/vitis.log"}
2026-05-22 10:23:25 [debug] : [Repository Server] Executing method:getHwPlatform with connection:(object). {"0":"request:","1":{"platformPath":"/home/nhanenten/Desktop/HW_SW/Lab2/platform_2d/export/platform_2d/platform_2d.xpfm"}}
2026-05-22 10:23:25 [debug] : [Platform Server] Executing method:[getPartFromXSA] with connection:(object). {"0":"request:","1":{"wrappers_":null,"arrayIndexOffset_":-1,"array":["/home/nhanenten/Desktop/HW_SW/Lab2/platform_2d"],"pivot_":1.7976931348623157e+308,"convertedPrimitiveFields_":{}}}
2026-05-22 10:23:25 [debug] : MonacoEditorModel.doSync - exit - cancelled while looking for a resource {"0":"file:///home/nhanenten/Desktop/HW_SW/Lab2/_ide/logs/vitis.log"}
2026-05-22 10:23:25 [debug] : MonacoEditorModel.doSync - enter {"0":"file:///home/nhanenten/Desktop/HW_SW/Lab2/_ide/logs/vitis.log"}
2026-05-22 10:23:25 [debug] : [Repository Server] Executing method:getSwPlatform with connection:(object). {"0":"request:","1":{"platformPath":"/home/nhanenten/Desktop/HW_SW/Lab2/platform_2d/export/platform_2d/platform_2d.xpfm"}}
2026-05-22 10:23:25 [debug] : MonacoEditorModel.fireDidChangeContent - enter - {
  "changes": [
    {
      "range": {
        "startLineNumber": 122,
        "startColumn": 1,
        "endLineNumber": 122,
        "endColumn": 1
      },
      "rangeLength": 0,
      "text": "10:23:24 INFO  : The updated ps init files are copied from platform to folder '/home/nhanenten/Desktop/HW_SW/Lab2/timer_interrupt/_ide/psinit' in project '/home/nhanenten/Desktop/HW_SW/Lab2/timer_interrupt'.\n",
      "rangeOffset": 15228,
      "forceMoveMarkers": true
    }
  ],
  "eol": "\n",
  "isEolChange": false,
  "versionId": 16,
  "isUndoing": false,
  "isRedoing": false,
  "isFlush": false
} {"0":"file:///home/nhanenten/Desktop/HW_SW/Lab2/_ide/logs/vitis.log"}
2026-05-22 10:23:25 [debug] : MonacoEditorModel.markAsDirty - enter {"0":"file:///home/nhanenten/Desktop/HW_SW/Lab2/_ide/logs/vitis.log"}
2026-05-22 10:23:25 [debug] : MonacoEditorModel.markAsDirty - exit - ignoring dirty changes enabled {"0":"file:///home/nhanenten/Desktop/HW_SW/Lab2/_ide/logs/vitis.log"}
2026-05-22 10:23:25 [debug] : MonacoEditorModel.fireDidChangeContent - exit {"0":"file:///home/nhanenten/Desktop/HW_SW/Lab2/_ide/logs/vitis.log"}
2026-05-22 10:23:25 [debug] : MonacoEditorModel.doSync - exit {"0":"file:///home/nhanenten/Desktop/HW_SW/Lab2/_ide/logs/vitis.log"}
2026-05-22 10:23:25 [debug] : No label for action menu node: No command "workspace:addFolder" exists. 
2026-05-22 10:23:41 [debug] : [ProjectDecorator] tree decoration updated 
2026-05-22 10:23:41 [debug] : [ProjectCache] Project location updated to /home/nhanenten/Desktop/HW_SW/Lab2/timer_interrupt 
2026-05-22 10:24:03 [debug] : start navigation 1 
2026-05-22 10:24:03 [debug] : start navigation 2 
2026-05-22 10:24:03 [debug] : end navigation 1 
2026-05-22 10:24:03 [debug] : end navigation 0 
2026-05-22 10:24:03 [debug] : ending navigation with location {"uri":"file:///home/nhanenten/Desktop/HW_SW/Lab2/timer_interrupt/src/main.c","type":1,"context":{"start":{"line":0,"character":0},"end":{"line":0,"character":0}}} 
2026-05-22 10:24:04 [debug] : PLUGIN_HOST(180017): PluginManagerExtImpl/loadPlugin(/home/nhanenten/2025.2/Vitis/ide/electron-app/lnx64/resources/app/plugins/vscode-clangd/extension/out/bundle) 
2026-05-22 10:24:04 [debug] : PLUGIN_HOST(180017): PluginManagerExtImpl/loadPlugin(/home/nhanenten/2025.2/Vitis/ide/electron-app/lnx64/resources/app/plugins/vitis-hls-verilog-vhdl-support-0.0.1/extension/lib/extension.js) 
2026-05-22 10:24:04 [debug] : PLUGIN_HOST(180017): PluginManagerExtImpl/loadPlugin(/home/nhanenten/2025.2/Vitis/ide/electron-app/lnx64/resources/app/plugins/vitis-hls-pragma-0.6.0/extension/out/extension.js) 
2026-05-22 10:24:04 [debug] : PLUGIN_HOST(180017): PluginManagerExtImpl/loadPlugin(/home/nhanenten/2025.2/Vitis/ide/electron-app/lnx64/resources/app/plugins/vitis-hls-l1-library-0.0.1/extension/lib/extension.js) 
2026-05-22 10:24:04 [debug] : Starting extension "vitis-hls-pragma"! 
2026-05-22 10:24:04 [debug] : Calling activation function on plugin amd.vitis-hls-verilog-vhdl-support 
2026-05-22 10:24:04 [debug] : Calling activation function on plugin amd.vitis-hls-l1-library 
2026-05-22 10:24:04 [debug] : Clang Language Server is now active! 
2026-05-22 10:24:04 [debug] : Calling activation function on plugin clangd 
2026-05-22 10:24:04 [debug] : Calling activation function on plugin amd.vitis-hls-pragma 
2026-05-22 10:24:33 [debug] : MonacoEditorModel.fireDidChangeContent - enter - {
  "changes": [
    {
      "range": {
        "startLineNumber": 1,
        "startColumn": 1,
        "endLineNumber": 1,
        "endColumn": 1
      },
      "rangeLength": 0,
      "text": "#include <stdio.h>\n#include <xil_printf.h>\n\n#include \"xparameters.h\"\n#include \"xgpio.h\"\n#include \"xtmrctr.h\"\n#include \"xscugic.h\"\n#include \"xil_exception.h\"\n\n/* Base Address - theo xparameters.h của Vitis 2025.1 */\n#define BTN_BASEADDR      XPAR_AXI_GPIO_0_BASEADDR\n#define LED_BASEADDR      XPAR_AXI_GPIO_1_BASEADDR\n#define TIMER_BASEADDR    XPAR_AXI_TIMER_0_BASEADDR\n#define INTC_BASEADDR     XPAR_XSCUGIC_0_BASEADDR\n\n/* Interrupt ID - theo xparameters.h */\n#define BTN_INT_ID        XPAR_FABRIC_AXI_GPIO_0_INTR\n#define TIMER_INT_ID      XPAR_FABRIC_AXI_TIMER_0_INTR\n\n/* Channel */\n#define BTN_CHANNEL       1\n#define LED_CHANNEL       1\n#define TIMER_COUNTER     0\n\n/* Timer load value: số càng gần 0xFFFFFFFF thì timer ngắt càng nhanh */\n#define TIMER_LOAD_VALUE  0xF0000000\n\nXGpio BtnGpio;\nXGpio LedGpio;\nXTmrCtr Timer;\nXScuGic Intc;\n\nvolatile u32 counter = 0;\n\n/* Ngắt từ button */\nvoid BTN_Intr_Handler(void *InstancePtr)\n{\n    u32 btn_value;\n\n    XGpio_InterruptDisable(&BtnGpio, 1);\n\n    btn_value = XGpio_DiscreteRead(&BtnGpio, BTN_CHANNEL);\n\n    if (btn_value != 0) {\n        counter += btn_value;\n    } else {\n        counter++;\n    }\n\n    XGpio_DiscreteWrite(&LedGpio, LED_CHANNEL, counter & 0xF);\n\n    XGpio_InterruptClear(&BtnGpio, 1);\n    XGpio_InterruptEnable(&BtnGpio, 1);\n}\n\n/* Ngắt từ AXI Timer */\nvoid TMR_Intr_Handler(void *CallBackRef, u8 TmrCtrNumber)\n{\n    counter++;\n\n    XGpio_DiscreteWrite(&LedGpio, LED_CHANNEL, counter & 0xF);\n}\n\n/* Cấu hình hệ thống ngắt */\nint SetupInterruptSystem(void)\n{\n    int Status;\n    XScuGic_Config *IntcConfig;\n\n    IntcConfig = XScuGic_LookupConfig(INTC_BASEADDR);\n    if (IntcConfig == NULL) {\n        return XST_FAILURE;\n    }\n\n    Status = XScuGic_CfgInitialize(&Intc,\n                                   IntcConfig,\n                                   IntcConfig->CpuBaseAddress);\n    if (Status != XST_SUCCESS) {\n        return XST_FAILURE;\n    }\n\n    Status = XScuGic_Connect(&Intc,\n                             BTN_INT_ID,\n                             (Xil_ExceptionHandler)BTN_Intr_Handler,\n                             &BtnGpio);\n    if (Status != XST_SUCCESS) {\n        return XST_FAILURE;\n    }\n\n    Status = XScuGic_Connect(&Intc,\n                             TIMER_INT_ID,\n                             (Xil_ExceptionHandler)XTmrCtr_InterruptHandler,\n                             &Timer);\n    if (Status != XST_SUCCESS) {\n        return XST_FAILURE;\n    }\n\n    XScuGic_Enable(&Intc, BTN_INT_ID);\n    XScuGic_Enable(&Intc, TIMER_INT_ID);\n\n    Xil_ExceptionInit();\n\n    Xil_ExceptionRegisterHandler(XIL_EXCEPTION_ID_INT,\n                                 (Xil_ExceptionHandler)XScuGic_InterruptHandler,\n                                 &Intc);\n\n    Xil_ExceptionEnable();\n\n    XGpio_InterruptEnable(&BtnGpio, 1);\n    XGpio_InterruptGlobalEnable(&BtnGpio);\n\n    return XST_SUCCESS;\n}\n\nint main(void)\n{\n    int Status;\n\n\n    xil_printf(\"Start AXI GPIO + AXI Timer Interrupt\\r\\n\");",
      "rangeOffset": 0,
      "forceMoveMarkers": false
    }
  ],
  "eol": "\n",
  "isEolChange": false,
  "versionId": 2,
  "isUndoing": false,
  "isRedoing": false,
  "isFlush": false
} {"0":"file:///home/nhanenten/Desktop/HW_SW/Lab2/timer_interrupt/src/main.c"}
2026-05-22 10:24:33 [debug] : MonacoEditorModel.markAsDirty - enter {"0":"file:///home/nhanenten/Desktop/HW_SW/Lab2/timer_interrupt/src/main.c"}
2026-05-22 10:24:33 [debug] : MonacoEditorModel.cancelSync {"0":"file:///home/nhanenten/Desktop/HW_SW/Lab2/timer_interrupt/src/main.c"}
2026-05-22 10:24:33 [debug] : MonacoEditorModel.markAsDirty - exit {"0":"file:///home/nhanenten/Desktop/HW_SW/Lab2/timer_interrupt/src/main.c"}
2026-05-22 10:24:33 [debug] : MonacoEditorModel.fireDidChangeContent - exit {"0":"file:///home/nhanenten/Desktop/HW_SW/Lab2/timer_interrupt/src/main.c"}
2026-05-22 10:24:33 [debug] : start navigation 1 
2026-05-22 10:24:33 [debug] : end navigation 0 
2026-05-22 10:24:33 [debug] : ending navigation with location {"uri":"file:///home/nhanenten/Desktop/HW_SW/Lab2/timer_interrupt/src/main.c","type":2,"context":{"range":{"start":{"line":0,"character":0},"end":{"line":0,"character":0}},"rangeLength":0,"text":"#include <stdio.h>\n#include <xil_printf.h>\n\n#include \"xparameters.h\"\n#include \"xgpio.h\"\n#include \"xtmrctr.h\"\n#include \"xscugic.h\"\n#include \"xil_exception.h\"\n\n/* Base Address - theo xparameters.h của Vitis 2025.1 */\n#define BTN_BASEADDR      XPAR_AXI_GPIO_0_BASEADDR\n#define LED_BASEADDR      XPAR_AXI_GPIO_1_BASEADDR\n#define TIMER_BASEADDR    XPAR_AXI_TIMER_0_BASEADDR\n#define INTC_BASEADDR     XPAR_XSCUGIC_0_BASEADDR\n\n/* Interrupt ID - theo xparameters.h */\n#define BTN_INT_ID        XPAR_FABRIC_AXI_GPIO_0_INTR\n#define TIMER_INT_ID      XPAR_FABRIC_AXI_TIMER_0_INTR\n\n/* Channel */\n#define BTN_CHANNEL       1\n#define LED_CHANNEL       1\n#define TIMER_COUNTER     0\n\n/* Timer load value: số càng gần 0xFFFFFFFF thì timer ngắt càng nhanh */\n#define TIMER_LOAD_VALUE  0xF0000000\n\nXGpio BtnGpio;\nXGpio LedGpio;\nXTmrCtr Timer;\nXScuGic Intc;\n\nvolatile u32 counter = 0;\n\n/* Ngắt từ button */\nvoid BTN_Intr_Handler(void *InstancePtr)\n{\n    u32 btn_value;\n\n    XGpio_InterruptDisable(&BtnGpio, 1);\n\n    btn_value = XGpio_DiscreteRead(&BtnGpio, BTN_CHANNEL);\n\n    if (btn_value != 0) {\n        counter += btn_value;\n    } else {\n        counter++;\n    }\n\n    XGpio_DiscreteWrite(&LedGpio, LED_CHANNEL, counter & 0xF);\n\n    XGpio_InterruptClear(&BtnGpio, 1);\n    XGpio_InterruptEnable(&BtnGpio, 1);\n}\n\n/* Ngắt từ AXI Timer */\nvoid TMR_Intr_Handler(void *CallBackRef, u8 TmrCtrNumber)\n{\n    counter++;\n\n    XGpio_DiscreteWrite(&LedGpio, LED_CHANNEL, counter & 0xF);\n}\n\n/* Cấu hình hệ thống ngắt */\nint SetupInterruptSystem(void)\n{\n    int Status;\n    XScuGic_Config *IntcConfig;\n\n    IntcConfig = XScuGic_LookupConfig(INTC_BASEADDR);\n    if (IntcConfig == NULL) {\n        return XST_FAILURE;\n    }\n\n    Status = XScuGic_CfgInitialize(&Intc,\n                                   IntcConfig,\n                                   IntcConfig->CpuBaseAddress);\n    if (Status != XST_SUCCESS) {\n        return XST_FAILURE;\n    }\n\n    Status = XScuGic_Connect(&Intc,\n                             BTN_INT_ID,\n                             (Xil_ExceptionHandler)BTN_Intr_Handler,\n                             &BtnGpio);\n    if (Status != XST_SUCCESS) {\n        return XST_FAILURE;\n    }\n\n    Status = XScuGic_Connect(&Intc,\n                             TIMER_INT_ID,\n                             (Xil_ExceptionHandler)XTmrCtr_InterruptHandler,\n                             &Timer);\n    if (Status != XST_SUCCESS) {\n        return XST_FAILURE;\n    }\n\n    XScuGic_Enable(&Intc, BTN_INT_ID);\n    XScuGic_Enable(&Intc, TIMER_INT_ID);\n\n    Xil_ExceptionInit();\n\n    Xil_ExceptionRegisterHandler(XIL_EXCEPTION_ID_INT,\n                                 (Xil_ExceptionHandler)XScuGic_InterruptHandler,\n                                 &Intc);\n\n    Xil_ExceptionEnable();\n\n    XGpio_InterruptEnable(&BtnGpio, 1);\n    XGpio_InterruptGlobalEnable(&BtnGpio);\n\n    return XST_SUCCESS;\n}\n\nint main(void)\n{\n    int Status;\n\n\n    xil_printf(\"Start AXI GPIO + AXI Timer Interrupt\\r\\n\");"}} 
2026-05-22 10:24:33 [debug] : start navigation 1 
2026-05-22 10:24:33 [debug] : end navigation 0 
2026-05-22 10:24:33 [debug] : ending navigation with location {"uri":"file:///home/nhanenten/Desktop/HW_SW/Lab2/timer_interrupt/src/main.c","type":0,"context":{"line":119,"character":59}} 
2026-05-22 10:24:33 [debug] : TypeError: Cannot read properties of undefined (reading 'replace')
    at ee.onActiveLinesChanged (/home/nhanenten/2025.2/Vitis/ide/electron-app/lnx64/resources/app/plugins/eamodio-gitlens/extension/dist/gitlens.js:35:1404)
    at Te.<computed> (/home/nhanenten/2025.2/Vitis/ide/electron-app/lnx64/resources/app/plugins/eamodio-gitlens/extension/dist/gitlens.js:209:4816)
    at /home/nhanenten/2025.2/Vitis/ide/electron-app/lnx64/resources/app/lib/backend/69.js:2:126060
    at s.invoke (/home/nhanenten/2025.2/Vitis/ide/electron-app/lnx64/resources/app/lib/backend/69.js:2:126149)
    at a.fire (/home/nhanenten/2025.2/Vitis/ide/electron-app/lnx64/resources/app/lib/backend/69.js:2:127948)
    at Ji.fireLinesChanged (/home/nhanenten/2025.2/Vitis/ide/electron-app/lnx64/resources/app/plugins/eamodio-gitlens/extension/dist/gitlens.js:39:6138)
    at Ji.fireLinesChanged (/home/nhanenten/2025.2/Vitis/ide/electron-app/lnx64/resources/app/plugins/eamodio-gitlens/extension/dist/gitlens.js:39:8100)
    at Ji.onLinesChanged (/home/nhanenten/2025.2/Vitis/ide/electron-app/lnx64/resources/app/plugins/eamodio-gitlens/extension/dist/gitlens.js:39:6753)
    at Ji.trigger (/home/nhanenten/2025.2/Vitis/ide/electron-app/lnx64/resources/app/plugins/eamodio-gitlens/extension/dist/gitlens.js:39:6162)
    at Ji.onTextEditorSelectionChanged (/home/nhanenten/2025.2/Vitis/ide/electron-app/lnx64/resources/app/plugins/eamodio-gitlens/extension/dist/gitlens.js:39:4322)
    at /home/nhanenten/2025.2/Vitis/ide/electron-app/lnx64/resources/app/lib/backend/69.js:2:126060
    at s.invoke (/home/nhanenten/2025.2/Vitis/ide/electron-app/lnx64/resources/app/lib/backend/69.js:2:126149)
    at a.fire (/home/nhanenten/2025.2/Vitis/ide/electron-app/lnx64/resources/app/lib/backend/69.js:2:127948)
    at t.TextEditorsExtImpl.$acceptEditorPropertiesChanged (/home/nhanenten/2025.2/Vitis/ide/electron-app/lnx64/resources/app/lib/backend/36.js:1:215504)
    at t.RPCProtocolImpl.handleRequest (/home/nhanenten/2025.2/Vitis/ide/electron-app/lnx64/resources/app/lib/backend/366.js:1:153425)
    at c.requestHandler (/home/nhanenten/2025.2/Vitis/ide/electron-app/lnx64/resources/app/lib/backend/366.js:1:153001) 
2026-05-22 10:24:34 [debug] : MonacoEditorModel.cancelSave {"0":"file:///home/nhanenten/Desktop/HW_SW/Lab2/timer_interrupt/src/main.c"}
2026-05-22 10:24:34 [debug] : MonacoEditorModel.fireDidChangeContent - enter - {
  "changes": [
    {
      "range": {
        "startLineNumber": 120,
        "startColumn": 60,
        "endLineNumber": 120,
        "endColumn": 60
      },
      "rangeLength": 0,
      "text": "\n    ",
      "rangeOffset": 2945,
      "forceMoveMarkers": false
    }
  ],
  "eol": "\n",
  "isEolChange": false,
  "versionId": 3,
  "isUndoing": false,
  "isRedoing": false,
  "isFlush": false
} {"0":"file:///home/nhanenten/Desktop/HW_SW/Lab2/timer_interrupt/src/main.c"}
2026-05-22 10:24:34 [debug] : MonacoEditorModel.markAsDirty - enter {"0":"file:///home/nhanenten/Desktop/HW_SW/Lab2/timer_interrupt/src/main.c"}
2026-05-22 10:24:34 [debug] : MonacoEditorModel.cancelSync {"0":"file:///home/nhanenten/Desktop/HW_SW/Lab2/timer_interrupt/src/main.c"}
2026-05-22 10:24:34 [debug] : MonacoEditorModel.markAsDirty - exit {"0":"file:///home/nhanenten/Desktop/HW_SW/Lab2/timer_interrupt/src/main.c"}
2026-05-22 10:24:34 [debug] : MonacoEditorModel.fireDidChangeContent - exit {"0":"file:///home/nhanenten/Desktop/HW_SW/Lab2/timer_interrupt/src/main.c"}
2026-05-22 10:24:34 [debug] : start navigation 1 
2026-05-22 10:24:34 [debug] : end navigation 0 
2026-05-22 10:24:34 [debug] : ending navigation with location {"uri":"file:///home/nhanenten/Desktop/HW_SW/Lab2/timer_interrupt/src/main.c","type":2,"context":{"range":{"start":{"line":119,"character":59},"end":{"line":119,"character":59}},"rangeLength":0,"text":"\n    "}} 
2026-05-22 10:24:34 [debug] : start navigation 1 
2026-05-22 10:24:34 [debug] : end navigation 0 
2026-05-22 10:24:34 [debug] : ending navigation with location {"uri":"file:///home/nhanenten/Desktop/HW_SW/Lab2/timer_interrupt/src/main.c","type":0,"context":{"line":120,"character":4}} 
2026-05-22 10:24:34 [debug] : TypeError: Cannot read properties of undefined (reading 'replace')
    at ee.onActiveLinesChanged (/home/nhanenten/2025.2/Vitis/ide/electron-app/lnx64/resources/app/plugins/eamodio-gitlens/extension/dist/gitlens.js:35:1404)
    at Te.<computed> (/home/nhanenten/2025.2/Vitis/ide/electron-app/lnx64/resources/app/plugins/eamodio-gitlens/extension/dist/gitlens.js:209:4816)
    at /home/nhanenten/2025.2/Vitis/ide/electron-app/lnx64/resources/app/lib/backend/69.js:2:126060
    at s.invoke (/home/nhanenten/2025.2/Vitis/ide/electron-app/lnx64/resources/app/lib/backend/69.js:2:126149)
    at a.fire (/home/nhanenten/2025.2/Vitis/ide/electron-app/lnx64/resources/app/lib/backend/69.js:2:127948)
    at Ji.fireLinesChanged (/home/nhanenten/2025.2/Vitis/ide/electron-app/lnx64/resources/app/plugins/eamodio-gitlens/extension/dist/gitlens.js:39:6138)
    at Ji.fireLinesChanged (/home/nhanenten/2025.2/Vitis/ide/electron-app/lnx64/resources/app/plugins/eamodio-gitlens/extension/dist/gitlens.js:39:8100)
    at Ji.onLinesChanged (/home/nhanenten/2025.2/Vitis/ide/electron-app/lnx64/resources/app/plugins/eamodio-gitlens/extension/dist/gitlens.js:39:6753)
    at Ji.trigger (/home/nhanenten/2025.2/Vitis/ide/electron-app/lnx64/resources/app/plugins/eamodio-gitlens/extension/dist/gitlens.js:39:6162)
    at Ji.onTextEditorSelectionChanged (/home/nhanenten/2025.2/Vitis/ide/electron-app/lnx64/resources/app/plugins/eamodio-gitlens/extension/dist/gitlens.js:39:4322)
    at /home/nhanenten/2025.2/Vitis/ide/electron-app/lnx64/resources/app/lib/backend/69.js:2:126060
    at s.invoke (/home/nhanenten/2025.2/Vitis/ide/electron-app/lnx64/resources/app/lib/backend/69.js:2:126149)
    at a.fire (/home/nhanenten/2025.2/Vitis/ide/electron-app/lnx64/resources/app/lib/backend/69.js:2:127948)
    at t.TextEditorsExtImpl.$acceptEditorPropertiesChanged (/home/nhanenten/2025.2/Vitis/ide/electron-app/lnx64/resources/app/lib/backend/36.js:1:215504)
    at t.RPCProtocolImpl.handleRequest (/home/nhanenten/2025.2/Vitis/ide/electron-app/lnx64/resources/app/lib/backend/366.js:1:153425)
    at c.requestHandler (/home/nhanenten/2025.2/Vitis/ide/electron-app/lnx64/resources/app/lib/backend/366.js:1:153001) 
2026-05-22 10:24:35 [debug] : MonacoEditorModel.cancelSave {"0":"file:///home/nhanenten/Desktop/HW_SW/Lab2/timer_interrupt/src/main.c"}
2026-05-22 10:24:41 [debug] : MonacoEditorModel.fireDidChangeContent - enter - {
  "changes": [
    {
      "range": {
        "startLineNumber": 121,
        "startColumn": 5,
        "endLineNumber": 121,
        "endColumn": 5
      },
      "rangeLength": 0,
      "text": "Status = XGpio_Initialize(&BtnGpio, BTN_BASEADDR);\n    if (Status != XST_SUCCESS) {\n        xil_printf(\"Button GPIO init failed\\r\\n\");\n        return XST_FAILURE;\n    }\n\n    Status = XGpio_Initialize(&LedGpio, LED_BASEADDR);\n    if (Status != XST_SUCCESS) {\n        xil_printf(\"LED GPIO init failed\\r\\n\");\n        return XST_FAILURE;\n    }\n\n    XGpio_SetDataDirection(&BtnGpio, BTN_CHANNEL, 0xF);\n    XGpio_SetDataDirection(&LedGpio, LED_CHANNEL, 0x0);\n\n    XGpio_DiscreteWrite(&LedGpio, LED_CHANNEL, 0x0);\n\n    Status = XTmrCtr_Initialize(&Timer, TIMER_BASEADDR);\n    if (Status != XST_SUCCESS) {\n        xil_printf(\"Timer init failed\\r\\n\");\n        return XST_FAILURE;\n    }\n\n    XTmrCtr_SetHandler(&Timer, TMR_Intr_Handler, &Timer);\n\n    XTmrCtr_SetResetValue(&Timer,\n                          TIMER_COUNTER,\n                          TIMER_LOAD_VALUE);\n\n    XTmrCtr_SetOptions(&Timer,\n                       TIMER_COUNTER,\n                       XTC_INT_MODE_OPTION |\n                       XTC_AUTO_RELOAD_OPTION);\n\n    Status = SetupInterruptSystem();\n    if (Status != XST_SUCCESS) {\n        xil_printf(\"Interrupt setup failed\\r\\n\");\n        return XST_FAILURE;\n    }\n\n    XTmrCtr_Start(&Timer, TIMER_COUNTER);\n\n    xil_printf(\"System running...\\r\\n\");\n\n    while (1) {\n    }\n\n   \n\n    return 0;\n}",
      "rangeOffset": 2950,
      "forceMoveMarkers": false
    }
  ],
  "eol": "\n",
  "isEolChange": false,
  "versionId": 4,
  "isUndoing": false,
  "isRedoing": false,
  "isFlush": false
} {"0":"file:///home/nhanenten/Desktop/HW_SW/Lab2/timer_interrupt/src/main.c"}
2026-05-22 10:24:41 [debug] : MonacoEditorModel.markAsDirty - enter {"0":"file:///home/nhanenten/Desktop/HW_SW/Lab2/timer_interrupt/src/main.c"}
2026-05-22 10:24:41 [debug] : MonacoEditorModel.cancelSync {"0":"file:///home/nhanenten/Desktop/HW_SW/Lab2/timer_interrupt/src/main.c"}
2026-05-22 10:24:41 [debug] : MonacoEditorModel.markAsDirty - exit {"0":"file:///home/nhanenten/Desktop/HW_SW/Lab2/timer_interrupt/src/main.c"}
2026-05-22 10:24:41 [debug] : MonacoEditorModel.fireDidChangeContent - exit {"0":"file:///home/nhanenten/Desktop/HW_SW/Lab2/timer_interrupt/src/main.c"}
2026-05-22 10:24:41 [debug] : start navigation 1 
2026-05-22 10:24:41 [debug] : end navigation 0 
2026-05-22 10:24:41 [debug] : ending navigation with location {"uri":"file:///home/nhanenten/Desktop/HW_SW/Lab2/timer_interrupt/src/main.c","type":2,"context":{"range":{"start":{"line":120,"character":4},"end":{"line":120,"character":4}},"rangeLength":0,"text":"Status = XGpio_Initialize(&BtnGpio, BTN_BASEADDR);\n    if (Status != XST_SUCCESS) {\n        xil_printf(\"Button GPIO init failed\\r\\n\");\n        return XST_FAILURE;\n    }\n\n    Status = XGpio_Initialize(&LedGpio, LED_BASEADDR);\n    if (Status != XST_SUCCESS) {\n        xil_printf(\"LED GPIO init failed\\r\\n\");\n        return XST_FAILURE;\n    }\n\n    XGpio_SetDataDirection(&BtnGpio, BTN_CHANNEL, 0xF);\n    XGpio_SetDataDirection(&LedGpio, LED_CHANNEL, 0x0);\n\n    XGpio_DiscreteWrite(&LedGpio, LED_CHANNEL, 0x0);\n\n    Status = XTmrCtr_Initialize(&Timer, TIMER_BASEADDR);\n    if (Status != XST_SUCCESS) {\n        xil_printf(\"Timer init failed\\r\\n\");\n        return XST_FAILURE;\n    }\n\n    XTmrCtr_SetHandler(&Timer, TMR_Intr_Handler, &Timer);\n\n    XTmrCtr_SetResetValue(&Timer,\n                          TIMER_COUNTER,\n                          TIMER_LOAD_VALUE);\n\n    XTmrCtr_SetOptions(&Timer,\n                       TIMER_COUNTER,\n                       XTC_INT_MODE_OPTION |\n                       XTC_AUTO_RELOAD_OPTION);\n\n    Status = SetupInterruptSystem();\n    if (Status != XST_SUCCESS) {\n        xil_printf(\"Interrupt setup failed\\r\\n\");\n        return XST_FAILURE;\n    }\n\n    XTmrCtr_Start(&Timer, TIMER_COUNTER);\n\n    xil_printf(\"System running...\\r\\n\");\n\n    while (1) {\n    }\n\n   \n\n    return 0;\n}"}} 
2026-05-22 10:24:41 [debug] : start navigation 1 
2026-05-22 10:24:41 [debug] : end navigation 0 
2026-05-22 10:24:41 [debug] : ending navigation with location {"uri":"file:///home/nhanenten/Desktop/HW_SW/Lab2/timer_interrupt/src/main.c","type":0,"context":{"line":170,"character":1}} 
2026-05-22 10:24:41 [debug] : TypeError: Cannot read properties of undefined (reading 'replace')
    at ee.onActiveLinesChanged (/home/nhanenten/2025.2/Vitis/ide/electron-app/lnx64/resources/app/plugins/eamodio-gitlens/extension/dist/gitlens.js:35:1404)
    at Te.<computed> (/home/nhanenten/2025.2/Vitis/ide/electron-app/lnx64/resources/app/plugins/eamodio-gitlens/extension/dist/gitlens.js:209:4816)
    at /home/nhanenten/2025.2/Vitis/ide/electron-app/lnx64/resources/app/lib/backend/69.js:2:126060
    at s.invoke (/home/nhanenten/2025.2/Vitis/ide/electron-app/lnx64/resources/app/lib/backend/69.js:2:126149)
    at a.fire (/home/nhanenten/2025.2/Vitis/ide/electron-app/lnx64/resources/app/lib/backend/69.js:2:127948)
    at Ji.fireLinesChanged (/home/nhanenten/2025.2/Vitis/ide/electron-app/lnx64/resources/app/plugins/eamodio-gitlens/extension/dist/gitlens.js:39:6138)
    at Ji.fireLinesChanged (/home/nhanenten/2025.2/Vitis/ide/electron-app/lnx64/resources/app/plugins/eamodio-gitlens/extension/dist/gitlens.js:39:8100)
    at Ji.onLinesChanged (/home/nhanenten/2025.2/Vitis/ide/electron-app/lnx64/resources/app/plugins/eamodio-gitlens/extension/dist/gitlens.js:39:6753)
    at Ji.trigger (/home/nhanenten/2025.2/Vitis/ide/electron-app/lnx64/resources/app/plugins/eamodio-gitlens/extension/dist/gitlens.js:39:6162)
    at Ji.onTextEditorSelectionChanged (/home/nhanenten/2025.2/Vitis/ide/electron-app/lnx64/resources/app/plugins/eamodio-gitlens/extension/dist/gitlens.js:39:4322)
    at /home/nhanenten/2025.2/Vitis/ide/electron-app/lnx64/resources/app/lib/backend/69.js:2:126060
    at s.invoke (/home/nhanenten/2025.2/Vitis/ide/electron-app/lnx64/resources/app/lib/backend/69.js:2:126149)
    at a.fire (/home/nhanenten/2025.2/Vitis/ide/electron-app/lnx64/resources/app/lib/backend/69.js:2:127948)
    at t.TextEditorsExtImpl.$acceptEditorPropertiesChanged (/home/nhanenten/2025.2/Vitis/ide/electron-app/lnx64/resources/app/lib/backend/36.js:1:215504)
    at t.RPCProtocolImpl.handleRequest (/home/nhanenten/2025.2/Vitis/ide/electron-app/lnx64/resources/app/lib/backend/366.js:1:153425)
    at c.requestHandler (/home/nhanenten/2025.2/Vitis/ide/electron-app/lnx64/resources/app/lib/backend/366.js:1:153001) 
2026-05-22 10:24:42 [debug] : MonacoEditorModel.cancelSave {"0":"file:///home/nhanenten/Desktop/HW_SW/Lab2/timer_interrupt/src/main.c"}
2026-05-22 10:24:45 [debug] : MonacoEditorModel.cancelSave {"0":"file:///home/nhanenten/Desktop/HW_SW/Lab2/timer_interrupt/src/main.c"}
2026-05-22 10:24:48 [debug] : start navigation 1 
2026-05-22 10:24:48 [debug] : start navigation 2 
2026-05-22 10:24:48 [debug] : end navigation 1 
2026-05-22 10:24:48 [debug] : end navigation 0 
2026-05-22 10:24:48 [debug] : ending navigation with location {"uri":"file:///home/nhanenten/Desktop/HW_SW/Lab2/timer_interrupt/src/main.c","type":0,"context":{"line":0,"character":0}} 
2026-05-22 10:24:48 [debug] : TypeError: Cannot read properties of undefined (reading 'replace')
    at ee.onActiveLinesChanged (/home/nhanenten/2025.2/Vitis/ide/electron-app/lnx64/resources/app/plugins/eamodio-gitlens/extension/dist/gitlens.js:35:1404)
    at Te.<computed> (/home/nhanenten/2025.2/Vitis/ide/electron-app/lnx64/resources/app/plugins/eamodio-gitlens/extension/dist/gitlens.js:209:4816)
    at /home/nhanenten/2025.2/Vitis/ide/electron-app/lnx64/resources/app/lib/backend/69.js:2:126060
    at s.invoke (/home/nhanenten/2025.2/Vitis/ide/electron-app/lnx64/resources/app/lib/backend/69.js:2:126149)
    at a.fire (/home/nhanenten/2025.2/Vitis/ide/electron-app/lnx64/resources/app/lib/backend/69.js:2:127948)
    at Ji.fireLinesChanged (/home/nhanenten/2025.2/Vitis/ide/electron-app/lnx64/resources/app/plugins/eamodio-gitlens/extension/dist/gitlens.js:39:6138)
    at Ji.fireLinesChanged (/home/nhanenten/2025.2/Vitis/ide/electron-app/lnx64/resources/app/plugins/eamodio-gitlens/extension/dist/gitlens.js:39:8100)
    at Ji.onLinesChanged (/home/nhanenten/2025.2/Vitis/ide/electron-app/lnx64/resources/app/plugins/eamodio-gitlens/extension/dist/gitlens.js:39:6753)
    at Ji.trigger (/home/nhanenten/2025.2/Vitis/ide/electron-app/lnx64/resources/app/plugins/eamodio-gitlens/extension/dist/gitlens.js:39:6162)
    at Ji.onTextEditorSelectionChanged (/home/nhanenten/2025.2/Vitis/ide/electron-app/lnx64/resources/app/plugins/eamodio-gitlens/extension/dist/gitlens.js:39:4322)
    at /home/nhanenten/2025.2/Vitis/ide/electron-app/lnx64/resources/app/lib/backend/69.js:2:126060
    at s.invoke (/home/nhanenten/2025.2/Vitis/ide/electron-app/lnx64/resources/app/lib/backend/69.js:2:126149)
    at a.fire (/home/nhanenten/2025.2/Vitis/ide/electron-app/lnx64/resources/app/lib/backend/69.js:2:127948)
    at t.TextEditorsExtImpl.$acceptEditorPropertiesChanged (/home/nhanenten/2025.2/Vitis/ide/electron-app/lnx64/resources/app/lib/backend/36.js:1:215504)
    at t.RPCProtocolImpl.handleRequest (/home/nhanenten/2025.2/Vitis/ide/electron-app/lnx64/resources/app/lib/backend/366.js:1:153425)
    at c.requestHandler (/home/nhanenten/2025.2/Vitis/ide/electron-app/lnx64/resources/app/lib/backend/366.js:1:153001) 
2026-05-22 10:24:50 [debug] : start navigation 1 
2026-05-22 10:24:50 [debug] : end navigation 0 
2026-05-22 10:24:50 [debug] : ending navigation with location {"uri":"file:///home/nhanenten/Desktop/HW_SW/Lab2/timer_interrupt/src/main.c","type":0,"context":{"line":1,"character":10}} 
2026-05-22 10:24:50 [debug] : TypeError: Cannot read properties of undefined (reading 'replace')
    at ee.onActiveLinesChanged (/home/nhanenten/2025.2/Vitis/ide/electron-app/lnx64/resources/app/plugins/eamodio-gitlens/extension/dist/gitlens.js:35:1404)
    at Te.<computed> (/home/nhanenten/2025.2/Vitis/ide/electron-app/lnx64/resources/app/plugins/eamodio-gitlens/extension/dist/gitlens.js:209:4816)
    at /home/nhanenten/2025.2/Vitis/ide/electron-app/lnx64/resources/app/lib/backend/69.js:2:126060
    at s.invoke (/home/nhanenten/2025.2/Vitis/ide/electron-app/lnx64/resources/app/lib/backend/69.js:2:126149)
    at a.fire (/home/nhanenten/2025.2/Vitis/ide/electron-app/lnx64/resources/app/lib/backend/69.js:2:127948)
    at Ji.fireLinesChanged (/home/nhanenten/2025.2/Vitis/ide/electron-app/lnx64/resources/app/plugins/eamodio-gitlens/extension/dist/gitlens.js:39:6138)
    at Ji.fireLinesChanged (/home/nhanenten/2025.2/Vitis/ide/electron-app/lnx64/resources/app/plugins/eamodio-gitlens/extension/dist/gitlens.js:39:8100)
    at Ji.onLinesChanged (/home/nhanenten/2025.2/Vitis/ide/electron-app/lnx64/resources/app/plugins/eamodio-gitlens/extension/dist/gitlens.js:39:6753)
    at Ji.trigger (/home/nhanenten/2025.2/Vitis/ide/electron-app/lnx64/resources/app/plugins/eamodio-gitlens/extension/dist/gitlens.js:39:6162)
    at Ji.onTextEditorSelectionChanged (/home/nhanenten/2025.2/Vitis/ide/electron-app/lnx64/resources/app/plugins/eamodio-gitlens/extension/dist/gitlens.js:39:4322)
    at /home/nhanenten/2025.2/Vitis/ide/electron-app/lnx64/resources/app/lib/backend/69.js:2:126060
    at s.invoke (/home/nhanenten/2025.2/Vitis/ide/electron-app/lnx64/resources/app/lib/backend/69.js:2:126149)
    at a.fire (/home/nhanenten/2025.2/Vitis/ide/electron-app/lnx64/resources/app/lib/backend/69.js:2:127948)
    at t.TextEditorsExtImpl.$acceptEditorPropertiesChanged (/home/nhanenten/2025.2/Vitis/ide/electron-app/lnx64/resources/app/lib/backend/36.js:1:215504)
    at t.RPCProtocolImpl.handleRequest (/home/nhanenten/2025.2/Vitis/ide/electron-app/lnx64/resources/app/lib/backend/366.js:1:153425)
    at c.requestHandler (/home/nhanenten/2025.2/Vitis/ide/electron-app/lnx64/resources/app/lib/backend/366.js:1:153001) 
2026-05-22 10:24:51 [debug] : start navigation 1 
2026-05-22 10:24:51 [debug] : end navigation 0 
2026-05-22 10:24:51 [debug] : ending navigation with location {"uri":"file:///home/nhanenten/Desktop/HW_SW/Lab2/timer_interrupt/src/main.c","type":0,"context":{"line":1,"character":2}} 
2026-05-22 10:24:52 [debug] : start navigation 1 
2026-05-22 10:24:52 [debug] : end navigation 0 
2026-05-22 10:24:52 [debug] : ending navigation with location {"uri":"file:///home/nhanenten/Desktop/HW_SW/Lab2/timer_interrupt/src/main.c","type":0,"context":{"line":0,"character":0}} 
2026-05-22 10:24:52 [debug] : TypeError: Cannot read properties of undefined (reading 'replace')
    at ee.onActiveLinesChanged (/home/nhanenten/2025.2/Vitis/ide/electron-app/lnx64/resources/app/plugins/eamodio-gitlens/extension/dist/gitlens.js:35:1404)
    at Te.<computed> (/home/nhanenten/2025.2/Vitis/ide/electron-app/lnx64/resources/app/plugins/eamodio-gitlens/extension/dist/gitlens.js:209:4816)
    at /home/nhanenten/2025.2/Vitis/ide/electron-app/lnx64/resources/app/lib/backend/69.js:2:126060
    at s.invoke (/home/nhanenten/2025.2/Vitis/ide/electron-app/lnx64/resources/app/lib/backend/69.js:2:126149)
    at a.fire (/home/nhanenten/2025.2/Vitis/ide/electron-app/lnx64/resources/app/lib/backend/69.js:2:127948)
    at Ji.fireLinesChanged (/home/nhanenten/2025.2/Vitis/ide/electron-app/lnx64/resources/app/plugins/eamodio-gitlens/extension/dist/gitlens.js:39:6138)
    at Ji.fireLinesChanged (/home/nhanenten/2025.2/Vitis/ide/electron-app/lnx64/resources/app/plugins/eamodio-gitlens/extension/dist/gitlens.js:39:8100)
    at Ji.onLinesChanged (/home/nhanenten/2025.2/Vitis/ide/electron-app/lnx64/resources/app/plugins/eamodio-gitlens/extension/dist/gitlens.js:39:6753)
    at Ji.trigger (/home/nhanenten/2025.2/Vitis/ide/electron-app/lnx64/resources/app/plugins/eamodio-gitlens/extension/dist/gitlens.js:39:6162)
    at Ji.onTextEditorSelectionChanged (/home/nhanenten/2025.2/Vitis/ide/electron-app/lnx64/resources/app/plugins/eamodio-gitlens/extension/dist/gitlens.js:39:4322)
    at /home/nhanenten/2025.2/Vitis/ide/electron-app/lnx64/resources/app/lib/backend/69.js:2:126060
    at s.invoke (/home/nhanenten/2025.2/Vitis/ide/electron-app/lnx64/resources/app/lib/backend/69.js:2:126149)
    at a.fire (/home/nhanenten/2025.2/Vitis/ide/electron-app/lnx64/resources/app/lib/backend/69.js:2:127948)
    at t.TextEditorsExtImpl.$acceptEditorPropertiesChanged (/home/nhanenten/2025.2/Vitis/ide/electron-app/lnx64/resources/app/lib/backend/36.js:1:215504)
    at t.RPCProtocolImpl.handleRequest (/home/nhanenten/2025.2/Vitis/ide/electron-app/lnx64/resources/app/lib/backend/366.js:1:153425)
    at c.requestHandler (/home/nhanenten/2025.2/Vitis/ide/electron-app/lnx64/resources/app/lib/backend/366.js:1:153001) 
2026-05-22 10:24:55 [debug] : start navigation 1 
2026-05-22 10:24:55 [debug] : start navigation 2 
2026-05-22 10:24:55 [debug] : end navigation 1 
2026-05-22 10:24:55 [debug] : start navigation 2 
2026-05-22 10:24:55 [debug] : end navigation 1 
2026-05-22 10:24:55 [debug] : end navigation 0 
2026-05-22 10:24:55 [debug] : ending navigation with location {"uri":"file:///home/nhanenten/Desktop/HW_SW/Lab2/timer_interrupt/src/main.c","type":1,"context":{"start":{"line":1,"character":9},"end":{"line":1,"character":23}}} 
2026-05-22 10:24:55 [debug] : TypeError: Cannot read properties of undefined (reading 'replace')
    at ee.onActiveLinesChanged (/home/nhanenten/2025.2/Vitis/ide/electron-app/lnx64/resources/app/plugins/eamodio-gitlens/extension/dist/gitlens.js:35:1404)
    at Te.<computed> (/home/nhanenten/2025.2/Vitis/ide/electron-app/lnx64/resources/app/plugins/eamodio-gitlens/extension/dist/gitlens.js:209:4816)
    at /home/nhanenten/2025.2/Vitis/ide/electron-app/lnx64/resources/app/lib/backend/69.js:2:126060
    at s.invoke (/home/nhanenten/2025.2/Vitis/ide/electron-app/lnx64/resources/app/lib/backend/69.js:2:126149)
    at a.fire (/home/nhanenten/2025.2/Vitis/ide/electron-app/lnx64/resources/app/lib/backend/69.js:2:127948)
    at Ji.fireLinesChanged (/home/nhanenten/2025.2/Vitis/ide/electron-app/lnx64/resources/app/plugins/eamodio-gitlens/extension/dist/gitlens.js:39:6138)
    at Ji.fireLinesChanged (/home/nhanenten/2025.2/Vitis/ide/electron-app/lnx64/resources/app/plugins/eamodio-gitlens/extension/dist/gitlens.js:39:8100)
    at Ji.onLinesChanged (/home/nhanenten/2025.2/Vitis/ide/electron-app/lnx64/resources/app/plugins/eamodio-gitlens/extension/dist/gitlens.js:39:6753)
    at Ji.trigger (/home/nhanenten/2025.2/Vitis/ide/electron-app/lnx64/resources/app/plugins/eamodio-gitlens/extension/dist/gitlens.js:39:6162)
    at Ji.onTextEditorSelectionChanged (/home/nhanenten/2025.2/Vitis/ide/electron-app/lnx64/resources/app/plugins/eamodio-gitlens/extension/dist/gitlens.js:39:4322)
    at /home/nhanenten/2025.2/Vitis/ide/electron-app/lnx64/resources/app/lib/backend/69.js:2:126060
    at s.invoke (/home/nhanenten/2025.2/Vitis/ide/electron-app/lnx64/resources/app/lib/backend/69.js:2:126149)
    at a.fire (/home/nhanenten/2025.2/Vitis/ide/electron-app/lnx64/resources/app/lib/backend/69.js:2:127948)
    at t.TextEditorsExtImpl.$acceptEditorPropertiesChanged (/home/nhanenten/2025.2/Vitis/ide/electron-app/lnx64/resources/app/lib/backend/36.js:1:215504)
    at t.RPCProtocolImpl.handleRequest (/home/nhanenten/2025.2/Vitis/ide/electron-app/lnx64/resources/app/lib/backend/366.js:1:153425)
    at c.requestHandler (/home/nhanenten/2025.2/Vitis/ide/electron-app/lnx64/resources/app/lib/backend/366.js:1:153001) 
2026-05-22 10:24:56 [debug] : start navigation 1 
2026-05-22 10:24:56 [debug] : start navigation 2 
2026-05-22 10:24:56 [debug] : end navigation 1 
2026-05-22 10:24:56 [debug] : end navigation 0 
2026-05-22 10:24:56 [debug] : ending navigation with location {"uri":"file:///home/nhanenten/Desktop/HW_SW/Lab2/timer_interrupt/src/main.c","type":0,"context":{"line":0,"character":0}} 
2026-05-22 10:24:56 [debug] : TypeError: Cannot read properties of undefined (reading 'replace')
    at ee.onActiveLinesChanged (/home/nhanenten/2025.2/Vitis/ide/electron-app/lnx64/resources/app/plugins/eamodio-gitlens/extension/dist/gitlens.js:35:1404)
    at Te.<computed> (/home/nhanenten/2025.2/Vitis/ide/electron-app/lnx64/resources/app/plugins/eamodio-gitlens/extension/dist/gitlens.js:209:4816)
    at /home/nhanenten/2025.2/Vitis/ide/electron-app/lnx64/resources/app/lib/backend/69.js:2:126060
    at s.invoke (/home/nhanenten/2025.2/Vitis/ide/electron-app/lnx64/resources/app/lib/backend/69.js:2:126149)
    at a.fire (/home/nhanenten/2025.2/Vitis/ide/electron-app/lnx64/resources/app/lib/backend/69.js:2:127948)
    at Ji.fireLinesChanged (/home/nhanenten/2025.2/Vitis/ide/electron-app/lnx64/resources/app/plugins/eamodio-gitlens/extension/dist/gitlens.js:39:6138)
    at Ji.fireLinesChanged (/home/nhanenten/2025.2/Vitis/ide/electron-app/lnx64/resources/app/plugins/eamodio-gitlens/extension/dist/gitlens.js:39:8100)
    at Ji.onLinesChanged (/home/nhanenten/2025.2/Vitis/ide/electron-app/lnx64/resources/app/plugins/eamodio-gitlens/extension/dist/gitlens.js:39:6753)
    at Ji.trigger (/home/nhanenten/2025.2/Vitis/ide/electron-app/lnx64/resources/app/plugins/eamodio-gitlens/extension/dist/gitlens.js:39:6162)
    at Ji.onTextEditorSelectionChanged (/home/nhanenten/2025.2/Vitis/ide/electron-app/lnx64/resources/app/plugins/eamodio-gitlens/extension/dist/gitlens.js:39:4322)
    at /home/nhanenten/2025.2/Vitis/ide/electron-app/lnx64/resources/app/lib/backend/69.js:2:126060
    at s.invoke (/home/nhanenten/2025.2/Vitis/ide/electron-app/lnx64/resources/app/lib/backend/69.js:2:126149)
    at a.fire (/home/nhanenten/2025.2/Vitis/ide/electron-app/lnx64/resources/app/lib/backend/69.js:2:127948)
    at t.TextEditorsExtImpl.$acceptEditorPropertiesChanged (/home/nhanenten/2025.2/Vitis/ide/electron-app/lnx64/resources/app/lib/backend/36.js:1:215504)
    at t.RPCProtocolImpl.handleRequest (/home/nhanenten/2025.2/Vitis/ide/electron-app/lnx64/resources/app/lib/backend/366.js:1:153425)
    at c.requestHandler (/home/nhanenten/2025.2/Vitis/ide/electron-app/lnx64/resources/app/lib/backend/366.js:1:153001) 
2026-05-22 10:24:57 [debug] : start navigation 1 
2026-05-22 10:24:57 [debug] : end navigation 0 
2026-05-22 10:24:57 [debug] : ending navigation with location {"uri":"file:///home/nhanenten/Desktop/HW_SW/Lab2/timer_interrupt/src/main.c","type":0,"context":{"line":12,"character":40}} 
2026-05-22 10:24:57 [debug] : TypeError: Cannot read properties of undefined (reading 'replace')
    at ee.onActiveLinesChanged (/home/nhanenten/2025.2/Vitis/ide/electron-app/lnx64/resources/app/plugins/eamodio-gitlens/extension/dist/gitlens.js:35:1404)
    at Te.<computed> (/home/nhanenten/2025.2/Vitis/ide/electron-app/lnx64/resources/app/plugins/eamodio-gitlens/extension/dist/gitlens.js:209:4816)
    at /home/nhanenten/2025.2/Vitis/ide/electron-app/lnx64/resources/app/lib/backend/69.js:2:126060
    at s.invoke (/home/nhanenten/2025.2/Vitis/ide/electron-app/lnx64/resources/app/lib/backend/69.js:2:126149)
    at a.fire (/home/nhanenten/2025.2/Vitis/ide/electron-app/lnx64/resources/app/lib/backend/69.js:2:127948)
    at Ji.fireLinesChanged (/home/nhanenten/2025.2/Vitis/ide/electron-app/lnx64/resources/app/plugins/eamodio-gitlens/extension/dist/gitlens.js:39:6138)
    at Ji.fireLinesChanged (/home/nhanenten/2025.2/Vitis/ide/electron-app/lnx64/resources/app/plugins/eamodio-gitlens/extension/dist/gitlens.js:39:8100)
    at Ji.onLinesChanged (/home/nhanenten/2025.2/Vitis/ide/electron-app/lnx64/resources/app/plugins/eamodio-gitlens/extension/dist/gitlens.js:39:6753)
    at Ji.trigger (/home/nhanenten/2025.2/Vitis/ide/electron-app/lnx64/resources/app/plugins/eamodio-gitlens/extension/dist/gitlens.js:39:6162)
    at Ji.onTextEditorSelectionChanged (/home/nhanenten/2025.2/Vitis/ide/electron-app/lnx64/resources/app/plugins/eamodio-gitlens/extension/dist/gitlens.js:39:4322)
    at /home/nhanenten/2025.2/Vitis/ide/electron-app/lnx64/resources/app/lib/backend/69.js:2:126060
    at s.invoke (/home/nhanenten/2025.2/Vitis/ide/electron-app/lnx64/resources/app/lib/backend/69.js:2:126149)
    at a.fire (/home/nhanenten/2025.2/Vitis/ide/electron-app/lnx64/resources/app/lib/backend/69.js:2:127948)
    at t.TextEditorsExtImpl.$acceptEditorPropertiesChanged (/home/nhanenten/2025.2/Vitis/ide/electron-app/lnx64/resources/app/lib/backend/36.js:1:215504)
    at t.RPCProtocolImpl.handleRequest (/home/nhanenten/2025.2/Vitis/ide/electron-app/lnx64/resources/app/lib/backend/366.js:1:153425)
    at c.requestHandler (/home/nhanenten/2025.2/Vitis/ide/electron-app/lnx64/resources/app/lib/backend/366.js:1:153001) 
2026-05-22 10:24:57 [debug] : MonacoEditorModel.cancelSave {"0":"file:///home/nhanenten/Desktop/HW_SW/Lab2/timer_interrupt/src/main.c"}
2026-05-22 10:25:05 [debug] : start navigation 1 
2026-05-22 10:25:05 [debug] : end navigation 0 
2026-05-22 10:25:05 [debug] : ending navigation with location {"uri":"file:///home/nhanenten/Desktop/HW_SW/Lab2/timer_interrupt/src/main.c","type":0,"context":{"line":1,"character":12}} 
2026-05-22 10:25:05 [debug] : TypeError: Cannot read properties of undefined (reading 'replace')
    at ee.onActiveLinesChanged (/home/nhanenten/2025.2/Vitis/ide/electron-app/lnx64/resources/app/plugins/eamodio-gitlens/extension/dist/gitlens.js:35:1404)
    at Te.<computed> (/home/nhanenten/2025.2/Vitis/ide/electron-app/lnx64/resources/app/plugins/eamodio-gitlens/extension/dist/gitlens.js:209:4816)
    at /home/nhanenten/2025.2/Vitis/ide/electron-app/lnx64/resources/app/lib/backend/69.js:2:126060
    at s.invoke (/home/nhanenten/2025.2/Vitis/ide/electron-app/lnx64/resources/app/lib/backend/69.js:2:126149)
    at a.fire (/home/nhanenten/2025.2/Vitis/ide/electron-app/lnx64/resources/app/lib/backend/69.js:2:127948)
    at Ji.fireLinesChanged (/home/nhanenten/2025.2/Vitis/ide/electron-app/lnx64/resources/app/plugins/eamodio-gitlens/extension/dist/gitlens.js:39:6138)
    at Ji.fireLinesChanged (/home/nhanenten/2025.2/Vitis/ide/electron-app/lnx64/resources/app/plugins/eamodio-gitlens/extension/dist/gitlens.js:39:8100)
    at Ji.onLinesChanged (/home/nhanenten/2025.2/Vitis/ide/electron-app/lnx64/resources/app/plugins/eamodio-gitlens/extension/dist/gitlens.js:39:6753)
    at Ji.trigger (/home/nhanenten/2025.2/Vitis/ide/electron-app/lnx64/resources/app/plugins/eamodio-gitlens/extension/dist/gitlens.js:39:6162)
    at Ji.onTextEditorSelectionChanged (/home/nhanenten/2025.2/Vitis/ide/electron-app/lnx64/resources/app/plugins/eamodio-gitlens/extension/dist/gitlens.js:39:4322)
    at /home/nhanenten/2025.2/Vitis/ide/electron-app/lnx64/resources/app/lib/backend/69.js:2:126060
    at s.invoke (/home/nhanenten/2025.2/Vitis/ide/electron-app/lnx64/resources/app/lib/backend/69.js:2:126149)
    at a.fire (/home/nhanenten/2025.2/Vitis/ide/electron-app/lnx64/resources/app/lib/backend/69.js:2:127948)
    at t.TextEditorsExtImpl.$acceptEditorPropertiesChanged (/home/nhanenten/2025.2/Vitis/ide/electron-app/lnx64/resources/app/lib/backend/36.js:1:215504)
    at t.RPCProtocolImpl.handleRequest (/home/nhanenten/2025.2/Vitis/ide/electron-app/lnx64/resources/app/lib/backend/366.js:1:153425)
    at c.requestHandler (/home/nhanenten/2025.2/Vitis/ide/electron-app/lnx64/resources/app/lib/backend/366.js:1:153001) 
2026-05-22 10:25:05 [debug] : start navigation 1 
2026-05-22 10:25:05 [debug] : end navigation 0 
2026-05-22 10:25:05 [debug] : ending navigation with location {"uri":"file:///home/nhanenten/Desktop/HW_SW/Lab2/timer_interrupt/src/main.c","type":0,"context":{"line":0,"character":1}} 
2026-05-22 10:25:05 [debug] : TypeError: Cannot read properties of undefined (reading 'replace')
    at ee.onActiveLinesChanged (/home/nhanenten/2025.2/Vitis/ide/electron-app/lnx64/resources/app/plugins/eamodio-gitlens/extension/dist/gitlens.js:35:1404)
    at Te.<computed> (/home/nhanenten/2025.2/Vitis/ide/electron-app/lnx64/resources/app/plugins/eamodio-gitlens/extension/dist/gitlens.js:209:4816)
    at /home/nhanenten/2025.2/Vitis/ide/electron-app/lnx64/resources/app/lib/backend/69.js:2:126060
    at s.invoke (/home/nhanenten/2025.2/Vitis/ide/electron-app/lnx64/resources/app/lib/backend/69.js:2:126149)
    at a.fire (/home/nhanenten/2025.2/Vitis/ide/electron-app/lnx64/resources/app/lib/backend/69.js:2:127948)
    at Ji.fireLinesChanged (/home/nhanenten/2025.2/Vitis/ide/electron-app/lnx64/resources/app/plugins/eamodio-gitlens/extension/dist/gitlens.js:39:6138)
    at Ji.fireLinesChanged (/home/nhanenten/2025.2/Vitis/ide/electron-app/lnx64/resources/app/plugins/eamodio-gitlens/extension/dist/gitlens.js:39:8100)
    at Ji.onLinesChanged (/home/nhanenten/2025.2/Vitis/ide/electron-app/lnx64/resources/app/plugins/eamodio-gitlens/extension/dist/gitlens.js:39:6753)
    at Ji.trigger (/home/nhanenten/2025.2/Vitis/ide/electron-app/lnx64/resources/app/plugins/eamodio-gitlens/extension/dist/gitlens.js:39:6162)
    at Ji.onTextEditorSelectionChanged (/home/nhanenten/2025.2/Vitis/ide/electron-app/lnx64/resources/app/plugins/eamodio-gitlens/extension/dist/gitlens.js:39:4322)
    at /home/nhanenten/2025.2/Vitis/ide/electron-app/lnx64/resources/app/lib/backend/69.js:2:126060
    at s.invoke (/home/nhanenten/2025.2/Vitis/ide/electron-app/lnx64/resources/app/lib/backend/69.js:2:126149)
    at a.fire (/home/nhanenten/2025.2/Vitis/ide/electron-app/lnx64/resources/app/lib/backend/69.js:2:127948)
    at t.TextEditorsExtImpl.$acceptEditorPropertiesChanged (/home/nhanenten/2025.2/Vitis/ide/electron-app/lnx64/resources/app/lib/backend/36.js:1:215504)
    at t.RPCProtocolImpl.handleRequest (/home/nhanenten/2025.2/Vitis/ide/electron-app/lnx64/resources/app/lib/backend/366.js:1:153425)
    at c.requestHandler (/home/nhanenten/2025.2/Vitis/ide/electron-app/lnx64/resources/app/lib/backend/366.js:1:153001) 
2026-05-22 10:25:06 [debug] : start navigation 1 
2026-05-22 10:25:06 [debug] : end navigation 0 
2026-05-22 10:25:06 [debug] : ending navigation with location {"uri":"file:///home/nhanenten/Desktop/HW_SW/Lab2/timer_interrupt/src/main.c","type":0,"context":{"line":0,"character":0}} 
2026-05-22 10:25:08 [debug] : MonacoEditorModel.fireDidChangeContent - enter - {
  "changes": [
    {
      "range": {
        "startLineNumber": 1,
        "startColumn": 1,
        "endLineNumber": 1,
        "endColumn": 1
      },
      "rangeLength": 0,
      "text": "\n",
      "rangeOffset": 0,
      "forceMoveMarkers": false
    }
  ],
  "eol": "\n",
  "isEolChange": false,
  "versionId": 5,
  "isUndoing": false,
  "isRedoing": false,
  "isFlush": false
} {"0":"file:///home/nhanenten/Desktop/HW_SW/Lab2/timer_interrupt/src/main.c"}
2026-05-22 10:25:08 [debug] : MonacoEditorModel.markAsDirty - enter {"0":"file:///home/nhanenten/Desktop/HW_SW/Lab2/timer_interrupt/src/main.c"}
2026-05-22 10:25:08 [debug] : MonacoEditorModel.cancelSync {"0":"file:///home/nhanenten/Desktop/HW_SW/Lab2/timer_interrupt/src/main.c"}
2026-05-22 10:25:08 [debug] : MonacoEditorModel.markAsDirty - exit {"0":"file:///home/nhanenten/Desktop/HW_SW/Lab2/timer_interrupt/src/main.c"}
2026-05-22 10:25:08 [debug] : MonacoEditorModel.fireDidChangeContent - exit {"0":"file:///home/nhanenten/Desktop/HW_SW/Lab2/timer_interrupt/src/main.c"}
2026-05-22 10:25:08 [debug] : start navigation 1 
2026-05-22 10:25:08 [debug] : end navigation 0 
2026-05-22 10:25:08 [debug] : ending navigation with location {"uri":"file:///home/nhanenten/Desktop/HW_SW/Lab2/timer_interrupt/src/main.c","type":2,"context":{"range":{"start":{"line":0,"character":0},"end":{"line":0,"character":0}},"rangeLength":0,"text":"\n"}} 
2026-05-22 10:25:08 [debug] : start navigation 1 
2026-05-22 10:25:08 [debug] : end navigation 0 
2026-05-22 10:25:08 [debug] : ending navigation with location {"uri":"file:///home/nhanenten/Desktop/HW_SW/Lab2/timer_interrupt/src/main.c","type":0,"context":{"line":1,"character":0}} 
2026-05-22 10:25:09 [debug] : TypeError: Cannot read properties of undefined (reading 'replace')
    at ee.onActiveLinesChanged (/home/nhanenten/2025.2/Vitis/ide/electron-app/lnx64/resources/app/plugins/eamodio-gitlens/extension/dist/gitlens.js:35:1404)
    at Te.<computed> (/home/nhanenten/2025.2/Vitis/ide/electron-app/lnx64/resources/app/plugins/eamodio-gitlens/extension/dist/gitlens.js:209:4816)
    at /home/nhanenten/2025.2/Vitis/ide/electron-app/lnx64/resources/app/lib/backend/69.js:2:126060
    at s.invoke (/home/nhanenten/2025.2/Vitis/ide/electron-app/lnx64/resources/app/lib/backend/69.js:2:126149)
    at a.fire (/home/nhanenten/2025.2/Vitis/ide/electron-app/lnx64/resources/app/lib/backend/69.js:2:127948)
    at Ji.fireLinesChanged (/home/nhanenten/2025.2/Vitis/ide/electron-app/lnx64/resources/app/plugins/eamodio-gitlens/extension/dist/gitlens.js:39:6138)
    at Ji.fireLinesChanged (/home/nhanenten/2025.2/Vitis/ide/electron-app/lnx64/resources/app/plugins/eamodio-gitlens/extension/dist/gitlens.js:39:8100)
    at Ji.onLinesChanged (/home/nhanenten/2025.2/Vitis/ide/electron-app/lnx64/resources/app/plugins/eamodio-gitlens/extension/dist/gitlens.js:39:6753)
    at Ji.trigger (/home/nhanenten/2025.2/Vitis/ide/electron-app/lnx64/resources/app/plugins/eamodio-gitlens/extension/dist/gitlens.js:39:6162)
    at Ji.onTextEditorSelectionChanged (/home/nhanenten/2025.2/Vitis/ide/electron-app/lnx64/resources/app/plugins/eamodio-gitlens/extension/dist/gitlens.js:39:4322)
    at /home/nhanenten/2025.2/Vitis/ide/electron-app/lnx64/resources/app/lib/backend/69.js:2:126060
    at s.invoke (/home/nhanenten/2025.2/Vitis/ide/electron-app/lnx64/resources/app/lib/backend/69.js:2:126149)
    at a.fire (/home/nhanenten/2025.2/Vitis/ide/electron-app/lnx64/resources/app/lib/backend/69.js:2:127948)
    at t.TextEditorsExtImpl.$acceptEditorPropertiesChanged (/home/nhanenten/2025.2/Vitis/ide/electron-app/lnx64/resources/app/lib/backend/36.js:1:215504)
    at t.RPCProtocolImpl.handleRequest (/home/nhanenten/2025.2/Vitis/ide/electron-app/lnx64/resources/app/lib/backend/366.js:1:153425)
    at c.requestHandler (/home/nhanenten/2025.2/Vitis/ide/electron-app/lnx64/resources/app/lib/backend/366.js:1:153001) 
2026-05-22 10:25:09 [debug] : MonacoEditorModel.fireDidChangeContent - enter - {
  "changes": [
    {
      "range": {
        "startLineNumber": 1,
        "startColumn": 1,
        "endLineNumber": 2,
        "endColumn": 1
      },
      "rangeLength": 1,
      "text": "",
      "rangeOffset": 0,
      "forceMoveMarkers": false
    }
  ],
  "eol": "\n",
  "isEolChange": false,
  "versionId": 6,
  "isUndoing": false,
  "isRedoing": false,
  "isFlush": false
} {"0":"file:///home/nhanenten/Desktop/HW_SW/Lab2/timer_interrupt/src/main.c"}
2026-05-22 10:25:09 [debug] : MonacoEditorModel.markAsDirty - enter {"0":"file:///home/nhanenten/Desktop/HW_SW/Lab2/timer_interrupt/src/main.c"}
2026-05-22 10:25:09 [debug] : MonacoEditorModel.cancelSync {"0":"file:///home/nhanenten/Desktop/HW_SW/Lab2/timer_interrupt/src/main.c"}
2026-05-22 10:25:09 [debug] : MonacoEditorModel.markAsDirty - exit {"0":"file:///home/nhanenten/Desktop/HW_SW/Lab2/timer_interrupt/src/main.c"}
2026-05-22 10:25:09 [debug] : MonacoEditorModel.fireDidChangeContent - exit {"0":"file:///home/nhanenten/Desktop/HW_SW/Lab2/timer_interrupt/src/main.c"}
2026-05-22 10:25:09 [debug] : start navigation 1 
2026-05-22 10:25:09 [debug] : end navigation 0 
2026-05-22 10:25:09 [debug] : ending navigation with location {"uri":"file:///home/nhanenten/Desktop/HW_SW/Lab2/timer_interrupt/src/main.c","type":2,"context":{"range":{"start":{"line":0,"character":0},"end":{"line":1,"character":0}},"rangeLength":1,"text":""}} 
2026-05-22 10:25:09 [debug] : start navigation 1 
2026-05-22 10:25:09 [debug] : end navigation 0 
2026-05-22 10:25:09 [debug] : ending navigation with location {"uri":"file:///home/nhanenten/Desktop/HW_SW/Lab2/timer_interrupt/src/main.c","type":0,"context":{"line":0,"character":0}} 
2026-05-22 10:25:09 [debug] : TypeError: Cannot read properties of undefined (reading 'replace')
    at ee.onActiveLinesChanged (/home/nhanenten/2025.2/Vitis/ide/electron-app/lnx64/resources/app/plugins/eamodio-gitlens/extension/dist/gitlens.js:35:1404)
    at Te.<computed> (/home/nhanenten/2025.2/Vitis/ide/electron-app/lnx64/resources/app/plugins/eamodio-gitlens/extension/dist/gitlens.js:209:4816)
    at /home/nhanenten/2025.2/Vitis/ide/electron-app/lnx64/resources/app/lib/backend/69.js:2:126060
    at s.invoke (/home/nhanenten/2025.2/Vitis/ide/electron-app/lnx64/resources/app/lib/backend/69.js:2:126149)
    at a.fire (/home/nhanenten/2025.2/Vitis/ide/electron-app/lnx64/resources/app/lib/backend/69.js:2:127948)
    at Ji.fireLinesChanged (/home/nhanenten/2025.2/Vitis/ide/electron-app/lnx64/resources/app/plugins/eamodio-gitlens/extension/dist/gitlens.js:39:6138)
    at Ji.fireLinesChanged (/home/nhanenten/2025.2/Vitis/ide/electron-app/lnx64/resources/app/plugins/eamodio-gitlens/extension/dist/gitlens.js:39:8100)
    at Ji.onLinesChanged (/home/nhanenten/2025.2/Vitis/ide/electron-app/lnx64/resources/app/plugins/eamodio-gitlens/extension/dist/gitlens.js:39:6753)
    at Ji.trigger (/home/nhanenten/2025.2/Vitis/ide/electron-app/lnx64/resources/app/plugins/eamodio-gitlens/extension/dist/gitlens.js:39:6162)
    at Ji.onTextEditorSelectionChanged (/home/nhanenten/2025.2/Vitis/ide/electron-app/lnx64/resources/app/plugins/eamodio-gitlens/extension/dist/gitlens.js:39:4322)
    at /home/nhanenten/2025.2/Vitis/ide/electron-app/lnx64/resources/app/lib/backend/69.js:2:126060
    at s.invoke (/home/nhanenten/2025.2/Vitis/ide/electron-app/lnx64/resources/app/lib/backend/69.js:2:126149)
    at a.fire (/home/nhanenten/2025.2/Vitis/ide/electron-app/lnx64/resources/app/lib/backend/69.js:2:127948)
    at t.TextEditorsExtImpl.$acceptEditorPropertiesChanged (/home/nhanenten/2025.2/Vitis/ide/electron-app/lnx64/resources/app/lib/backend/36.js:1:215504)
    at t.RPCProtocolImpl.handleRequest (/home/nhanenten/2025.2/Vitis/ide/electron-app/lnx64/resources/app/lib/backend/366.js:1:153425)
    at c.requestHandler (/home/nhanenten/2025.2/Vitis/ide/electron-app/lnx64/resources/app/lib/backend/366.js:1:153001) 
2026-05-22 10:25:10 [debug] : MonacoEditorModel.cancelSave {"0":"file:///home/nhanenten/Desktop/HW_SW/Lab2/timer_interrupt/src/main.c"}
2026-05-22 10:25:21 [debug] : [ProjectDecorator] tree decoration updated 
2026-05-22 10:25:21 [debug] : [ProjectCache] Project location updated to /home/nhanenten/Desktop/HW_SW/Lab2/platform_2d 
2026-05-22 10:25:22 [debug] : [Platform Server] Executing method:[generatePlatform] with connection:(object). {"0":"request:","1":"/home/nhanenten/Desktop/HW_SW/Lab2/platform_2d"}
2026-05-22 10:25:22 [debug] : [Platform Server] Generate platform requested for platform_2d with internal id 'd3676ae4-e920-4dee-bbce-98c2ded692f6'. 
2026-05-22 10:25:22 [debug] : Received event from notification service: ON_DID_OPEN_COMPONENT. 
2026-05-22 10:25:22 [debug] : Received event from notification service: ON_DID_BUILD_START. 
2026-05-22 10:25:22 [debug] : Received event from notification service: ON_UPDATE_FLOWNAVIGATOR_STATUS. 
2026-05-22 10:25:22 [debug] : RIGEL SERVER 10:25:22 INFO  : BSP build will be initiated for Domain zynq_fsbl
10:25:22 INFO  : BSP build will be initiated for Domain standalone_ps7_cortexa9_0
10:25:22 INFO  : Generating BSP for the domain /home/nhanenten/Desktop/HW_SW/Lab2/platform_2d/ps7_cortexa9_0/standalone_ps7_cortexa9_0/bsp
10:25:22 INFO  : Generating BSP for the domain /home/nhanenten/Desktop/HW_SW/Lab2/platform_2d/zynq_fsbl/zynq_fsbl_bsp
10:25:22 INFO  : lopper command to reconfigure BSP :empyro reconfig_bsp -d /home/nhanenten/Desktop/HW_SW/Lab2/platform_2d/ps7_cortexa9_0/standalone_ps7_cortexa9_0/bsp
10:25:22 INFO  : lopper command to reconfigure BSP :empyro reconfig_bsp -d /home/nhanenten/Desktop/HW_SW/Lab2/platform_2d/zynq_fsbl/zynq_fsbl_bsp 
2026-05-22 10:25:22 [debug] : RIGEL SERVER 10:25:22 INFO  : bash, -c, empyro reconfig_bsp -d /home/nhanenten/Desktop/HW_SW/Lab2/platform_2d/ps7_cortexa9_0/standalone_ps7_cortexa9_0/bsp
10:25:22 INFO  : bash, -c, empyro reconfig_bsp -d /home/nhanenten/Desktop/HW_SW/Lab2/platform_2d/zynq_fsbl/zynq_fsbl_bsp 
2026-05-22 10:25:22 [debug] : [Platform Output] Generate platform_2d platform with id 'd3676ae4-e920-4dee-bbce-98c2ded692f6' started. 
2026-05-22 10:25:22 [debug] : MonacoEditorModel.cancelSync {"0":"file:///home/nhanenten/Desktop/HW_SW/Lab2/_ide/logs/vitis.log"}
2026-05-22 10:25:22 [debug] : MonacoEditorModel.doSync - enter {"0":"file:///home/nhanenten/Desktop/HW_SW/Lab2/_ide/logs/vitis.log"}
2026-05-22 10:25:22 [debug] : MonacoEditorModel.cancelSync {"0":"file:///home/nhanenten/Desktop/HW_SW/Lab2/_ide/logs/vitis.log"}
2026-05-22 10:25:22 [debug] : MonacoEditorModel.doSync - exit - cancelled while looking for a resource {"0":"file:///home/nhanenten/Desktop/HW_SW/Lab2/_ide/logs/vitis.log"}
2026-05-22 10:25:22 [debug] : MonacoEditorModel.doSync - enter {"0":"file:///home/nhanenten/Desktop/HW_SW/Lab2/_ide/logs/vitis.log"}
2026-05-22 10:25:22 [debug] : MonacoEditorModel.fireDidChangeContent - enter - {
  "changes": [
    {
      "range": {
        "startLineNumber": 123,
        "startColumn": 1,
        "endLineNumber": 123,
        "endColumn": 1
      },
      "rangeLength": 0,
      "text": "10:25:22 INFO  : BSP build will be initiated for Domain zynq_fsbl\n10:25:22 INFO  : BSP build will be initiated for Domain standalone_ps7_cortexa9_0\n10:25:22 INFO  : Generating BSP for the domain /home/nhanenten/Desktop/HW_SW/Lab2/platform_2d/ps7_cortexa9_0/standalone_ps7_cortexa9_0/bsp\n10:25:22 INFO  : Generating BSP for the domain /home/nhanenten/Desktop/HW_SW/Lab2/platform_2d/zynq_fsbl/zynq_fsbl_bsp\n10:25:22 INFO  : lopper command to reconfigure BSP :empyro reconfig_bsp -d /home/nhanenten/Desktop/HW_SW/Lab2/platform_2d/ps7_cortexa9_0/standalone_ps7_cortexa9_0/bsp\n10:25:22 INFO  : lopper command to reconfigure BSP :empyro reconfig_bsp -d /home/nhanenten/Desktop/HW_SW/Lab2/platform_2d/zynq_fsbl/zynq_fsbl_bsp\n10:25:22 INFO  : bash, -c, empyro reconfig_bsp -d /home/nhanenten/Desktop/HW_SW/Lab2/platform_2d/ps7_cortexa9_0/standalone_ps7_cortexa9_0/bsp\n10:25:22 INFO  : bash, -c, empyro reconfig_bsp -d /home/nhanenten/Desktop/HW_SW/Lab2/platform_2d/zynq_fsbl/zynq_fsbl_bsp\n",
      "rangeOffset": 15436,
      "forceMoveMarkers": true
    }
  ],
  "eol": "\n",
  "isEolChange": false,
  "versionId": 17,
  "isUndoing": false,
  "isRedoing": false,
  "isFlush": false
} {"0":"file:///home/nhanenten/Desktop/HW_SW/Lab2/_ide/logs/vitis.log"}
2026-05-22 10:25:22 [debug] : MonacoEditorModel.markAsDirty - enter {"0":"file:///home/nhanenten/Desktop/HW_SW/Lab2/_ide/logs/vitis.log"}
2026-05-22 10:25:22 [debug] : MonacoEditorModel.markAsDirty - exit - ignoring dirty changes enabled {"0":"file:///home/nhanenten/Desktop/HW_SW/Lab2/_ide/logs/vitis.log"}
2026-05-22 10:25:22 [debug] : MonacoEditorModel.fireDidChangeContent - exit {"0":"file:///home/nhanenten/Desktop/HW_SW/Lab2/_ide/logs/vitis.log"}
2026-05-22 10:25:22 [debug] : MonacoEditorModel.doSync - exit {"0":"file:///home/nhanenten/Desktop/HW_SW/Lab2/_ide/logs/vitis.log"}
2026-05-22 10:25:23 [debug] : RIGEL SERVER 10:25:23 INFO  : Domain reconfigured successfully 
2026-05-22 10:25:23 [debug] : RIGEL SERVER 10:25:23 INFO  : Generating BSP for the domain /home/nhanenten/Desktop/HW_SW/Lab2/platform_2d/ps7_cortexa9_0/standalone_ps7_cortexa9_0/bsp
10:25:23 INFO  : lopper command to build BSP :empyro build_bsp -d /home/nhanenten/Desktop/HW_SW/Lab2/platform_2d/ps7_cortexa9_0/standalone_ps7_cortexa9_0/bsp 
2026-05-22 10:25:23 [debug] : RIGEL SERVER 10:25:23 INFO  : bash, -c, empyro build_bsp -d /home/nhanenten/Desktop/HW_SW/Lab2/platform_2d/ps7_cortexa9_0/standalone_ps7_cortexa9_0/bsp 
2026-05-22 10:25:23 [debug] : RIGEL SERVER 10:25:23 INFO  : Domain reconfigured successfully 
2026-05-22 10:25:23 [debug] : RIGEL SERVER 10:25:23 INFO  : Generating BSP for the domain /home/nhanenten/Desktop/HW_SW/Lab2/platform_2d/zynq_fsbl/zynq_fsbl_bsp
10:25:23 INFO  : lopper command to build BSP :empyro build_bsp -d /home/nhanenten/Desktop/HW_SW/Lab2/platform_2d/zynq_fsbl/zynq_fsbl_bsp 
2026-05-22 10:25:23 [debug] : RIGEL SERVER 10:25:23 INFO  : bash, -c, empyro build_bsp -d /home/nhanenten/Desktop/HW_SW/Lab2/platform_2d/zynq_fsbl/zynq_fsbl_bsp 
2026-05-22 10:25:23 [debug] : MonacoEditorModel.cancelSync {"0":"file:///home/nhanenten/Desktop/HW_SW/Lab2/_ide/logs/vitis.log"}
2026-05-22 10:25:23 [debug] : MonacoEditorModel.doSync - enter {"0":"file:///home/nhanenten/Desktop/HW_SW/Lab2/_ide/logs/vitis.log"}
2026-05-22 10:25:23 [debug] : MonacoEditorModel.cancelSync {"0":"file:///home/nhanenten/Desktop/HW_SW/Lab2/_ide/logs/vitis.log"}
2026-05-22 10:25:23 [debug] : MonacoEditorModel.doSync - exit - cancelled while looking for a resource {"0":"file:///home/nhanenten/Desktop/HW_SW/Lab2/_ide/logs/vitis.log"}
2026-05-22 10:25:23 [debug] : MonacoEditorModel.doSync - enter {"0":"file:///home/nhanenten/Desktop/HW_SW/Lab2/_ide/logs/vitis.log"}
2026-05-22 10:25:23 [debug] : MonacoEditorModel.fireDidChangeContent - enter - {
  "changes": [
    {
      "range": {
        "startLineNumber": 131,
        "startColumn": 1,
        "endLineNumber": 131,
        "endColumn": 1
      },
      "rangeLength": 0,
      "text": "10:25:23 INFO  : Domain reconfigured successfully\n10:25:23 INFO  : Generating BSP for the domain /home/nhanenten/Desktop/HW_SW/Lab2/platform_2d/ps7_cortexa9_0/standalone_ps7_cortexa9_0/bsp\n10:25:23 INFO  : lopper command to build BSP :empyro build_bsp -d /home/nhanenten/Desktop/HW_SW/Lab2/platform_2d/ps7_cortexa9_0/standalone_ps7_cortexa9_0/bsp\n10:25:23 INFO  : bash, -c, empyro build_bsp -d /home/nhanenten/Desktop/HW_SW/Lab2/platform_2d/ps7_cortexa9_0/standalone_ps7_cortexa9_0/bsp\n10:25:23 INFO  : Domain reconfigured successfully\n10:25:23 INFO  : Generating BSP for the domain /home/nhanenten/Desktop/HW_SW/Lab2/platform_2d/zynq_fsbl/zynq_fsbl_bsp\n10:25:23 INFO  : lopper command to build BSP :empyro build_bsp -d /home/nhanenten/Desktop/HW_SW/Lab2/platform_2d/zynq_fsbl/zynq_fsbl_bsp\n10:25:23 INFO  : bash, -c, empyro build_bsp -d /home/nhanenten/Desktop/HW_SW/Lab2/platform_2d/zynq_fsbl/zynq_fsbl_bsp\n",
      "rangeOffset": 16417,
      "forceMoveMarkers": true
    }
  ],
  "eol": "\n",
  "isEolChange": false,
  "versionId": 18,
  "isUndoing": false,
  "isRedoing": false,
  "isFlush": false
} {"0":"file:///home/nhanenten/Desktop/HW_SW/Lab2/_ide/logs/vitis.log"}
2026-05-22 10:25:23 [debug] : MonacoEditorModel.markAsDirty - enter {"0":"file:///home/nhanenten/Desktop/HW_SW/Lab2/_ide/logs/vitis.log"}
2026-05-22 10:25:23 [debug] : MonacoEditorModel.markAsDirty - exit - ignoring dirty changes enabled {"0":"file:///home/nhanenten/Desktop/HW_SW/Lab2/_ide/logs/vitis.log"}
2026-05-22 10:25:23 [debug] : MonacoEditorModel.fireDidChangeContent - exit {"0":"file:///home/nhanenten/Desktop/HW_SW/Lab2/_ide/logs/vitis.log"}
2026-05-22 10:25:23 [debug] : MonacoEditorModel.doSync - exit {"0":"file:///home/nhanenten/Desktop/HW_SW/Lab2/_ide/logs/vitis.log"}
2026-05-22 10:25:29 [debug] : RIGEL SERVER 10:25:29 INFO  : Domain build successfully 
2026-05-22 10:25:29 [debug] : MonacoEditorModel.cancelSync {"0":"file:///home/nhanenten/Desktop/HW_SW/Lab2/_ide/logs/vitis.log"}
2026-05-22 10:25:29 [debug] : MonacoEditorModel.doSync - enter {"0":"file:///home/nhanenten/Desktop/HW_SW/Lab2/_ide/logs/vitis.log"}
2026-05-22 10:25:29 [debug] : MonacoEditorModel.cancelSync {"0":"file:///home/nhanenten/Desktop/HW_SW/Lab2/_ide/logs/vitis.log"}
2026-05-22 10:25:29 [debug] : MonacoEditorModel.doSync - exit - cancelled while looking for a resource {"0":"file:///home/nhanenten/Desktop/HW_SW/Lab2/_ide/logs/vitis.log"}
2026-05-22 10:25:29 [debug] : MonacoEditorModel.doSync - enter {"0":"file:///home/nhanenten/Desktop/HW_SW/Lab2/_ide/logs/vitis.log"}
2026-05-22 10:25:29 [debug] : MonacoEditorModel.fireDidChangeContent - enter - {
  "changes": [
    {
      "range": {
        "startLineNumber": 139,
        "startColumn": 1,
        "endLineNumber": 139,
        "endColumn": 1
      },
      "rangeLength": 0,
      "text": "10:25:29 INFO  : Domain build successfully\n",
      "rangeOffset": 17326,
      "forceMoveMarkers": true
    }
  ],
  "eol": "\n",
  "isEolChange": false,
  "versionId": 19,
  "isUndoing": false,
  "isRedoing": false,
  "isFlush": false
} {"0":"file:///home/nhanenten/Desktop/HW_SW/Lab2/_ide/logs/vitis.log"}
2026-05-22 10:25:29 [debug] : MonacoEditorModel.markAsDirty - enter {"0":"file:///home/nhanenten/Desktop/HW_SW/Lab2/_ide/logs/vitis.log"}
2026-05-22 10:25:29 [debug] : MonacoEditorModel.markAsDirty - exit - ignoring dirty changes enabled {"0":"file:///home/nhanenten/Desktop/HW_SW/Lab2/_ide/logs/vitis.log"}
2026-05-22 10:25:29 [debug] : MonacoEditorModel.fireDidChangeContent - exit {"0":"file:///home/nhanenten/Desktop/HW_SW/Lab2/_ide/logs/vitis.log"}
2026-05-22 10:25:29 [debug] : MonacoEditorModel.doSync - exit {"0":"file:///home/nhanenten/Desktop/HW_SW/Lab2/_ide/logs/vitis.log"}
2026-05-22 10:25:30 [debug] : RIGEL SERVER 10:25:30 INFO  : Domain build successfully 
2026-05-22 10:25:30 [debug] : RIGEL SERVER 10:25:30 INFO  : Generating Boot ELFs 
2026-05-22 10:25:30 [debug] : RIGEL SERVER 10:25:30 INFO  : lopper command to retarget baremetal application :empyro retarget_app -s /home/nhanenten/Desktop/HW_SW/Lab2/platform_2d/zynq_fsbl -d /home/nhanenten/Desktop/HW_SW/Lab2/platform_2d/zynq_fsbl/zynq_fsbl_bsp -b /home/nhanenten/Desktop/HW_SW/Lab2/platform_2d/zynq_fsbl/build 
2026-05-22 10:25:30 [debug] : RIGEL SERVER 10:25:30 INFO  : bash, -c, empyro retarget_app -s /home/nhanenten/Desktop/HW_SW/Lab2/platform_2d/zynq_fsbl -d /home/nhanenten/Desktop/HW_SW/Lab2/platform_2d/zynq_fsbl/zynq_fsbl_bsp -b /home/nhanenten/Desktop/HW_SW/Lab2/platform_2d/zynq_fsbl/build 
2026-05-22 10:25:31 [debug] : MonacoEditorModel.cancelSync {"0":"file:///home/nhanenten/Desktop/HW_SW/Lab2/_ide/logs/vitis.log"}
2026-05-22 10:25:31 [debug] : MonacoEditorModel.doSync - enter {"0":"file:///home/nhanenten/Desktop/HW_SW/Lab2/_ide/logs/vitis.log"}
2026-05-22 10:25:31 [debug] : MonacoEditorModel.cancelSync {"0":"file:///home/nhanenten/Desktop/HW_SW/Lab2/_ide/logs/vitis.log"}
2026-05-22 10:25:31 [debug] : MonacoEditorModel.doSync - exit - cancelled while looking for a resource {"0":"file:///home/nhanenten/Desktop/HW_SW/Lab2/_ide/logs/vitis.log"}
2026-05-22 10:25:31 [debug] : MonacoEditorModel.doSync - enter {"0":"file:///home/nhanenten/Desktop/HW_SW/Lab2/_ide/logs/vitis.log"}
2026-05-22 10:25:31 [debug] : MonacoEditorModel.fireDidChangeContent - enter - {
  "changes": [
    {
      "range": {
        "startLineNumber": 140,
        "startColumn": 1,
        "endLineNumber": 140,
        "endColumn": 1
      },
      "rangeLength": 0,
      "text": "10:25:30 INFO  : Domain build successfully\n10:25:30 INFO  : Generating Boot ELFs\n10:25:30 INFO  : lopper command to retarget baremetal application :empyro retarget_app -s /home/nhanenten/Desktop/HW_SW/Lab2/platform_2d/zynq_fsbl -d /home/nhanenten/Desktop/HW_SW/Lab2/platform_2d/zynq_fsbl/zynq_fsbl_bsp -b /home/nhanenten/Desktop/HW_SW/Lab2/platform_2d/zynq_fsbl/build\n10:25:30 INFO  : bash, -c, empyro retarget_app -s /home/nhanenten/Desktop/HW_SW/Lab2/platform_2d/zynq_fsbl -d /home/nhanenten/Desktop/HW_SW/Lab2/platform_2d/zynq_fsbl/zynq_fsbl_bsp -b /home/nhanenten/Desktop/HW_SW/Lab2/platform_2d/zynq_fsbl/build\n",
      "rangeOffset": 17369,
      "forceMoveMarkers": true
    }
  ],
  "eol": "\n",
  "isEolChange": false,
  "versionId": 20,
  "isUndoing": false,
  "isRedoing": false,
  "isFlush": false
} {"0":"file:///home/nhanenten/Desktop/HW_SW/Lab2/_ide/logs/vitis.log"}
2026-05-22 10:25:31 [debug] : MonacoEditorModel.markAsDirty - enter {"0":"file:///home/nhanenten/Desktop/HW_SW/Lab2/_ide/logs/vitis.log"}
2026-05-22 10:25:31 [debug] : MonacoEditorModel.markAsDirty - exit - ignoring dirty changes enabled {"0":"file:///home/nhanenten/Desktop/HW_SW/Lab2/_ide/logs/vitis.log"}
2026-05-22 10:25:31 [debug] : MonacoEditorModel.fireDidChangeContent - exit {"0":"file:///home/nhanenten/Desktop/HW_SW/Lab2/_ide/logs/vitis.log"}
2026-05-22 10:25:31 [debug] : MonacoEditorModel.doSync - exit {"0":"file:///home/nhanenten/Desktop/HW_SW/Lab2/_ide/logs/vitis.log"}
2026-05-22 10:25:31 [debug] : RIGEL SERVER 10:25:31 INFO  : [INFO]: Retargeting app 
2026-05-22 10:25:31 [debug] : RIGEL SERVER 10:25:31 INFO  : [INFO]: Updating link libraries based on new domain
10:25:31 INFO  : Successfully retargeted Application /home/nhanenten/Desktop/HW_SW/Lab2/platform_2d/zynq_fsbl 
2026-05-22 10:25:31 [debug] : RIGEL SERVER 10:25:31 INFO  : lopper command to build baremetal application :empyro build_app --src_dir /home/nhanenten/Desktop/HW_SW/Lab2/platform_2d/zynq_fsbl --build_dir /home/nhanenten/Desktop/HW_SW/Lab2/platform_2d/zynq_fsbl/build 
2026-05-22 10:25:31 [debug] : RIGEL SERVER 10:25:31 INFO  : bash, -c, empyro build_app --src_dir /home/nhanenten/Desktop/HW_SW/Lab2/platform_2d/zynq_fsbl --build_dir /home/nhanenten/Desktop/HW_SW/Lab2/platform_2d/zynq_fsbl/build 
2026-05-22 10:25:31 [debug] : MonacoEditorModel.cancelSync {"0":"file:///home/nhanenten/Desktop/HW_SW/Lab2/_ide/logs/vitis.log"}
2026-05-22 10:25:31 [debug] : MonacoEditorModel.doSync - enter {"0":"file:///home/nhanenten/Desktop/HW_SW/Lab2/_ide/logs/vitis.log"}
2026-05-22 10:25:31 [debug] : MonacoEditorModel.cancelSync {"0":"file:///home/nhanenten/Desktop/HW_SW/Lab2/_ide/logs/vitis.log"}
2026-05-22 10:25:31 [debug] : MonacoEditorModel.doSync - exit - cancelled while looking for a resource {"0":"file:///home/nhanenten/Desktop/HW_SW/Lab2/_ide/logs/vitis.log"}
2026-05-22 10:25:31 [debug] : MonacoEditorModel.doSync - enter {"0":"file:///home/nhanenten/Desktop/HW_SW/Lab2/_ide/logs/vitis.log"}
2026-05-22 10:25:31 [debug] : MonacoEditorModel.fireDidChangeContent - enter - {
  "changes": [
    {
      "range": {
        "startLineNumber": 144,
        "startColumn": 1,
        "endLineNumber": 144,
        "endColumn": 1
      },
      "rangeLength": 0,
      "text": "10:25:31 INFO  : [INFO]: Retargeting app\n10:25:31 INFO  : [INFO]: Updating link libraries based on new domain\n10:25:31 INFO  : Successfully retargeted Application /home/nhanenten/Desktop/HW_SW/Lab2/platform_2d/zynq_fsbl\n10:25:31 INFO  : lopper command to build baremetal application :empyro build_app --src_dir /home/nhanenten/Desktop/HW_SW/Lab2/platform_2d/zynq_fsbl --build_dir /home/nhanenten/Desktop/HW_SW/Lab2/platform_2d/zynq_fsbl/build\n10:25:31 INFO  : bash, -c, empyro build_app --src_dir /home/nhanenten/Desktop/HW_SW/Lab2/platform_2d/zynq_fsbl --build_dir /home/nhanenten/Desktop/HW_SW/Lab2/platform_2d/zynq_fsbl/build\n",
      "rangeOffset": 17984,
      "forceMoveMarkers": true
    }
  ],
  "eol": "\n",
  "isEolChange": false,
  "versionId": 21,
  "isUndoing": false,
  "isRedoing": false,
  "isFlush": false
} {"0":"file:///home/nhanenten/Desktop/HW_SW/Lab2/_ide/logs/vitis.log"}
2026-05-22 10:25:31 [debug] : MonacoEditorModel.markAsDirty - enter {"0":"file:///home/nhanenten/Desktop/HW_SW/Lab2/_ide/logs/vitis.log"}
2026-05-22 10:25:31 [debug] : MonacoEditorModel.markAsDirty - exit - ignoring dirty changes enabled {"0":"file:///home/nhanenten/Desktop/HW_SW/Lab2/_ide/logs/vitis.log"}
2026-05-22 10:25:31 [debug] : MonacoEditorModel.fireDidChangeContent - exit {"0":"file:///home/nhanenten/Desktop/HW_SW/Lab2/_ide/logs/vitis.log"}
2026-05-22 10:25:31 [debug] : MonacoEditorModel.doSync - exit {"0":"file:///home/nhanenten/Desktop/HW_SW/Lab2/_ide/logs/vitis.log"}
2026-05-22 10:25:34 [debug] : RIGEL SERVER 10:25:34 INFO  : Successfully building the baremetal application/home/nhanenten/Desktop/HW_SW/Lab2/platform_2d/zynq_fsbl/build 
2026-05-22 10:25:34 [debug] : RIGEL SERVER 10:25:34 INFO  : Generating Export directory 
2026-05-22 10:25:34 [debug] : Received event from notification service: ON_DID_UPDATE_COMPONENT. 
2026-05-22 10:25:34 [debug] : Received event from notification service: ON_UPDATE_PLATFORM_STATUS. 
2026-05-22 10:25:34 [debug] : RIGEL SERVER 10:25:34 INFO  : Platform Build Finished successfully. 
2026-05-22 10:25:34 [debug] : [Platform Server] Generate platform completed on 'platform_2d' with internal id 'd3676ae4-e920-4dee-bbce-98c2ded692f6'. 
2026-05-22 10:25:34 [debug] : [Platform Server] Generate platform status event - label: platform_2d, status_code:0, status_details:. 
2026-05-22 10:25:34 [debug] : [Platform Server] Generate platform output steam finished on 'platform_2d' with internal id 'd3676ae4-e920-4dee-bbce-98c2ded692f6'. 
2026-05-22 10:25:34 [info] : [Platform Server] Generate platform output stream finished - platform_2d. 
2026-05-22 10:25:34 [debug] : Received event from notification service: ON_DID_MODIFY_PLATFORM_REPOS. 
2026-05-22 10:25:34 [debug] : [Platform Output] Generate platform_2d platform with id 'd3676ae4-e920-4dee-bbce-98c2ded692f6' completed. 
2026-05-22 10:25:34 [debug] : [Platform Output] Deleting and canceling the build task with id 'd3676ae4-e920-4dee-bbce-98c2ded692f6'. 
2026-05-22 10:25:34 [debug] : Received event from notification service: ON_DID_BUILD_STOP. 
2026-05-22 10:25:34 [debug] : Received event from notification service: ON_UPDATE_FLOWNAVIGATOR_STATUS. 
2026-05-22 10:25:34 [debug] : MonacoEditorModel.cancelSync {"0":"file:///home/nhanenten/Desktop/HW_SW/Lab2/_ide/logs/vitis.log"}
2026-05-22 10:25:34 [debug] : MonacoEditorModel.doSync - enter {"0":"file:///home/nhanenten/Desktop/HW_SW/Lab2/_ide/logs/vitis.log"}
2026-05-22 10:25:34 [debug] : MonacoEditorModel.cancelSync {"0":"file:///home/nhanenten/Desktop/HW_SW/Lab2/_ide/logs/vitis.log"}
2026-05-22 10:25:35 [debug] : [Platform Server] Executing method:[getPartFromXSA] with connection:(object). {"0":"request:","1":{"wrappers_":null,"arrayIndexOffset_":-1,"array":["/home/nhanenten/Desktop/HW_SW/Lab2/platform_2d"],"pivot_":1.7976931348623157e+308,"convertedPrimitiveFields_":{}}}
2026-05-22 10:25:35 [debug] : MonacoEditorModel.doSync - exit - cancelled while looking for a resource {"0":"file:///home/nhanenten/Desktop/HW_SW/Lab2/_ide/logs/vitis.log"}
2026-05-22 10:25:35 [debug] : MonacoEditorModel.doSync - enter {"0":"file:///home/nhanenten/Desktop/HW_SW/Lab2/_ide/logs/vitis.log"}
2026-05-22 10:25:35 [debug] : MonacoEditorModel.fireDidChangeContent - enter - {
  "changes": [
    {
      "range": {
        "startLineNumber": 149,
        "startColumn": 1,
        "endLineNumber": 149,
        "endColumn": 1
      },
      "rangeLength": 0,
      "text": "10:25:34 INFO  : Successfully building the baremetal application/home/nhanenten/Desktop/HW_SW/Lab2/platform_2d/zynq_fsbl/build\n10:25:34 INFO  : Generating Export directory\n10:25:34 INFO  : Platform Build Finished successfully.\n",
      "rangeOffset": 18613,
      "forceMoveMarkers": true
    }
  ],
  "eol": "\n",
  "isEolChange": false,
  "versionId": 22,
  "isUndoing": false,
  "isRedoing": false,
  "isFlush": false
} {"0":"file:///home/nhanenten/Desktop/HW_SW/Lab2/_ide/logs/vitis.log"}
2026-05-22 10:25:35 [debug] : MonacoEditorModel.markAsDirty - enter {"0":"file:///home/nhanenten/Desktop/HW_SW/Lab2/_ide/logs/vitis.log"}
2026-05-22 10:25:35 [debug] : MonacoEditorModel.markAsDirty - exit - ignoring dirty changes enabled {"0":"file:///home/nhanenten/Desktop/HW_SW/Lab2/_ide/logs/vitis.log"}
2026-05-22 10:25:35 [debug] : MonacoEditorModel.fireDidChangeContent - exit {"0":"file:///home/nhanenten/Desktop/HW_SW/Lab2/_ide/logs/vitis.log"}
2026-05-22 10:25:35 [debug] : MonacoEditorModel.doSync - exit {"0":"file:///home/nhanenten/Desktop/HW_SW/Lab2/_ide/logs/vitis.log"}
2026-05-22 10:25:37 [debug] : [ProjectDecorator] tree decoration updated 
2026-05-22 10:25:37 [debug] : [ProjectCache] Project location updated to /home/nhanenten/Desktop/HW_SW/Lab2/timer_interrupt 
2026-05-22 10:25:47 [debug] : [Build Server] Executing method:build with connection:(object). {"0":"request:","1":{"appParentPath":"/home/nhanenten/Desktop/HW_SW/Lab2","appName":"timer_interrupt","buildCfg":"","componentName":"","type":0,"buildTarget":"all","workDirPath":"","customCommand":"","containerName":"","serialBuild":true,"buildComps":false,"componentsToBuildList":[]}}
2026-05-22 10:25:47 [debug] : [Build Server] Build requested on 'timer_interrupt::' with internal id '0e3cd3d8-bd5e-43cd-836f-c16d1eb7987d'. 
2026-05-22 10:25:47 [debug] : MonacoEditorModel.fireDidChangeContent - enter - {
  "changes": [
    {
      "range": {
        "startLineNumber": 2,
        "startColumn": 1,
        "endLineNumber": 2,
        "endColumn": 31
      },
      "rangeLength": 30,
      "text": "    \"clangd.fallbackFlags\": [],\n    \"vitis.build.application –PlatformBuildDependency\": \"never\"",
      "rangeOffset": 2,
      "forceMoveMarkers": false
    }
  ],
  "eol": "\n",
  "isEolChange": false,
  "versionId": 3,
  "isUndoing": false,
  "isRedoing": false,
  "isFlush": false
} {"0":"file:///home/nhanenten/Desktop/HW_SW/Lab2/_ide/settings.json"}
2026-05-22 10:25:47 [debug] : MonacoEditorModel.markAsDirty - enter {"0":"file:///home/nhanenten/Desktop/HW_SW/Lab2/_ide/settings.json"}
2026-05-22 10:25:47 [debug] : MonacoEditorModel.cancelSync {"0":"file:///home/nhanenten/Desktop/HW_SW/Lab2/_ide/settings.json"}
2026-05-22 10:25:47 [debug] : MonacoEditorModel.markAsDirty - exit {"0":"file:///home/nhanenten/Desktop/HW_SW/Lab2/_ide/settings.json"}
2026-05-22 10:25:47 [debug] : MonacoEditorModel.fireDidChangeContent - exit {"0":"file:///home/nhanenten/Desktop/HW_SW/Lab2/_ide/settings.json"}
2026-05-22 10:25:47 [debug] : MonacoEditorModel.cancelSave {"0":"file:///home/nhanenten/Desktop/HW_SW/Lab2/_ide/settings.json"}
2026-05-22 10:25:47 [debug] : MonacoEditorModel.cancelSave {"0":"file:///home/nhanenten/Desktop/HW_SW/Lab2/_ide/settings.json"}
2026-05-22 10:25:47 [debug] : Received event from notification service: ON_DID_BUILD_START. 
2026-05-22 10:25:47 [debug] : Received event from notification service: ON_UPDATE_FLOWNAVIGATOR_STATUS. 
2026-05-22 10:25:47 [debug] : RIGEL SERVER 10:25:47 INFO  : lopper command to retarget baremetal application :empyro retarget_app -s /home/nhanenten/Desktop/HW_SW/Lab2/timer_interrupt/src -d /home/nhanenten/Desktop/HW_SW/Lab2/platform_2d/export/platform_2d/sw/standalone_ps7_cortexa9_0 -b /home/nhanenten/Desktop/HW_SW/Lab2/timer_interrupt/build
10:25:47 INFO  : bash, -c, empyro retarget_app -s /home/nhanenten/Desktop/HW_SW/Lab2/timer_interrupt/src -d /home/nhanenten/Desktop/HW_SW/Lab2/platform_2d/export/platform_2d/sw/standalone_ps7_cortexa9_0 -b /home/nhanenten/Desktop/HW_SW/Lab2/timer_interrupt/build 
2026-05-22 10:25:47 [debug] : MonacoEditorModel.cancelSync {"0":"file:///home/nhanenten/Desktop/HW_SW/Lab2/_ide/settings.json"}
2026-05-22 10:25:47 [debug] : MonacoEditorModel.cancelSave {"0":"file:///home/nhanenten/Desktop/HW_SW/Lab2/_ide/settings.json"}
2026-05-22 10:25:47 [debug] : No label for action menu node: No command "workspace:addFolder" exists. 
2026-05-22 10:25:47 [debug] : MonacoEditorModel.cancelSync {"0":"file:///home/nhanenten/Desktop/HW_SW/Lab2/_ide/logs/vitis.log"}
2026-05-22 10:25:47 [debug] : MonacoEditorModel.doSync - enter {"0":"file:///home/nhanenten/Desktop/HW_SW/Lab2/_ide/logs/vitis.log"}
2026-05-22 10:25:47 [debug] : MonacoEditorModel.cancelSync {"0":"file:///home/nhanenten/Desktop/HW_SW/Lab2/_ide/logs/vitis.log"}
2026-05-22 10:25:47 [debug] : MonacoEditorModel.doSync - exit - cancelled while looking for a resource {"0":"file:///home/nhanenten/Desktop/HW_SW/Lab2/_ide/logs/vitis.log"}
2026-05-22 10:25:47 [debug] : MonacoEditorModel.doSync - enter {"0":"file:///home/nhanenten/Desktop/HW_SW/Lab2/_ide/logs/vitis.log"}
2026-05-22 10:25:47 [debug] : MonacoEditorModel.fireDidChangeContent - enter - {
  "changes": [
    {
      "range": {
        "startLineNumber": 152,
        "startColumn": 1,
        "endLineNumber": 152,
        "endColumn": 1
      },
      "rangeLength": 0,
      "text": "10:25:47 INFO  : lopper command to retarget baremetal application :empyro retarget_app -s /home/nhanenten/Desktop/HW_SW/Lab2/timer_interrupt/src -d /home/nhanenten/Desktop/HW_SW/Lab2/platform_2d/export/platform_2d/sw/standalone_ps7_cortexa9_0 -b /home/nhanenten/Desktop/HW_SW/Lab2/timer_interrupt/build\n10:25:47 INFO  : bash, -c, empyro retarget_app -s /home/nhanenten/Desktop/HW_SW/Lab2/timer_interrupt/src -d /home/nhanenten/Desktop/HW_SW/Lab2/platform_2d/export/platform_2d/sw/standalone_ps7_cortexa9_0 -b /home/nhanenten/Desktop/HW_SW/Lab2/timer_interrupt/build\n",
      "rangeOffset": 18840,
      "forceMoveMarkers": true
    }
  ],
  "eol": "\n",
  "isEolChange": false,
  "versionId": 23,
  "isUndoing": false,
  "isRedoing": false,
  "isFlush": false
} {"0":"file:///home/nhanenten/Desktop/HW_SW/Lab2/_ide/logs/vitis.log"}
2026-05-22 10:25:47 [debug] : MonacoEditorModel.markAsDirty - enter {"0":"file:///home/nhanenten/Desktop/HW_SW/Lab2/_ide/logs/vitis.log"}
2026-05-22 10:25:47 [debug] : MonacoEditorModel.markAsDirty - exit - ignoring dirty changes enabled {"0":"file:///home/nhanenten/Desktop/HW_SW/Lab2/_ide/logs/vitis.log"}
2026-05-22 10:25:47 [debug] : MonacoEditorModel.fireDidChangeContent - exit {"0":"file:///home/nhanenten/Desktop/HW_SW/Lab2/_ide/logs/vitis.log"}
2026-05-22 10:25:47 [debug] : MonacoEditorModel.doSync - exit {"0":"file:///home/nhanenten/Desktop/HW_SW/Lab2/_ide/logs/vitis.log"}
2026-05-22 10:25:47 [debug] : RIGEL SERVER 10:25:47 INFO  : [INFO]: Retargeting app 
2026-05-22 10:25:47 [debug] : RIGEL SERVER 10:25:47 INFO  : [INFO]: Updating link libraries based on new domain
10:25:47 INFO  : Successfully retargeted Application /home/nhanenten/Desktop/HW_SW/Lab2/timer_interrupt/src 
2026-05-22 10:25:47 [debug] : RIGEL SERVER 10:25:47 INFO  : Initiating build for the timer_interrupt component. 
2026-05-22 10:25:47 [debug] : RIGEL SERVER 10:25:47 INFO  : bash, -c, empyro build_app -s /home/nhanenten/Desktop/HW_SW/Lab2/timer_interrupt/src -b /home/nhanenten/Desktop/HW_SW/Lab2/timer_interrupt/build 
2026-05-22 10:25:47 [debug] : RIGEL SERVER 10:25:47 INFO  : Command: bash -c unset CC CXX ;empyro build_app -s /home/nhanenten/Desktop/HW_SW/Lab2/timer_interrupt/src -b /home/nhanenten/Desktop/HW_SW/Lab2/timer_interrupt/build 
2026-05-22 10:25:47 [debug] : [Build Output] Build for timer_interrupt::build with id '0e3cd3d8-bd5e-43cd-836f-c16d1eb7987d' started. 
2026-05-22 10:25:47 [debug] : MonacoEditorModel.cancelSync {"0":"file:///home/nhanenten/Desktop/HW_SW/Lab2/_ide/logs/vitis.log"}
2026-05-22 10:25:47 [debug] : MonacoEditorModel.doSync - enter {"0":"file:///home/nhanenten/Desktop/HW_SW/Lab2/_ide/logs/vitis.log"}
2026-05-22 10:25:47 [debug] : MonacoEditorModel.cancelSync {"0":"file:///home/nhanenten/Desktop/HW_SW/Lab2/_ide/logs/vitis.log"}
2026-05-22 10:25:48 [debug] : MonacoEditorModel.doSync - exit - cancelled while looking for a resource {"0":"file:///home/nhanenten/Desktop/HW_SW/Lab2/_ide/logs/vitis.log"}
2026-05-22 10:25:48 [debug] : MonacoEditorModel.doSync - enter {"0":"file:///home/nhanenten/Desktop/HW_SW/Lab2/_ide/logs/vitis.log"}
2026-05-22 10:25:48 [debug] : MonacoEditorModel.fireDidChangeContent - enter - {
  "changes": [
    {
      "range": {
        "startLineNumber": 154,
        "startColumn": 1,
        "endLineNumber": 154,
        "endColumn": 1
      },
      "rangeLength": 0,
      "text": "10:25:47 INFO  : [INFO]: Retargeting app\n10:25:47 INFO  : [INFO]: Updating link libraries based on new domain\n10:25:47 INFO  : Successfully retargeted Application /home/nhanenten/Desktop/HW_SW/Lab2/timer_interrupt/src\n10:25:47 INFO  : Initiating build for the timer_interrupt component.\n10:25:47 INFO  : bash, -c, empyro build_app -s /home/nhanenten/Desktop/HW_SW/Lab2/timer_interrupt/src -b /home/nhanenten/Desktop/HW_SW/Lab2/timer_interrupt/build\n10:25:47 INFO  : Command: bash -c unset CC CXX ;empyro build_app -s /home/nhanenten/Desktop/HW_SW/Lab2/timer_interrupt/src -b /home/nhanenten/Desktop/HW_SW/Lab2/timer_interrupt/build\n",
      "rangeOffset": 19406,
      "forceMoveMarkers": true
    }
  ],
  "eol": "\n",
  "isEolChange": false,
  "versionId": 24,
  "isUndoing": false,
  "isRedoing": false,
  "isFlush": false
} {"0":"file:///home/nhanenten/Desktop/HW_SW/Lab2/_ide/logs/vitis.log"}
2026-05-22 10:25:48 [debug] : MonacoEditorModel.markAsDirty - enter {"0":"file:///home/nhanenten/Desktop/HW_SW/Lab2/_ide/logs/vitis.log"}
2026-05-22 10:25:48 [debug] : MonacoEditorModel.markAsDirty - exit - ignoring dirty changes enabled {"0":"file:///home/nhanenten/Desktop/HW_SW/Lab2/_ide/logs/vitis.log"}
2026-05-22 10:25:48 [debug] : MonacoEditorModel.fireDidChangeContent - exit {"0":"file:///home/nhanenten/Desktop/HW_SW/Lab2/_ide/logs/vitis.log"}
2026-05-22 10:25:48 [debug] : MonacoEditorModel.doSync - exit {"0":"file:///home/nhanenten/Desktop/HW_SW/Lab2/_ide/logs/vitis.log"}
2026-05-22 10:25:50 [debug] : [Build Server] Build completed on 'timer_interrupt::' with internal id '0e3cd3d8-bd5e-43cd-836f-c16d1eb7987d'. 
2026-05-22 10:25:50 [debug] : [Build Server] Build status event - label: timer_interrupt::, status_code:0, status_details:. 
2026-05-22 10:25:50 [debug] : [Build Server] Build output steam finished on 'timer_interrupt::' with internal id '0e3cd3d8-bd5e-43cd-836f-c16d1eb7987d'. 
2026-05-22 10:25:50 [info] : [Build Server] Build output stream finished - timer_interrupt::. 
2026-05-22 10:25:50 [debug] : [Workspace Service] Attempting to restart clangd - unimplemented 
2026-05-22 10:25:50 [debug] : Received event from notification service: ON_DID_UPDATE_COMPILE_COMMAND. 
2026-05-22 10:25:50 [debug] : [Build Output] Build for timer_interrupt::build with id '0e3cd3d8-bd5e-43cd-836f-c16d1eb7987d' completed. 
2026-05-22 10:25:50 [debug] : [Build Output] Deleting and canceling the build task with id '0e3cd3d8-bd5e-43cd-836f-c16d1eb7987d'. 
2026-05-22 10:25:50 [debug] : Received event from notification service: ON_DID_BUILD_STOP. 
2026-05-22 10:25:50 [debug] : Received event from notification service: ON_UPDATE_FLOWNAVIGATOR_STATUS. 
2026-05-22 10:26:00 [debug] : start navigation 1 
2026-05-22 10:26:00 [debug] : start navigation 2 
2026-05-22 10:26:00 [debug] : end navigation 1 
2026-05-22 10:26:00 [debug] : end navigation 0 
2026-05-22 10:26:00 [debug] : ending navigation with location {"uri":"file:///home/nhanenten/Desktop/HW_SW/Lab2/timer_interrupt/src/main.c","type":1,"context":{"start":{"line":0,"character":0},"end":{"line":0,"character":0}}} 
2026-05-22 10:26:00 [debug] : start navigation 1 
2026-05-22 10:26:00 [debug] : start navigation 2 
2026-05-22 10:26:01 [debug] : start navigation 3 
2026-05-22 10:26:01 [debug] : end navigation 2 
2026-05-22 10:26:01 [debug] : end navigation 1 
2026-05-22 10:26:01 [debug] : end navigation 0 
2026-05-22 10:26:01 [debug] : ending navigation with location {"uri":"file:///home/nhanenten/Desktop/HW_SW/Lab2/timer_interrupt/src/main.c","type":1,"context":{"start":{"line":0,"character":0},"end":{"line":0,"character":0}}} 
2026-05-22 10:26:04 [debug] : start navigation 1 
2026-05-22 10:26:04 [debug] : end navigation 0 
2026-05-22 10:26:05 [debug] : start navigation 1 
2026-05-22 10:26:05 [debug] : start navigation 2 
2026-05-22 10:26:05 [debug] : end navigation 1 
2026-05-22 10:26:05 [debug] : start navigation 2 
2026-05-22 10:26:05 [debug] : end navigation 1 
2026-05-22 10:26:05 [debug] : end navigation 0 
2026-05-22 10:26:05 [debug] : ending navigation with location {"uri":"file:///home/nhanenten/Desktop/HW_SW/Lab2/timer_interrupt/src/main.c","type":1,"context":{"start":{"line":1,"character":9},"end":{"line":1,"character":23}}} 
2026-05-22 10:26:05 [debug] : TypeError: Cannot read properties of undefined (reading 'replace')
    at ee.onActiveLinesChanged (/home/nhanenten/2025.2/Vitis/ide/electron-app/lnx64/resources/app/plugins/eamodio-gitlens/extension/dist/gitlens.js:35:1404)
    at Te.<computed> (/home/nhanenten/2025.2/Vitis/ide/electron-app/lnx64/resources/app/plugins/eamodio-gitlens/extension/dist/gitlens.js:209:4816)
    at /home/nhanenten/2025.2/Vitis/ide/electron-app/lnx64/resources/app/lib/backend/69.js:2:126060
    at s.invoke (/home/nhanenten/2025.2/Vitis/ide/electron-app/lnx64/resources/app/lib/backend/69.js:2:126149)
    at a.fire (/home/nhanenten/2025.2/Vitis/ide/electron-app/lnx64/resources/app/lib/backend/69.js:2:127948)
    at Ji.fireLinesChanged (/home/nhanenten/2025.2/Vitis/ide/electron-app/lnx64/resources/app/plugins/eamodio-gitlens/extension/dist/gitlens.js:39:6138)
    at Ji.fireLinesChanged (/home/nhanenten/2025.2/Vitis/ide/electron-app/lnx64/resources/app/plugins/eamodio-gitlens/extension/dist/gitlens.js:39:8100)
    at Ji.onLinesChanged (/home/nhanenten/2025.2/Vitis/ide/electron-app/lnx64/resources/app/plugins/eamodio-gitlens/extension/dist/gitlens.js:39:6753)
    at Ji.trigger (/home/nhanenten/2025.2/Vitis/ide/electron-app/lnx64/resources/app/plugins/eamodio-gitlens/extension/dist/gitlens.js:39:6162)
    at Ji.onTextEditorSelectionChanged (/home/nhanenten/2025.2/Vitis/ide/electron-app/lnx64/resources/app/plugins/eamodio-gitlens/extension/dist/gitlens.js:39:4322)
    at /home/nhanenten/2025.2/Vitis/ide/electron-app/lnx64/resources/app/lib/backend/69.js:2:126060
    at s.invoke (/home/nhanenten/2025.2/Vitis/ide/electron-app/lnx64/resources/app/lib/backend/69.js:2:126149)
    at a.fire (/home/nhanenten/2025.2/Vitis/ide/electron-app/lnx64/resources/app/lib/backend/69.js:2:127948)
    at t.TextEditorsExtImpl.$acceptEditorPropertiesChanged (/home/nhanenten/2025.2/Vitis/ide/electron-app/lnx64/resources/app/lib/backend/36.js:1:215504)
    at t.RPCProtocolImpl.handleRequest (/home/nhanenten/2025.2/Vitis/ide/electron-app/lnx64/resources/app/lib/backend/366.js:1:153425)
    at c.requestHandler (/home/nhanenten/2025.2/Vitis/ide/electron-app/lnx64/resources/app/lib/backend/366.js:1:153001) 
2026-05-22 10:26:06 [debug] : start navigation 1 
2026-05-22 10:26:06 [debug] : start navigation 2 
2026-05-22 10:26:06 [debug] : start navigation 3 
2026-05-22 10:26:06 [debug] : end navigation 2 
2026-05-22 10:26:06 [debug] : start navigation 3 
2026-05-22 10:26:06 [debug] : end navigation 2 
2026-05-22 10:26:06 [debug] : end navigation 1 
2026-05-22 10:26:06 [debug] : start navigation 2 
2026-05-22 10:26:06 [debug] : end navigation 1 
2026-05-22 10:26:06 [debug] : start navigation 2 
2026-05-22 10:26:06 [debug] : end navigation 1 
2026-05-22 10:26:06 [debug] : end navigation 0 
2026-05-22 10:26:06 [debug] : ending navigation with location {"uri":"file:///home/nhanenten/Desktop/HW_SW/Lab2/timer_interrupt/src/main.c","type":1,"context":{"start":{"line":1,"character":9},"end":{"line":1,"character":23}}} 
2026-05-22 10:26:07 [debug] : start navigation 1 
2026-05-22 10:26:07 [debug] : start navigation 2 
2026-05-22 10:26:07 [debug] : end navigation 1 
2026-05-22 10:26:07 [debug] : start navigation 2 
2026-05-22 10:26:07 [debug] : end navigation 1 
2026-05-22 10:26:07 [debug] : end navigation 0 
2026-05-22 10:26:07 [debug] : ending navigation with location {"uri":"file:///home/nhanenten/Desktop/HW_SW/Lab2/timer_interrupt/src/main.c","type":1,"context":{"start":{"line":27,"character":0},"end":{"line":27,"character":5}}} 
2026-05-22 10:26:07 [debug] : TypeError: Cannot read properties of undefined (reading 'replace')
    at ee.onActiveLinesChanged (/home/nhanenten/2025.2/Vitis/ide/electron-app/lnx64/resources/app/plugins/eamodio-gitlens/extension/dist/gitlens.js:35:1404)
    at Te.<computed> (/home/nhanenten/2025.2/Vitis/ide/electron-app/lnx64/resources/app/plugins/eamodio-gitlens/extension/dist/gitlens.js:209:4816)
    at /home/nhanenten/2025.2/Vitis/ide/electron-app/lnx64/resources/app/lib/backend/69.js:2:126060
    at s.invoke (/home/nhanenten/2025.2/Vitis/ide/electron-app/lnx64/resources/app/lib/backend/69.js:2:126149)
    at a.fire (/home/nhanenten/2025.2/Vitis/ide/electron-app/lnx64/resources/app/lib/backend/69.js:2:127948)
    at Ji.fireLinesChanged (/home/nhanenten/2025.2/Vitis/ide/electron-app/lnx64/resources/app/plugins/eamodio-gitlens/extension/dist/gitlens.js:39:6138)
    at Ji.fireLinesChanged (/home/nhanenten/2025.2/Vitis/ide/electron-app/lnx64/resources/app/plugins/eamodio-gitlens/extension/dist/gitlens.js:39:8100)
    at Ji.onLinesChanged (/home/nhanenten/2025.2/Vitis/ide/electron-app/lnx64/resources/app/plugins/eamodio-gitlens/extension/dist/gitlens.js:39:6753)
    at Ji.trigger (/home/nhanenten/2025.2/Vitis/ide/electron-app/lnx64/resources/app/plugins/eamodio-gitlens/extension/dist/gitlens.js:39:6162)
    at Ji.onTextEditorSelectionChanged (/home/nhanenten/2025.2/Vitis/ide/electron-app/lnx64/resources/app/plugins/eamodio-gitlens/extension/dist/gitlens.js:39:4322)
    at /home/nhanenten/2025.2/Vitis/ide/electron-app/lnx64/resources/app/lib/backend/69.js:2:126060
    at s.invoke (/home/nhanenten/2025.2/Vitis/ide/electron-app/lnx64/resources/app/lib/backend/69.js:2:126149)
    at a.fire (/home/nhanenten/2025.2/Vitis/ide/electron-app/lnx64/resources/app/lib/backend/69.js:2:127948)
    at t.TextEditorsExtImpl.$acceptEditorPropertiesChanged (/home/nhanenten/2025.2/Vitis/ide/electron-app/lnx64/resources/app/lib/backend/36.js:1:215504)
    at t.RPCProtocolImpl.handleRequest (/home/nhanenten/2025.2/Vitis/ide/electron-app/lnx64/resources/app/lib/backend/366.js:1:153425)
    at c.requestHandler (/home/nhanenten/2025.2/Vitis/ide/electron-app/lnx64/resources/app/lib/backend/366.js:1:153001) 
2026-05-22 10:26:07 [debug] : start navigation 1 
2026-05-22 10:26:07 [debug] : start navigation 2 
2026-05-22 10:26:07 [debug] : start navigation 3 
2026-05-22 10:26:07 [debug] : end navigation 2 
2026-05-22 10:26:07 [debug] : start navigation 3 
2026-05-22 10:26:07 [debug] : end navigation 2 
2026-05-22 10:26:07 [debug] : end navigation 1 
2026-05-22 10:26:07 [debug] : start navigation 2 
2026-05-22 10:26:07 [debug] : end navigation 1 
2026-05-22 10:26:07 [debug] : start navigation 2 
2026-05-22 10:26:07 [debug] : end navigation 1 
2026-05-22 10:26:07 [debug] : end navigation 0 
2026-05-22 10:26:07 [debug] : ending navigation with location {"uri":"file:///home/nhanenten/Desktop/HW_SW/Lab2/timer_interrupt/src/main.c","type":1,"context":{"start":{"line":27,"character":0},"end":{"line":27,"character":5}}} 
2026-05-22 10:26:08 [debug] : start navigation 1 
2026-05-22 10:26:08 [debug] : start navigation 2 
2026-05-22 10:26:08 [debug] : end navigation 1 
2026-05-22 10:26:08 [debug] : start navigation 2 
2026-05-22 10:26:08 [debug] : end navigation 1 
2026-05-22 10:26:08 [debug] : end navigation 0 
2026-05-22 10:26:08 [debug] : ending navigation with location {"uri":"file:///home/nhanenten/Desktop/HW_SW/Lab2/timer_interrupt/src/main.c","type":1,"context":{"start":{"line":29,"character":0},"end":{"line":29,"character":7}}} 
2026-05-22 10:26:08 [debug] : TypeError: Cannot read properties of undefined (reading 'replace')
    at ee.onActiveLinesChanged (/home/nhanenten/2025.2/Vitis/ide/electron-app/lnx64/resources/app/plugins/eamodio-gitlens/extension/dist/gitlens.js:35:1404)
    at Te.<computed> (/home/nhanenten/2025.2/Vitis/ide/electron-app/lnx64/resources/app/plugins/eamodio-gitlens/extension/dist/gitlens.js:209:4816)
    at /home/nhanenten/2025.2/Vitis/ide/electron-app/lnx64/resources/app/lib/backend/69.js:2:126060
    at s.invoke (/home/nhanenten/2025.2/Vitis/ide/electron-app/lnx64/resources/app/lib/backend/69.js:2:126149)
    at a.fire (/home/nhanenten/2025.2/Vitis/ide/electron-app/lnx64/resources/app/lib/backend/69.js:2:127948)
    at Ji.fireLinesChanged (/home/nhanenten/2025.2/Vitis/ide/electron-app/lnx64/resources/app/plugins/eamodio-gitlens/extension/dist/gitlens.js:39:6138)
    at Ji.fireLinesChanged (/home/nhanenten/2025.2/Vitis/ide/electron-app/lnx64/resources/app/plugins/eamodio-gitlens/extension/dist/gitlens.js:39:8100)
    at Ji.onLinesChanged (/home/nhanenten/2025.2/Vitis/ide/electron-app/lnx64/resources/app/plugins/eamodio-gitlens/extension/dist/gitlens.js:39:6753)
    at Ji.trigger (/home/nhanenten/2025.2/Vitis/ide/electron-app/lnx64/resources/app/plugins/eamodio-gitlens/extension/dist/gitlens.js:39:6162)
    at Ji.onTextEditorSelectionChanged (/home/nhanenten/2025.2/Vitis/ide/electron-app/lnx64/resources/app/plugins/eamodio-gitlens/extension/dist/gitlens.js:39:4322)
    at /home/nhanenten/2025.2/Vitis/ide/electron-app/lnx64/resources/app/lib/backend/69.js:2:126060
    at s.invoke (/home/nhanenten/2025.2/Vitis/ide/electron-app/lnx64/resources/app/lib/backend/69.js:2:126149)
    at a.fire (/home/nhanenten/2025.2/Vitis/ide/electron-app/lnx64/resources/app/lib/backend/69.js:2:127948)
    at t.TextEditorsExtImpl.$acceptEditorPropertiesChanged (/home/nhanenten/2025.2/Vitis/ide/electron-app/lnx64/resources/app/lib/backend/36.js:1:215504)
    at t.RPCProtocolImpl.handleRequest (/home/nhanenten/2025.2/Vitis/ide/electron-app/lnx64/resources/app/lib/backend/366.js:1:153425)
    at c.requestHandler (/home/nhanenten/2025.2/Vitis/ide/electron-app/lnx64/resources/app/lib/backend/366.js:1:153001) 
2026-05-22 10:26:11 [debug] : start navigation 1 
2026-05-22 10:26:11 [debug] : start navigation 2 
2026-05-22 10:26:11 [debug] : end navigation 1 
2026-05-22 10:26:11 [debug] : end navigation 0 
2026-05-22 10:26:11 [debug] : ending navigation with location {"uri":"file:///home/nhanenten/Desktop/HW_SW/Lab2/timer_interrupt/src/main.c","type":0,"context":{"line":0,"character":0}} 
2026-05-22 10:26:11 [debug] : TypeError: Cannot read properties of undefined (reading 'replace')
    at ee.onActiveLinesChanged (/home/nhanenten/2025.2/Vitis/ide/electron-app/lnx64/resources/app/plugins/eamodio-gitlens/extension/dist/gitlens.js:35:1404)
    at Te.<computed> (/home/nhanenten/2025.2/Vitis/ide/electron-app/lnx64/resources/app/plugins/eamodio-gitlens/extension/dist/gitlens.js:209:4816)
    at /home/nhanenten/2025.2/Vitis/ide/electron-app/lnx64/resources/app/lib/backend/69.js:2:126060
    at s.invoke (/home/nhanenten/2025.2/Vitis/ide/electron-app/lnx64/resources/app/lib/backend/69.js:2:126149)
    at a.fire (/home/nhanenten/2025.2/Vitis/ide/electron-app/lnx64/resources/app/lib/backend/69.js:2:127948)
    at Ji.fireLinesChanged (/home/nhanenten/2025.2/Vitis/ide/electron-app/lnx64/resources/app/plugins/eamodio-gitlens/extension/dist/gitlens.js:39:6138)
    at Ji.fireLinesChanged (/home/nhanenten/2025.2/Vitis/ide/electron-app/lnx64/resources/app/plugins/eamodio-gitlens/extension/dist/gitlens.js:39:8100)
    at Ji.onLinesChanged (/home/nhanenten/2025.2/Vitis/ide/electron-app/lnx64/resources/app/plugins/eamodio-gitlens/extension/dist/gitlens.js:39:6753)
    at Ji.trigger (/home/nhanenten/2025.2/Vitis/ide/electron-app/lnx64/resources/app/plugins/eamodio-gitlens/extension/dist/gitlens.js:39:6162)
    at Ji.onTextEditorSelectionChanged (/home/nhanenten/2025.2/Vitis/ide/electron-app/lnx64/resources/app/plugins/eamodio-gitlens/extension/dist/gitlens.js:39:4322)
    at /home/nhanenten/2025.2/Vitis/ide/electron-app/lnx64/resources/app/lib/backend/69.js:2:126060
    at s.invoke (/home/nhanenten/2025.2/Vitis/ide/electron-app/lnx64/resources/app/lib/backend/69.js:2:126149)
    at a.fire (/home/nhanenten/2025.2/Vitis/ide/electron-app/lnx64/resources/app/lib/backend/69.js:2:127948)
    at t.TextEditorsExtImpl.$acceptEditorPropertiesChanged (/home/nhanenten/2025.2/Vitis/ide/electron-app/lnx64/resources/app/lib/backend/36.js:1:215504)
    at t.RPCProtocolImpl.handleRequest (/home/nhanenten/2025.2/Vitis/ide/electron-app/lnx64/resources/app/lib/backend/366.js:1:153425)
    at c.requestHandler (/home/nhanenten/2025.2/Vitis/ide/electron-app/lnx64/resources/app/lib/backend/366.js:1:153001) 
2026-05-22 10:26:12 [debug] : start navigation 1 
2026-05-22 10:26:12 [debug] : end navigation 0 
2026-05-22 10:26:12 [debug] : start navigation 1 
2026-05-22 10:26:12 [debug] : end navigation 0 
2026-05-22 10:26:13 [debug] : start navigation 1 
2026-05-22 10:26:13 [debug] : start navigation 2 
2026-05-22 10:26:13 [debug] : end navigation 1 
2026-05-22 10:26:13 [debug] : start navigation 2 
2026-05-22 10:26:13 [debug] : end navigation 1 
2026-05-22 10:26:13 [debug] : end navigation 0 
2026-05-22 10:26:13 [debug] : ending navigation with location {"uri":"file:///home/nhanenten/Desktop/HW_SW/Lab2/timer_interrupt/src/main.c","type":1,"context":{"start":{"line":1,"character":9},"end":{"line":1,"character":23}}} 
2026-05-22 10:26:13 [debug] : TypeError: Cannot read properties of undefined (reading 'replace')
    at ee.onActiveLinesChanged (/home/nhanenten/2025.2/Vitis/ide/electron-app/lnx64/resources/app/plugins/eamodio-gitlens/extension/dist/gitlens.js:35:1404)
    at Te.<computed> (/home/nhanenten/2025.2/Vitis/ide/electron-app/lnx64/resources/app/plugins/eamodio-gitlens/extension/dist/gitlens.js:209:4816)
    at /home/nhanenten/2025.2/Vitis/ide/electron-app/lnx64/resources/app/lib/backend/69.js:2:126060
    at s.invoke (/home/nhanenten/2025.2/Vitis/ide/electron-app/lnx64/resources/app/lib/backend/69.js:2:126149)
    at a.fire (/home/nhanenten/2025.2/Vitis/ide/electron-app/lnx64/resources/app/lib/backend/69.js:2:127948)
    at Ji.fireLinesChanged (/home/nhanenten/2025.2/Vitis/ide/electron-app/lnx64/resources/app/plugins/eamodio-gitlens/extension/dist/gitlens.js:39:6138)
    at Ji.fireLinesChanged (/home/nhanenten/2025.2/Vitis/ide/electron-app/lnx64/resources/app/plugins/eamodio-gitlens/extension/dist/gitlens.js:39:8100)
    at Ji.onLinesChanged (/home/nhanenten/2025.2/Vitis/ide/electron-app/lnx64/resources/app/plugins/eamodio-gitlens/extension/dist/gitlens.js:39:6753)
    at Ji.trigger (/home/nhanenten/2025.2/Vitis/ide/electron-app/lnx64/resources/app/plugins/eamodio-gitlens/extension/dist/gitlens.js:39:6162)
    at Ji.onTextEditorSelectionChanged (/home/nhanenten/2025.2/Vitis/ide/electron-app/lnx64/resources/app/plugins/eamodio-gitlens/extension/dist/gitlens.js:39:4322)
    at /home/nhanenten/2025.2/Vitis/ide/electron-app/lnx64/resources/app/lib/backend/69.js:2:126060
    at s.invoke (/home/nhanenten/2025.2/Vitis/ide/electron-app/lnx64/resources/app/lib/backend/69.js:2:126149)
    at a.fire (/home/nhanenten/2025.2/Vitis/ide/electron-app/lnx64/resources/app/lib/backend/69.js:2:127948)
    at t.TextEditorsExtImpl.$acceptEditorPropertiesChanged (/home/nhanenten/2025.2/Vitis/ide/electron-app/lnx64/resources/app/lib/backend/36.js:1:215504)
    at t.RPCProtocolImpl.handleRequest (/home/nhanenten/2025.2/Vitis/ide/electron-app/lnx64/resources/app/lib/backend/366.js:1:153425)
    at c.requestHandler (/home/nhanenten/2025.2/Vitis/ide/electron-app/lnx64/resources/app/lib/backend/366.js:1:153001) 
2026-05-22 10:26:13 [debug] : start navigation 1 
2026-05-22 10:26:13 [debug] : start navigation 2 
2026-05-22 10:26:13 [debug] : start navigation 3 
2026-05-22 10:26:13 [debug] : end navigation 2 
2026-05-22 10:26:13 [debug] : start navigation 3 
2026-05-22 10:26:13 [debug] : end navigation 2 
2026-05-22 10:26:13 [debug] : end navigation 1 
2026-05-22 10:26:13 [debug] : start navigation 2 
2026-05-22 10:26:13 [debug] : end navigation 1 
2026-05-22 10:26:13 [debug] : start navigation 2 
2026-05-22 10:26:13 [debug] : end navigation 1 
2026-05-22 10:26:13 [debug] : end navigation 0 
2026-05-22 10:26:13 [debug] : ending navigation with location {"uri":"file:///home/nhanenten/Desktop/HW_SW/Lab2/timer_interrupt/src/main.c","type":1,"context":{"start":{"line":1,"character":9},"end":{"line":1,"character":23}}} 
2026-05-22 10:26:14 [debug] : start navigation 1 
2026-05-22 10:26:14 [debug] : start navigation 2 
2026-05-22 10:26:14 [debug] : end navigation 1 
2026-05-22 10:26:14 [debug] : end navigation 0 
2026-05-22 10:26:14 [debug] : ending navigation with location {"uri":"file:///home/nhanenten/Desktop/HW_SW/Lab2/timer_interrupt/src/main.c","type":0,"context":{"line":0,"character":0}} 
2026-05-22 10:26:14 [debug] : TypeError: Cannot read properties of undefined (reading 'replace')
    at ee.onActiveLinesChanged (/home/nhanenten/2025.2/Vitis/ide/electron-app/lnx64/resources/app/plugins/eamodio-gitlens/extension/dist/gitlens.js:35:1404)
    at Te.<computed> (/home/nhanenten/2025.2/Vitis/ide/electron-app/lnx64/resources/app/plugins/eamodio-gitlens/extension/dist/gitlens.js:209:4816)
    at /home/nhanenten/2025.2/Vitis/ide/electron-app/lnx64/resources/app/lib/backend/69.js:2:126060
    at s.invoke (/home/nhanenten/2025.2/Vitis/ide/electron-app/lnx64/resources/app/lib/backend/69.js:2:126149)
    at a.fire (/home/nhanenten/2025.2/Vitis/ide/electron-app/lnx64/resources/app/lib/backend/69.js:2:127948)
    at Ji.fireLinesChanged (/home/nhanenten/2025.2/Vitis/ide/electron-app/lnx64/resources/app/plugins/eamodio-gitlens/extension/dist/gitlens.js:39:6138)
    at Ji.fireLinesChanged (/home/nhanenten/2025.2/Vitis/ide/electron-app/lnx64/resources/app/plugins/eamodio-gitlens/extension/dist/gitlens.js:39:8100)
    at Ji.onLinesChanged (/home/nhanenten/2025.2/Vitis/ide/electron-app/lnx64/resources/app/plugins/eamodio-gitlens/extension/dist/gitlens.js:39:6753)
    at Ji.trigger (/home/nhanenten/2025.2/Vitis/ide/electron-app/lnx64/resources/app/plugins/eamodio-gitlens/extension/dist/gitlens.js:39:6162)
    at Ji.onTextEditorSelectionChanged (/home/nhanenten/2025.2/Vitis/ide/electron-app/lnx64/resources/app/plugins/eamodio-gitlens/extension/dist/gitlens.js:39:4322)
    at /home/nhanenten/2025.2/Vitis/ide/electron-app/lnx64/resources/app/lib/backend/69.js:2:126060
    at s.invoke (/home/nhanenten/2025.2/Vitis/ide/electron-app/lnx64/resources/app/lib/backend/69.js:2:126149)
    at a.fire (/home/nhanenten/2025.2/Vitis/ide/electron-app/lnx64/resources/app/lib/backend/69.js:2:127948)
    at t.TextEditorsExtImpl.$acceptEditorPropertiesChanged (/home/nhanenten/2025.2/Vitis/ide/electron-app/lnx64/resources/app/lib/backend/36.js:1:215504)
    at t.RPCProtocolImpl.handleRequest (/home/nhanenten/2025.2/Vitis/ide/electron-app/lnx64/resources/app/lib/backend/366.js:1:153425)
    at c.requestHandler (/home/nhanenten/2025.2/Vitis/ide/electron-app/lnx64/resources/app/lib/backend/366.js:1:153001) 
2026-05-22 10:26:14 [debug] : start navigation 1 
2026-05-22 10:26:14 [debug] : start navigation 2 
2026-05-22 10:26:14 [debug] : end navigation 1 
2026-05-22 10:26:14 [debug] : end navigation 0 
2026-05-22 10:27:04 [debug] : start navigation 1 
2026-05-22 10:27:04 [debug] : end navigation 0 
2026-05-22 10:27:04 [debug] : ending navigation with location {"uri":"file:///home/nhanenten/Desktop/HW_SW/Lab2/timer_interrupt/src/main.c","type":0,"context":{"line":20,"character":27}} 
2026-05-22 10:27:04 [debug] : TypeError: Cannot read properties of undefined (reading 'replace')
    at ee.onActiveLinesChanged (/home/nhanenten/2025.2/Vitis/ide/electron-app/lnx64/resources/app/plugins/eamodio-gitlens/extension/dist/gitlens.js:35:1404)
    at Te.<computed> (/home/nhanenten/2025.2/Vitis/ide/electron-app/lnx64/resources/app/plugins/eamodio-gitlens/extension/dist/gitlens.js:209:4816)
    at /home/nhanenten/2025.2/Vitis/ide/electron-app/lnx64/resources/app/lib/backend/69.js:2:126060
    at s.invoke (/home/nhanenten/2025.2/Vitis/ide/electron-app/lnx64/resources/app/lib/backend/69.js:2:126149)
    at a.fire (/home/nhanenten/2025.2/Vitis/ide/electron-app/lnx64/resources/app/lib/backend/69.js:2:127948)
    at Ji.fireLinesChanged (/home/nhanenten/2025.2/Vitis/ide/electron-app/lnx64/resources/app/plugins/eamodio-gitlens/extension/dist/gitlens.js:39:6138)
    at Ji.fireLinesChanged (/home/nhanenten/2025.2/Vitis/ide/electron-app/lnx64/resources/app/plugins/eamodio-gitlens/extension/dist/gitlens.js:39:8100)
    at Ji.onLinesChanged (/home/nhanenten/2025.2/Vitis/ide/electron-app/lnx64/resources/app/plugins/eamodio-gitlens/extension/dist/gitlens.js:39:6753)
    at Ji.trigger (/home/nhanenten/2025.2/Vitis/ide/electron-app/lnx64/resources/app/plugins/eamodio-gitlens/extension/dist/gitlens.js:39:6162)
    at Ji.onTextEditorSelectionChanged (/home/nhanenten/2025.2/Vitis/ide/electron-app/lnx64/resources/app/plugins/eamodio-gitlens/extension/dist/gitlens.js:39:4322)
    at /home/nhanenten/2025.2/Vitis/ide/electron-app/lnx64/resources/app/lib/backend/69.js:2:126060
    at s.invoke (/home/nhanenten/2025.2/Vitis/ide/electron-app/lnx64/resources/app/lib/backend/69.js:2:126149)
    at a.fire (/home/nhanenten/2025.2/Vitis/ide/electron-app/lnx64/resources/app/lib/backend/69.js:2:127948)
    at t.TextEditorsExtImpl.$acceptEditorPropertiesChanged (/home/nhanenten/2025.2/Vitis/ide/electron-app/lnx64/resources/app/lib/backend/36.js:1:215504)
    at t.RPCProtocolImpl.handleRequest (/home/nhanenten/2025.2/Vitis/ide/electron-app/lnx64/resources/app/lib/backend/366.js:1:153425)
    at c.requestHandler (/home/nhanenten/2025.2/Vitis/ide/electron-app/lnx64/resources/app/lib/backend/366.js:1:153001) 
2026-05-22 10:27:05 [debug] : start navigation 1 
2026-05-22 10:27:05 [debug] : end navigation 0 
2026-05-22 10:27:05 [debug] : ending navigation with location {"uri":"file:///home/nhanenten/Desktop/HW_SW/Lab2/timer_interrupt/src/main.c","type":0,"context":{"line":14,"character":0}} 
2026-05-22 10:27:05 [debug] : TypeError: Cannot read properties of undefined (reading 'replace')
    at ee.onActiveLinesChanged (/home/nhanenten/2025.2/Vitis/ide/electron-app/lnx64/resources/app/plugins/eamodio-gitlens/extension/dist/gitlens.js:35:1404)
    at Te.<computed> (/home/nhanenten/2025.2/Vitis/ide/electron-app/lnx64/resources/app/plugins/eamodio-gitlens/extension/dist/gitlens.js:209:4816)
    at /home/nhanenten/2025.2/Vitis/ide/electron-app/lnx64/resources/app/lib/backend/69.js:2:126060
    at s.invoke (/home/nhanenten/2025.2/Vitis/ide/electron-app/lnx64/resources/app/lib/backend/69.js:2:126149)
    at a.fire (/home/nhanenten/2025.2/Vitis/ide/electron-app/lnx64/resources/app/lib/backend/69.js:2:127948)
    at Ji.fireLinesChanged (/home/nhanenten/2025.2/Vitis/ide/electron-app/lnx64/resources/app/plugins/eamodio-gitlens/extension/dist/gitlens.js:39:6138)
    at Ji.fireLinesChanged (/home/nhanenten/2025.2/Vitis/ide/electron-app/lnx64/resources/app/plugins/eamodio-gitlens/extension/dist/gitlens.js:39:8100)
    at Ji.onLinesChanged (/home/nhanenten/2025.2/Vitis/ide/electron-app/lnx64/resources/app/plugins/eamodio-gitlens/extension/dist/gitlens.js:39:6753)
    at Ji.trigger (/home/nhanenten/2025.2/Vitis/ide/electron-app/lnx64/resources/app/plugins/eamodio-gitlens/extension/dist/gitlens.js:39:6162)
    at Ji.onTextEditorSelectionChanged (/home/nhanenten/2025.2/Vitis/ide/electron-app/lnx64/resources/app/plugins/eamodio-gitlens/extension/dist/gitlens.js:39:4322)
    at /home/nhanenten/2025.2/Vitis/ide/electron-app/lnx64/resources/app/lib/backend/69.js:2:126060
    at s.invoke (/home/nhanenten/2025.2/Vitis/ide/electron-app/lnx64/resources/app/lib/backend/69.js:2:126149)
    at a.fire (/home/nhanenten/2025.2/Vitis/ide/electron-app/lnx64/resources/app/lib/backend/69.js:2:127948)
    at t.TextEditorsExtImpl.$acceptEditorPropertiesChanged (/home/nhanenten/2025.2/Vitis/ide/electron-app/lnx64/resources/app/lib/backend/36.js:1:215504)
    at t.RPCProtocolImpl.handleRequest (/home/nhanenten/2025.2/Vitis/ide/electron-app/lnx64/resources/app/lib/backend/366.js:1:153425)
    at c.requestHandler (/home/nhanenten/2025.2/Vitis/ide/electron-app/lnx64/resources/app/lib/backend/366.js:1:153001) 
2026-05-22 10:27:06 [debug] : start navigation 1 
2026-05-22 10:27:06 [debug] : end navigation 0 
2026-05-22 10:27:06 [debug] : ending navigation with location {"uri":"file:///home/nhanenten/Desktop/HW_SW/Lab2/timer_interrupt/src/main.c","type":0,"context":{"line":10,"character":49}} 
2026-05-22 10:27:06 [debug] : TypeError: Cannot read properties of undefined (reading 'replace')
    at ee.onActiveLinesChanged (/home/nhanenten/2025.2/Vitis/ide/electron-app/lnx64/resources/app/plugins/eamodio-gitlens/extension/dist/gitlens.js:35:1404)
    at Te.<computed> (/home/nhanenten/2025.2/Vitis/ide/electron-app/lnx64/resources/app/plugins/eamodio-gitlens/extension/dist/gitlens.js:209:4816)
    at /home/nhanenten/2025.2/Vitis/ide/electron-app/lnx64/resources/app/lib/backend/69.js:2:126060
    at s.invoke (/home/nhanenten/2025.2/Vitis/ide/electron-app/lnx64/resources/app/lib/backend/69.js:2:126149)
    at a.fire (/home/nhanenten/2025.2/Vitis/ide/electron-app/lnx64/resources/app/lib/backend/69.js:2:127948)
    at Ji.fireLinesChanged (/home/nhanenten/2025.2/Vitis/ide/electron-app/lnx64/resources/app/plugins/eamodio-gitlens/extension/dist/gitlens.js:39:6138)
    at Ji.fireLinesChanged (/home/nhanenten/2025.2/Vitis/ide/electron-app/lnx64/resources/app/plugins/eamodio-gitlens/extension/dist/gitlens.js:39:8100)
    at Ji.onLinesChanged (/home/nhanenten/2025.2/Vitis/ide/electron-app/lnx64/resources/app/plugins/eamodio-gitlens/extension/dist/gitlens.js:39:6753)
    at Ji.trigger (/home/nhanenten/2025.2/Vitis/ide/electron-app/lnx64/resources/app/plugins/eamodio-gitlens/extension/dist/gitlens.js:39:6162)
    at Ji.onTextEditorSelectionChanged (/home/nhanenten/2025.2/Vitis/ide/electron-app/lnx64/resources/app/plugins/eamodio-gitlens/extension/dist/gitlens.js:39:4322)
    at /home/nhanenten/2025.2/Vitis/ide/electron-app/lnx64/resources/app/lib/backend/69.js:2:126060
    at s.invoke (/home/nhanenten/2025.2/Vitis/ide/electron-app/lnx64/resources/app/lib/backend/69.js:2:126149)
    at a.fire (/home/nhanenten/2025.2/Vitis/ide/electron-app/lnx64/resources/app/lib/backend/69.js:2:127948)
    at t.TextEditorsExtImpl.$acceptEditorPropertiesChanged (/home/nhanenten/2025.2/Vitis/ide/electron-app/lnx64/resources/app/lib/backend/36.js:1:215504)
    at t.RPCProtocolImpl.handleRequest (/home/nhanenten/2025.2/Vitis/ide/electron-app/lnx64/resources/app/lib/backend/366.js:1:153425)
    at c.requestHandler (/home/nhanenten/2025.2/Vitis/ide/electron-app/lnx64/resources/app/lib/backend/366.js:1:153001) 
2026-05-22 10:27:06 [debug] : start navigation 1 
2026-05-22 10:27:06 [debug] : end navigation 0 
2026-05-22 10:27:06 [debug] : ending navigation with location {"uri":"file:///home/nhanenten/Desktop/HW_SW/Lab2/timer_interrupt/src/main.c","type":0,"context":{"line":15,"character":39}} 
2026-05-22 10:27:06 [debug] : TypeError: Cannot read properties of undefined (reading 'replace')
    at ee.onActiveLinesChanged (/home/nhanenten/2025.2/Vitis/ide/electron-app/lnx64/resources/app/plugins/eamodio-gitlens/extension/dist/gitlens.js:35:1404)
    at Te.<computed> (/home/nhanenten/2025.2/Vitis/ide/electron-app/lnx64/resources/app/plugins/eamodio-gitlens/extension/dist/gitlens.js:209:4816)
    at /home/nhanenten/2025.2/Vitis/ide/electron-app/lnx64/resources/app/lib/backend/69.js:2:126060
    at s.invoke (/home/nhanenten/2025.2/Vitis/ide/electron-app/lnx64/resources/app/lib/backend/69.js:2:126149)
    at a.fire (/home/nhanenten/2025.2/Vitis/ide/electron-app/lnx64/resources/app/lib/backend/69.js:2:127948)
    at Ji.fireLinesChanged (/home/nhanenten/2025.2/Vitis/ide/electron-app/lnx64/resources/app/plugins/eamodio-gitlens/extension/dist/gitlens.js:39:6138)
    at Ji.fireLinesChanged (/home/nhanenten/2025.2/Vitis/ide/electron-app/lnx64/resources/app/plugins/eamodio-gitlens/extension/dist/gitlens.js:39:8100)
    at Ji.onLinesChanged (/home/nhanenten/2025.2/Vitis/ide/electron-app/lnx64/resources/app/plugins/eamodio-gitlens/extension/dist/gitlens.js:39:6753)
    at Ji.trigger (/home/nhanenten/2025.2/Vitis/ide/electron-app/lnx64/resources/app/plugins/eamodio-gitlens/extension/dist/gitlens.js:39:6162)
    at Ji.onTextEditorSelectionChanged (/home/nhanenten/2025.2/Vitis/ide/electron-app/lnx64/resources/app/plugins/eamodio-gitlens/extension/dist/gitlens.js:39:4322)
    at /home/nhanenten/2025.2/Vitis/ide/electron-app/lnx64/resources/app/lib/backend/69.js:2:126060
    at s.invoke (/home/nhanenten/2025.2/Vitis/ide/electron-app/lnx64/resources/app/lib/backend/69.js:2:126149)
    at a.fire (/home/nhanenten/2025.2/Vitis/ide/electron-app/lnx64/resources/app/lib/backend/69.js:2:127948)
    at t.TextEditorsExtImpl.$acceptEditorPropertiesChanged (/home/nhanenten/2025.2/Vitis/ide/electron-app/lnx64/resources/app/lib/backend/36.js:1:215504)
    at t.RPCProtocolImpl.handleRequest (/home/nhanenten/2025.2/Vitis/ide/electron-app/lnx64/resources/app/lib/backend/366.js:1:153425)
    at c.requestHandler (/home/nhanenten/2025.2/Vitis/ide/electron-app/lnx64/resources/app/lib/backend/366.js:1:153001) 
2026-05-22 10:27:53 [debug] : start navigation 1 
2026-05-22 10:27:53 [debug] : start navigation 2 
2026-05-22 10:27:53 [debug] : end navigation 1 
2026-05-22 10:27:54 [debug] : end navigation 0 
2026-05-22 10:27:54 [debug] : ending navigation with location {"uri":"file:///home/nhanenten/Desktop/HW_SW/Lab2/timer_interrupt/src/main.c","type":1,"context":{"start":{"line":0,"character":0},"end":{"line":0,"character":0}}} 
2026-05-22 10:27:54 [debug] : start navigation 1 
2026-05-22 10:27:54 [debug] : end navigation 0 
2026-05-22 10:27:54 [debug] : ending navigation with location {"uri":"file:///home/nhanenten/Desktop/HW_SW/Lab2/timer_interrupt/src/main.c","type":0,"context":{"line":12,"character":28}} 
2026-05-22 10:27:54 [debug] : MonacoEditorModel.cancelSync {"0":"file:///home/nhanenten/Desktop/HW_SW/Lab2/platform_2d/export/platform_2d/sw/standalone_ps7_cortexa9_0/include/xparameters.h"}
2026-05-22 10:27:54 [debug] : MonacoEditorModel.cancelSave {"0":"file:///home/nhanenten/Desktop/HW_SW/Lab2/platform_2d/export/platform_2d/sw/standalone_ps7_cortexa9_0/include/xparameters.h"}
2026-05-22 10:27:54 [debug] : MonacoEditorModel.cancelSync {"0":"file:///home/nhanenten/Desktop/HW_SW/Lab2/platform_2d/export/platform_2d/sw/standalone_ps7_cortexa9_0/include/xparameters.h"}
2026-05-22 10:27:54 [debug] : MonacoEditorModel.cancelSave {"0":"file:///home/nhanenten/Desktop/HW_SW/Lab2/platform_2d/export/platform_2d/sw/standalone_ps7_cortexa9_0/include/xparameters.h"}
2026-05-22 10:27:54 [debug] : start navigation 1 
2026-05-22 10:27:54 [debug] : end navigation 0 
2026-05-22 10:27:54 [debug] : ending navigation with location {"uri":"file:///home/nhanenten/Desktop/HW_SW/Lab2/timer_interrupt/src/main.c","type":1,"context":{"start":{"line":0,"character":0},"end":{"line":170,"character":1}}} 
2026-05-22 10:27:54 [debug] : MonacoEditorModel.cancelSync {"0":"file:///home/nhanenten/Desktop/HW_SW/Lab2/platform_2d/export/platform_2d/sw/standalone_ps7_cortexa9_0/include/xparameters.h"}
2026-05-22 10:27:54 [debug] : MonacoEditorModel.cancelSave {"0":"file:///home/nhanenten/Desktop/HW_SW/Lab2/platform_2d/export/platform_2d/sw/standalone_ps7_cortexa9_0/include/xparameters.h"}
2026-05-22 10:27:54 [debug] : TypeError: Cannot read properties of undefined (reading 'replace')
    at ee.onActiveLinesChanged (/home/nhanenten/2025.2/Vitis/ide/electron-app/lnx64/resources/app/plugins/eamodio-gitlens/extension/dist/gitlens.js:35:1404)
    at Te.<computed> (/home/nhanenten/2025.2/Vitis/ide/electron-app/lnx64/resources/app/plugins/eamodio-gitlens/extension/dist/gitlens.js:209:4816)
    at /home/nhanenten/2025.2/Vitis/ide/electron-app/lnx64/resources/app/lib/backend/69.js:2:126060
    at s.invoke (/home/nhanenten/2025.2/Vitis/ide/electron-app/lnx64/resources/app/lib/backend/69.js:2:126149)
    at a.fire (/home/nhanenten/2025.2/Vitis/ide/electron-app/lnx64/resources/app/lib/backend/69.js:2:127948)
    at Ji.fireLinesChanged (/home/nhanenten/2025.2/Vitis/ide/electron-app/lnx64/resources/app/plugins/eamodio-gitlens/extension/dist/gitlens.js:39:6138)
    at Ji.fireLinesChanged (/home/nhanenten/2025.2/Vitis/ide/electron-app/lnx64/resources/app/plugins/eamodio-gitlens/extension/dist/gitlens.js:39:8100)
    at Ji.onLinesChanged (/home/nhanenten/2025.2/Vitis/ide/electron-app/lnx64/resources/app/plugins/eamodio-gitlens/extension/dist/gitlens.js:39:6753)
    at Ji.trigger (/home/nhanenten/2025.2/Vitis/ide/electron-app/lnx64/resources/app/plugins/eamodio-gitlens/extension/dist/gitlens.js:39:6162)
    at Ji.onTextEditorSelectionChanged (/home/nhanenten/2025.2/Vitis/ide/electron-app/lnx64/resources/app/plugins/eamodio-gitlens/extension/dist/gitlens.js:39:4322)
    at /home/nhanenten/2025.2/Vitis/ide/electron-app/lnx64/resources/app/lib/backend/69.js:2:126060
    at s.invoke (/home/nhanenten/2025.2/Vitis/ide/electron-app/lnx64/resources/app/lib/backend/69.js:2:126149)
    at a.fire (/home/nhanenten/2025.2/Vitis/ide/electron-app/lnx64/resources/app/lib/backend/69.js:2:127948)
    at t.TextEditorsExtImpl.$acceptEditorPropertiesChanged (/home/nhanenten/2025.2/Vitis/ide/electron-app/lnx64/resources/app/lib/backend/36.js:1:215504)
    at t.RPCProtocolImpl.handleRequest (/home/nhanenten/2025.2/Vitis/ide/electron-app/lnx64/resources/app/lib/backend/366.js:1:153425)
    at c.requestHandler (/home/nhanenten/2025.2/Vitis/ide/electron-app/lnx64/resources/app/lib/backend/366.js:1:153001) 
2026-05-22 10:27:55 [debug] : MonacoEditorModel.cancelSync {"0":"file:///home/nhanenten/Desktop/HW_SW/Lab2/platform_2d/export/platform_2d/sw/standalone_ps7_cortexa9_0/include/xparameters.h"}
2026-05-22 10:27:55 [debug] : MonacoEditorModel.cancelSave {"0":"file:///home/nhanenten/Desktop/HW_SW/Lab2/platform_2d/export/platform_2d/sw/standalone_ps7_cortexa9_0/include/xparameters.h"}
2026-05-22 10:27:59 [debug] : MonacoEditorModel.cancelSync {"0":"file:///home/nhanenten/Desktop/HW_SW/Lab2/timer_interrupt/src/main.c"}
2026-05-22 10:27:59 [debug] : MonacoEditorModel.cancelSave {"0":"file:///home/nhanenten/Desktop/HW_SW/Lab2/timer_interrupt/src/main.c"}
2026-05-22 10:28:00 [debug] : onDidDeleteComponent {"0":"/home/nhanenten/Desktop/HW_SW/Lab2/timer_interrupt"}
2026-05-22 10:28:00 [debug] : [ProjectCache] fetching projects for project-cache 
2026-05-22 10:28:00 [debug] : onDidDeleteComponent {"0":"/home/nhanenten/Desktop/HW_SW/Lab2/timer_interrupt"}
2026-05-22 10:28:00 [debug] : [ProjectCache] fetching projects for project-cache 
2026-05-22 10:28:00 [debug] : Received event from notification service: ON_DID_DELETE_COMPONENT. 
2026-05-22 10:28:00 [debug] : [ProjectDecorator] tree decoration updated 
2026-05-22 10:28:00 [debug] : [ProjectCache] Project location updated to /home/nhanenten/Desktop/HW_SW/Lab2/platform_2d 
2026-05-22 10:28:00 [debug] : [ProjectDecorator] tree decoration updated 
2026-05-22 10:28:00 [debug] : [Platform Provider] updating project /home/nhanenten/Desktop/HW_SW/Lab2/platform_2d 
2026-05-22 10:28:00 [debug] : [Component Provider] updating project /home/nhanenten/Desktop/HW_SW/Lab2/platform 
2026-05-22 10:28:00 [debug] : [Component Provider] updating project /home/nhanenten/Desktop/HW_SW/Lab2/timer_interrupt 
2026-05-22 10:28:00 [debug] : Error: 3 INVALID_ARGUMENT: Invalid project location '/home/nhanenten/Desktop/HW_SW/Lab2/timer_interrupt'.
    at r.callErrorFromStatus (/home/nhanenten/2025.2/Vitis/ide/electron-app/lnx64/resources/app/lib/backend/384.js:2:5361773)
    at Object.onReceiveStatus (/home/nhanenten/2025.2/Vitis/ide/electron-app/lnx64/resources/app/lib/backend/384.js:2:7053281)
    at Object.onReceiveStatus (/home/nhanenten/2025.2/Vitis/ide/electron-app/lnx64/resources/app/lib/backend/384.js:2:5789310)
    at Object.onReceiveStatus (/home/nhanenten/2025.2/Vitis/ide/electron-app/lnx64/resources/app/lib/backend/384.js:2:5788755)
    at /home/nhanenten/2025.2/Vitis/ide/electron-app/lnx64/resources/app/lib/backend/384.js:2:5346692
    at process.processTicksAndRejections (node:internal/process/task_queues:77:11)
for call at
    at l.makeUnaryRequest (/home/nhanenten/2025.2/Vitis/ide/electron-app/lnx64/resources/app/lib/backend/384.js:2:7052812)
    at l.getComponent (/home/nhanenten/2025.2/Vitis/ide/electron-app/lnx64/resources/app/lib/backend/384.js:2:1745982)
    at /home/nhanenten/2025.2/Vitis/ide/electron-app/lnx64/resources/app/lib/backend/main.js:1:1360935
    at new Promise (<anonymous>)
    at x.getComponent (/home/nhanenten/2025.2/Vitis/ide/electron-app/lnx64/resources/app/lib/backend/main.js:1:1360856)
    at u.onRequest (/home/nhanenten/2025.2/Vitis/ide/electron-app/lnx64/resources/app/lib/backend/69.js:2:159784)
    at c.requestHandler (/home/nhanenten/2025.2/Vitis/ide/electron-app/lnx64/resources/app/lib/backend/69.js:2:159606)
    at c.handleRequest (/home/nhanenten/2025.2/Vitis/ide/electron-app/lnx64/resources/app/lib/backend/69.js:2:22968)
    at c.handleMessage (/home/nhanenten/2025.2/Vitis/ide/electron-app/lnx64/resources/app/lib/backend/69.js:2:20872)
    at /home/nhanenten/2025.2/Vitis/ide/electron-app/lnx64/resources/app/lib/backend/69.js:2:20507
    at /home/nhanenten/2025.2/Vitis/ide/electron-app/lnx64/resources/app/lib/backend/69.js:2:126060
    at s.invoke (/home/nhanenten/2025.2/Vitis/ide/electron-app/lnx64/resources/app/lib/backend/69.js:2:126149)
    at a.fire (/home/nhanenten/2025.2/Vitis/ide/electron-app/lnx64/resources/app/lib/backend/69.js:2:127948)
    at t.ChannelMultiplexer.handleData (/home/nhanenten/2025.2/Vitis/ide/electron-app/lnx64/resources/app/lib/backend/69.js:2:58305)
    at t.ChannelMultiplexer.handleMessage (/home/nhanenten/2025.2/Vitis/ide/electron-app/lnx64/resources/app/lib/backend/69.js:2:57483)
    at /home/nhanenten/2025.2/Vitis/ide/electron-app/lnx64/resources/app/lib/backend/69.js:2:56720 
2026-05-22 10:28:00 [debug] : Error: 3 INVALID_ARGUMENT: Invalid project location '/home/nhanenten/Desktop/HW_SW/Lab2/platform'.
    at r.callErrorFromStatus (/home/nhanenten/2025.2/Vitis/ide/electron-app/lnx64/resources/app/lib/backend/384.js:2:5361773)
    at Object.onReceiveStatus (/home/nhanenten/2025.2/Vitis/ide/electron-app/lnx64/resources/app/lib/backend/384.js:2:7053281)
    at Object.onReceiveStatus (/home/nhanenten/2025.2/Vitis/ide/electron-app/lnx64/resources/app/lib/backend/384.js:2:5789310)
    at Object.onReceiveStatus (/home/nhanenten/2025.2/Vitis/ide/electron-app/lnx64/resources/app/lib/backend/384.js:2:5788755)
    at /home/nhanenten/2025.2/Vitis/ide/electron-app/lnx64/resources/app/lib/backend/384.js:2:5346692
    at process.processTicksAndRejections (node:internal/process/task_queues:77:11)
for call at
    at l.makeUnaryRequest (/home/nhanenten/2025.2/Vitis/ide/electron-app/lnx64/resources/app/lib/backend/384.js:2:7052812)
    at l.getComponent (/home/nhanenten/2025.2/Vitis/ide/electron-app/lnx64/resources/app/lib/backend/384.js:2:1745982)
    at /home/nhanenten/2025.2/Vitis/ide/electron-app/lnx64/resources/app/lib/backend/main.js:1:1360935
    at new Promise (<anonymous>)
    at x.getComponent (/home/nhanenten/2025.2/Vitis/ide/electron-app/lnx64/resources/app/lib/backend/main.js:1:1360856)
    at u.onRequest (/home/nhanenten/2025.2/Vitis/ide/electron-app/lnx64/resources/app/lib/backend/69.js:2:159784)
    at c.requestHandler (/home/nhanenten/2025.2/Vitis/ide/electron-app/lnx64/resources/app/lib/backend/69.js:2:159606)
    at c.handleRequest (/home/nhanenten/2025.2/Vitis/ide/electron-app/lnx64/resources/app/lib/backend/69.js:2:22968)
    at c.handleMessage (/home/nhanenten/2025.2/Vitis/ide/electron-app/lnx64/resources/app/lib/backend/69.js:2:20872)
    at /home/nhanenten/2025.2/Vitis/ide/electron-app/lnx64/resources/app/lib/backend/69.js:2:20507
    at /home/nhanenten/2025.2/Vitis/ide/electron-app/lnx64/resources/app/lib/backend/69.js:2:126060
    at s.invoke (/home/nhanenten/2025.2/Vitis/ide/electron-app/lnx64/resources/app/lib/backend/69.js:2:126149)
    at a.fire (/home/nhanenten/2025.2/Vitis/ide/electron-app/lnx64/resources/app/lib/backend/69.js:2:127948)
    at t.ChannelMultiplexer.handleData (/home/nhanenten/2025.2/Vitis/ide/electron-app/lnx64/resources/app/lib/backend/69.js:2:58305)
    at t.ChannelMultiplexer.handleMessage (/home/nhanenten/2025.2/Vitis/ide/electron-app/lnx64/resources/app/lib/backend/69.js:2:57483)
    at /home/nhanenten/2025.2/Vitis/ide/electron-app/lnx64/resources/app/lib/backend/69.js:2:56720 
2026-05-22 10:28:00 [debug] : No label for action menu node: No command "workspace:addFolder" exists. 
2026-05-22 10:28:00 [debug] : [ProjectDecorator] tree decoration updated 
2026-05-22 10:28:00 [debug] : [Platform Provider] updating project /home/nhanenten/Desktop/HW_SW/Lab2/platform_2d 
2026-05-22 10:28:00 [debug] : [Component Provider] updating project /home/nhanenten/Desktop/HW_SW/Lab2/platform 
2026-05-22 10:28:00 [debug] : [Component Provider] updating project /home/nhanenten/Desktop/HW_SW/Lab2/timer_interrupt 
2026-05-22 10:28:00 [debug] : Error: 3 INVALID_ARGUMENT: Invalid project location '/home/nhanenten/Desktop/HW_SW/Lab2/timer_interrupt'.
    at r.callErrorFromStatus (/home/nhanenten/2025.2/Vitis/ide/electron-app/lnx64/resources/app/lib/backend/384.js:2:5361773)
    at Object.onReceiveStatus (/home/nhanenten/2025.2/Vitis/ide/electron-app/lnx64/resources/app/lib/backend/384.js:2:7053281)
    at Object.onReceiveStatus (/home/nhanenten/2025.2/Vitis/ide/electron-app/lnx64/resources/app/lib/backend/384.js:2:5789310)
    at Object.onReceiveStatus (/home/nhanenten/2025.2/Vitis/ide/electron-app/lnx64/resources/app/lib/backend/384.js:2:5788755)
    at /home/nhanenten/2025.2/Vitis/ide/electron-app/lnx64/resources/app/lib/backend/384.js:2:5346692
    at process.processTicksAndRejections (node:internal/process/task_queues:77:11)
for call at
    at l.makeUnaryRequest (/home/nhanenten/2025.2/Vitis/ide/electron-app/lnx64/resources/app/lib/backend/384.js:2:7052812)
    at l.getComponent (/home/nhanenten/2025.2/Vitis/ide/electron-app/lnx64/resources/app/lib/backend/384.js:2:1745982)
    at /home/nhanenten/2025.2/Vitis/ide/electron-app/lnx64/resources/app/lib/backend/main.js:1:1360935
    at new Promise (<anonymous>)
    at x.getComponent (/home/nhanenten/2025.2/Vitis/ide/electron-app/lnx64/resources/app/lib/backend/main.js:1:1360856)
    at u.onRequest (/home/nhanenten/2025.2/Vitis/ide/electron-app/lnx64/resources/app/lib/backend/69.js:2:159784)
    at c.requestHandler (/home/nhanenten/2025.2/Vitis/ide/electron-app/lnx64/resources/app/lib/backend/69.js:2:159606)
    at c.handleRequest (/home/nhanenten/2025.2/Vitis/ide/electron-app/lnx64/resources/app/lib/backend/69.js:2:22968)
    at c.handleMessage (/home/nhanenten/2025.2/Vitis/ide/electron-app/lnx64/resources/app/lib/backend/69.js:2:20872)
    at /home/nhanenten/2025.2/Vitis/ide/electron-app/lnx64/resources/app/lib/backend/69.js:2:20507
    at /home/nhanenten/2025.2/Vitis/ide/electron-app/lnx64/resources/app/lib/backend/69.js:2:126060
    at s.invoke (/home/nhanenten/2025.2/Vitis/ide/electron-app/lnx64/resources/app/lib/backend/69.js:2:126149)
    at a.fire (/home/nhanenten/2025.2/Vitis/ide/electron-app/lnx64/resources/app/lib/backend/69.js:2:127948)
    at t.ChannelMultiplexer.handleData (/home/nhanenten/2025.2/Vitis/ide/electron-app/lnx64/resources/app/lib/backend/69.js:2:58305)
    at t.ChannelMultiplexer.handleMessage (/home/nhanenten/2025.2/Vitis/ide/electron-app/lnx64/resources/app/lib/backend/69.js:2:57483)
    at /home/nhanenten/2025.2/Vitis/ide/electron-app/lnx64/resources/app/lib/backend/69.js:2:56720 
2026-05-22 10:28:00 [debug] : Error: 3 INVALID_ARGUMENT: Invalid project location '/home/nhanenten/Desktop/HW_SW/Lab2/platform'.
    at r.callErrorFromStatus (/home/nhanenten/2025.2/Vitis/ide/electron-app/lnx64/resources/app/lib/backend/384.js:2:5361773)
    at Object.onReceiveStatus (/home/nhanenten/2025.2/Vitis/ide/electron-app/lnx64/resources/app/lib/backend/384.js:2:7053281)
    at Object.onReceiveStatus (/home/nhanenten/2025.2/Vitis/ide/electron-app/lnx64/resources/app/lib/backend/384.js:2:5789310)
    at Object.onReceiveStatus (/home/nhanenten/2025.2/Vitis/ide/electron-app/lnx64/resources/app/lib/backend/384.js:2:5788755)
    at /home/nhanenten/2025.2/Vitis/ide/electron-app/lnx64/resources/app/lib/backend/384.js:2:5346692
    at process.processTicksAndRejections (node:internal/process/task_queues:77:11)
for call at
    at l.makeUnaryRequest (/home/nhanenten/2025.2/Vitis/ide/electron-app/lnx64/resources/app/lib/backend/384.js:2:7052812)
    at l.getComponent (/home/nhanenten/2025.2/Vitis/ide/electron-app/lnx64/resources/app/lib/backend/384.js:2:1745982)
    at /home/nhanenten/2025.2/Vitis/ide/electron-app/lnx64/resources/app/lib/backend/main.js:1:1360935
    at new Promise (<anonymous>)
    at x.getComponent (/home/nhanenten/2025.2/Vitis/ide/electron-app/lnx64/resources/app/lib/backend/main.js:1:1360856)
    at u.onRequest (/home/nhanenten/2025.2/Vitis/ide/electron-app/lnx64/resources/app/lib/backend/69.js:2:159784)
    at c.requestHandler (/home/nhanenten/2025.2/Vitis/ide/electron-app/lnx64/resources/app/lib/backend/69.js:2:159606)
    at c.handleRequest (/home/nhanenten/2025.2/Vitis/ide/electron-app/lnx64/resources/app/lib/backend/69.js:2:22968)
    at c.handleMessage (/home/nhanenten/2025.2/Vitis/ide/electron-app/lnx64/resources/app/lib/backend/69.js:2:20872)
    at /home/nhanenten/2025.2/Vitis/ide/electron-app/lnx64/resources/app/lib/backend/69.js:2:20507
    at /home/nhanenten/2025.2/Vitis/ide/electron-app/lnx64/resources/app/lib/backend/69.js:2:126060
    at s.invoke (/home/nhanenten/2025.2/Vitis/ide/electron-app/lnx64/resources/app/lib/backend/69.js:2:126149)
    at a.fire (/home/nhanenten/2025.2/Vitis/ide/electron-app/lnx64/resources/app/lib/backend/69.js:2:127948)
    at t.ChannelMultiplexer.handleData (/home/nhanenten/2025.2/Vitis/ide/electron-app/lnx64/resources/app/lib/backend/69.js:2:58305)
    at t.ChannelMultiplexer.handleMessage (/home/nhanenten/2025.2/Vitis/ide/electron-app/lnx64/resources/app/lib/backend/69.js:2:57483)
    at /home/nhanenten/2025.2/Vitis/ide/electron-app/lnx64/resources/app/lib/backend/69.js:2:56720 
2026-05-22 10:28:00 [debug] : Error: 3 INVALID_ARGUMENT: Invalid project location '/home/nhanenten/Desktop/HW_SW/Lab2/timer_interrupt'.
    at r.callErrorFromStatus (/home/nhanenten/2025.2/Vitis/ide/electron-app/lnx64/resources/app/lib/backend/384.js:2:5361773)
    at Object.onReceiveStatus (/home/nhanenten/2025.2/Vitis/ide/electron-app/lnx64/resources/app/lib/backend/384.js:2:7053281)
    at Object.onReceiveStatus (/home/nhanenten/2025.2/Vitis/ide/electron-app/lnx64/resources/app/lib/backend/384.js:2:5789310)
    at Object.onReceiveStatus (/home/nhanenten/2025.2/Vitis/ide/electron-app/lnx64/resources/app/lib/backend/384.js:2:5788755)
    at /home/nhanenten/2025.2/Vitis/ide/electron-app/lnx64/resources/app/lib/backend/384.js:2:5346692
    at process.processTicksAndRejections (node:internal/process/task_queues:77:11)
for call at
    at l.makeUnaryRequest (/home/nhanenten/2025.2/Vitis/ide/electron-app/lnx64/resources/app/lib/backend/384.js:2:7052812)
    at l.getComponent (/home/nhanenten/2025.2/Vitis/ide/electron-app/lnx64/resources/app/lib/backend/384.js:2:1745982)
    at /home/nhanenten/2025.2/Vitis/ide/electron-app/lnx64/resources/app/lib/backend/main.js:1:1360935
    at new Promise (<anonymous>)
    at x.getComponent (/home/nhanenten/2025.2/Vitis/ide/electron-app/lnx64/resources/app/lib/backend/main.js:1:1360856)
    at u.onRequest (/home/nhanenten/2025.2/Vitis/ide/electron-app/lnx64/resources/app/lib/backend/69.js:2:159784)
    at c.requestHandler (/home/nhanenten/2025.2/Vitis/ide/electron-app/lnx64/resources/app/lib/backend/69.js:2:159606)
    at c.handleRequest (/home/nhanenten/2025.2/Vitis/ide/electron-app/lnx64/resources/app/lib/backend/69.js:2:22968)
    at c.handleMessage (/home/nhanenten/2025.2/Vitis/ide/electron-app/lnx64/resources/app/lib/backend/69.js:2:20872)
    at /home/nhanenten/2025.2/Vitis/ide/electron-app/lnx64/resources/app/lib/backend/69.js:2:20507
    at /home/nhanenten/2025.2/Vitis/ide/electron-app/lnx64/resources/app/lib/backend/69.js:2:126060
    at s.invoke (/home/nhanenten/2025.2/Vitis/ide/electron-app/lnx64/resources/app/lib/backend/69.js:2:126149)
    at a.fire (/home/nhanenten/2025.2/Vitis/ide/electron-app/lnx64/resources/app/lib/backend/69.js:2:127948)
    at t.ChannelMultiplexer.handleData (/home/nhanenten/2025.2/Vitis/ide/electron-app/lnx64/resources/app/lib/backend/69.js:2:58305)
    at t.ChannelMultiplexer.handleMessage (/home/nhanenten/2025.2/Vitis/ide/electron-app/lnx64/resources/app/lib/backend/69.js:2:57483)
    at /home/nhanenten/2025.2/Vitis/ide/electron-app/lnx64/resources/app/lib/backend/69.js:2:56720 
2026-05-22 10:28:00 [debug] : [Component Provider] project updated /home/nhanenten/Desktop/HW_SW/Lab2/timer_interrupt 
2026-05-22 10:28:00 [debug] : Error: 3 INVALID_ARGUMENT: Invalid project location '/home/nhanenten/Desktop/HW_SW/Lab2/platform'.
    at r.callErrorFromStatus (/home/nhanenten/2025.2/Vitis/ide/electron-app/lnx64/resources/app/lib/backend/384.js:2:5361773)
    at Object.onReceiveStatus (/home/nhanenten/2025.2/Vitis/ide/electron-app/lnx64/resources/app/lib/backend/384.js:2:7053281)
    at Object.onReceiveStatus (/home/nhanenten/2025.2/Vitis/ide/electron-app/lnx64/resources/app/lib/backend/384.js:2:5789310)
    at Object.onReceiveStatus (/home/nhanenten/2025.2/Vitis/ide/electron-app/lnx64/resources/app/lib/backend/384.js:2:5788755)
    at /home/nhanenten/2025.2/Vitis/ide/electron-app/lnx64/resources/app/lib/backend/384.js:2:5346692
    at process.processTicksAndRejections (node:internal/process/task_queues:77:11)
for call at
    at l.makeUnaryRequest (/home/nhanenten/2025.2/Vitis/ide/electron-app/lnx64/resources/app/lib/backend/384.js:2:7052812)
    at l.getComponent (/home/nhanenten/2025.2/Vitis/ide/electron-app/lnx64/resources/app/lib/backend/384.js:2:1745982)
    at /home/nhanenten/2025.2/Vitis/ide/electron-app/lnx64/resources/app/lib/backend/main.js:1:1360935
    at new Promise (<anonymous>)
    at x.getComponent (/home/nhanenten/2025.2/Vitis/ide/electron-app/lnx64/resources/app/lib/backend/main.js:1:1360856)
    at u.onRequest (/home/nhanenten/2025.2/Vitis/ide/electron-app/lnx64/resources/app/lib/backend/69.js:2:159784)
    at c.requestHandler (/home/nhanenten/2025.2/Vitis/ide/electron-app/lnx64/resources/app/lib/backend/69.js:2:159606)
    at c.handleRequest (/home/nhanenten/2025.2/Vitis/ide/electron-app/lnx64/resources/app/lib/backend/69.js:2:22968)
    at c.handleMessage (/home/nhanenten/2025.2/Vitis/ide/electron-app/lnx64/resources/app/lib/backend/69.js:2:20872)
    at /home/nhanenten/2025.2/Vitis/ide/electron-app/lnx64/resources/app/lib/backend/69.js:2:20507
    at /home/nhanenten/2025.2/Vitis/ide/electron-app/lnx64/resources/app/lib/backend/69.js:2:126060
    at s.invoke (/home/nhanenten/2025.2/Vitis/ide/electron-app/lnx64/resources/app/lib/backend/69.js:2:126149)
    at a.fire (/home/nhanenten/2025.2/Vitis/ide/electron-app/lnx64/resources/app/lib/backend/69.js:2:127948)
    at t.ChannelMultiplexer.handleData (/home/nhanenten/2025.2/Vitis/ide/electron-app/lnx64/resources/app/lib/backend/69.js:2:58305)
    at t.ChannelMultiplexer.handleMessage (/home/nhanenten/2025.2/Vitis/ide/electron-app/lnx64/resources/app/lib/backend/69.js:2:57483)
    at /home/nhanenten/2025.2/Vitis/ide/electron-app/lnx64/resources/app/lib/backend/69.js:2:56720 
2026-05-22 10:28:00 [debug] : [Component Provider] project updated /home/nhanenten/Desktop/HW_SW/Lab2/platform 
2026-05-22 10:28:00 [debug] : [Platform Provider] project updated /home/nhanenten/Desktop/HW_SW/Lab2/platform_2d {"0":{"platformName":"platform_2d","platformDescription":"","platformLocation":"/home/nhanenten/Desktop/HW_SW/Lab2/platform_2d","xsaPath":"/home/nhanenten/Desktop/HW_SW/Lab2/design_2.xsa","xsapathinplatform":"platform_2d/hw/design_2.xsa","isCustomFsbl":false,"fsblPath":"","pmufwElf":"","supportedFamily":"zynq","flow":3,"emulationXsaPath":"","emulationXsaPathInPlatform":"","stdGenHooksList":[],"reconfigurablePartitionsList":[]}}
2026-05-22 10:28:00 [debug] : [Platform Server] Executing method:[listDomains] with connection:(object). {"0":"request:","1":{"wrappers_":null,"arrayIndexOffset_":-1,"array":["/home/nhanenten/Desktop/HW_SW/Lab2/platform_2d"],"pivot_":1.7976931348623157e+308,"convertedPrimitiveFields_":{}}}
2026-05-22 10:28:00 [debug] : Error: 3 INVALID_ARGUMENT: Invalid project location '/home/nhanenten/Desktop/HW_SW/Lab2/timer_interrupt'.
    at r.callErrorFromStatus (/home/nhanenten/2025.2/Vitis/ide/electron-app/lnx64/resources/app/lib/backend/384.js:2:5361773)
    at Object.onReceiveStatus (/home/nhanenten/2025.2/Vitis/ide/electron-app/lnx64/resources/app/lib/backend/384.js:2:7053281)
    at Object.onReceiveStatus (/home/nhanenten/2025.2/Vitis/ide/electron-app/lnx64/resources/app/lib/backend/384.js:2:5789310)
    at Object.onReceiveStatus (/home/nhanenten/2025.2/Vitis/ide/electron-app/lnx64/resources/app/lib/backend/384.js:2:5788755)
    at /home/nhanenten/2025.2/Vitis/ide/electron-app/lnx64/resources/app/lib/backend/384.js:2:5346692
    at process.processTicksAndRejections (node:internal/process/task_queues:77:11)
for call at
    at l.makeUnaryRequest (/home/nhanenten/2025.2/Vitis/ide/electron-app/lnx64/resources/app/lib/backend/384.js:2:7052812)
    at l.getComponent (/home/nhanenten/2025.2/Vitis/ide/electron-app/lnx64/resources/app/lib/backend/384.js:2:1745982)
    at /home/nhanenten/2025.2/Vitis/ide/electron-app/lnx64/resources/app/lib/backend/main.js:1:1360935
    at new Promise (<anonymous>)
    at x.getComponent (/home/nhanenten/2025.2/Vitis/ide/electron-app/lnx64/resources/app/lib/backend/main.js:1:1360856)
    at u.onRequest (/home/nhanenten/2025.2/Vitis/ide/electron-app/lnx64/resources/app/lib/backend/69.js:2:159784)
    at c.requestHandler (/home/nhanenten/2025.2/Vitis/ide/electron-app/lnx64/resources/app/lib/backend/69.js:2:159606)
    at c.handleRequest (/home/nhanenten/2025.2/Vitis/ide/electron-app/lnx64/resources/app/lib/backend/69.js:2:22968)
    at c.handleMessage (/home/nhanenten/2025.2/Vitis/ide/electron-app/lnx64/resources/app/lib/backend/69.js:2:20872)
    at /home/nhanenten/2025.2/Vitis/ide/electron-app/lnx64/resources/app/lib/backend/69.js:2:20507
    at /home/nhanenten/2025.2/Vitis/ide/electron-app/lnx64/resources/app/lib/backend/69.js:2:126060
    at s.invoke (/home/nhanenten/2025.2/Vitis/ide/electron-app/lnx64/resources/app/lib/backend/69.js:2:126149)
    at a.fire (/home/nhanenten/2025.2/Vitis/ide/electron-app/lnx64/resources/app/lib/backend/69.js:2:127948)
    at t.ChannelMultiplexer.handleData (/home/nhanenten/2025.2/Vitis/ide/electron-app/lnx64/resources/app/lib/backend/69.js:2:58305)
    at t.ChannelMultiplexer.handleMessage (/home/nhanenten/2025.2/Vitis/ide/electron-app/lnx64/resources/app/lib/backend/69.js:2:57483)
    at /home/nhanenten/2025.2/Vitis/ide/electron-app/lnx64/resources/app/lib/backend/69.js:2:56720 
2026-05-22 10:28:00 [debug] : [Component Provider] project updated /home/nhanenten/Desktop/HW_SW/Lab2/timer_interrupt 
2026-05-22 10:28:00 [debug] : Error: 3 INVALID_ARGUMENT: Invalid project location '/home/nhanenten/Desktop/HW_SW/Lab2/platform'.
    at r.callErrorFromStatus (/home/nhanenten/2025.2/Vitis/ide/electron-app/lnx64/resources/app/lib/backend/384.js:2:5361773)
    at Object.onReceiveStatus (/home/nhanenten/2025.2/Vitis/ide/electron-app/lnx64/resources/app/lib/backend/384.js:2:7053281)
    at Object.onReceiveStatus (/home/nhanenten/2025.2/Vitis/ide/electron-app/lnx64/resources/app/lib/backend/384.js:2:5789310)
    at Object.onReceiveStatus (/home/nhanenten/2025.2/Vitis/ide/electron-app/lnx64/resources/app/lib/backend/384.js:2:5788755)
    at /home/nhanenten/2025.2/Vitis/ide/electron-app/lnx64/resources/app/lib/backend/384.js:2:5346692
    at process.processTicksAndRejections (node:internal/process/task_queues:77:11)
for call at
    at l.makeUnaryRequest (/home/nhanenten/2025.2/Vitis/ide/electron-app/lnx64/resources/app/lib/backend/384.js:2:7052812)
    at l.getComponent (/home/nhanenten/2025.2/Vitis/ide/electron-app/lnx64/resources/app/lib/backend/384.js:2:1745982)
    at /home/nhanenten/2025.2/Vitis/ide/electron-app/lnx64/resources/app/lib/backend/main.js:1:1360935
    at new Promise (<anonymous>)
    at x.getComponent (/home/nhanenten/2025.2/Vitis/ide/electron-app/lnx64/resources/app/lib/backend/main.js:1:1360856)
    at u.onRequest (/home/nhanenten/2025.2/Vitis/ide/electron-app/lnx64/resources/app/lib/backend/69.js:2:159784)
    at c.requestHandler (/home/nhanenten/2025.2/Vitis/ide/electron-app/lnx64/resources/app/lib/backend/69.js:2:159606)
    at c.handleRequest (/home/nhanenten/2025.2/Vitis/ide/electron-app/lnx64/resources/app/lib/backend/69.js:2:22968)
    at c.handleMessage (/home/nhanenten/2025.2/Vitis/ide/electron-app/lnx64/resources/app/lib/backend/69.js:2:20872)
    at /home/nhanenten/2025.2/Vitis/ide/electron-app/lnx64/resources/app/lib/backend/69.js:2:20507
    at /home/nhanenten/2025.2/Vitis/ide/electron-app/lnx64/resources/app/lib/backend/69.js:2:126060
    at s.invoke (/home/nhanenten/2025.2/Vitis/ide/electron-app/lnx64/resources/app/lib/backend/69.js:2:126149)
    at a.fire (/home/nhanenten/2025.2/Vitis/ide/electron-app/lnx64/resources/app/lib/backend/69.js:2:127948)
    at t.ChannelMultiplexer.handleData (/home/nhanenten/2025.2/Vitis/ide/electron-app/lnx64/resources/app/lib/backend/69.js:2:58305)
    at t.ChannelMultiplexer.handleMessage (/home/nhanenten/2025.2/Vitis/ide/electron-app/lnx64/resources/app/lib/backend/69.js:2:57483)
    at /home/nhanenten/2025.2/Vitis/ide/electron-app/lnx64/resources/app/lib/backend/69.js:2:56720 
2026-05-22 10:28:00 [debug] : [Component Provider] project updated /home/nhanenten/Desktop/HW_SW/Lab2/platform 
2026-05-22 10:28:00 [debug] : [Platform Server] Executing method:[listDomains] with connection:(object). {"0":"request:","1":{"wrappers_":null,"arrayIndexOffset_":-1,"array":["/home/nhanenten/Desktop/HW_SW/Lab2/platform_2d"],"pivot_":1.7976931348623157e+308,"convertedPrimitiveFields_":{}}}
2026-05-22 10:28:00 [debug] : [Platform Provider] project updated /home/nhanenten/Desktop/HW_SW/Lab2/platform_2d {"0":{"platformName":"platform_2d","platformDescription":"","platformLocation":"/home/nhanenten/Desktop/HW_SW/Lab2/platform_2d","xsaPath":"/home/nhanenten/Desktop/HW_SW/Lab2/design_2.xsa","xsapathinplatform":"platform_2d/hw/design_2.xsa","isCustomFsbl":false,"fsblPath":"","pmufwElf":"","supportedFamily":"zynq","flow":3,"emulationXsaPath":"","emulationXsaPathInPlatform":"","stdGenHooksList":[],"reconfigurablePartitionsList":[]}}
2026-05-22 10:28:00 [debug] : [Platform Server] Executing method:[getPartFromXSA] with connection:(object). {"0":"request:","1":{"wrappers_":null,"arrayIndexOffset_":-1,"array":["/home/nhanenten/Desktop/HW_SW/Lab2/platform_2d"],"pivot_":1.7976931348623157e+308,"convertedPrimitiveFields_":{}}}
2026-05-22 10:28:00 [debug] : [Platform Server] Executing method:[getPartFromXSA] with connection:(object). {"0":"request:","1":{"wrappers_":null,"arrayIndexOffset_":-1,"array":["/home/nhanenten/Desktop/HW_SW/Lab2/platform_2d"],"pivot_":1.7976931348623157e+308,"convertedPrimitiveFields_":{}}}
2026-05-22 10:28:08 [debug] : [Repository Server] Executing method:listRepoPaths with connection:(object). {"0":"request:","1":{"name":""}}
2026-05-22 10:28:08 [debug] : [Repository Server] Executing method:listRepoPaths with connection:(object). {"0":"request:","1":{"name":""}}
2026-05-22 10:28:08 [debug] : [Repository Service] Executing method:listRepoPaths from frontend. {"0":"request:","1":{"name":""}}
2026-05-22 10:28:08 [debug] : [Repository Service] Executing method:listRepoPaths from frontend. {"0":"request:","1":{"name":""}}
2026-05-22 10:28:08 [debug] : [Repository Server] Executing method:listPlatforms with connection:(object). {"0":"request:","1":{"name":"","repoPath":"","ignoreCertifiedRequisite":true,"flowList":[]}}
2026-05-22 10:28:08 [debug] : [Repository Service] Executing method:listPlatforms from frontend. {"0":"request:","1":{"name":"","repoPath":"","ignoreCertifiedRequisite":true,"flowList":[]}}
2026-05-22 10:28:08 [debug] : [Repository Service] Executing method:listPlatforms from frontend. {"0":"request:","1":{"name":"","repoPath":"","ignoreCertifiedRequisite":true,"flowList":[]}}
2026-05-22 10:28:08 [debug] : [Repository Server] Executing method:listPlatforms with connection:(object). {"0":"request:","1":{"name":"","repoPath":"","ignoreCertifiedRequisite":true,"flowList":[]}}
2026-05-22 10:28:14 [debug] : [Repository Service] Executing method:validatePlatform from frontend. {"0":"request:","1":{"platformPath":"/home/nhanenten/Desktop/HW_SW/Lab2/platform_2d/export/platform_2d/platform_2d.xpfm"}}
2026-05-22 10:28:14 [debug] : [Repository Server] Executing method:validatePlatform with connection:(object). {"0":"request:","1":{"platformPath":"/home/nhanenten/Desktop/HW_SW/Lab2/platform_2d/export/platform_2d/platform_2d.xpfm"}}
2026-05-22 10:28:14 [debug] : [Repository Server] Executing method:getFilteredPlatformDomains with connection:(object). {"0":"request:","1":{"platformPath":"/home/nhanenten/Desktop/HW_SW/Lab2/platform_2d/export/platform_2d/platform_2d.xpfm","supportedOsList":[],"supportedCputypeList":[]}}
2026-05-22 10:28:14 [debug] : [Repository Service] Executing method:getFilteredPlatformDomains from frontend. {"0":"request:"}
2026-05-22 10:28:14 [debug] : [Platform Server] Executing method:[validateBSP] with connection:(object). {"0":"request:","1":{"wrappers_":{},"arrayIndexOffset_":-1,"array":["/home/nhanenten/Desktop/HW_SW/Lab2/platform_2d/export/platform_2d/platform_2d.xpfm","standalone_ps7_cortexa9_0",null,null,null],"pivot_":1.7976931348623157e+308,"convertedPrimitiveFields_":{}}}
2026-05-22 10:28:14 [debug] : RIGEL SERVER 10:28:14 INFO  : bash, -c, empyro validate_bsp -t empty_application -d /home/nhanenten/Desktop/HW_SW/Lab2/platform_2d/export/platform_2d/sw/standalone_ps7_cortexa9_0 -r /home/nhanenten/Desktop/HW_SW/Lab2/_ide/.wsdata/.repo.yaml 
2026-05-22 10:28:14 [debug] : MonacoEditorModel.cancelSync {"0":"file:///home/nhanenten/Desktop/HW_SW/Lab2/_ide/logs/vitis.log"}
2026-05-22 10:28:14 [debug] : MonacoEditorModel.doSync - enter {"0":"file:///home/nhanenten/Desktop/HW_SW/Lab2/_ide/logs/vitis.log"}
2026-05-22 10:28:14 [debug] : MonacoEditorModel.cancelSync {"0":"file:///home/nhanenten/Desktop/HW_SW/Lab2/_ide/logs/vitis.log"}
2026-05-22 10:28:14 [debug] : MonacoEditorModel.doSync - exit - cancelled while looking for a resource {"0":"file:///home/nhanenten/Desktop/HW_SW/Lab2/_ide/logs/vitis.log"}
2026-05-22 10:28:14 [debug] : MonacoEditorModel.doSync - enter {"0":"file:///home/nhanenten/Desktop/HW_SW/Lab2/_ide/logs/vitis.log"}
2026-05-22 10:28:14 [debug] : MonacoEditorModel.fireDidChangeContent - enter - {
  "changes": [
    {
      "range": {
        "startLineNumber": 160,
        "startColumn": 1,
        "endLineNumber": 160,
        "endColumn": 1
      },
      "rangeLength": 0,
      "text": "10:28:14 INFO  : bash, -c, empyro validate_bsp -t empty_application -d /home/nhanenten/Desktop/HW_SW/Lab2/platform_2d/export/platform_2d/sw/standalone_ps7_cortexa9_0 -r /home/nhanenten/Desktop/HW_SW/Lab2/_ide/.wsdata/.repo.yaml\n",
      "rangeOffset": 20038,
      "forceMoveMarkers": true
    }
  ],
  "eol": "\n",
  "isEolChange": false,
  "versionId": 25,
  "isUndoing": false,
  "isRedoing": false,
  "isFlush": false
} {"0":"file:///home/nhanenten/Desktop/HW_SW/Lab2/_ide/logs/vitis.log"}
2026-05-22 10:28:14 [debug] : MonacoEditorModel.markAsDirty - enter {"0":"file:///home/nhanenten/Desktop/HW_SW/Lab2/_ide/logs/vitis.log"}
2026-05-22 10:28:14 [debug] : MonacoEditorModel.markAsDirty - exit - ignoring dirty changes enabled {"0":"file:///home/nhanenten/Desktop/HW_SW/Lab2/_ide/logs/vitis.log"}
2026-05-22 10:28:14 [debug] : MonacoEditorModel.fireDidChangeContent - exit {"0":"file:///home/nhanenten/Desktop/HW_SW/Lab2/_ide/logs/vitis.log"}
2026-05-22 10:28:14 [debug] : MonacoEditorModel.doSync - exit {"0":"file:///home/nhanenten/Desktop/HW_SW/Lab2/_ide/logs/vitis.log"}
2026-05-22 10:28:15 [debug] : RIGEL SERVER 10:28:15 INFO  : Successfully validated template empty_application 
2026-05-22 10:28:15 [debug] : MonacoEditorModel.cancelSync {"0":"file:///home/nhanenten/Desktop/HW_SW/Lab2/_ide/logs/vitis.log"}
2026-05-22 10:28:15 [debug] : MonacoEditorModel.doSync - enter {"0":"file:///home/nhanenten/Desktop/HW_SW/Lab2/_ide/logs/vitis.log"}
2026-05-22 10:28:15 [debug] : MonacoEditorModel.cancelSync {"0":"file:///home/nhanenten/Desktop/HW_SW/Lab2/_ide/logs/vitis.log"}
2026-05-22 10:28:15 [debug] : MonacoEditorModel.doSync - exit - cancelled while looking for a resource {"0":"file:///home/nhanenten/Desktop/HW_SW/Lab2/_ide/logs/vitis.log"}
2026-05-22 10:28:15 [debug] : MonacoEditorModel.doSync - enter {"0":"file:///home/nhanenten/Desktop/HW_SW/Lab2/_ide/logs/vitis.log"}
2026-05-22 10:28:15 [debug] : MonacoEditorModel.fireDidChangeContent - enter - {
  "changes": [
    {
      "range": {
        "startLineNumber": 161,
        "startColumn": 1,
        "endLineNumber": 161,
        "endColumn": 1
      },
      "rangeLength": 0,
      "text": "10:28:15 INFO  : Successfully validated template empty_application\n",
      "rangeOffset": 20266,
      "forceMoveMarkers": true
    }
  ],
  "eol": "\n",
  "isEolChange": false,
  "versionId": 26,
  "isUndoing": false,
  "isRedoing": false,
  "isFlush": false
} {"0":"file:///home/nhanenten/Desktop/HW_SW/Lab2/_ide/logs/vitis.log"}
2026-05-22 10:28:15 [debug] : MonacoEditorModel.markAsDirty - enter {"0":"file:///home/nhanenten/Desktop/HW_SW/Lab2/_ide/logs/vitis.log"}
2026-05-22 10:28:15 [debug] : MonacoEditorModel.markAsDirty - exit - ignoring dirty changes enabled {"0":"file:///home/nhanenten/Desktop/HW_SW/Lab2/_ide/logs/vitis.log"}
2026-05-22 10:28:15 [debug] : MonacoEditorModel.fireDidChangeContent - exit {"0":"file:///home/nhanenten/Desktop/HW_SW/Lab2/_ide/logs/vitis.log"}
2026-05-22 10:28:15 [debug] : MonacoEditorModel.doSync - exit {"0":"file:///home/nhanenten/Desktop/HW_SW/Lab2/_ide/logs/vitis.log"}
2026-05-22 10:28:19 [debug] : Executing method:[createComponentProject] with connection:(object). {"0":"request:","1":{"wrappers_":{"13":{"wrappers_":null,"arrayIndexOffset_":-1,"array":[["part=xcvu9p-flga2104-2-i","","[hls]","flow_target=vivado","package.output.format=ip_catalog","package.output.syn=false"]],"pivot_":1.7976931348623157e+308,"convertedPrimitiveFields_":{}}},"arrayIndexOffset_":-1,"array":["Timer_application","/home/nhanenten/Desktop/HW_SW/Lab2/Timer_application",3,"/home/nhanenten/Desktop/HW_SW/Lab2/platform_2d/export/platform_2d/platform_2d.xpfm",null,"standalone_ps7_cortexa9_0","ps7_cortexa9_0","standalone",null,"cortex-a9","standalone_ps7_cortexa9_0",[],[["part=xcvu9p-flga2104-2-i","","[hls]","flow_target=vivado","package.output.format=ip_catalog","package.output.syn=false"]],null,null,null,null,null,"1157e5d5-7a0e-4db3-9262-fed73412319b"],"pivot_":1.7976931348623157e+308,"convertedPrimitiveFields_":{}}}
2026-05-22 10:28:19 [debug] : RIGEL SERVER 10:28:19 INFO  : lopper command to create baremetal application :empyro create_app --src_dir /home/nhanenten/Desktop/HW_SW/Lab2/Timer_application/src -t empty_application -d /home/nhanenten/Desktop/HW_SW/Lab2/platform_2d/export/platform_2d/sw/standalone_ps7_cortexa9_0 -n Timer_application -r /home/nhanenten/Desktop/HW_SW/Lab2/_ide/.wsdata/.repo.yaml 
2026-05-22 10:28:19 [debug] : RIGEL SERVER 10:28:19 INFO  : bash, -c, empyro validate_bsp -t empty_application -d /home/nhanenten/Desktop/HW_SW/Lab2/platform_2d/export/platform_2d/sw/standalone_ps7_cortexa9_0 -r /home/nhanenten/Desktop/HW_SW/Lab2/_ide/.wsdata/.repo.yaml 
2026-05-22 10:28:19 [debug] : MonacoEditorModel.cancelSync {"0":"file:///home/nhanenten/Desktop/HW_SW/Lab2/_ide/logs/vitis.log"}
2026-05-22 10:28:19 [debug] : MonacoEditorModel.doSync - enter {"0":"file:///home/nhanenten/Desktop/HW_SW/Lab2/_ide/logs/vitis.log"}
2026-05-22 10:28:19 [debug] : MonacoEditorModel.cancelSync {"0":"file:///home/nhanenten/Desktop/HW_SW/Lab2/_ide/logs/vitis.log"}
2026-05-22 10:28:19 [debug] : MonacoEditorModel.doSync - exit - cancelled while looking for a resource {"0":"file:///home/nhanenten/Desktop/HW_SW/Lab2/_ide/logs/vitis.log"}
2026-05-22 10:28:19 [debug] : MonacoEditorModel.doSync - enter {"0":"file:///home/nhanenten/Desktop/HW_SW/Lab2/_ide/logs/vitis.log"}
2026-05-22 10:28:19 [debug] : MonacoEditorModel.fireDidChangeContent - enter - {
  "changes": [
    {
      "range": {
        "startLineNumber": 162,
        "startColumn": 1,
        "endLineNumber": 162,
        "endColumn": 1
      },
      "rangeLength": 0,
      "text": "10:28:19 INFO  : lopper command to create baremetal application :empyro create_app --src_dir /home/nhanenten/Desktop/HW_SW/Lab2/Timer_application/src -t empty_application -d /home/nhanenten/Desktop/HW_SW/Lab2/platform_2d/export/platform_2d/sw/standalone_ps7_cortexa9_0 -n Timer_application -r /home/nhanenten/Desktop/HW_SW/Lab2/_ide/.wsdata/.repo.yaml\n10:28:19 INFO  : bash, -c, empyro validate_bsp -t empty_application -d /home/nhanenten/Desktop/HW_SW/Lab2/platform_2d/export/platform_2d/sw/standalone_ps7_cortexa9_0 -r /home/nhanenten/Desktop/HW_SW/Lab2/_ide/.wsdata/.repo.yaml\n",
      "rangeOffset": 20333,
      "forceMoveMarkers": true
    }
  ],
  "eol": "\n",
  "isEolChange": false,
  "versionId": 27,
  "isUndoing": false,
  "isRedoing": false,
  "isFlush": false
} {"0":"file:///home/nhanenten/Desktop/HW_SW/Lab2/_ide/logs/vitis.log"}
2026-05-22 10:28:19 [debug] : MonacoEditorModel.markAsDirty - enter {"0":"file:///home/nhanenten/Desktop/HW_SW/Lab2/_ide/logs/vitis.log"}
2026-05-22 10:28:19 [debug] : MonacoEditorModel.markAsDirty - exit - ignoring dirty changes enabled {"0":"file:///home/nhanenten/Desktop/HW_SW/Lab2/_ide/logs/vitis.log"}
2026-05-22 10:28:19 [debug] : MonacoEditorModel.fireDidChangeContent - exit {"0":"file:///home/nhanenten/Desktop/HW_SW/Lab2/_ide/logs/vitis.log"}
2026-05-22 10:28:19 [debug] : MonacoEditorModel.doSync - exit {"0":"file:///home/nhanenten/Desktop/HW_SW/Lab2/_ide/logs/vitis.log"}
2026-05-22 10:28:20 [debug] : RIGEL SERVER 10:28:20 INFO  : Successfully validated template empty_application 
2026-05-22 10:28:20 [debug] : RIGEL SERVER 10:28:20 INFO  : bash, -c, empyro create_app --src_dir /home/nhanenten/Desktop/HW_SW/Lab2/Timer_application/src -t empty_application -d /home/nhanenten/Desktop/HW_SW/Lab2/platform_2d/export/platform_2d/sw/standalone_ps7_cortexa9_0 -n Timer_application -r /home/nhanenten/Desktop/HW_SW/Lab2/_ide/.wsdata/.repo.yaml 
2026-05-22 10:28:20 [debug] : MonacoEditorModel.cancelSync {"0":"file:///home/nhanenten/Desktop/HW_SW/Lab2/_ide/logs/vitis.log"}
2026-05-22 10:28:20 [debug] : MonacoEditorModel.doSync - enter {"0":"file:///home/nhanenten/Desktop/HW_SW/Lab2/_ide/logs/vitis.log"}
2026-05-22 10:28:20 [debug] : MonacoEditorModel.cancelSync {"0":"file:///home/nhanenten/Desktop/HW_SW/Lab2/_ide/logs/vitis.log"}
2026-05-22 10:28:20 [debug] : MonacoEditorModel.doSync - exit - cancelled while looking for a resource {"0":"file:///home/nhanenten/Desktop/HW_SW/Lab2/_ide/logs/vitis.log"}
2026-05-22 10:28:20 [debug] : MonacoEditorModel.doSync - enter {"0":"file:///home/nhanenten/Desktop/HW_SW/Lab2/_ide/logs/vitis.log"}
2026-05-22 10:28:20 [debug] : MonacoEditorModel.fireDidChangeContent - enter - {
  "changes": [
    {
      "range": {
        "startLineNumber": 164,
        "startColumn": 1,
        "endLineNumber": 164,
        "endColumn": 1
      },
      "rangeLength": 0,
      "text": "10:28:20 INFO  : Successfully validated template empty_application\n10:28:20 INFO  : bash, -c, empyro create_app --src_dir /home/nhanenten/Desktop/HW_SW/Lab2/Timer_application/src -t empty_application -d /home/nhanenten/Desktop/HW_SW/Lab2/platform_2d/export/platform_2d/sw/standalone_ps7_cortexa9_0 -n Timer_application -r /home/nhanenten/Desktop/HW_SW/Lab2/_ide/.wsdata/.repo.yaml\n",
      "rangeOffset": 20913,
      "forceMoveMarkers": true
    }
  ],
  "eol": "\n",
  "isEolChange": false,
  "versionId": 28,
  "isUndoing": false,
  "isRedoing": false,
  "isFlush": false
} {"0":"file:///home/nhanenten/Desktop/HW_SW/Lab2/_ide/logs/vitis.log"}
2026-05-22 10:28:20 [debug] : MonacoEditorModel.markAsDirty - enter {"0":"file:///home/nhanenten/Desktop/HW_SW/Lab2/_ide/logs/vitis.log"}
2026-05-22 10:28:20 [debug] : MonacoEditorModel.markAsDirty - exit - ignoring dirty changes enabled {"0":"file:///home/nhanenten/Desktop/HW_SW/Lab2/_ide/logs/vitis.log"}
2026-05-22 10:28:20 [debug] : MonacoEditorModel.fireDidChangeContent - exit {"0":"file:///home/nhanenten/Desktop/HW_SW/Lab2/_ide/logs/vitis.log"}
2026-05-22 10:28:20 [debug] : MonacoEditorModel.doSync - exit {"0":"file:///home/nhanenten/Desktop/HW_SW/Lab2/_ide/logs/vitis.log"}
2026-05-22 10:28:23 [debug] : RIGEL SERVER 10:28:23 INFO  : [INFO]: Generating Linker script for empty_application 
2026-05-22 10:28:23 [debug] : RIGEL SERVER 10:28:23 INFO  : [INFO]: Successfully Created Application sources at /home/nhanenten/Desktop/HW_SW/Lab2/Timer_application/src
10:28:23 INFO  : Successfully created Application /home/nhanenten/Desktop/HW_SW/Lab2/Timer_application/src 
2026-05-22 10:28:23 [debug] : RIGEL SERVER 10:28:23 INFO  : created .gitignore file for the project /home/nhanenten/Desktop/HW_SW/Lab2/Timer_application 
2026-05-22 10:28:23 [debug] : MonacoEditorModel.cancelSync {"0":"file:///home/nhanenten/Desktop/HW_SW/Lab2/_ide/logs/vitis.log"}
2026-05-22 10:28:23 [debug] : MonacoEditorModel.doSync - enter {"0":"file:///home/nhanenten/Desktop/HW_SW/Lab2/_ide/logs/vitis.log"}
2026-05-22 10:28:23 [debug] : Received event from notification service: ON_DID_CREATE_COMPONENT. 
2026-05-22 10:28:23 [debug] : MonacoEditorModel.cancelSync {"0":"file:///home/nhanenten/Desktop/HW_SW/Lab2/_ide/logs/vitis.log"}
2026-05-22 10:28:23 [debug] : RIGEL SERVER 10:28:23 INFO  : The hardware specification used by project '/home/nhanenten/Desktop/HW_SW/Lab2/Timer_application' is out of sync with the platform. Resource files extracted from the hardware specification will be updated. 
2026-05-22 10:28:23 [debug] : MonacoEditorModel.doSync - exit - cancelled while looking for a resource {"0":"file:///home/nhanenten/Desktop/HW_SW/Lab2/_ide/logs/vitis.log"}
2026-05-22 10:28:23 [debug] : MonacoEditorModel.doSync - enter {"0":"file:///home/nhanenten/Desktop/HW_SW/Lab2/_ide/logs/vitis.log"}
2026-05-22 10:28:23 [debug] : RIGEL SERVER 10:28:23 INFO  : The updated bitstream files are copied from platform to folder '/home/nhanenten/Desktop/HW_SW/Lab2/Timer_application/_ide/bitstream' in project '/home/nhanenten/Desktop/HW_SW/Lab2/Timer_application'. 
2026-05-22 10:28:23 [debug] : RIGEL SERVER 10:28:23 INFO  : The updated ps init files are copied from platform to folder '/home/nhanenten/Desktop/HW_SW/Lab2/Timer_application/_ide/psinit' in project '/home/nhanenten/Desktop/HW_SW/Lab2/Timer_application'. 
2026-05-22 10:28:23 [debug] : MonacoEditorModel.fireDidChangeContent - enter - {
  "changes": [
    {
      "range": {
        "startLineNumber": 166,
        "startColumn": 1,
        "endLineNumber": 166,
        "endColumn": 1
      },
      "rangeLength": 0,
      "text": "10:28:23 INFO  : [INFO]: Generating Linker script for empty_application\n10:28:23 INFO  : [INFO]: Successfully Created Application sources at /home/nhanenten/Desktop/HW_SW/Lab2/Timer_application/src\n10:28:23 INFO  : Successfully created Application /home/nhanenten/Desktop/HW_SW/Lab2/Timer_application/src\n10:28:23 INFO  : created .gitignore file for the project /home/nhanenten/Desktop/HW_SW/Lab2/Timer_application\n10:28:23 INFO  : The hardware specification used by project '/home/nhanenten/Desktop/HW_SW/Lab2/Timer_application' is out of sync with the platform. Resource files extracted from the hardware specification will be updated.\n",
      "rangeOffset": 21294,
      "forceMoveMarkers": true
    }
  ],
  "eol": "\n",
  "isEolChange": false,
  "versionId": 29,
  "isUndoing": false,
  "isRedoing": false,
  "isFlush": false
} {"0":"file:///home/nhanenten/Desktop/HW_SW/Lab2/_ide/logs/vitis.log"}
2026-05-22 10:28:23 [debug] : MonacoEditorModel.markAsDirty - enter {"0":"file:///home/nhanenten/Desktop/HW_SW/Lab2/_ide/logs/vitis.log"}
2026-05-22 10:28:23 [debug] : MonacoEditorModel.markAsDirty - exit - ignoring dirty changes enabled {"0":"file:///home/nhanenten/Desktop/HW_SW/Lab2/_ide/logs/vitis.log"}
2026-05-22 10:28:23 [debug] : MonacoEditorModel.fireDidChangeContent - exit {"0":"file:///home/nhanenten/Desktop/HW_SW/Lab2/_ide/logs/vitis.log"}
2026-05-22 10:28:23 [debug] : MonacoEditorModel.doSync - exit {"0":"file:///home/nhanenten/Desktop/HW_SW/Lab2/_ide/logs/vitis.log"}
2026-05-22 10:28:23 [debug] : [ProjectCache] fetching projects for project-cache 
2026-05-22 10:28:23 [debug] : [Component Provider] updating project /home/nhanenten/Desktop/HW_SW/Lab2/Timer_application 
2026-05-22 10:28:23 [debug] : [Component Provider] project updated /home/nhanenten/Desktop/HW_SW/Lab2/Timer_application 
2026-05-22 10:28:23 [debug] : [ProjectDecorator] tree decoration updated 
2026-05-22 10:28:23 [debug] : [Platform Provider] updating project /home/nhanenten/Desktop/HW_SW/Lab2/platform_2d 
2026-05-22 10:28:23 [debug] : [Component Provider] updating project /home/nhanenten/Desktop/HW_SW/Lab2/platform 
2026-05-22 10:28:23 [debug] : [Component Provider] updating project /home/nhanenten/Desktop/HW_SW/Lab2/timer_interrupt 
2026-05-22 10:28:23 [debug] : [Component Provider] updating project /home/nhanenten/Desktop/HW_SW/Lab2/Timer_application 
2026-05-22 10:28:23 [debug] : [ProjectDecorator] tree decoration updated 
2026-05-22 10:28:23 [debug] : [ProjectCache] Project location updated to /home/nhanenten/Desktop/HW_SW/Lab2/Timer_application 
2026-05-22 10:28:23 [debug] : Error: 3 INVALID_ARGUMENT: Invalid project location '/home/nhanenten/Desktop/HW_SW/Lab2/platform'.
    at r.callErrorFromStatus (/home/nhanenten/2025.2/Vitis/ide/electron-app/lnx64/resources/app/lib/backend/384.js:2:5361773)
    at Object.onReceiveStatus (/home/nhanenten/2025.2/Vitis/ide/electron-app/lnx64/resources/app/lib/backend/384.js:2:7053281)
    at Object.onReceiveStatus (/home/nhanenten/2025.2/Vitis/ide/electron-app/lnx64/resources/app/lib/backend/384.js:2:5789310)
    at Object.onReceiveStatus (/home/nhanenten/2025.2/Vitis/ide/electron-app/lnx64/resources/app/lib/backend/384.js:2:5788755)
    at /home/nhanenten/2025.2/Vitis/ide/electron-app/lnx64/resources/app/lib/backend/384.js:2:5346692
    at process.processTicksAndRejections (node:internal/process/task_queues:77:11)
for call at
    at l.makeUnaryRequest (/home/nhanenten/2025.2/Vitis/ide/electron-app/lnx64/resources/app/lib/backend/384.js:2:7052812)
    at l.getComponent (/home/nhanenten/2025.2/Vitis/ide/electron-app/lnx64/resources/app/lib/backend/384.js:2:1745982)
    at /home/nhanenten/2025.2/Vitis/ide/electron-app/lnx64/resources/app/lib/backend/main.js:1:1360935
    at new Promise (<anonymous>)
    at x.getComponent (/home/nhanenten/2025.2/Vitis/ide/electron-app/lnx64/resources/app/lib/backend/main.js:1:1360856)
    at u.onRequest (/home/nhanenten/2025.2/Vitis/ide/electron-app/lnx64/resources/app/lib/backend/69.js:2:159784)
    at c.requestHandler (/home/nhanenten/2025.2/Vitis/ide/electron-app/lnx64/resources/app/lib/backend/69.js:2:159606)
    at c.handleRequest (/home/nhanenten/2025.2/Vitis/ide/electron-app/lnx64/resources/app/lib/backend/69.js:2:22968)
    at c.handleMessage (/home/nhanenten/2025.2/Vitis/ide/electron-app/lnx64/resources/app/lib/backend/69.js:2:20872)
    at /home/nhanenten/2025.2/Vitis/ide/electron-app/lnx64/resources/app/lib/backend/69.js:2:20507
    at /home/nhanenten/2025.2/Vitis/ide/electron-app/lnx64/resources/app/lib/backend/69.js:2:126060
    at s.invoke (/home/nhanenten/2025.2/Vitis/ide/electron-app/lnx64/resources/app/lib/backend/69.js:2:126149)
    at a.fire (/home/nhanenten/2025.2/Vitis/ide/electron-app/lnx64/resources/app/lib/backend/69.js:2:127948)
    at t.ChannelMultiplexer.handleData (/home/nhanenten/2025.2/Vitis/ide/electron-app/lnx64/resources/app/lib/backend/69.js:2:58305)
    at t.ChannelMultiplexer.handleMessage (/home/nhanenten/2025.2/Vitis/ide/electron-app/lnx64/resources/app/lib/backend/69.js:2:57483)
    at /home/nhanenten/2025.2/Vitis/ide/electron-app/lnx64/resources/app/lib/backend/69.js:2:56720 
2026-05-22 10:28:23 [debug] : Error: 3 INVALID_ARGUMENT: Invalid project location '/home/nhanenten/Desktop/HW_SW/Lab2/timer_interrupt'.
    at r.callErrorFromStatus (/home/nhanenten/2025.2/Vitis/ide/electron-app/lnx64/resources/app/lib/backend/384.js:2:5361773)
    at Object.onReceiveStatus (/home/nhanenten/2025.2/Vitis/ide/electron-app/lnx64/resources/app/lib/backend/384.js:2:7053281)
    at Object.onReceiveStatus (/home/nhanenten/2025.2/Vitis/ide/electron-app/lnx64/resources/app/lib/backend/384.js:2:5789310)
    at Object.onReceiveStatus (/home/nhanenten/2025.2/Vitis/ide/electron-app/lnx64/resources/app/lib/backend/384.js:2:5788755)
    at /home/nhanenten/2025.2/Vitis/ide/electron-app/lnx64/resources/app/lib/backend/384.js:2:5346692
    at process.processTicksAndRejections (node:internal/process/task_queues:77:11)
for call at
    at l.makeUnaryRequest (/home/nhanenten/2025.2/Vitis/ide/electron-app/lnx64/resources/app/lib/backend/384.js:2:7052812)
    at l.getComponent (/home/nhanenten/2025.2/Vitis/ide/electron-app/lnx64/resources/app/lib/backend/384.js:2:1745982)
    at /home/nhanenten/2025.2/Vitis/ide/electron-app/lnx64/resources/app/lib/backend/main.js:1:1360935
    at new Promise (<anonymous>)
    at x.getComponent (/home/nhanenten/2025.2/Vitis/ide/electron-app/lnx64/resources/app/lib/backend/main.js:1:1360856)
    at u.onRequest (/home/nhanenten/2025.2/Vitis/ide/electron-app/lnx64/resources/app/lib/backend/69.js:2:159784)
    at c.requestHandler (/home/nhanenten/2025.2/Vitis/ide/electron-app/lnx64/resources/app/lib/backend/69.js:2:159606)
    at c.handleRequest (/home/nhanenten/2025.2/Vitis/ide/electron-app/lnx64/resources/app/lib/backend/69.js:2:22968)
    at c.handleMessage (/home/nhanenten/2025.2/Vitis/ide/electron-app/lnx64/resources/app/lib/backend/69.js:2:20872)
    at /home/nhanenten/2025.2/Vitis/ide/electron-app/lnx64/resources/app/lib/backend/69.js:2:20507
    at /home/nhanenten/2025.2/Vitis/ide/electron-app/lnx64/resources/app/lib/backend/69.js:2:126060
    at s.invoke (/home/nhanenten/2025.2/Vitis/ide/electron-app/lnx64/resources/app/lib/backend/69.js:2:126149)
    at a.fire (/home/nhanenten/2025.2/Vitis/ide/electron-app/lnx64/resources/app/lib/backend/69.js:2:127948)
    at t.ChannelMultiplexer.handleData (/home/nhanenten/2025.2/Vitis/ide/electron-app/lnx64/resources/app/lib/backend/69.js:2:58305)
    at t.ChannelMultiplexer.handleMessage (/home/nhanenten/2025.2/Vitis/ide/electron-app/lnx64/resources/app/lib/backend/69.js:2:57483)
    at /home/nhanenten/2025.2/Vitis/ide/electron-app/lnx64/resources/app/lib/backend/69.js:2:56720 
2026-05-22 10:28:23 [debug] : Error: 3 INVALID_ARGUMENT: Invalid project location '/home/nhanenten/Desktop/HW_SW/Lab2/platform'.
    at r.callErrorFromStatus (/home/nhanenten/2025.2/Vitis/ide/electron-app/lnx64/resources/app/lib/backend/384.js:2:5361773)
    at Object.onReceiveStatus (/home/nhanenten/2025.2/Vitis/ide/electron-app/lnx64/resources/app/lib/backend/384.js:2:7053281)
    at Object.onReceiveStatus (/home/nhanenten/2025.2/Vitis/ide/electron-app/lnx64/resources/app/lib/backend/384.js:2:5789310)
    at Object.onReceiveStatus (/home/nhanenten/2025.2/Vitis/ide/electron-app/lnx64/resources/app/lib/backend/384.js:2:5788755)
    at /home/nhanenten/2025.2/Vitis/ide/electron-app/lnx64/resources/app/lib/backend/384.js:2:5346692
    at process.processTicksAndRejections (node:internal/process/task_queues:77:11)
for call at
    at l.makeUnaryRequest (/home/nhanenten/2025.2/Vitis/ide/electron-app/lnx64/resources/app/lib/backend/384.js:2:7052812)
    at l.getComponent (/home/nhanenten/2025.2/Vitis/ide/electron-app/lnx64/resources/app/lib/backend/384.js:2:1745982)
    at /home/nhanenten/2025.2/Vitis/ide/electron-app/lnx64/resources/app/lib/backend/main.js:1:1360935
    at new Promise (<anonymous>)
    at x.getComponent (/home/nhanenten/2025.2/Vitis/ide/electron-app/lnx64/resources/app/lib/backend/main.js:1:1360856)
    at u.onRequest (/home/nhanenten/2025.2/Vitis/ide/electron-app/lnx64/resources/app/lib/backend/69.js:2:159784)
    at c.requestHandler (/home/nhanenten/2025.2/Vitis/ide/electron-app/lnx64/resources/app/lib/backend/69.js:2:159606)
    at c.handleRequest (/home/nhanenten/2025.2/Vitis/ide/electron-app/lnx64/resources/app/lib/backend/69.js:2:22968)
    at c.handleMessage (/home/nhanenten/2025.2/Vitis/ide/electron-app/lnx64/resources/app/lib/backend/69.js:2:20872)
    at /home/nhanenten/2025.2/Vitis/ide/electron-app/lnx64/resources/app/lib/backend/69.js:2:20507
    at /home/nhanenten/2025.2/Vitis/ide/electron-app/lnx64/resources/app/lib/backend/69.js:2:126060
    at s.invoke (/home/nhanenten/2025.2/Vitis/ide/electron-app/lnx64/resources/app/lib/backend/69.js:2:126149)
    at a.fire (/home/nhanenten/2025.2/Vitis/ide/electron-app/lnx64/resources/app/lib/backend/69.js:2:127948)
    at t.ChannelMultiplexer.handleData (/home/nhanenten/2025.2/Vitis/ide/electron-app/lnx64/resources/app/lib/backend/69.js:2:58305)
    at t.ChannelMultiplexer.handleMessage (/home/nhanenten/2025.2/Vitis/ide/electron-app/lnx64/resources/app/lib/backend/69.js:2:57483)
    at /home/nhanenten/2025.2/Vitis/ide/electron-app/lnx64/resources/app/lib/backend/69.js:2:56720 
2026-05-22 10:28:23 [debug] : [Component Provider] project updated /home/nhanenten/Desktop/HW_SW/Lab2/platform 
2026-05-22 10:28:23 [debug] : Error: 3 INVALID_ARGUMENT: Invalid project location '/home/nhanenten/Desktop/HW_SW/Lab2/timer_interrupt'.
    at r.callErrorFromStatus (/home/nhanenten/2025.2/Vitis/ide/electron-app/lnx64/resources/app/lib/backend/384.js:2:5361773)
    at Object.onReceiveStatus (/home/nhanenten/2025.2/Vitis/ide/electron-app/lnx64/resources/app/lib/backend/384.js:2:7053281)
    at Object.onReceiveStatus (/home/nhanenten/2025.2/Vitis/ide/electron-app/lnx64/resources/app/lib/backend/384.js:2:5789310)
    at Object.onReceiveStatus (/home/nhanenten/2025.2/Vitis/ide/electron-app/lnx64/resources/app/lib/backend/384.js:2:5788755)
    at /home/nhanenten/2025.2/Vitis/ide/electron-app/lnx64/resources/app/lib/backend/384.js:2:5346692
    at process.processTicksAndRejections (node:internal/process/task_queues:77:11)
for call at
    at l.makeUnaryRequest (/home/nhanenten/2025.2/Vitis/ide/electron-app/lnx64/resources/app/lib/backend/384.js:2:7052812)
    at l.getComponent (/home/nhanenten/2025.2/Vitis/ide/electron-app/lnx64/resources/app/lib/backend/384.js:2:1745982)
    at /home/nhanenten/2025.2/Vitis/ide/electron-app/lnx64/resources/app/lib/backend/main.js:1:1360935
    at new Promise (<anonymous>)
    at x.getComponent (/home/nhanenten/2025.2/Vitis/ide/electron-app/lnx64/resources/app/lib/backend/main.js:1:1360856)
    at u.onRequest (/home/nhanenten/2025.2/Vitis/ide/electron-app/lnx64/resources/app/lib/backend/69.js:2:159784)
    at c.requestHandler (/home/nhanenten/2025.2/Vitis/ide/electron-app/lnx64/resources/app/lib/backend/69.js:2:159606)
    at c.handleRequest (/home/nhanenten/2025.2/Vitis/ide/electron-app/lnx64/resources/app/lib/backend/69.js:2:22968)
    at c.handleMessage (/home/nhanenten/2025.2/Vitis/ide/electron-app/lnx64/resources/app/lib/backend/69.js:2:20872)
    at /home/nhanenten/2025.2/Vitis/ide/electron-app/lnx64/resources/app/lib/backend/69.js:2:20507
    at /home/nhanenten/2025.2/Vitis/ide/electron-app/lnx64/resources/app/lib/backend/69.js:2:126060
    at s.invoke (/home/nhanenten/2025.2/Vitis/ide/electron-app/lnx64/resources/app/lib/backend/69.js:2:126149)
    at a.fire (/home/nhanenten/2025.2/Vitis/ide/electron-app/lnx64/resources/app/lib/backend/69.js:2:127948)
    at t.ChannelMultiplexer.handleData (/home/nhanenten/2025.2/Vitis/ide/electron-app/lnx64/resources/app/lib/backend/69.js:2:58305)
    at t.ChannelMultiplexer.handleMessage (/home/nhanenten/2025.2/Vitis/ide/electron-app/lnx64/resources/app/lib/backend/69.js:2:57483)
    at /home/nhanenten/2025.2/Vitis/ide/electron-app/lnx64/resources/app/lib/backend/69.js:2:56720 
2026-05-22 10:28:23 [debug] : [Component Provider] project updated /home/nhanenten/Desktop/HW_SW/Lab2/timer_interrupt 
2026-05-22 10:28:23 [debug] : [Platform Provider] project updated /home/nhanenten/Desktop/HW_SW/Lab2/platform_2d {"0":{"platformName":"platform_2d","platformDescription":"","platformLocation":"/home/nhanenten/Desktop/HW_SW/Lab2/platform_2d","xsaPath":"/home/nhanenten/Desktop/HW_SW/Lab2/design_2.xsa","xsapathinplatform":"platform_2d/hw/design_2.xsa","isCustomFsbl":false,"fsblPath":"","pmufwElf":"","supportedFamily":"zynq","flow":3,"emulationXsaPath":"","emulationXsaPathInPlatform":"","stdGenHooksList":[],"reconfigurablePartitionsList":[]}}
2026-05-22 10:28:23 [debug] : [Component Provider] project updated /home/nhanenten/Desktop/HW_SW/Lab2/Timer_application 
2026-05-22 10:28:23 [debug] : [Platform Server] Executing method:[listDomains] with connection:(object). {"0":"request:","1":{"wrappers_":null,"arrayIndexOffset_":-1,"array":["/home/nhanenten/Desktop/HW_SW/Lab2/platform_2d"],"pivot_":1.7976931348623157e+308,"convertedPrimitiveFields_":{}}}
2026-05-22 10:28:23 [debug] : [Repository Server] Executing method:getHwPlatform with connection:(object). {"0":"request:","1":{"platformPath":"/home/nhanenten/Desktop/HW_SW/Lab2/platform_2d/export/platform_2d/platform_2d.xpfm"}}
2026-05-22 10:28:23 [debug] : [Repository Server] Executing method:getSwPlatform with connection:(object). {"0":"request:","1":{"platformPath":"/home/nhanenten/Desktop/HW_SW/Lab2/platform_2d/export/platform_2d/platform_2d.xpfm"}}
2026-05-22 10:28:23 [debug] : [Platform Server] Executing method:[getPartFromXSA] with connection:(object). {"0":"request:","1":{"wrappers_":null,"arrayIndexOffset_":-1,"array":["/home/nhanenten/Desktop/HW_SW/Lab2/platform_2d"],"pivot_":1.7976931348623157e+308,"convertedPrimitiveFields_":{}}}
2026-05-22 10:28:23 [debug] : MonacoEditorModel.cancelSync {"0":"file:///home/nhanenten/Desktop/HW_SW/Lab2/_ide/logs/vitis.log"}
2026-05-22 10:28:23 [debug] : MonacoEditorModel.doSync - enter {"0":"file:///home/nhanenten/Desktop/HW_SW/Lab2/_ide/logs/vitis.log"}
2026-05-22 10:28:23 [debug] : MonacoEditorModel.cancelSync {"0":"file:///home/nhanenten/Desktop/HW_SW/Lab2/_ide/logs/vitis.log"}
2026-05-22 10:28:23 [debug] : MonacoEditorModel.doSync - exit - cancelled while looking for a resource {"0":"file:///home/nhanenten/Desktop/HW_SW/Lab2/_ide/logs/vitis.log"}
2026-05-22 10:28:23 [debug] : MonacoEditorModel.doSync - enter {"0":"file:///home/nhanenten/Desktop/HW_SW/Lab2/_ide/logs/vitis.log"}
2026-05-22 10:28:23 [debug] : No label for action menu node: No command "workspace:addFolder" exists. 
2026-05-22 10:28:23 [debug] : MonacoEditorModel.fireDidChangeContent - enter - {
  "changes": [
    {
      "range": {
        "startLineNumber": 171,
        "startColumn": 1,
        "endLineNumber": 171,
        "endColumn": 1
      },
      "rangeLength": 0,
      "text": "10:28:23 INFO  : The updated bitstream files are copied from platform to folder '/home/nhanenten/Desktop/HW_SW/Lab2/Timer_application/_ide/bitstream' in project '/home/nhanenten/Desktop/HW_SW/Lab2/Timer_application'.\n10:28:23 INFO  : The updated ps init files are copied from platform to folder '/home/nhanenten/Desktop/HW_SW/Lab2/Timer_application/_ide/psinit' in project '/home/nhanenten/Desktop/HW_SW/Lab2/Timer_application'.\n",
      "rangeOffset": 21932,
      "forceMoveMarkers": true
    }
  ],
  "eol": "\n",
  "isEolChange": false,
  "versionId": 30,
  "isUndoing": false,
  "isRedoing": false,
  "isFlush": false
} {"0":"file:///home/nhanenten/Desktop/HW_SW/Lab2/_ide/logs/vitis.log"}
2026-05-22 10:28:23 [debug] : MonacoEditorModel.markAsDirty - enter {"0":"file:///home/nhanenten/Desktop/HW_SW/Lab2/_ide/logs/vitis.log"}
2026-05-22 10:28:23 [debug] : MonacoEditorModel.markAsDirty - exit - ignoring dirty changes enabled {"0":"file:///home/nhanenten/Desktop/HW_SW/Lab2/_ide/logs/vitis.log"}
2026-05-22 10:28:23 [debug] : MonacoEditorModel.fireDidChangeContent - exit {"0":"file:///home/nhanenten/Desktop/HW_SW/Lab2/_ide/logs/vitis.log"}
2026-05-22 10:28:23 [debug] : MonacoEditorModel.doSync - exit {"0":"file:///home/nhanenten/Desktop/HW_SW/Lab2/_ide/logs/vitis.log"}
2026-05-22 10:28:30 [debug] : [ProjectDecorator] tree decoration updated 
2026-05-22 10:28:30 [debug] : [ProjectCache] Project location updated to /home/nhanenten/Desktop/HW_SW/Lab2/platform_2d 
2026-05-22 10:28:31 [debug] : [Platform Server] Executing method:[generatePlatform] with connection:(object). {"0":"request:","1":"/home/nhanenten/Desktop/HW_SW/Lab2/platform_2d"}
2026-05-22 10:28:31 [debug] : [Platform Server] Generate platform requested for platform_2d with internal id 'd99b6992-362b-4146-90fb-c205526b0a9e'. 
2026-05-22 10:28:31 [debug] : Received event from notification service: ON_DID_OPEN_COMPONENT. 
2026-05-22 10:28:31 [debug] : Received event from notification service: ON_DID_BUILD_START. 
2026-05-22 10:28:31 [debug] : Received event from notification service: ON_UPDATE_FLOWNAVIGATOR_STATUS. 
2026-05-22 10:28:31 [debug] : RIGEL SERVER 10:28:31 INFO  : BSP build will be initiated for Domain zynq_fsbl
10:28:31 INFO  : BSP build will be initiated for Domain standalone_ps7_cortexa9_0
10:28:31 INFO  : Generating BSP for the domain /home/nhanenten/Desktop/HW_SW/Lab2/platform_2d/ps7_cortexa9_0/standalone_ps7_cortexa9_0/bsp
10:28:31 INFO  : Generating BSP for the domain /home/nhanenten/Desktop/HW_SW/Lab2/platform_2d/zynq_fsbl/zynq_fsbl_bsp
10:28:31 INFO  : lopper command to reconfigure BSP :empyro reconfig_bsp -d /home/nhanenten/Desktop/HW_SW/Lab2/platform_2d/ps7_cortexa9_0/standalone_ps7_cortexa9_0/bsp
10:28:31 INFO  : lopper command to reconfigure BSP :empyro reconfig_bsp -d /home/nhanenten/Desktop/HW_SW/Lab2/platform_2d/zynq_fsbl/zynq_fsbl_bsp 
2026-05-22 10:28:31 [debug] : RIGEL SERVER 10:28:31 INFO  : bash, -c, empyro reconfig_bsp -d /home/nhanenten/Desktop/HW_SW/Lab2/platform_2d/zynq_fsbl/zynq_fsbl_bsp
10:28:31 INFO  : bash, -c, empyro reconfig_bsp -d /home/nhanenten/Desktop/HW_SW/Lab2/platform_2d/ps7_cortexa9_0/standalone_ps7_cortexa9_0/bsp 
2026-05-22 10:28:31 [debug] : [Platform Output] Generate platform_2d platform with id 'd99b6992-362b-4146-90fb-c205526b0a9e' started. 
2026-05-22 10:28:31 [debug] : MonacoEditorModel.cancelSync {"0":"file:///home/nhanenten/Desktop/HW_SW/Lab2/_ide/logs/vitis.log"}
2026-05-22 10:28:31 [debug] : MonacoEditorModel.doSync - enter {"0":"file:///home/nhanenten/Desktop/HW_SW/Lab2/_ide/logs/vitis.log"}
2026-05-22 10:28:31 [debug] : MonacoEditorModel.cancelSync {"0":"file:///home/nhanenten/Desktop/HW_SW/Lab2/_ide/logs/vitis.log"}
2026-05-22 10:28:31 [debug] : MonacoEditorModel.doSync - exit - cancelled while looking for a resource {"0":"file:///home/nhanenten/Desktop/HW_SW/Lab2/_ide/logs/vitis.log"}
2026-05-22 10:28:31 [debug] : MonacoEditorModel.doSync - enter {"0":"file:///home/nhanenten/Desktop/HW_SW/Lab2/_ide/logs/vitis.log"}
2026-05-22 10:28:31 [debug] : MonacoEditorModel.fireDidChangeContent - enter - {
  "changes": [
    {
      "range": {
        "startLineNumber": 173,
        "startColumn": 1,
        "endLineNumber": 173,
        "endColumn": 1
      },
      "rangeLength": 0,
      "text": "10:28:31 INFO  : BSP build will be initiated for Domain zynq_fsbl\n10:28:31 INFO  : BSP build will be initiated for Domain standalone_ps7_cortexa9_0\n10:28:31 INFO  : Generating BSP for the domain /home/nhanenten/Desktop/HW_SW/Lab2/platform_2d/ps7_cortexa9_0/standalone_ps7_cortexa9_0/bsp\n10:28:31 INFO  : Generating BSP for the domain /home/nhanenten/Desktop/HW_SW/Lab2/platform_2d/zynq_fsbl/zynq_fsbl_bsp\n10:28:31 INFO  : lopper command to reconfigure BSP :empyro reconfig_bsp -d /home/nhanenten/Desktop/HW_SW/Lab2/platform_2d/ps7_cortexa9_0/standalone_ps7_cortexa9_0/bsp\n10:28:31 INFO  : lopper command to reconfigure BSP :empyro reconfig_bsp -d /home/nhanenten/Desktop/HW_SW/Lab2/platform_2d/zynq_fsbl/zynq_fsbl_bsp\n10:28:31 INFO  : bash, -c, empyro reconfig_bsp -d /home/nhanenten/Desktop/HW_SW/Lab2/platform_2d/zynq_fsbl/zynq_fsbl_bsp\n10:28:31 INFO  : bash, -c, empyro reconfig_bsp -d /home/nhanenten/Desktop/HW_SW/Lab2/platform_2d/ps7_cortexa9_0/standalone_ps7_cortexa9_0/bsp\n",
      "rangeOffset": 22361,
      "forceMoveMarkers": true
    }
  ],
  "eol": "\n",
  "isEolChange": false,
  "versionId": 31,
  "isUndoing": false,
  "isRedoing": false,
  "isFlush": false
} {"0":"file:///home/nhanenten/Desktop/HW_SW/Lab2/_ide/logs/vitis.log"}
2026-05-22 10:28:31 [debug] : MonacoEditorModel.markAsDirty - enter {"0":"file:///home/nhanenten/Desktop/HW_SW/Lab2/_ide/logs/vitis.log"}
2026-05-22 10:28:31 [debug] : MonacoEditorModel.markAsDirty - exit - ignoring dirty changes enabled {"0":"file:///home/nhanenten/Desktop/HW_SW/Lab2/_ide/logs/vitis.log"}
2026-05-22 10:28:31 [debug] : MonacoEditorModel.fireDidChangeContent - exit {"0":"file:///home/nhanenten/Desktop/HW_SW/Lab2/_ide/logs/vitis.log"}
2026-05-22 10:28:31 [debug] : MonacoEditorModel.doSync - exit {"0":"file:///home/nhanenten/Desktop/HW_SW/Lab2/_ide/logs/vitis.log"}
2026-05-22 10:28:31 [debug] : RIGEL SERVER 10:28:31 INFO  : Domain reconfigured successfully 
2026-05-22 10:28:31 [debug] : RIGEL SERVER 10:28:31 INFO  : Generating BSP for the domain /home/nhanenten/Desktop/HW_SW/Lab2/platform_2d/ps7_cortexa9_0/standalone_ps7_cortexa9_0/bsp
10:28:31 INFO  : lopper command to build BSP :empyro build_bsp -d /home/nhanenten/Desktop/HW_SW/Lab2/platform_2d/ps7_cortexa9_0/standalone_ps7_cortexa9_0/bsp 
2026-05-22 10:28:31 [debug] : RIGEL SERVER 10:28:31 INFO  : bash, -c, empyro build_bsp -d /home/nhanenten/Desktop/HW_SW/Lab2/platform_2d/ps7_cortexa9_0/standalone_ps7_cortexa9_0/bsp 
2026-05-22 10:28:31 [debug] : MonacoEditorModel.cancelSync {"0":"file:///home/nhanenten/Desktop/HW_SW/Lab2/_ide/logs/vitis.log"}
2026-05-22 10:28:31 [debug] : MonacoEditorModel.doSync - enter {"0":"file:///home/nhanenten/Desktop/HW_SW/Lab2/_ide/logs/vitis.log"}
2026-05-22 10:28:31 [debug] : MonacoEditorModel.cancelSync {"0":"file:///home/nhanenten/Desktop/HW_SW/Lab2/_ide/logs/vitis.log"}
2026-05-22 10:28:31 [debug] : MonacoEditorModel.doSync - exit - cancelled while looking for a resource {"0":"file:///home/nhanenten/Desktop/HW_SW/Lab2/_ide/logs/vitis.log"}
2026-05-22 10:28:31 [debug] : MonacoEditorModel.doSync - enter {"0":"file:///home/nhanenten/Desktop/HW_SW/Lab2/_ide/logs/vitis.log"}
2026-05-22 10:28:31 [debug] : MonacoEditorModel.fireDidChangeContent - enter - {
  "changes": [
    {
      "range": {
        "startLineNumber": 181,
        "startColumn": 1,
        "endLineNumber": 181,
        "endColumn": 1
      },
      "rangeLength": 0,
      "text": "10:28:31 INFO  : Domain reconfigured successfully\n10:28:31 INFO  : Generating BSP for the domain /home/nhanenten/Desktop/HW_SW/Lab2/platform_2d/ps7_cortexa9_0/standalone_ps7_cortexa9_0/bsp\n10:28:31 INFO  : lopper command to build BSP :empyro build_bsp -d /home/nhanenten/Desktop/HW_SW/Lab2/platform_2d/ps7_cortexa9_0/standalone_ps7_cortexa9_0/bsp\n10:28:31 INFO  : bash, -c, empyro build_bsp -d /home/nhanenten/Desktop/HW_SW/Lab2/platform_2d/ps7_cortexa9_0/standalone_ps7_cortexa9_0/bsp\n",
      "rangeOffset": 23342,
      "forceMoveMarkers": true
    }
  ],
  "eol": "\n",
  "isEolChange": false,
  "versionId": 32,
  "isUndoing": false,
  "isRedoing": false,
  "isFlush": false
} {"0":"file:///home/nhanenten/Desktop/HW_SW/Lab2/_ide/logs/vitis.log"}
2026-05-22 10:28:31 [debug] : MonacoEditorModel.markAsDirty - enter {"0":"file:///home/nhanenten/Desktop/HW_SW/Lab2/_ide/logs/vitis.log"}
2026-05-22 10:28:31 [debug] : MonacoEditorModel.markAsDirty - exit - ignoring dirty changes enabled {"0":"file:///home/nhanenten/Desktop/HW_SW/Lab2/_ide/logs/vitis.log"}
2026-05-22 10:28:31 [debug] : MonacoEditorModel.fireDidChangeContent - exit {"0":"file:///home/nhanenten/Desktop/HW_SW/Lab2/_ide/logs/vitis.log"}
2026-05-22 10:28:31 [debug] : MonacoEditorModel.doSync - exit {"0":"file:///home/nhanenten/Desktop/HW_SW/Lab2/_ide/logs/vitis.log"}
2026-05-22 10:28:32 [debug] : RIGEL SERVER 10:28:32 INFO  : Domain reconfigured successfully 
2026-05-22 10:28:32 [debug] : RIGEL SERVER 10:28:32 INFO  : Generating BSP for the domain /home/nhanenten/Desktop/HW_SW/Lab2/platform_2d/zynq_fsbl/zynq_fsbl_bsp
10:28:32 INFO  : lopper command to build BSP :empyro build_bsp -d /home/nhanenten/Desktop/HW_SW/Lab2/platform_2d/zynq_fsbl/zynq_fsbl_bsp 
2026-05-22 10:28:32 [debug] : RIGEL SERVER 10:28:32 INFO  : bash, -c, empyro build_bsp -d /home/nhanenten/Desktop/HW_SW/Lab2/platform_2d/zynq_fsbl/zynq_fsbl_bsp 
2026-05-22 10:28:32 [debug] : MonacoEditorModel.cancelSync {"0":"file:///home/nhanenten/Desktop/HW_SW/Lab2/_ide/logs/vitis.log"}
2026-05-22 10:28:32 [debug] : MonacoEditorModel.doSync - enter {"0":"file:///home/nhanenten/Desktop/HW_SW/Lab2/_ide/logs/vitis.log"}
2026-05-22 10:28:32 [debug] : MonacoEditorModel.cancelSync {"0":"file:///home/nhanenten/Desktop/HW_SW/Lab2/_ide/logs/vitis.log"}
2026-05-22 10:28:32 [debug] : MonacoEditorModel.doSync - exit - cancelled while looking for a resource {"0":"file:///home/nhanenten/Desktop/HW_SW/Lab2/_ide/logs/vitis.log"}
2026-05-22 10:28:32 [debug] : MonacoEditorModel.doSync - enter {"0":"file:///home/nhanenten/Desktop/HW_SW/Lab2/_ide/logs/vitis.log"}
2026-05-22 10:28:32 [debug] : MonacoEditorModel.fireDidChangeContent - enter - {
  "changes": [
    {
      "range": {
        "startLineNumber": 185,
        "startColumn": 1,
        "endLineNumber": 185,
        "endColumn": 1
      },
      "rangeLength": 0,
      "text": "10:28:32 INFO  : Domain reconfigured successfully\n10:28:32 INFO  : Generating BSP for the domain /home/nhanenten/Desktop/HW_SW/Lab2/platform_2d/zynq_fsbl/zynq_fsbl_bsp\n10:28:32 INFO  : lopper command to build BSP :empyro build_bsp -d /home/nhanenten/Desktop/HW_SW/Lab2/platform_2d/zynq_fsbl/zynq_fsbl_bsp\n10:28:32 INFO  : bash, -c, empyro build_bsp -d /home/nhanenten/Desktop/HW_SW/Lab2/platform_2d/zynq_fsbl/zynq_fsbl_bsp\n",
      "rangeOffset": 23828,
      "forceMoveMarkers": true
    }
  ],
  "eol": "\n",
  "isEolChange": false,
  "versionId": 33,
  "isUndoing": false,
  "isRedoing": false,
  "isFlush": false
} {"0":"file:///home/nhanenten/Desktop/HW_SW/Lab2/_ide/logs/vitis.log"}
2026-05-22 10:28:32 [debug] : MonacoEditorModel.markAsDirty - enter {"0":"file:///home/nhanenten/Desktop/HW_SW/Lab2/_ide/logs/vitis.log"}
2026-05-22 10:28:32 [debug] : MonacoEditorModel.markAsDirty - exit - ignoring dirty changes enabled {"0":"file:///home/nhanenten/Desktop/HW_SW/Lab2/_ide/logs/vitis.log"}
2026-05-22 10:28:32 [debug] : MonacoEditorModel.fireDidChangeContent - exit {"0":"file:///home/nhanenten/Desktop/HW_SW/Lab2/_ide/logs/vitis.log"}
2026-05-22 10:28:32 [debug] : MonacoEditorModel.doSync - exit {"0":"file:///home/nhanenten/Desktop/HW_SW/Lab2/_ide/logs/vitis.log"}
2026-05-22 10:28:32 [debug] : RIGEL SERVER 10:28:32 INFO  : Domain build successfully 
2026-05-22 10:28:32 [debug] : MonacoEditorModel.cancelSync {"0":"file:///home/nhanenten/Desktop/HW_SW/Lab2/_ide/logs/vitis.log"}
2026-05-22 10:28:32 [debug] : MonacoEditorModel.doSync - enter {"0":"file:///home/nhanenten/Desktop/HW_SW/Lab2/_ide/logs/vitis.log"}
2026-05-22 10:28:32 [debug] : MonacoEditorModel.cancelSync {"0":"file:///home/nhanenten/Desktop/HW_SW/Lab2/_ide/logs/vitis.log"}
2026-05-22 10:28:32 [debug] : RIGEL SERVER 10:28:32 INFO  : Domain build successfully
10:28:32 INFO  : Generating Boot ELFs 
2026-05-22 10:28:32 [debug] : RIGEL SERVER 10:28:32 INFO  : lopper command to retarget baremetal application :empyro retarget_app -s /home/nhanenten/Desktop/HW_SW/Lab2/platform_2d/zynq_fsbl -d /home/nhanenten/Desktop/HW_SW/Lab2/platform_2d/zynq_fsbl/zynq_fsbl_bsp -b /home/nhanenten/Desktop/HW_SW/Lab2/platform_2d/zynq_fsbl/build
10:28:32 INFO  : bash, -c, empyro retarget_app -s /home/nhanenten/Desktop/HW_SW/Lab2/platform_2d/zynq_fsbl -d /home/nhanenten/Desktop/HW_SW/Lab2/platform_2d/zynq_fsbl/zynq_fsbl_bsp -b /home/nhanenten/Desktop/HW_SW/Lab2/platform_2d/zynq_fsbl/build 
2026-05-22 10:28:32 [debug] : MonacoEditorModel.doSync - exit - cancelled while looking for a resource {"0":"file:///home/nhanenten/Desktop/HW_SW/Lab2/_ide/logs/vitis.log"}
2026-05-22 10:28:32 [debug] : MonacoEditorModel.doSync - enter {"0":"file:///home/nhanenten/Desktop/HW_SW/Lab2/_ide/logs/vitis.log"}
2026-05-22 10:28:32 [debug] : MonacoEditorModel.fireDidChangeContent - enter - {
  "changes": [
    {
      "range": {
        "startLineNumber": 189,
        "startColumn": 1,
        "endLineNumber": 189,
        "endColumn": 1
      },
      "rangeLength": 0,
      "text": "10:28:32 INFO  : Domain build successfully\n10:28:32 INFO  : Domain build successfully\n10:28:32 INFO  : Generating Boot ELFs\n10:28:32 INFO  : lopper command to retarget baremetal application :empyro retarget_app -s /home/nhanenten/Desktop/HW_SW/Lab2/platform_2d/zynq_fsbl -d /home/nhanenten/Desktop/HW_SW/Lab2/platform_2d/zynq_fsbl/zynq_fsbl_bsp -b /home/nhanenten/Desktop/HW_SW/Lab2/platform_2d/zynq_fsbl/build\n10:28:32 INFO  : bash, -c, empyro retarget_app -s /home/nhanenten/Desktop/HW_SW/Lab2/platform_2d/zynq_fsbl -d /home/nhanenten/Desktop/HW_SW/Lab2/platform_2d/zynq_fsbl/zynq_fsbl_bsp -b /home/nhanenten/Desktop/HW_SW/Lab2/platform_2d/zynq_fsbl/build\n",
      "rangeOffset": 24251,
      "forceMoveMarkers": true
    }
  ],
  "eol": "\n",
  "isEolChange": false,
  "versionId": 34,
  "isUndoing": false,
  "isRedoing": false,
  "isFlush": false
} {"0":"file:///home/nhanenten/Desktop/HW_SW/Lab2/_ide/logs/vitis.log"}
2026-05-22 10:28:32 [debug] : MonacoEditorModel.markAsDirty - enter {"0":"file:///home/nhanenten/Desktop/HW_SW/Lab2/_ide/logs/vitis.log"}
2026-05-22 10:28:32 [debug] : MonacoEditorModel.markAsDirty - exit - ignoring dirty changes enabled {"0":"file:///home/nhanenten/Desktop/HW_SW/Lab2/_ide/logs/vitis.log"}
2026-05-22 10:28:32 [debug] : MonacoEditorModel.fireDidChangeContent - exit {"0":"file:///home/nhanenten/Desktop/HW_SW/Lab2/_ide/logs/vitis.log"}
2026-05-22 10:28:32 [debug] : MonacoEditorModel.doSync - exit {"0":"file:///home/nhanenten/Desktop/HW_SW/Lab2/_ide/logs/vitis.log"}
2026-05-22 10:28:33 [debug] : RIGEL SERVER 10:28:33 INFO  : [INFO]: Retargeting app
10:28:33 INFO  : [INFO]: Updating link libraries based on new domain
10:28:33 INFO  : Successfully retargeted Application /home/nhanenten/Desktop/HW_SW/Lab2/platform_2d/zynq_fsbl 
2026-05-22 10:28:33 [debug] : RIGEL SERVER 10:28:33 INFO  : lopper command to build baremetal application :empyro build_app --src_dir /home/nhanenten/Desktop/HW_SW/Lab2/platform_2d/zynq_fsbl --build_dir /home/nhanenten/Desktop/HW_SW/Lab2/platform_2d/zynq_fsbl/build
10:28:33 INFO  : bash, -c, empyro build_app --src_dir /home/nhanenten/Desktop/HW_SW/Lab2/platform_2d/zynq_fsbl --build_dir /home/nhanenten/Desktop/HW_SW/Lab2/platform_2d/zynq_fsbl/build 
2026-05-22 10:28:33 [debug] : MonacoEditorModel.cancelSync {"0":"file:///home/nhanenten/Desktop/HW_SW/Lab2/_ide/logs/vitis.log"}
2026-05-22 10:28:33 [debug] : MonacoEditorModel.doSync - enter {"0":"file:///home/nhanenten/Desktop/HW_SW/Lab2/_ide/logs/vitis.log"}
2026-05-22 10:28:33 [debug] : MonacoEditorModel.cancelSync {"0":"file:///home/nhanenten/Desktop/HW_SW/Lab2/_ide/logs/vitis.log"}
2026-05-22 10:28:33 [debug] : MonacoEditorModel.doSync - exit - cancelled while looking for a resource {"0":"file:///home/nhanenten/Desktop/HW_SW/Lab2/_ide/logs/vitis.log"}
2026-05-22 10:28:33 [debug] : MonacoEditorModel.doSync - enter {"0":"file:///home/nhanenten/Desktop/HW_SW/Lab2/_ide/logs/vitis.log"}
2026-05-22 10:28:33 [debug] : MonacoEditorModel.fireDidChangeContent - enter - {
  "changes": [
    {
      "range": {
        "startLineNumber": 194,
        "startColumn": 1,
        "endLineNumber": 194,
        "endColumn": 1
      },
      "rangeLength": 0,
      "text": "10:28:33 INFO  : [INFO]: Retargeting app\n10:28:33 INFO  : [INFO]: Updating link libraries based on new domain\n10:28:33 INFO  : Successfully retargeted Application /home/nhanenten/Desktop/HW_SW/Lab2/platform_2d/zynq_fsbl\n10:28:33 INFO  : lopper command to build baremetal application :empyro build_app --src_dir /home/nhanenten/Desktop/HW_SW/Lab2/platform_2d/zynq_fsbl --build_dir /home/nhanenten/Desktop/HW_SW/Lab2/platform_2d/zynq_fsbl/build\n10:28:33 INFO  : bash, -c, empyro build_app --src_dir /home/nhanenten/Desktop/HW_SW/Lab2/platform_2d/zynq_fsbl --build_dir /home/nhanenten/Desktop/HW_SW/Lab2/platform_2d/zynq_fsbl/build\n",
      "rangeOffset": 24909,
      "forceMoveMarkers": true
    }
  ],
  "eol": "\n",
  "isEolChange": false,
  "versionId": 35,
  "isUndoing": false,
  "isRedoing": false,
  "isFlush": false
} {"0":"file:///home/nhanenten/Desktop/HW_SW/Lab2/_ide/logs/vitis.log"}
2026-05-22 10:28:33 [debug] : MonacoEditorModel.markAsDirty - enter {"0":"file:///home/nhanenten/Desktop/HW_SW/Lab2/_ide/logs/vitis.log"}
2026-05-22 10:28:33 [debug] : MonacoEditorModel.markAsDirty - exit - ignoring dirty changes enabled {"0":"file:///home/nhanenten/Desktop/HW_SW/Lab2/_ide/logs/vitis.log"}
2026-05-22 10:28:33 [debug] : MonacoEditorModel.fireDidChangeContent - exit {"0":"file:///home/nhanenten/Desktop/HW_SW/Lab2/_ide/logs/vitis.log"}
2026-05-22 10:28:33 [debug] : MonacoEditorModel.doSync - exit {"0":"file:///home/nhanenten/Desktop/HW_SW/Lab2/_ide/logs/vitis.log"}
2026-05-22 10:28:34 [debug] : RIGEL SERVER 10:28:34 INFO  : Successfully building the baremetal application/home/nhanenten/Desktop/HW_SW/Lab2/platform_2d/zynq_fsbl/build 
2026-05-22 10:28:34 [debug] : RIGEL SERVER 10:28:34 INFO  : Generating Export directory 
2026-05-22 10:28:35 [debug] : Received event from notification service: ON_DID_UPDATE_COMPONENT. 
2026-05-22 10:28:35 [debug] : Received event from notification service: ON_UPDATE_PLATFORM_STATUS. 
2026-05-22 10:28:35 [debug] : [Platform Server] Generate platform completed on 'platform_2d' with internal id 'd99b6992-362b-4146-90fb-c205526b0a9e'. 
2026-05-22 10:28:35 [debug] : [Platform Server] Generate platform status event - label: platform_2d, status_code:0, status_details:. 
2026-05-22 10:28:35 [debug] : [Platform Server] Generate platform output steam finished on 'platform_2d' with internal id 'd99b6992-362b-4146-90fb-c205526b0a9e'. 
2026-05-22 10:28:35 [info] : [Platform Server] Generate platform output stream finished - platform_2d. 
2026-05-22 10:28:35 [debug] : RIGEL SERVER 10:28:35 INFO  : Platform Build Finished successfully. 
2026-05-22 10:28:35 [debug] : Received event from notification service: ON_DID_MODIFY_PLATFORM_REPOS. 
2026-05-22 10:28:35 [debug] : [Platform Output] Generate platform_2d platform with id 'd99b6992-362b-4146-90fb-c205526b0a9e' completed. 
2026-05-22 10:28:35 [debug] : [Platform Output] Deleting and canceling the build task with id 'd99b6992-362b-4146-90fb-c205526b0a9e'. 
2026-05-22 10:28:35 [debug] : Received event from notification service: ON_DID_BUILD_STOP. 
2026-05-22 10:28:35 [debug] : Received event from notification service: ON_UPDATE_FLOWNAVIGATOR_STATUS. 
2026-05-22 10:28:35 [debug] : MonacoEditorModel.cancelSync {"0":"file:///home/nhanenten/Desktop/HW_SW/Lab2/_ide/logs/vitis.log"}
2026-05-22 10:28:35 [debug] : MonacoEditorModel.doSync - enter {"0":"file:///home/nhanenten/Desktop/HW_SW/Lab2/_ide/logs/vitis.log"}
2026-05-22 10:28:35 [debug] : MonacoEditorModel.cancelSync {"0":"file:///home/nhanenten/Desktop/HW_SW/Lab2/_ide/logs/vitis.log"}
2026-05-22 10:28:35 [debug] : [Platform Server] Executing method:[getPartFromXSA] with connection:(object). {"0":"request:","1":{"wrappers_":null,"arrayIndexOffset_":-1,"array":["/home/nhanenten/Desktop/HW_SW/Lab2/platform_2d"],"pivot_":1.7976931348623157e+308,"convertedPrimitiveFields_":{}}}
2026-05-22 10:28:35 [debug] : MonacoEditorModel.doSync - exit - cancelled while looking for a resource {"0":"file:///home/nhanenten/Desktop/HW_SW/Lab2/_ide/logs/vitis.log"}
2026-05-22 10:28:35 [debug] : MonacoEditorModel.doSync - enter {"0":"file:///home/nhanenten/Desktop/HW_SW/Lab2/_ide/logs/vitis.log"}
2026-05-22 10:28:35 [debug] : MonacoEditorModel.fireDidChangeContent - enter - {
  "changes": [
    {
      "range": {
        "startLineNumber": 199,
        "startColumn": 1,
        "endLineNumber": 199,
        "endColumn": 1
      },
      "rangeLength": 0,
      "text": "10:28:34 INFO  : Successfully building the baremetal application/home/nhanenten/Desktop/HW_SW/Lab2/platform_2d/zynq_fsbl/build\n10:28:34 INFO  : Generating Export directory\n10:28:35 INFO  : Platform Build Finished successfully.\n",
      "rangeOffset": 25538,
      "forceMoveMarkers": true
    }
  ],
  "eol": "\n",
  "isEolChange": false,
  "versionId": 36,
  "isUndoing": false,
  "isRedoing": false,
  "isFlush": false
} {"0":"file:///home/nhanenten/Desktop/HW_SW/Lab2/_ide/logs/vitis.log"}
2026-05-22 10:28:35 [debug] : MonacoEditorModel.markAsDirty - enter {"0":"file:///home/nhanenten/Desktop/HW_SW/Lab2/_ide/logs/vitis.log"}
2026-05-22 10:28:35 [debug] : MonacoEditorModel.markAsDirty - exit - ignoring dirty changes enabled {"0":"file:///home/nhanenten/Desktop/HW_SW/Lab2/_ide/logs/vitis.log"}
2026-05-22 10:28:35 [debug] : MonacoEditorModel.fireDidChangeContent - exit {"0":"file:///home/nhanenten/Desktop/HW_SW/Lab2/_ide/logs/vitis.log"}
2026-05-22 10:28:35 [debug] : MonacoEditorModel.doSync - exit {"0":"file:///home/nhanenten/Desktop/HW_SW/Lab2/_ide/logs/vitis.log"}
2026-05-22 10:28:36 [debug] : [ProjectDecorator] tree decoration updated 
2026-05-22 10:28:36 [debug] : [ProjectCache] Project location updated to /home/nhanenten/Desktop/HW_SW/Lab2/Timer_application 
2026-05-22 10:28:54 [debug] : [ProjectDecorator] tree decoration updated 
2026-05-22 10:28:54 [debug] : [ProjectCache] Project location updated to /home/nhanenten/Desktop/HW_SW/Lab2/Timer_application 
2026-05-22 10:29:09 [debug] : start navigation 1 
2026-05-22 10:29:09 [debug] : start navigation 2 
2026-05-22 10:29:09 [debug] : end navigation 1 
2026-05-22 10:29:09 [debug] : end navigation 0 
2026-05-22 10:29:09 [debug] : ending navigation with location {"uri":"file:///home/nhanenten/Desktop/HW_SW/Lab2/Timer_application/src/main.c","type":1,"context":{"start":{"line":0,"character":0},"end":{"line":0,"character":0}}} 
2026-05-22 10:29:10 [debug] : MonacoEditorModel.fireDidChangeContent - enter - {
  "changes": [
    {
      "range": {
        "startLineNumber": 1,
        "startColumn": 1,
        "endLineNumber": 1,
        "endColumn": 1
      },
      "rangeLength": 0,
      "text": "#include <stdio.h>\n#include <xil_printf.h>\n\n#include \"xparameters.h\"\n#include \"xgpio.h\"\n#include \"xtmrctr.h\"\n#include \"xscugic.h\"\n#include \"xil_exception.h\"\n\n/* Base Address - theo xparameters.h của Vitis 2025.1 */\n#define BTN_BASEADDR      XPAR_AXI_GPIO_0_BASEADDR\n#define LED_BASEADDR      XPAR_AXI_GPIO_1_BASEADDR\n#define TIMER_BASEADDR    XPAR_AXI_TIMER_0_BASEADDR\n#define INTC_BASEADDR     XPAR_XSCUGIC_0_BASEADDR\n\n/* Interrupt ID - theo xparameters.h */\n#define BTN_INT_ID        XPAR_FABRIC_AXI_GPIO_0_INTR\n#define TIMER_INT_ID      XPAR_FABRIC_AXI_TIMER_0_INTR\n\n/* Channel */\n#define BTN_CHANNEL       1\n#define LED_CHANNEL       1\n#define TIMER_COUNTER     0\n\n/* Timer load value: số càng gần 0xFFFFFFFF thì timer ngắt càng nhanh */\n#define TIMER_LOAD_VALUE  0xF0000000\n\nXGpio BtnGpio;\nXGpio LedGpio;\nXTmrCtr Timer;\nXScuGic Intc;\n\nvolatile u32 counter = 0;\n\n/* Ngắt từ button */\nvoid BTN_Intr_Handler(void *InstancePtr)\n{\n    u32 btn_value;\n\n    XGpio_InterruptDisable(&BtnGpio, 1);\n\n    btn_value = XGpio_DiscreteRead(&BtnGpio, BTN_CHANNEL);\n\n    if (btn_value != 0) {\n        counter += btn_value;\n    } else {\n        counter++;\n    }\n\n    XGpio_DiscreteWrite(&LedGpio, LED_CHANNEL, counter & 0xF);\n\n    XGpio_InterruptClear(&BtnGpio, 1);\n    XGpio_InterruptEnable(&BtnGpio, 1);\n}\n\n/* Ngắt từ AXI Timer */\nvoid TMR_Intr_Handler(void *CallBackRef, u8 TmrCtrNumber)\n{\n    counter++;\n\n    XGpio_DiscreteWrite(&LedGpio, LED_CHANNEL, counter & 0xF);\n}\n\n/* Cấu hình hệ thống ngắt */\nint SetupInterruptSystem(void)\n{\n    int Status;\n    XScuGic_Config *IntcConfig;\n\n    IntcConfig = XScuGic_LookupConfig(INTC_BASEADDR);\n    if (IntcConfig == NULL) {\n        return XST_FAILURE;\n    }\n\n    Status = XScuGic_CfgInitialize(&Intc,\n                                   IntcConfig,\n                                   IntcConfig->CpuBaseAddress);\n    if (Status != XST_SUCCESS) {\n        return XST_FAILURE;\n    }\n\n    Status = XScuGic_Connect(&Intc,\n                             BTN_INT_ID,\n                             (Xil_ExceptionHandler)BTN_Intr_Handler,\n                             &BtnGpio);\n    if (Status != XST_SUCCESS) {\n        return XST_FAILURE;\n    }\n\n    Status = XScuGic_Connect(&Intc,\n                             TIMER_INT_ID,\n                             (Xil_ExceptionHandler)XTmrCtr_InterruptHandler,\n                             &Timer);\n    if (Status != XST_SUCCESS) {\n        return XST_FAILURE;\n    }\n\n    XScuGic_Enable(&Intc, BTN_INT_ID);\n    XScuGic_Enable(&Intc, TIMER_INT_ID);\n\n    Xil_ExceptionInit();\n\n    Xil_ExceptionRegisterHandler(XIL_EXCEPTION_ID_INT,\n                                 (Xil_ExceptionHandler)XScuGic_InterruptHandler,\n                                 &Intc);\n\n    Xil_ExceptionEnable();\n\n    XGpio_InterruptEnable(&BtnGpio, 1);\n    XGpio_InterruptGlobalEnable(&BtnGpio);\n\n    return XST_SUCCESS;\n}\n\nint main(void)\n{\n    int Status;\n\n\n    xil_printf(\"Start AXI GPIO + AXI Timer Interrupt\\r\\n\");\n    Status = XGpio_Initialize(&BtnGpio, BTN_BASEADDR);\n    if (Status != XST_SUCCESS) {\n        xil_printf(\"Button GPIO init failed\\r\\n\");\n        return XST_FAILURE;\n    }\n\n    Status = XGpio_Initialize(&LedGpio, LED_BASEADDR);\n    if (Status != XST_SUCCESS) {\n        xil_printf(\"LED GPIO init failed\\r\\n\");\n        return XST_FAILURE;\n    }\n\n    XGpio_SetDataDirection(&BtnGpio, BTN_CHANNEL, 0xF);\n    XGpio_SetDataDirection(&LedGpio, LED_CHANNEL, 0x0);\n\n    XGpio_DiscreteWrite(&LedGpio, LED_CHANNEL, 0x0);\n\n    Status = XTmrCtr_Initialize(&Timer, TIMER_BASEADDR);\n    if (Status != XST_SUCCESS) {\n        xil_printf(\"Timer init failed\\r\\n\");\n        return XST_FAILURE;\n    }\n\n    XTmrCtr_SetHandler(&Timer, TMR_Intr_Handler, &Timer);\n\n    XTmrCtr_SetResetValue(&Timer,\n                          TIMER_COUNTER,\n                          TIMER_LOAD_VALUE);\n\n    XTmrCtr_SetOptions(&Timer,\n                       TIMER_COUNTER,\n                       XTC_INT_MODE_OPTION |\n                       XTC_AUTO_RELOAD_OPTION);\n\n    Status = SetupInterruptSystem();\n    if (Status != XST_SUCCESS) {\n        xil_printf(\"Interrupt setup failed\\r\\n\");\n        return XST_FAILURE;\n    }\n\n    XTmrCtr_Start(&Timer, TIMER_COUNTER);\n\n    xil_printf(\"System running...\\r\\n\");\n\n    while (1) {\n    }\n\n   \n\n    return 0;\n}",
      "rangeOffset": 0,
      "forceMoveMarkers": false
    }
  ],
  "eol": "\n",
  "isEolChange": false,
  "versionId": 2,
  "isUndoing": false,
  "isRedoing": false,
  "isFlush": false
} {"0":"file:///home/nhanenten/Desktop/HW_SW/Lab2/Timer_application/src/main.c"}
2026-05-22 10:29:10 [debug] : MonacoEditorModel.markAsDirty - enter {"0":"file:///home/nhanenten/Desktop/HW_SW/Lab2/Timer_application/src/main.c"}
2026-05-22 10:29:10 [debug] : MonacoEditorModel.cancelSync {"0":"file:///home/nhanenten/Desktop/HW_SW/Lab2/Timer_application/src/main.c"}
2026-05-22 10:29:10 [debug] : MonacoEditorModel.markAsDirty - exit {"0":"file:///home/nhanenten/Desktop/HW_SW/Lab2/Timer_application/src/main.c"}
2026-05-22 10:29:10 [debug] : MonacoEditorModel.fireDidChangeContent - exit {"0":"file:///home/nhanenten/Desktop/HW_SW/Lab2/Timer_application/src/main.c"}
2026-05-22 10:29:10 [debug] : start navigation 1 
2026-05-22 10:29:10 [debug] : end navigation 0 
2026-05-22 10:29:10 [debug] : ending navigation with location {"uri":"file:///home/nhanenten/Desktop/HW_SW/Lab2/Timer_application/src/main.c","type":2,"context":{"range":{"start":{"line":0,"character":0},"end":{"line":0,"character":0}},"rangeLength":0,"text":"#include <stdio.h>\n#include <xil_printf.h>\n\n#include \"xparameters.h\"\n#include \"xgpio.h\"\n#include \"xtmrctr.h\"\n#include \"xscugic.h\"\n#include \"xil_exception.h\"\n\n/* Base Address - theo xparameters.h của Vitis 2025.1 */\n#define BTN_BASEADDR      XPAR_AXI_GPIO_0_BASEADDR\n#define LED_BASEADDR      XPAR_AXI_GPIO_1_BASEADDR\n#define TIMER_BASEADDR    XPAR_AXI_TIMER_0_BASEADDR\n#define INTC_BASEADDR     XPAR_XSCUGIC_0_BASEADDR\n\n/* Interrupt ID - theo xparameters.h */\n#define BTN_INT_ID        XPAR_FABRIC_AXI_GPIO_0_INTR\n#define TIMER_INT_ID      XPAR_FABRIC_AXI_TIMER_0_INTR\n\n/* Channel */\n#define BTN_CHANNEL       1\n#define LED_CHANNEL       1\n#define TIMER_COUNTER     0\n\n/* Timer load value: số càng gần 0xFFFFFFFF thì timer ngắt càng nhanh */\n#define TIMER_LOAD_VALUE  0xF0000000\n\nXGpio BtnGpio;\nXGpio LedGpio;\nXTmrCtr Timer;\nXScuGic Intc;\n\nvolatile u32 counter = 0;\n\n/* Ngắt từ button */\nvoid BTN_Intr_Handler(void *InstancePtr)\n{\n    u32 btn_value;\n\n    XGpio_InterruptDisable(&BtnGpio, 1);\n\n    btn_value = XGpio_DiscreteRead(&BtnGpio, BTN_CHANNEL);\n\n    if (btn_value != 0) {\n        counter += btn_value;\n    } else {\n        counter++;\n    }\n\n    XGpio_DiscreteWrite(&LedGpio, LED_CHANNEL, counter & 0xF);\n\n    XGpio_InterruptClear(&BtnGpio, 1);\n    XGpio_InterruptEnable(&BtnGpio, 1);\n}\n\n/* Ngắt từ AXI Timer */\nvoid TMR_Intr_Handler(void *CallBackRef, u8 TmrCtrNumber)\n{\n    counter++;\n\n    XGpio_DiscreteWrite(&LedGpio, LED_CHANNEL, counter & 0xF);\n}\n\n/* Cấu hình hệ thống ngắt */\nint SetupInterruptSystem(void)\n{\n    int Status;\n    XScuGic_Config *IntcConfig;\n\n    IntcConfig = XScuGic_LookupConfig(INTC_BASEADDR);\n    if (IntcConfig == NULL) {\n        return XST_FAILURE;\n    }\n\n    Status = XScuGic_CfgInitialize(&Intc,\n                                   IntcConfig,\n                                   IntcConfig->CpuBaseAddress);\n    if (Status != XST_SUCCESS) {\n        return XST_FAILURE;\n    }\n\n    Status = XScuGic_Connect(&Intc,\n                             BTN_INT_ID,\n                             (Xil_ExceptionHandler)BTN_Intr_Handler,\n                             &BtnGpio);\n    if (Status != XST_SUCCESS) {\n        return XST_FAILURE;\n    }\n\n    Status = XScuGic_Connect(&Intc,\n                             TIMER_INT_ID,\n                             (Xil_ExceptionHandler)XTmrCtr_InterruptHandler,\n                             &Timer);\n    if (Status != XST_SUCCESS) {\n        return XST_FAILURE;\n    }\n\n    XScuGic_Enable(&Intc, BTN_INT_ID);\n    XScuGic_Enable(&Intc, TIMER_INT_ID);\n\n    Xil_ExceptionInit();\n\n    Xil_ExceptionRegisterHandler(XIL_EXCEPTION_ID_INT,\n                                 (Xil_ExceptionHandler)XScuGic_InterruptHandler,\n                                 &Intc);\n\n    Xil_ExceptionEnable();\n\n    XGpio_InterruptEnable(&BtnGpio, 1);\n    XGpio_InterruptGlobalEnable(&BtnGpio);\n\n    return XST_SUCCESS;\n}\n\nint main(void)\n{\n    int Status;\n\n\n    xil_printf(\"Start AXI GPIO + AXI Timer Interrupt\\r\\n\");\n    Status = XGpio_Initialize(&BtnGpio, BTN_BASEADDR);\n    if (Status != XST_SUCCESS) {\n        xil_printf(\"Button GPIO init failed\\r\\n\");\n        return XST_FAILURE;\n    }\n\n    Status = XGpio_Initialize(&LedGpio, LED_BASEADDR);\n    if (Status != XST_SUCCESS) {\n        xil_printf(\"LED GPIO init failed\\r\\n\");\n        return XST_FAILURE;\n    }\n\n    XGpio_SetDataDirection(&BtnGpio, BTN_CHANNEL, 0xF);\n    XGpio_SetDataDirection(&LedGpio, LED_CHANNEL, 0x0);\n\n    XGpio_DiscreteWrite(&LedGpio, LED_CHANNEL, 0x0);\n\n    Status = XTmrCtr_Initialize(&Timer, TIMER_BASEADDR);\n    if (Status != XST_SUCCESS) {\n        xil_printf(\"Timer init failed\\r\\n\");\n        return XST_FAILURE;\n    }\n\n    XTmrCtr_SetHandler(&Timer, TMR_Intr_Handler, &Timer);\n\n    XTmrCtr_SetResetValue(&Timer,\n                          TIMER_COUNTER,\n                          TIMER_LOAD_VALUE);\n\n    XTmrCtr_SetOptions(&Timer,\n                       TIMER_COUNTER,\n                       XTC_INT_MODE_OPTION |\n                       XTC_AUTO_RELOAD_OPTION);\n\n    Status = SetupInterruptSystem();\n    if (Status != XST_SUCCESS) {\n        xil_printf(\"Interrupt setup failed\\r\\n\");\n        return XST_FAILURE;\n    }\n\n    XTmrCtr_Start(&Timer, TIMER_COUNTER);\n\n    xil_printf(\"System running...\\r\\n\");\n\n    while (1) {\n    }\n\n   \n\n    return 0;\n}"}} 
2026-05-22 10:29:10 [debug] : start navigation 1 
2026-05-22 10:29:10 [debug] : end navigation 0 
2026-05-22 10:29:10 [debug] : ending navigation with location {"uri":"file:///home/nhanenten/Desktop/HW_SW/Lab2/Timer_application/src/main.c","type":0,"context":{"line":170,"character":1}} 
2026-05-22 10:29:10 [debug] : TypeError: Cannot read properties of undefined (reading 'replace')
    at ee.onActiveLinesChanged (/home/nhanenten/2025.2/Vitis/ide/electron-app/lnx64/resources/app/plugins/eamodio-gitlens/extension/dist/gitlens.js:35:1404)
    at Te.<computed> (/home/nhanenten/2025.2/Vitis/ide/electron-app/lnx64/resources/app/plugins/eamodio-gitlens/extension/dist/gitlens.js:209:4816)
    at /home/nhanenten/2025.2/Vitis/ide/electron-app/lnx64/resources/app/lib/backend/69.js:2:126060
    at s.invoke (/home/nhanenten/2025.2/Vitis/ide/electron-app/lnx64/resources/app/lib/backend/69.js:2:126149)
    at a.fire (/home/nhanenten/2025.2/Vitis/ide/electron-app/lnx64/resources/app/lib/backend/69.js:2:127948)
    at Ji.fireLinesChanged (/home/nhanenten/2025.2/Vitis/ide/electron-app/lnx64/resources/app/plugins/eamodio-gitlens/extension/dist/gitlens.js:39:6138)
    at Ji.fireLinesChanged (/home/nhanenten/2025.2/Vitis/ide/electron-app/lnx64/resources/app/plugins/eamodio-gitlens/extension/dist/gitlens.js:39:8100)
    at Ji.onLinesChanged (/home/nhanenten/2025.2/Vitis/ide/electron-app/lnx64/resources/app/plugins/eamodio-gitlens/extension/dist/gitlens.js:39:6753)
    at Ji.trigger (/home/nhanenten/2025.2/Vitis/ide/electron-app/lnx64/resources/app/plugins/eamodio-gitlens/extension/dist/gitlens.js:39:6162)
    at Ji.onTextEditorSelectionChanged (/home/nhanenten/2025.2/Vitis/ide/electron-app/lnx64/resources/app/plugins/eamodio-gitlens/extension/dist/gitlens.js:39:4322)
    at /home/nhanenten/2025.2/Vitis/ide/electron-app/lnx64/resources/app/lib/backend/69.js:2:126060
    at s.invoke (/home/nhanenten/2025.2/Vitis/ide/electron-app/lnx64/resources/app/lib/backend/69.js:2:126149)
    at a.fire (/home/nhanenten/2025.2/Vitis/ide/electron-app/lnx64/resources/app/lib/backend/69.js:2:127948)
    at t.TextEditorsExtImpl.$acceptEditorPropertiesChanged (/home/nhanenten/2025.2/Vitis/ide/electron-app/lnx64/resources/app/lib/backend/36.js:1:215504)
    at t.RPCProtocolImpl.handleRequest (/home/nhanenten/2025.2/Vitis/ide/electron-app/lnx64/resources/app/lib/backend/366.js:1:153425)
    at c.requestHandler (/home/nhanenten/2025.2/Vitis/ide/electron-app/lnx64/resources/app/lib/backend/366.js:1:153001) 
2026-05-22 10:29:11 [debug] : MonacoEditorModel.cancelSave {"0":"file:///home/nhanenten/Desktop/HW_SW/Lab2/Timer_application/src/main.c"}
2026-05-22 10:29:17 [debug] : start navigation 1 
2026-05-22 10:29:17 [debug] : end navigation 0 
2026-05-22 10:29:17 [debug] : ending navigation with location {"uri":"file:///home/nhanenten/Desktop/HW_SW/Lab2/Timer_application/src/main.c","type":0,"context":{"line":56,"character":32}} 
2026-05-22 10:29:17 [debug] : TypeError: Cannot read properties of undefined (reading 'replace')
    at ee.onActiveLinesChanged (/home/nhanenten/2025.2/Vitis/ide/electron-app/lnx64/resources/app/plugins/eamodio-gitlens/extension/dist/gitlens.js:35:1404)
    at Te.<computed> (/home/nhanenten/2025.2/Vitis/ide/electron-app/lnx64/resources/app/plugins/eamodio-gitlens/extension/dist/gitlens.js:209:4816)
    at /home/nhanenten/2025.2/Vitis/ide/electron-app/lnx64/resources/app/lib/backend/69.js:2:126060
    at s.invoke (/home/nhanenten/2025.2/Vitis/ide/electron-app/lnx64/resources/app/lib/backend/69.js:2:126149)
    at a.fire (/home/nhanenten/2025.2/Vitis/ide/electron-app/lnx64/resources/app/lib/backend/69.js:2:127948)
    at Ji.fireLinesChanged (/home/nhanenten/2025.2/Vitis/ide/electron-app/lnx64/resources/app/plugins/eamodio-gitlens/extension/dist/gitlens.js:39:6138)
    at Ji.fireLinesChanged (/home/nhanenten/2025.2/Vitis/ide/electron-app/lnx64/resources/app/plugins/eamodio-gitlens/extension/dist/gitlens.js:39:8100)
    at Ji.onLinesChanged (/home/nhanenten/2025.2/Vitis/ide/electron-app/lnx64/resources/app/plugins/eamodio-gitlens/extension/dist/gitlens.js:39:6753)
    at Ji.trigger (/home/nhanenten/2025.2/Vitis/ide/electron-app/lnx64/resources/app/plugins/eamodio-gitlens/extension/dist/gitlens.js:39:6162)
    at Ji.onTextEditorSelectionChanged (/home/nhanenten/2025.2/Vitis/ide/electron-app/lnx64/resources/app/plugins/eamodio-gitlens/extension/dist/gitlens.js:39:4322)
    at /home/nhanenten/2025.2/Vitis/ide/electron-app/lnx64/resources/app/lib/backend/69.js:2:126060
    at s.invoke (/home/nhanenten/2025.2/Vitis/ide/electron-app/lnx64/resources/app/lib/backend/69.js:2:126149)
    at a.fire (/home/nhanenten/2025.2/Vitis/ide/electron-app/lnx64/resources/app/lib/backend/69.js:2:127948)
    at t.TextEditorsExtImpl.$acceptEditorPropertiesChanged (/home/nhanenten/2025.2/Vitis/ide/electron-app/lnx64/resources/app/lib/backend/36.js:1:215504)
    at t.RPCProtocolImpl.handleRequest (/home/nhanenten/2025.2/Vitis/ide/electron-app/lnx64/resources/app/lib/backend/366.js:1:153425)
    at c.requestHandler (/home/nhanenten/2025.2/Vitis/ide/electron-app/lnx64/resources/app/lib/backend/366.js:1:153001) 
2026-05-22 10:29:26 [debug] : start navigation 1 
2026-05-22 10:29:26 [debug] : end navigation 0 
2026-05-22 10:29:26 [debug] : ending navigation with location {"uri":"file:///home/nhanenten/Desktop/HW_SW/Lab2/Timer_application/src/main.c","type":0,"context":{"line":34,"character":20}} 
2026-05-22 10:29:26 [debug] : TypeError: Cannot read properties of undefined (reading 'replace')
    at ee.onActiveLinesChanged (/home/nhanenten/2025.2/Vitis/ide/electron-app/lnx64/resources/app/plugins/eamodio-gitlens/extension/dist/gitlens.js:35:1404)
    at Te.<computed> (/home/nhanenten/2025.2/Vitis/ide/electron-app/lnx64/resources/app/plugins/eamodio-gitlens/extension/dist/gitlens.js:209:4816)
    at /home/nhanenten/2025.2/Vitis/ide/electron-app/lnx64/resources/app/lib/backend/69.js:2:126060
    at s.invoke (/home/nhanenten/2025.2/Vitis/ide/electron-app/lnx64/resources/app/lib/backend/69.js:2:126149)
    at a.fire (/home/nhanenten/2025.2/Vitis/ide/electron-app/lnx64/resources/app/lib/backend/69.js:2:127948)
    at Ji.fireLinesChanged (/home/nhanenten/2025.2/Vitis/ide/electron-app/lnx64/resources/app/plugins/eamodio-gitlens/extension/dist/gitlens.js:39:6138)
    at Ji.fireLinesChanged (/home/nhanenten/2025.2/Vitis/ide/electron-app/lnx64/resources/app/plugins/eamodio-gitlens/extension/dist/gitlens.js:39:8100)
    at Ji.onLinesChanged (/home/nhanenten/2025.2/Vitis/ide/electron-app/lnx64/resources/app/plugins/eamodio-gitlens/extension/dist/gitlens.js:39:6753)
    at Ji.trigger (/home/nhanenten/2025.2/Vitis/ide/electron-app/lnx64/resources/app/plugins/eamodio-gitlens/extension/dist/gitlens.js:39:6162)
    at Ji.onTextEditorSelectionChanged (/home/nhanenten/2025.2/Vitis/ide/electron-app/lnx64/resources/app/plugins/eamodio-gitlens/extension/dist/gitlens.js:39:4322)
    at /home/nhanenten/2025.2/Vitis/ide/electron-app/lnx64/resources/app/lib/backend/69.js:2:126060
    at s.invoke (/home/nhanenten/2025.2/Vitis/ide/electron-app/lnx64/resources/app/lib/backend/69.js:2:126149)
    at a.fire (/home/nhanenten/2025.2/Vitis/ide/electron-app/lnx64/resources/app/lib/backend/69.js:2:127948)
    at t.TextEditorsExtImpl.$acceptEditorPropertiesChanged (/home/nhanenten/2025.2/Vitis/ide/electron-app/lnx64/resources/app/lib/backend/36.js:1:215504)
    at t.RPCProtocolImpl.handleRequest (/home/nhanenten/2025.2/Vitis/ide/electron-app/lnx64/resources/app/lib/backend/366.js:1:153425)
    at c.requestHandler (/home/nhanenten/2025.2/Vitis/ide/electron-app/lnx64/resources/app/lib/backend/366.js:1:153001) 
2026-05-22 10:29:27 [debug] : start navigation 1 
2026-05-22 10:29:27 [debug] : end navigation 0 
2026-05-22 10:29:27 [debug] : ending navigation with location {"uri":"file:///home/nhanenten/Desktop/HW_SW/Lab2/Timer_application/src/main.c","type":0,"context":{"line":35,"character":30}} 
2026-05-22 10:29:27 [debug] : TypeError: Cannot read properties of undefined (reading 'replace')
    at ee.onActiveLinesChanged (/home/nhanenten/2025.2/Vitis/ide/electron-app/lnx64/resources/app/plugins/eamodio-gitlens/extension/dist/gitlens.js:35:1404)
    at Te.<computed> (/home/nhanenten/2025.2/Vitis/ide/electron-app/lnx64/resources/app/plugins/eamodio-gitlens/extension/dist/gitlens.js:209:4816)
    at /home/nhanenten/2025.2/Vitis/ide/electron-app/lnx64/resources/app/lib/backend/69.js:2:126060
    at s.invoke (/home/nhanenten/2025.2/Vitis/ide/electron-app/lnx64/resources/app/lib/backend/69.js:2:126149)
    at a.fire (/home/nhanenten/2025.2/Vitis/ide/electron-app/lnx64/resources/app/lib/backend/69.js:2:127948)
    at Ji.fireLinesChanged (/home/nhanenten/2025.2/Vitis/ide/electron-app/lnx64/resources/app/plugins/eamodio-gitlens/extension/dist/gitlens.js:39:6138)
    at Ji.fireLinesChanged (/home/nhanenten/2025.2/Vitis/ide/electron-app/lnx64/resources/app/plugins/eamodio-gitlens/extension/dist/gitlens.js:39:8100)
    at Ji.onLinesChanged (/home/nhanenten/2025.2/Vitis/ide/electron-app/lnx64/resources/app/plugins/eamodio-gitlens/extension/dist/gitlens.js:39:6753)
    at Ji.trigger (/home/nhanenten/2025.2/Vitis/ide/electron-app/lnx64/resources/app/plugins/eamodio-gitlens/extension/dist/gitlens.js:39:6162)
    at Ji.onTextEditorSelectionChanged (/home/nhanenten/2025.2/Vitis/ide/electron-app/lnx64/resources/app/plugins/eamodio-gitlens/extension/dist/gitlens.js:39:4322)
    at /home/nhanenten/2025.2/Vitis/ide/electron-app/lnx64/resources/app/lib/backend/69.js:2:126060
    at s.invoke (/home/nhanenten/2025.2/Vitis/ide/electron-app/lnx64/resources/app/lib/backend/69.js:2:126149)
    at a.fire (/home/nhanenten/2025.2/Vitis/ide/electron-app/lnx64/resources/app/lib/backend/69.js:2:127948)
    at t.TextEditorsExtImpl.$acceptEditorPropertiesChanged (/home/nhanenten/2025.2/Vitis/ide/electron-app/lnx64/resources/app/lib/backend/36.js:1:215504)
    at t.RPCProtocolImpl.handleRequest (/home/nhanenten/2025.2/Vitis/ide/electron-app/lnx64/resources/app/lib/backend/366.js:1:153425)
    at c.requestHandler (/home/nhanenten/2025.2/Vitis/ide/electron-app/lnx64/resources/app/lib/backend/366.js:1:153001) 
2026-05-22 10:29:31 [debug] : start navigation 1 
2026-05-22 10:29:31 [debug] : end navigation 0 
2026-05-22 10:29:31 [debug] : ending navigation with location {"uri":"file:///home/nhanenten/Desktop/HW_SW/Lab2/Timer_application/src/main.c","type":0,"context":{"line":35,"character":33}} 
2026-05-22 10:29:31 [debug] : start navigation 1 
2026-05-22 10:29:31 [debug] : start navigation 2 
2026-05-22 10:29:31 [debug] : end navigation 1 
2026-05-22 10:29:31 [debug] : start navigation 2 
2026-05-22 10:29:31 [debug] : end navigation 1 
2026-05-22 10:29:31 [debug] : end navigation 0 
2026-05-22 10:29:31 [debug] : ending navigation with location {"uri":"file:///home/nhanenten/Desktop/HW_SW/Lab2/Timer_application/src/main.c","type":0,"context":{"line":35,"character":28}} 
2026-05-22 10:29:31 [debug] : TypeError: Cannot read properties of undefined (reading 'replace')
    at ee.onActiveLinesChanged (/home/nhanenten/2025.2/Vitis/ide/electron-app/lnx64/resources/app/plugins/eamodio-gitlens/extension/dist/gitlens.js:35:1404)
    at Te.<computed> (/home/nhanenten/2025.2/Vitis/ide/electron-app/lnx64/resources/app/plugins/eamodio-gitlens/extension/dist/gitlens.js:209:4816)
    at /home/nhanenten/2025.2/Vitis/ide/electron-app/lnx64/resources/app/lib/backend/69.js:2:126060
    at s.invoke (/home/nhanenten/2025.2/Vitis/ide/electron-app/lnx64/resources/app/lib/backend/69.js:2:126149)
    at a.fire (/home/nhanenten/2025.2/Vitis/ide/electron-app/lnx64/resources/app/lib/backend/69.js:2:127948)
    at Ji.fireLinesChanged (/home/nhanenten/2025.2/Vitis/ide/electron-app/lnx64/resources/app/plugins/eamodio-gitlens/extension/dist/gitlens.js:39:6138)
    at Ji.fireLinesChanged (/home/nhanenten/2025.2/Vitis/ide/electron-app/lnx64/resources/app/plugins/eamodio-gitlens/extension/dist/gitlens.js:39:8100)
    at Ji.onLinesChanged (/home/nhanenten/2025.2/Vitis/ide/electron-app/lnx64/resources/app/plugins/eamodio-gitlens/extension/dist/gitlens.js:39:6753)
    at Ji.trigger (/home/nhanenten/2025.2/Vitis/ide/electron-app/lnx64/resources/app/plugins/eamodio-gitlens/extension/dist/gitlens.js:39:6162)
    at Ji.onTextEditorSelectionChanged (/home/nhanenten/2025.2/Vitis/ide/electron-app/lnx64/resources/app/plugins/eamodio-gitlens/extension/dist/gitlens.js:39:4322)
    at /home/nhanenten/2025.2/Vitis/ide/electron-app/lnx64/resources/app/lib/backend/69.js:2:126060
    at s.invoke (/home/nhanenten/2025.2/Vitis/ide/electron-app/lnx64/resources/app/lib/backend/69.js:2:126149)
    at a.fire (/home/nhanenten/2025.2/Vitis/ide/electron-app/lnx64/resources/app/lib/backend/69.js:2:127948)
    at t.TextEditorsExtImpl.$acceptEditorPropertiesChanged (/home/nhanenten/2025.2/Vitis/ide/electron-app/lnx64/resources/app/lib/backend/36.js:1:215504)
    at t.RPCProtocolImpl.handleRequest (/home/nhanenten/2025.2/Vitis/ide/electron-app/lnx64/resources/app/lib/backend/366.js:1:153425)
    at c.requestHandler (/home/nhanenten/2025.2/Vitis/ide/electron-app/lnx64/resources/app/lib/backend/366.js:1:153001) 
2026-05-22 10:29:32 [debug] : start navigation 1 
2026-05-22 10:29:32 [debug] : end navigation 0 
2026-05-22 10:29:32 [debug] : ending navigation with location {"uri":"file:///home/nhanenten/Desktop/HW_SW/Lab2/Timer_application/src/main.c","type":0,"context":{"line":35,"character":33}} 
2026-05-22 10:29:32 [debug] : start navigation 1 
2026-05-22 10:29:32 [debug] : start navigation 2 
2026-05-22 10:29:32 [debug] : end navigation 1 
2026-05-22 10:29:32 [debug] : end navigation 0 
2026-05-22 10:29:32 [debug] : ending navigation with location {"uri":"file:///home/nhanenten/Desktop/HW_SW/Lab2/Timer_application/src/main.c","type":0,"context":{"line":35,"character":28}} 
2026-05-22 10:29:33 [debug] : start navigation 1 
2026-05-22 10:29:33 [debug] : end navigation 0 
2026-05-22 10:29:33 [debug] : ending navigation with location {"uri":"file:///home/nhanenten/Desktop/HW_SW/Lab2/Timer_application/src/main.c","type":0,"context":{"line":35,"character":33}} 
2026-05-22 10:29:33 [debug] : start navigation 1 
2026-05-22 10:29:33 [debug] : start navigation 2 
2026-05-22 10:29:33 [debug] : end navigation 1 
2026-05-22 10:29:33 [debug] : end navigation 0 
2026-05-22 10:29:33 [debug] : ending navigation with location {"uri":"file:///home/nhanenten/Desktop/HW_SW/Lab2/Timer_application/src/main.c","type":0,"context":{"line":35,"character":28}} 
2026-05-22 10:29:40 [debug] : start navigation 1 
2026-05-22 10:29:40 [debug] : start navigation 2 
2026-05-22 10:29:40 [debug] : end navigation 1 
2026-05-22 10:29:40 [debug] : start navigation 2 
2026-05-22 10:29:40 [debug] : end navigation 1 
2026-05-22 10:29:40 [debug] : start navigation 2 
2026-05-22 10:29:40 [debug] : end navigation 1 
2026-05-22 10:29:40 [debug] : end navigation 0 
2026-05-22 10:29:40 [debug] : ending navigation with location {"uri":"file:///home/nhanenten/Desktop/HW_SW/Lab2/Timer_application/src/main.c","type":1,"context":{"start":{"line":35,"character":28},"end":{"line":35,"character":39}}} 
2026-05-22 10:29:40 [debug] : TypeError: Cannot read properties of undefined (reading 'replace')
    at ee.onActiveLinesChanged (/home/nhanenten/2025.2/Vitis/ide/electron-app/lnx64/resources/app/plugins/eamodio-gitlens/extension/dist/gitlens.js:35:1404)
    at Te.<computed> (/home/nhanenten/2025.2/Vitis/ide/electron-app/lnx64/resources/app/plugins/eamodio-gitlens/extension/dist/gitlens.js:209:4816)
    at /home/nhanenten/2025.2/Vitis/ide/electron-app/lnx64/resources/app/lib/backend/69.js:2:126060
    at s.invoke (/home/nhanenten/2025.2/Vitis/ide/electron-app/lnx64/resources/app/lib/backend/69.js:2:126149)
    at a.fire (/home/nhanenten/2025.2/Vitis/ide/electron-app/lnx64/resources/app/lib/backend/69.js:2:127948)
    at Ji.fireLinesChanged (/home/nhanenten/2025.2/Vitis/ide/electron-app/lnx64/resources/app/plugins/eamodio-gitlens/extension/dist/gitlens.js:39:6138)
    at Ji.fireLinesChanged (/home/nhanenten/2025.2/Vitis/ide/electron-app/lnx64/resources/app/plugins/eamodio-gitlens/extension/dist/gitlens.js:39:8100)
    at Ji.onLinesChanged (/home/nhanenten/2025.2/Vitis/ide/electron-app/lnx64/resources/app/plugins/eamodio-gitlens/extension/dist/gitlens.js:39:6753)
    at Ji.trigger (/home/nhanenten/2025.2/Vitis/ide/electron-app/lnx64/resources/app/plugins/eamodio-gitlens/extension/dist/gitlens.js:39:6162)
    at Ji.onTextEditorSelectionChanged (/home/nhanenten/2025.2/Vitis/ide/electron-app/lnx64/resources/app/plugins/eamodio-gitlens/extension/dist/gitlens.js:39:4322)
    at /home/nhanenten/2025.2/Vitis/ide/electron-app/lnx64/resources/app/lib/backend/69.js:2:126060
    at s.invoke (/home/nhanenten/2025.2/Vitis/ide/electron-app/lnx64/resources/app/lib/backend/69.js:2:126149)
    at a.fire (/home/nhanenten/2025.2/Vitis/ide/electron-app/lnx64/resources/app/lib/backend/69.js:2:127948)
    at t.TextEditorsExtImpl.$acceptEditorPropertiesChanged (/home/nhanenten/2025.2/Vitis/ide/electron-app/lnx64/resources/app/lib/backend/36.js:1:215504)
    at t.RPCProtocolImpl.handleRequest (/home/nhanenten/2025.2/Vitis/ide/electron-app/lnx64/resources/app/lib/backend/366.js:1:153425)
    at c.requestHandler (/home/nhanenten/2025.2/Vitis/ide/electron-app/lnx64/resources/app/lib/backend/366.js:1:153001) 
2026-05-22 10:29:44 [debug] : start navigation 1 
2026-05-22 10:29:44 [debug] : start navigation 2 
2026-05-22 10:29:44 [debug] : end navigation 1 
2026-05-22 10:29:44 [debug] : start navigation 2 
2026-05-22 10:29:44 [debug] : end navigation 1 
2026-05-22 10:29:44 [debug] : end navigation 0 
2026-05-22 10:29:44 [debug] : ending navigation with location {"uri":"file:///home/nhanenten/Desktop/HW_SW/Lab2/Timer_application/src/main.c","type":1,"context":{"start":{"line":56,"character":28},"end":{"line":56,"character":39}}} 
2026-05-22 10:29:44 [debug] : TypeError: Cannot read properties of undefined (reading 'replace')
    at ee.onActiveLinesChanged (/home/nhanenten/2025.2/Vitis/ide/electron-app/lnx64/resources/app/plugins/eamodio-gitlens/extension/dist/gitlens.js:35:1404)
    at Te.<computed> (/home/nhanenten/2025.2/Vitis/ide/electron-app/lnx64/resources/app/plugins/eamodio-gitlens/extension/dist/gitlens.js:209:4816)
    at /home/nhanenten/2025.2/Vitis/ide/electron-app/lnx64/resources/app/lib/backend/69.js:2:126060
    at s.invoke (/home/nhanenten/2025.2/Vitis/ide/electron-app/lnx64/resources/app/lib/backend/69.js:2:126149)
    at a.fire (/home/nhanenten/2025.2/Vitis/ide/electron-app/lnx64/resources/app/lib/backend/69.js:2:127948)
    at Ji.fireLinesChanged (/home/nhanenten/2025.2/Vitis/ide/electron-app/lnx64/resources/app/plugins/eamodio-gitlens/extension/dist/gitlens.js:39:6138)
    at Ji.fireLinesChanged (/home/nhanenten/2025.2/Vitis/ide/electron-app/lnx64/resources/app/plugins/eamodio-gitlens/extension/dist/gitlens.js:39:8100)
    at Ji.onLinesChanged (/home/nhanenten/2025.2/Vitis/ide/electron-app/lnx64/resources/app/plugins/eamodio-gitlens/extension/dist/gitlens.js:39:6753)
    at Ji.trigger (/home/nhanenten/2025.2/Vitis/ide/electron-app/lnx64/resources/app/plugins/eamodio-gitlens/extension/dist/gitlens.js:39:6162)
    at Ji.onTextEditorSelectionChanged (/home/nhanenten/2025.2/Vitis/ide/electron-app/lnx64/resources/app/plugins/eamodio-gitlens/extension/dist/gitlens.js:39:4322)
    at /home/nhanenten/2025.2/Vitis/ide/electron-app/lnx64/resources/app/lib/backend/69.js:2:126060
    at s.invoke (/home/nhanenten/2025.2/Vitis/ide/electron-app/lnx64/resources/app/lib/backend/69.js:2:126149)
    at a.fire (/home/nhanenten/2025.2/Vitis/ide/electron-app/lnx64/resources/app/lib/backend/69.js:2:127948)
    at t.TextEditorsExtImpl.$acceptEditorPropertiesChanged (/home/nhanenten/2025.2/Vitis/ide/electron-app/lnx64/resources/app/lib/backend/36.js:1:215504)
    at t.RPCProtocolImpl.handleRequest (/home/nhanenten/2025.2/Vitis/ide/electron-app/lnx64/resources/app/lib/backend/366.js:1:153425)
    at c.requestHandler (/home/nhanenten/2025.2/Vitis/ide/electron-app/lnx64/resources/app/lib/backend/366.js:1:153001) 
2026-05-22 10:29:44 [debug] : start navigation 1 
2026-05-22 10:29:44 [debug] : start navigation 2 
2026-05-22 10:29:44 [debug] : end navigation 1 
2026-05-22 10:29:44 [debug] : start navigation 2 
2026-05-22 10:29:44 [debug] : end navigation 1 
2026-05-22 10:29:44 [debug] : end navigation 0 
2026-05-22 10:29:44 [debug] : ending navigation with location {"uri":"file:///home/nhanenten/Desktop/HW_SW/Lab2/Timer_application/src/main.c","type":1,"context":{"start":{"line":56,"character":44},"end":{"line":56,"character":56}}} 
2026-05-22 10:29:55 [debug] : start navigation 1 
2026-05-22 10:29:55 [debug] : end navigation 0 
2026-05-22 10:29:55 [debug] : ending navigation with location {"uri":"file:///home/nhanenten/Desktop/HW_SW/Lab2/Timer_application/src/main.c","type":0,"context":{"line":141,"character":5}} 
2026-05-22 10:29:55 [debug] : TypeError: Cannot read properties of undefined (reading 'replace')
    at ee.onActiveLinesChanged (/home/nhanenten/2025.2/Vitis/ide/electron-app/lnx64/resources/app/plugins/eamodio-gitlens/extension/dist/gitlens.js:35:1404)
    at Te.<computed> (/home/nhanenten/2025.2/Vitis/ide/electron-app/lnx64/resources/app/plugins/eamodio-gitlens/extension/dist/gitlens.js:209:4816)
    at /home/nhanenten/2025.2/Vitis/ide/electron-app/lnx64/resources/app/lib/backend/69.js:2:126060
    at s.invoke (/home/nhanenten/2025.2/Vitis/ide/electron-app/lnx64/resources/app/lib/backend/69.js:2:126149)
    at a.fire (/home/nhanenten/2025.2/Vitis/ide/electron-app/lnx64/resources/app/lib/backend/69.js:2:127948)
    at Ji.fireLinesChanged (/home/nhanenten/2025.2/Vitis/ide/electron-app/lnx64/resources/app/plugins/eamodio-gitlens/extension/dist/gitlens.js:39:6138)
    at Ji.fireLinesChanged (/home/nhanenten/2025.2/Vitis/ide/electron-app/lnx64/resources/app/plugins/eamodio-gitlens/extension/dist/gitlens.js:39:8100)
    at Ji.onLinesChanged (/home/nhanenten/2025.2/Vitis/ide/electron-app/lnx64/resources/app/plugins/eamodio-gitlens/extension/dist/gitlens.js:39:6753)
    at Ji.trigger (/home/nhanenten/2025.2/Vitis/ide/electron-app/lnx64/resources/app/plugins/eamodio-gitlens/extension/dist/gitlens.js:39:6162)
    at Ji.onTextEditorSelectionChanged (/home/nhanenten/2025.2/Vitis/ide/electron-app/lnx64/resources/app/plugins/eamodio-gitlens/extension/dist/gitlens.js:39:4322)
    at /home/nhanenten/2025.2/Vitis/ide/electron-app/lnx64/resources/app/lib/backend/69.js:2:126060
    at s.invoke (/home/nhanenten/2025.2/Vitis/ide/electron-app/lnx64/resources/app/lib/backend/69.js:2:126149)
    at a.fire (/home/nhanenten/2025.2/Vitis/ide/electron-app/lnx64/resources/app/lib/backend/69.js:2:127948)
    at t.TextEditorsExtImpl.$acceptEditorPropertiesChanged (/home/nhanenten/2025.2/Vitis/ide/electron-app/lnx64/resources/app/lib/backend/36.js:1:215504)
    at t.RPCProtocolImpl.handleRequest (/home/nhanenten/2025.2/Vitis/ide/electron-app/lnx64/resources/app/lib/backend/366.js:1:153425)
    at c.requestHandler (/home/nhanenten/2025.2/Vitis/ide/electron-app/lnx64/resources/app/lib/backend/366.js:1:153001) 
2026-05-22 10:30:05 [debug] : start navigation 1 
2026-05-22 10:30:05 [debug] : start navigation 2 
2026-05-22 10:30:05 [debug] : end navigation 1 
2026-05-22 10:30:05 [debug] : start navigation 2 
2026-05-22 10:30:05 [debug] : end navigation 1 
2026-05-22 10:30:05 [debug] : end navigation 0 
2026-05-22 10:30:05 [debug] : ending navigation with location {"uri":"file:///home/nhanenten/Desktop/HW_SW/Lab2/Timer_application/src/main.c","type":1,"context":{"start":{"line":35,"character":28},"end":{"line":35,"character":39}}} 
2026-05-22 10:30:05 [debug] : TypeError: Cannot read properties of undefined (reading 'replace')
    at ee.onActiveLinesChanged (/home/nhanenten/2025.2/Vitis/ide/electron-app/lnx64/resources/app/plugins/eamodio-gitlens/extension/dist/gitlens.js:35:1404)
    at Te.<computed> (/home/nhanenten/2025.2/Vitis/ide/electron-app/lnx64/resources/app/plugins/eamodio-gitlens/extension/dist/gitlens.js:209:4816)
    at /home/nhanenten/2025.2/Vitis/ide/electron-app/lnx64/resources/app/lib/backend/69.js:2:126060
    at s.invoke (/home/nhanenten/2025.2/Vitis/ide/electron-app/lnx64/resources/app/lib/backend/69.js:2:126149)
    at a.fire (/home/nhanenten/2025.2/Vitis/ide/electron-app/lnx64/resources/app/lib/backend/69.js:2:127948)
    at Ji.fireLinesChanged (/home/nhanenten/2025.2/Vitis/ide/electron-app/lnx64/resources/app/plugins/eamodio-gitlens/extension/dist/gitlens.js:39:6138)
    at Ji.fireLinesChanged (/home/nhanenten/2025.2/Vitis/ide/electron-app/lnx64/resources/app/plugins/eamodio-gitlens/extension/dist/gitlens.js:39:8100)
    at Ji.onLinesChanged (/home/nhanenten/2025.2/Vitis/ide/electron-app/lnx64/resources/app/plugins/eamodio-gitlens/extension/dist/gitlens.js:39:6753)
    at Ji.trigger (/home/nhanenten/2025.2/Vitis/ide/electron-app/lnx64/resources/app/plugins/eamodio-gitlens/extension/dist/gitlens.js:39:6162)
    at Ji.onTextEditorSelectionChanged (/home/nhanenten/2025.2/Vitis/ide/electron-app/lnx64/resources/app/plugins/eamodio-gitlens/extension/dist/gitlens.js:39:4322)
    at /home/nhanenten/2025.2/Vitis/ide/electron-app/lnx64/resources/app/lib/backend/69.js:2:126060
    at s.invoke (/home/nhanenten/2025.2/Vitis/ide/electron-app/lnx64/resources/app/lib/backend/69.js:2:126149)
    at a.fire (/home/nhanenten/2025.2/Vitis/ide/electron-app/lnx64/resources/app/lib/backend/69.js:2:127948)
    at t.TextEditorsExtImpl.$acceptEditorPropertiesChanged (/home/nhanenten/2025.2/Vitis/ide/electron-app/lnx64/resources/app/lib/backend/36.js:1:215504)
    at t.RPCProtocolImpl.handleRequest (/home/nhanenten/2025.2/Vitis/ide/electron-app/lnx64/resources/app/lib/backend/366.js:1:153425)
    at c.requestHandler (/home/nhanenten/2025.2/Vitis/ide/electron-app/lnx64/resources/app/lib/backend/366.js:1:153001) 
2026-05-22 10:30:06 [debug] : start navigation 1 
2026-05-22 10:30:06 [debug] : start navigation 2 
2026-05-22 10:30:06 [debug] : end navigation 1 
2026-05-22 10:30:06 [debug] : start navigation 2 
2026-05-22 10:30:06 [debug] : end navigation 1 
2026-05-22 10:30:06 [debug] : end navigation 0 
2026-05-22 10:30:06 [debug] : ending navigation with location {"uri":"file:///home/nhanenten/Desktop/HW_SW/Lab2/Timer_application/src/main.c","type":1,"context":{"start":{"line":56,"character":28},"end":{"line":56,"character":39}}} 
2026-05-22 10:30:06 [debug] : TypeError: Cannot read properties of undefined (reading 'replace')
    at ee.onActiveLinesChanged (/home/nhanenten/2025.2/Vitis/ide/electron-app/lnx64/resources/app/plugins/eamodio-gitlens/extension/dist/gitlens.js:35:1404)
    at Te.<computed> (/home/nhanenten/2025.2/Vitis/ide/electron-app/lnx64/resources/app/plugins/eamodio-gitlens/extension/dist/gitlens.js:209:4816)
    at /home/nhanenten/2025.2/Vitis/ide/electron-app/lnx64/resources/app/lib/backend/69.js:2:126060
    at s.invoke (/home/nhanenten/2025.2/Vitis/ide/electron-app/lnx64/resources/app/lib/backend/69.js:2:126149)
    at a.fire (/home/nhanenten/2025.2/Vitis/ide/electron-app/lnx64/resources/app/lib/backend/69.js:2:127948)
    at Ji.fireLinesChanged (/home/nhanenten/2025.2/Vitis/ide/electron-app/lnx64/resources/app/plugins/eamodio-gitlens/extension/dist/gitlens.js:39:6138)
    at Ji.fireLinesChanged (/home/nhanenten/2025.2/Vitis/ide/electron-app/lnx64/resources/app/plugins/eamodio-gitlens/extension/dist/gitlens.js:39:8100)
    at Ji.onLinesChanged (/home/nhanenten/2025.2/Vitis/ide/electron-app/lnx64/resources/app/plugins/eamodio-gitlens/extension/dist/gitlens.js:39:6753)
    at Ji.trigger (/home/nhanenten/2025.2/Vitis/ide/electron-app/lnx64/resources/app/plugins/eamodio-gitlens/extension/dist/gitlens.js:39:6162)
    at Ji.onTextEditorSelectionChanged (/home/nhanenten/2025.2/Vitis/ide/electron-app/lnx64/resources/app/plugins/eamodio-gitlens/extension/dist/gitlens.js:39:4322)
    at /home/nhanenten/2025.2/Vitis/ide/electron-app/lnx64/resources/app/lib/backend/69.js:2:126060
    at s.invoke (/home/nhanenten/2025.2/Vitis/ide/electron-app/lnx64/resources/app/lib/backend/69.js:2:126149)
    at a.fire (/home/nhanenten/2025.2/Vitis/ide/electron-app/lnx64/resources/app/lib/backend/69.js:2:127948)
    at t.TextEditorsExtImpl.$acceptEditorPropertiesChanged (/home/nhanenten/2025.2/Vitis/ide/electron-app/lnx64/resources/app/lib/backend/36.js:1:215504)
    at t.RPCProtocolImpl.handleRequest (/home/nhanenten/2025.2/Vitis/ide/electron-app/lnx64/resources/app/lib/backend/366.js:1:153425)
    at c.requestHandler (/home/nhanenten/2025.2/Vitis/ide/electron-app/lnx64/resources/app/lib/backend/366.js:1:153001) 
2026-05-22 10:30:07 [debug] : start navigation 1 
2026-05-22 10:30:07 [debug] : start navigation 2 
2026-05-22 10:30:07 [debug] : end navigation 1 
2026-05-22 10:30:07 [debug] : start navigation 2 
2026-05-22 10:30:07 [debug] : end navigation 1 
2026-05-22 10:30:07 [debug] : end navigation 0 
2026-05-22 10:30:07 [debug] : ending navigation with location {"uri":"file:///home/nhanenten/Desktop/HW_SW/Lab2/Timer_application/src/main.c","type":1,"context":{"start":{"line":56,"character":44},"end":{"line":56,"character":56}}} 
2026-05-22 10:30:10 [debug] : [Build Server] Executing method:build with connection:(object). {"0":"request:","1":{"appParentPath":"/home/nhanenten/Desktop/HW_SW/Lab2","appName":"Timer_application","buildCfg":"","componentName":"","type":0,"buildTarget":"all","workDirPath":"","customCommand":"","containerName":"","serialBuild":true,"buildComps":false,"componentsToBuildList":[]}}
2026-05-22 10:30:10 [debug] : [Build Server] Build requested on 'Timer_application::' with internal id '718643d5-7e67-48dd-b3bc-13caa3b3a1da'. 
2026-05-22 10:30:10 [debug] : Received event from notification service: ON_DID_BUILD_START. 
2026-05-22 10:30:10 [debug] : RIGEL SERVER 10:30:10 INFO  : lopper command to retarget baremetal application :empyro retarget_app -s /home/nhanenten/Desktop/HW_SW/Lab2/Timer_application/src -d /home/nhanenten/Desktop/HW_SW/Lab2/platform_2d/export/platform_2d/sw/standalone_ps7_cortexa9_0 -b /home/nhanenten/Desktop/HW_SW/Lab2/Timer_application/build
10:30:10 INFO  : bash, -c, empyro retarget_app -s /home/nhanenten/Desktop/HW_SW/Lab2/Timer_application/src -d /home/nhanenten/Desktop/HW_SW/Lab2/platform_2d/export/platform_2d/sw/standalone_ps7_cortexa9_0 -b /home/nhanenten/Desktop/HW_SW/Lab2/Timer_application/build 
2026-05-22 10:30:10 [debug] : Received event from notification service: ON_UPDATE_FLOWNAVIGATOR_STATUS. 
2026-05-22 10:30:10 [debug] : MonacoEditorModel.cancelSync {"0":"file:///home/nhanenten/Desktop/HW_SW/Lab2/_ide/logs/vitis.log"}
2026-05-22 10:30:10 [debug] : MonacoEditorModel.doSync - enter {"0":"file:///home/nhanenten/Desktop/HW_SW/Lab2/_ide/logs/vitis.log"}
2026-05-22 10:30:10 [debug] : MonacoEditorModel.cancelSync {"0":"file:///home/nhanenten/Desktop/HW_SW/Lab2/_ide/logs/vitis.log"}
2026-05-22 10:30:10 [debug] : MonacoEditorModel.doSync - exit - cancelled while looking for a resource {"0":"file:///home/nhanenten/Desktop/HW_SW/Lab2/_ide/logs/vitis.log"}
2026-05-22 10:30:10 [debug] : MonacoEditorModel.doSync - enter {"0":"file:///home/nhanenten/Desktop/HW_SW/Lab2/_ide/logs/vitis.log"}
2026-05-22 10:30:10 [debug] : MonacoEditorModel.fireDidChangeContent - enter - {
  "changes": [
    {
      "range": {
        "startLineNumber": 202,
        "startColumn": 1,
        "endLineNumber": 202,
        "endColumn": 1
      },
      "rangeLength": 0,
      "text": "10:30:10 INFO  : lopper command to retarget baremetal application :empyro retarget_app -s /home/nhanenten/Desktop/HW_SW/Lab2/Timer_application/src -d /home/nhanenten/Desktop/HW_SW/Lab2/platform_2d/export/platform_2d/sw/standalone_ps7_cortexa9_0 -b /home/nhanenten/Desktop/HW_SW/Lab2/Timer_application/build\n10:30:10 INFO  : bash, -c, empyro retarget_app -s /home/nhanenten/Desktop/HW_SW/Lab2/Timer_application/src -d /home/nhanenten/Desktop/HW_SW/Lab2/platform_2d/export/platform_2d/sw/standalone_ps7_cortexa9_0 -b /home/nhanenten/Desktop/HW_SW/Lab2/Timer_application/build\n",
      "rangeOffset": 25765,
      "forceMoveMarkers": true
    }
  ],
  "eol": "\n",
  "isEolChange": false,
  "versionId": 37,
  "isUndoing": false,
  "isRedoing": false,
  "isFlush": false
} {"0":"file:///home/nhanenten/Desktop/HW_SW/Lab2/_ide/logs/vitis.log"}
2026-05-22 10:30:10 [debug] : MonacoEditorModel.markAsDirty - enter {"0":"file:///home/nhanenten/Desktop/HW_SW/Lab2/_ide/logs/vitis.log"}
2026-05-22 10:30:10 [debug] : MonacoEditorModel.markAsDirty - exit - ignoring dirty changes enabled {"0":"file:///home/nhanenten/Desktop/HW_SW/Lab2/_ide/logs/vitis.log"}
2026-05-22 10:30:10 [debug] : MonacoEditorModel.fireDidChangeContent - exit {"0":"file:///home/nhanenten/Desktop/HW_SW/Lab2/_ide/logs/vitis.log"}
2026-05-22 10:30:10 [debug] : MonacoEditorModel.doSync - exit {"0":"file:///home/nhanenten/Desktop/HW_SW/Lab2/_ide/logs/vitis.log"}
2026-05-22 10:30:10 [debug] : RIGEL SERVER 10:30:10 INFO  : [INFO]: Retargeting app
10:30:10 INFO  : [INFO]: Updating link libraries based on new domain
10:30:10 INFO  : Successfully retargeted Application /home/nhanenten/Desktop/HW_SW/Lab2/Timer_application/src
10:30:10 INFO  : Initiating build for the Timer_application component. 
2026-05-22 10:30:10 [debug] : RIGEL SERVER 10:30:10 INFO  : bash, -c, empyro build_app -s /home/nhanenten/Desktop/HW_SW/Lab2/Timer_application/src -b /home/nhanenten/Desktop/HW_SW/Lab2/Timer_application/build 
2026-05-22 10:30:10 [debug] : RIGEL SERVER 10:30:10 INFO  : Command: bash -c unset CC CXX ;empyro build_app -s /home/nhanenten/Desktop/HW_SW/Lab2/Timer_application/src -b /home/nhanenten/Desktop/HW_SW/Lab2/Timer_application/build 
2026-05-22 10:30:10 [debug] : [Build Output] Build for Timer_application::build with id '718643d5-7e67-48dd-b3bc-13caa3b3a1da' started. 
2026-05-22 10:30:11 [debug] : MonacoEditorModel.cancelSync {"0":"file:///home/nhanenten/Desktop/HW_SW/Lab2/_ide/logs/vitis.log"}
2026-05-22 10:30:11 [debug] : MonacoEditorModel.doSync - enter {"0":"file:///home/nhanenten/Desktop/HW_SW/Lab2/_ide/logs/vitis.log"}
2026-05-22 10:30:11 [debug] : MonacoEditorModel.cancelSync {"0":"file:///home/nhanenten/Desktop/HW_SW/Lab2/_ide/logs/vitis.log"}
2026-05-22 10:30:11 [debug] : MonacoEditorModel.doSync - exit - cancelled while looking for a resource {"0":"file:///home/nhanenten/Desktop/HW_SW/Lab2/_ide/logs/vitis.log"}
2026-05-22 10:30:11 [debug] : MonacoEditorModel.doSync - enter {"0":"file:///home/nhanenten/Desktop/HW_SW/Lab2/_ide/logs/vitis.log"}
2026-05-22 10:30:11 [debug] : MonacoEditorModel.fireDidChangeContent - enter - {
  "changes": [
    {
      "range": {
        "startLineNumber": 204,
        "startColumn": 1,
        "endLineNumber": 204,
        "endColumn": 1
      },
      "rangeLength": 0,
      "text": "10:30:10 INFO  : [INFO]: Retargeting app\n10:30:10 INFO  : [INFO]: Updating link libraries based on new domain\n10:30:10 INFO  : Successfully retargeted Application /home/nhanenten/Desktop/HW_SW/Lab2/Timer_application/src\n10:30:10 INFO  : Initiating build for the Timer_application component.\n10:30:10 INFO  : bash, -c, empyro build_app -s /home/nhanenten/Desktop/HW_SW/Lab2/Timer_application/src -b /home/nhanenten/Desktop/HW_SW/Lab2/Timer_application/build\n10:30:10 INFO  : Command: bash -c unset CC CXX ;empyro build_app -s /home/nhanenten/Desktop/HW_SW/Lab2/Timer_application/src -b /home/nhanenten/Desktop/HW_SW/Lab2/Timer_application/build\n",
      "rangeOffset": 26339,
      "forceMoveMarkers": true
    }
  ],
  "eol": "\n",
  "isEolChange": false,
  "versionId": 38,
  "isUndoing": false,
  "isRedoing": false,
  "isFlush": false
} {"0":"file:///home/nhanenten/Desktop/HW_SW/Lab2/_ide/logs/vitis.log"}
2026-05-22 10:30:11 [debug] : MonacoEditorModel.markAsDirty - enter {"0":"file:///home/nhanenten/Desktop/HW_SW/Lab2/_ide/logs/vitis.log"}
2026-05-22 10:30:11 [debug] : MonacoEditorModel.markAsDirty - exit - ignoring dirty changes enabled {"0":"file:///home/nhanenten/Desktop/HW_SW/Lab2/_ide/logs/vitis.log"}
2026-05-22 10:30:11 [debug] : MonacoEditorModel.fireDidChangeContent - exit {"0":"file:///home/nhanenten/Desktop/HW_SW/Lab2/_ide/logs/vitis.log"}
2026-05-22 10:30:11 [debug] : MonacoEditorModel.doSync - exit {"0":"file:///home/nhanenten/Desktop/HW_SW/Lab2/_ide/logs/vitis.log"}
2026-05-22 10:30:13 [debug] : [Build Server] Build completed on 'Timer_application::' with internal id '718643d5-7e67-48dd-b3bc-13caa3b3a1da'. 
2026-05-22 10:30:13 [debug] : [Build Server] Build status event - label: Timer_application::, status_code:0, status_details:. 
2026-05-22 10:30:13 [debug] : [Build Server] Build output steam finished on 'Timer_application::' with internal id '718643d5-7e67-48dd-b3bc-13caa3b3a1da'. 
2026-05-22 10:30:13 [info] : [Build Server] Build output stream finished - Timer_application::. 
2026-05-22 10:30:13 [debug] : [Workspace Service] Attempting to restart clangd - unimplemented 
2026-05-22 10:30:13 [debug] : Received event from notification service: ON_DID_UPDATE_COMPILE_COMMAND. 
2026-05-22 10:30:13 [debug] : [Build Output] Build for Timer_application::build with id '718643d5-7e67-48dd-b3bc-13caa3b3a1da' completed. 
2026-05-22 10:30:13 [debug] : [Build Output] Deleting and canceling the build task with id '718643d5-7e67-48dd-b3bc-13caa3b3a1da'. 
2026-05-22 10:30:13 [debug] : Received event from notification service: ON_DID_BUILD_STOP. 
2026-05-22 10:30:13 [debug] : Received event from notification service: ON_UPDATE_FLOWNAVIGATOR_STATUS. 
2026-05-22 10:30:19 [debug] : [Build Server] Executing method:build with connection:(object). {"0":"request:","1":{"appParentPath":"/home/nhanenten/Desktop/HW_SW/Lab2","appName":"Timer_application","buildCfg":"","componentName":"","type":0,"buildTarget":"clean","workDirPath":"","customCommand":"","containerName":"","serialBuild":true,"buildComps":false,"componentsToBuildList":[]}}
2026-05-22 10:30:19 [debug] : [Build Server] Clean requested on 'Timer_application::' with internal id 'f4a2e81b-3ac7-4201-ab17-94e5faa9add2'. 
2026-05-22 10:30:19 [debug] : Received event from notification service: ON_DID_BUILD_START. 
2026-05-22 10:30:19 [debug] : RIGEL SERVER 10:30:19 INFO  : lopper command to retarget baremetal application :empyro retarget_app -s /home/nhanenten/Desktop/HW_SW/Lab2/Timer_application/src -d /home/nhanenten/Desktop/HW_SW/Lab2/platform_2d/export/platform_2d/sw/standalone_ps7_cortexa9_0 -b /home/nhanenten/Desktop/HW_SW/Lab2/Timer_application/build 
2026-05-22 10:30:19 [debug] : RIGEL SERVER 10:30:19 INFO  : bash, -c, empyro retarget_app -s /home/nhanenten/Desktop/HW_SW/Lab2/Timer_application/src -d /home/nhanenten/Desktop/HW_SW/Lab2/platform_2d/export/platform_2d/sw/standalone_ps7_cortexa9_0 -b /home/nhanenten/Desktop/HW_SW/Lab2/Timer_application/build 
2026-05-22 10:30:19 [debug] : Received event from notification service: ON_UPDATE_FLOWNAVIGATOR_STATUS. 
2026-05-22 10:30:19 [debug] : MonacoEditorModel.cancelSync {"0":"file:///home/nhanenten/Desktop/HW_SW/Lab2/_ide/logs/vitis.log"}
2026-05-22 10:30:19 [debug] : MonacoEditorModel.doSync - enter {"0":"file:///home/nhanenten/Desktop/HW_SW/Lab2/_ide/logs/vitis.log"}
2026-05-22 10:30:19 [debug] : MonacoEditorModel.cancelSync {"0":"file:///home/nhanenten/Desktop/HW_SW/Lab2/_ide/logs/vitis.log"}
2026-05-22 10:30:19 [debug] : MonacoEditorModel.doSync - exit - cancelled while looking for a resource {"0":"file:///home/nhanenten/Desktop/HW_SW/Lab2/_ide/logs/vitis.log"}
2026-05-22 10:30:19 [debug] : MonacoEditorModel.doSync - enter {"0":"file:///home/nhanenten/Desktop/HW_SW/Lab2/_ide/logs/vitis.log"}
2026-05-22 10:30:19 [debug] : MonacoEditorModel.fireDidChangeContent - enter - {
  "changes": [
    {
      "range": {
        "startLineNumber": 210,
        "startColumn": 1,
        "endLineNumber": 210,
        "endColumn": 1
      },
      "rangeLength": 0,
      "text": "10:30:19 INFO  : lopper command to retarget baremetal application :empyro retarget_app -s /home/nhanenten/Desktop/HW_SW/Lab2/Timer_application/src -d /home/nhanenten/Desktop/HW_SW/Lab2/platform_2d/export/platform_2d/sw/standalone_ps7_cortexa9_0 -b /home/nhanenten/Desktop/HW_SW/Lab2/Timer_application/build\n10:30:19 INFO  : bash, -c, empyro retarget_app -s /home/nhanenten/Desktop/HW_SW/Lab2/Timer_application/src -d /home/nhanenten/Desktop/HW_SW/Lab2/platform_2d/export/platform_2d/sw/standalone_ps7_cortexa9_0 -b /home/nhanenten/Desktop/HW_SW/Lab2/Timer_application/build\n",
      "rangeOffset": 26983,
      "forceMoveMarkers": true
    }
  ],
  "eol": "\n",
  "isEolChange": false,
  "versionId": 39,
  "isUndoing": false,
  "isRedoing": false,
  "isFlush": false
} {"0":"file:///home/nhanenten/Desktop/HW_SW/Lab2/_ide/logs/vitis.log"}
2026-05-22 10:30:19 [debug] : MonacoEditorModel.markAsDirty - enter {"0":"file:///home/nhanenten/Desktop/HW_SW/Lab2/_ide/logs/vitis.log"}
2026-05-22 10:30:19 [debug] : MonacoEditorModel.markAsDirty - exit - ignoring dirty changes enabled {"0":"file:///home/nhanenten/Desktop/HW_SW/Lab2/_ide/logs/vitis.log"}
2026-05-22 10:30:19 [debug] : MonacoEditorModel.fireDidChangeContent - exit {"0":"file:///home/nhanenten/Desktop/HW_SW/Lab2/_ide/logs/vitis.log"}
2026-05-22 10:30:19 [debug] : MonacoEditorModel.doSync - exit {"0":"file:///home/nhanenten/Desktop/HW_SW/Lab2/_ide/logs/vitis.log"}
2026-05-22 10:30:20 [debug] : RIGEL SERVER 10:30:20 INFO  : [INFO]: Retargeting app
10:30:20 INFO  : [INFO]: Updating link libraries based on new domain
10:30:20 INFO  : Successfully retargeted Application /home/nhanenten/Desktop/HW_SW/Lab2/Timer_application/src 
2026-05-22 10:30:20 [debug] : RIGEL SERVER 10:30:20 INFO  : Initiating build for the Timer_application component.
10:30:20 INFO  : Command: bash -c unset CC CXX ;cmake --build ./ --target clean --verbose 
2026-05-22 10:30:20 [debug] : [Build Output] Clean for Timer_application::clean with id 'f4a2e81b-3ac7-4201-ab17-94e5faa9add2' started. 
2026-05-22 10:30:20 [debug] : MonacoEditorModel.cancelSync {"0":"file:///home/nhanenten/Desktop/HW_SW/Lab2/_ide/logs/vitis.log"}
2026-05-22 10:30:20 [debug] : MonacoEditorModel.doSync - enter {"0":"file:///home/nhanenten/Desktop/HW_SW/Lab2/_ide/logs/vitis.log"}
2026-05-22 10:30:20 [debug] : MonacoEditorModel.cancelSync {"0":"file:///home/nhanenten/Desktop/HW_SW/Lab2/_ide/logs/vitis.log"}
2026-05-22 10:30:20 [debug] : [Build Server] Clean completed on 'Timer_application::' with internal id 'f4a2e81b-3ac7-4201-ab17-94e5faa9add2'. 
2026-05-22 10:30:20 [debug] : [Build Server] Clean status event - label: Timer_application::, status_code:0, status_details:. 
2026-05-22 10:30:20 [debug] : [Build Server] Clean output steam finished on 'Timer_application::' with internal id 'f4a2e81b-3ac7-4201-ab17-94e5faa9add2'. 
2026-05-22 10:30:20 [info] : [Build Server] Clean output stream finished - Timer_application::. 
2026-05-22 10:30:20 [debug] : [Build Output] Clean for Timer_application::clean with id 'f4a2e81b-3ac7-4201-ab17-94e5faa9add2' completed. 
2026-05-22 10:30:20 [debug] : [Build Output] Deleting and canceling the build task with id 'f4a2e81b-3ac7-4201-ab17-94e5faa9add2'. 
2026-05-22 10:30:20 [debug] : Received event from notification service: ON_DID_BUILD_STOP. 
2026-05-22 10:30:20 [debug] : Received event from notification service: ON_UPDATE_FLOWNAVIGATOR_STATUS. 
2026-05-22 10:30:20 [debug] : MonacoEditorModel.doSync - exit - cancelled while looking for a resource {"0":"file:///home/nhanenten/Desktop/HW_SW/Lab2/_ide/logs/vitis.log"}
2026-05-22 10:30:20 [debug] : MonacoEditorModel.doSync - enter {"0":"file:///home/nhanenten/Desktop/HW_SW/Lab2/_ide/logs/vitis.log"}
2026-05-22 10:30:20 [debug] : MonacoEditorModel.fireDidChangeContent - enter - {
  "changes": [
    {
      "range": {
        "startLineNumber": 212,
        "startColumn": 1,
        "endLineNumber": 212,
        "endColumn": 1
      },
      "rangeLength": 0,
      "text": "10:30:20 INFO  : [INFO]: Retargeting app\n10:30:20 INFO  : [INFO]: Updating link libraries based on new domain\n10:30:20 INFO  : Successfully retargeted Application /home/nhanenten/Desktop/HW_SW/Lab2/Timer_application/src\n10:30:20 INFO  : Initiating build for the Timer_application component.\n10:30:20 INFO  : Command: bash -c unset CC CXX ;cmake --build ./ --target clean --verbose\n",
      "rangeOffset": 27557,
      "forceMoveMarkers": true
    }
  ],
  "eol": "\n",
  "isEolChange": false,
  "versionId": 40,
  "isUndoing": false,
  "isRedoing": false,
  "isFlush": false
} {"0":"file:///home/nhanenten/Desktop/HW_SW/Lab2/_ide/logs/vitis.log"}
2026-05-22 10:30:20 [debug] : MonacoEditorModel.markAsDirty - enter {"0":"file:///home/nhanenten/Desktop/HW_SW/Lab2/_ide/logs/vitis.log"}
2026-05-22 10:30:20 [debug] : MonacoEditorModel.markAsDirty - exit - ignoring dirty changes enabled {"0":"file:///home/nhanenten/Desktop/HW_SW/Lab2/_ide/logs/vitis.log"}
2026-05-22 10:30:20 [debug] : MonacoEditorModel.fireDidChangeContent - exit {"0":"file:///home/nhanenten/Desktop/HW_SW/Lab2/_ide/logs/vitis.log"}
2026-05-22 10:30:20 [debug] : MonacoEditorModel.doSync - exit {"0":"file:///home/nhanenten/Desktop/HW_SW/Lab2/_ide/logs/vitis.log"}
2026-05-22 10:30:23 [debug] : [Build Server] Executing method:build with connection:(object). {"0":"request:","1":{"appParentPath":"/home/nhanenten/Desktop/HW_SW/Lab2","appName":"Timer_application","buildCfg":"","componentName":"","type":0,"buildTarget":"all","workDirPath":"","customCommand":"","containerName":"","serialBuild":true,"buildComps":false,"componentsToBuildList":[]}}
2026-05-22 10:30:23 [debug] : [Build Server] Build requested on 'Timer_application::' with internal id '86947820-eac7-4fd5-9abc-4a40327d94ed'. 
2026-05-22 10:30:23 [debug] : Received event from notification service: ON_DID_BUILD_START. 
2026-05-22 10:30:23 [debug] : RIGEL SERVER 10:30:23 INFO  : lopper command to retarget baremetal application :empyro retarget_app -s /home/nhanenten/Desktop/HW_SW/Lab2/Timer_application/src -d /home/nhanenten/Desktop/HW_SW/Lab2/platform_2d/export/platform_2d/sw/standalone_ps7_cortexa9_0 -b /home/nhanenten/Desktop/HW_SW/Lab2/Timer_application/build
10:30:23 INFO  : bash, -c, empyro retarget_app -s /home/nhanenten/Desktop/HW_SW/Lab2/Timer_application/src -d /home/nhanenten/Desktop/HW_SW/Lab2/platform_2d/export/platform_2d/sw/standalone_ps7_cortexa9_0 -b /home/nhanenten/Desktop/HW_SW/Lab2/Timer_application/build 
2026-05-22 10:30:23 [debug] : Received event from notification service: ON_UPDATE_FLOWNAVIGATOR_STATUS. 
2026-05-22 10:30:23 [debug] : MonacoEditorModel.cancelSync {"0":"file:///home/nhanenten/Desktop/HW_SW/Lab2/_ide/logs/vitis.log"}
2026-05-22 10:30:23 [debug] : MonacoEditorModel.doSync - enter {"0":"file:///home/nhanenten/Desktop/HW_SW/Lab2/_ide/logs/vitis.log"}
2026-05-22 10:30:23 [debug] : MonacoEditorModel.cancelSync {"0":"file:///home/nhanenten/Desktop/HW_SW/Lab2/_ide/logs/vitis.log"}
2026-05-22 10:30:23 [debug] : MonacoEditorModel.doSync - exit - cancelled while looking for a resource {"0":"file:///home/nhanenten/Desktop/HW_SW/Lab2/_ide/logs/vitis.log"}
2026-05-22 10:30:23 [debug] : MonacoEditorModel.doSync - enter {"0":"file:///home/nhanenten/Desktop/HW_SW/Lab2/_ide/logs/vitis.log"}
2026-05-22 10:30:23 [debug] : MonacoEditorModel.fireDidChangeContent - enter - {
  "changes": [
    {
      "range": {
        "startLineNumber": 217,
        "startColumn": 1,
        "endLineNumber": 217,
        "endColumn": 1
      },
      "rangeLength": 0,
      "text": "10:30:23 INFO  : lopper command to retarget baremetal application :empyro retarget_app -s /home/nhanenten/Desktop/HW_SW/Lab2/Timer_application/src -d /home/nhanenten/Desktop/HW_SW/Lab2/platform_2d/export/platform_2d/sw/standalone_ps7_cortexa9_0 -b /home/nhanenten/Desktop/HW_SW/Lab2/Timer_application/build\n10:30:23 INFO  : bash, -c, empyro retarget_app -s /home/nhanenten/Desktop/HW_SW/Lab2/Timer_application/src -d /home/nhanenten/Desktop/HW_SW/Lab2/platform_2d/export/platform_2d/sw/standalone_ps7_cortexa9_0 -b /home/nhanenten/Desktop/HW_SW/Lab2/Timer_application/build\n",
      "rangeOffset": 27938,
      "forceMoveMarkers": true
    }
  ],
  "eol": "\n",
  "isEolChange": false,
  "versionId": 41,
  "isUndoing": false,
  "isRedoing": false,
  "isFlush": false
} {"0":"file:///home/nhanenten/Desktop/HW_SW/Lab2/_ide/logs/vitis.log"}
2026-05-22 10:30:23 [debug] : MonacoEditorModel.markAsDirty - enter {"0":"file:///home/nhanenten/Desktop/HW_SW/Lab2/_ide/logs/vitis.log"}
2026-05-22 10:30:23 [debug] : MonacoEditorModel.markAsDirty - exit - ignoring dirty changes enabled {"0":"file:///home/nhanenten/Desktop/HW_SW/Lab2/_ide/logs/vitis.log"}
2026-05-22 10:30:23 [debug] : MonacoEditorModel.fireDidChangeContent - exit {"0":"file:///home/nhanenten/Desktop/HW_SW/Lab2/_ide/logs/vitis.log"}
2026-05-22 10:30:23 [debug] : MonacoEditorModel.doSync - exit {"0":"file:///home/nhanenten/Desktop/HW_SW/Lab2/_ide/logs/vitis.log"}
2026-05-22 10:30:23 [debug] : RIGEL SERVER 10:30:23 INFO  : [INFO]: Retargeting app
10:30:23 INFO  : [INFO]: Updating link libraries based on new domain
10:30:23 INFO  : Successfully retargeted Application /home/nhanenten/Desktop/HW_SW/Lab2/Timer_application/src
10:30:23 INFO  : Initiating build for the Timer_application component. 
2026-05-22 10:30:23 [debug] : RIGEL SERVER 10:30:23 INFO  : bash, -c, empyro build_app -s /home/nhanenten/Desktop/HW_SW/Lab2/Timer_application/src -b /home/nhanenten/Desktop/HW_SW/Lab2/Timer_application/build 
2026-05-22 10:30:23 [debug] : RIGEL SERVER 10:30:23 INFO  : Command: bash -c unset CC CXX ;empyro build_app -s /home/nhanenten/Desktop/HW_SW/Lab2/Timer_application/src -b /home/nhanenten/Desktop/HW_SW/Lab2/Timer_application/build 
2026-05-22 10:30:24 [debug] : [Build Output] Build for Timer_application::build with id '86947820-eac7-4fd5-9abc-4a40327d94ed' started. 
2026-05-22 10:30:24 [debug] : MonacoEditorModel.cancelSync {"0":"file:///home/nhanenten/Desktop/HW_SW/Lab2/_ide/logs/vitis.log"}
2026-05-22 10:30:24 [debug] : MonacoEditorModel.doSync - enter {"0":"file:///home/nhanenten/Desktop/HW_SW/Lab2/_ide/logs/vitis.log"}
2026-05-22 10:30:24 [debug] : MonacoEditorModel.cancelSync {"0":"file:///home/nhanenten/Desktop/HW_SW/Lab2/_ide/logs/vitis.log"}
2026-05-22 10:30:24 [debug] : MonacoEditorModel.doSync - exit - cancelled while looking for a resource {"0":"file:///home/nhanenten/Desktop/HW_SW/Lab2/_ide/logs/vitis.log"}
2026-05-22 10:30:24 [debug] : MonacoEditorModel.doSync - enter {"0":"file:///home/nhanenten/Desktop/HW_SW/Lab2/_ide/logs/vitis.log"}
2026-05-22 10:30:24 [debug] : MonacoEditorModel.fireDidChangeContent - enter - {
  "changes": [
    {
      "range": {
        "startLineNumber": 219,
        "startColumn": 1,
        "endLineNumber": 219,
        "endColumn": 1
      },
      "rangeLength": 0,
      "text": "10:30:23 INFO  : [INFO]: Retargeting app\n10:30:23 INFO  : [INFO]: Updating link libraries based on new domain\n10:30:23 INFO  : Successfully retargeted Application /home/nhanenten/Desktop/HW_SW/Lab2/Timer_application/src\n10:30:23 INFO  : Initiating build for the Timer_application component.\n10:30:23 INFO  : bash, -c, empyro build_app -s /home/nhanenten/Desktop/HW_SW/Lab2/Timer_application/src -b /home/nhanenten/Desktop/HW_SW/Lab2/Timer_application/build\n10:30:23 INFO  : Command: bash -c unset CC CXX ;empyro build_app -s /home/nhanenten/Desktop/HW_SW/Lab2/Timer_application/src -b /home/nhanenten/Desktop/HW_SW/Lab2/Timer_application/build\n",
      "rangeOffset": 28512,
      "forceMoveMarkers": true
    }
  ],
  "eol": "\n",
  "isEolChange": false,
  "versionId": 42,
  "isUndoing": false,
  "isRedoing": false,
  "isFlush": false
} {"0":"file:///home/nhanenten/Desktop/HW_SW/Lab2/_ide/logs/vitis.log"}
2026-05-22 10:30:24 [debug] : MonacoEditorModel.markAsDirty - enter {"0":"file:///home/nhanenten/Desktop/HW_SW/Lab2/_ide/logs/vitis.log"}
2026-05-22 10:30:24 [debug] : MonacoEditorModel.markAsDirty - exit - ignoring dirty changes enabled {"0":"file:///home/nhanenten/Desktop/HW_SW/Lab2/_ide/logs/vitis.log"}
2026-05-22 10:30:24 [debug] : MonacoEditorModel.fireDidChangeContent - exit {"0":"file:///home/nhanenten/Desktop/HW_SW/Lab2/_ide/logs/vitis.log"}
2026-05-22 10:30:24 [debug] : MonacoEditorModel.doSync - exit {"0":"file:///home/nhanenten/Desktop/HW_SW/Lab2/_ide/logs/vitis.log"}
2026-05-22 10:30:25 [debug] : [Build Server] Build completed on 'Timer_application::' with internal id '86947820-eac7-4fd5-9abc-4a40327d94ed'. 
2026-05-22 10:30:25 [debug] : [Build Server] Build status event - label: Timer_application::, status_code:0, status_details:. 
2026-05-22 10:30:25 [debug] : [Build Server] Build output steam finished on 'Timer_application::' with internal id '86947820-eac7-4fd5-9abc-4a40327d94ed'. 
2026-05-22 10:30:25 [info] : [Build Server] Build output stream finished - Timer_application::. 
2026-05-22 10:30:25 [debug] : [Workspace Service] Attempting to restart clangd - unimplemented 
2026-05-22 10:30:25 [debug] : Received event from notification service: ON_DID_UPDATE_COMPILE_COMMAND. 
2026-05-22 10:30:25 [debug] : [Build Output] Build for Timer_application::build with id '86947820-eac7-4fd5-9abc-4a40327d94ed' completed. 
2026-05-22 10:30:25 [debug] : [Build Output] Deleting and canceling the build task with id '86947820-eac7-4fd5-9abc-4a40327d94ed'. 
2026-05-22 10:30:25 [debug] : Received event from notification service: ON_DID_BUILD_STOP. 
2026-05-22 10:30:25 [debug] : Received event from notification service: ON_UPDATE_FLOWNAVIGATOR_STATUS. 
2026-05-22 10:50:54 [debug] : MonacoEditorModel.cancelSync {"0":"file:///home/nhanenten/Desktop/HW_SW/Lab2/_ide/logs/vitis.log"}
2026-05-22 10:50:54 [debug] : MonacoEditorModel.doSync - enter {"0":"file:///home/nhanenten/Desktop/HW_SW/Lab2/_ide/logs/vitis.log"}
2026-05-22 10:50:54 [debug] : MonacoEditorModel.doSync - exit - resource not found {"0":"file:///home/nhanenten/Desktop/HW_SW/Lab2/_ide/logs/vitis.log"}
2026-05-22 10:50:54 [debug] : No label for action menu node: No command "workspace:addFolder" exists. 
2026-05-22 10:50:55 [debug] : MonacoEditorModel.cancelSync {"0":"file:///home/nhanenten/Desktop/HW_SW/Lab2/Timer_application/src/main.c"}
2026-05-22 10:50:55 [debug] : MonacoEditorModel.cancelSave {"0":"file:///home/nhanenten/Desktop/HW_SW/Lab2/Timer_application/src/main.c"}
2026-05-22 10:50:55 [debug] : onDidDeleteComponent {"0":"/home/nhanenten/Desktop/HW_SW/Lab2/platform_2d"}
2026-05-22 10:50:55 [debug] : [ProjectCache] fetching projects for project-cache 
2026-05-22 10:50:55 [debug] : onDidDeleteComponent {"0":"/home/nhanenten/Desktop/HW_SW/Lab2/Timer_application"}
2026-05-22 10:50:55 [debug] : [ProjectCache] fetching projects for project-cache 
2026-05-22 10:50:55 [debug] : Received event from notification service: ON_DID_MODIFY_PLATFORM_REPOS. 
2026-05-22 10:50:55 [debug] : Received event from notification service: ON_DID_DELETE_COMPONENT. 
2026-05-22 10:50:55 [debug] : Received event from notification service: ON_DID_DELETE_COMPONENT. 
2026-05-22 10:50:55 [debug] : Received event from notification service: ON_DID_OPEN_COMPONENT. 
2026-05-22 10:50:55 [debug] : Received event from notification service: ON_DID_OPEN_COMPONENT. 
2026-05-22 10:50:55 [debug] : [ProjectDecorator] tree decoration updated 
2026-05-22 10:50:55 [debug] : [ProjectCache] Project location updated to /home/nhanenten/Desktop/HW_SW/Lab2/Project_2D/platform_2d 
2026-05-22 10:50:55 [debug] : [ProjectDecorator] tree decoration updated 
2026-05-22 10:50:55 [debug] : [Component Provider] updating project /home/nhanenten/Desktop/HW_SW/Lab2/platform_2d 
2026-05-22 10:50:55 [debug] : [Component Provider] updating project /home/nhanenten/Desktop/HW_SW/Lab2/platform 
2026-05-22 10:50:55 [debug] : [Component Provider] updating project /home/nhanenten/Desktop/HW_SW/Lab2/timer_interrupt 
2026-05-22 10:50:55 [debug] : [Component Provider] updating project /home/nhanenten/Desktop/HW_SW/Lab2/Timer_application 
2026-05-22 10:50:55 [debug] : Error: 3 INVALID_ARGUMENT: Invalid project location '/home/nhanenten/Desktop/HW_SW/Lab2/platform_2d'.
    at r.callErrorFromStatus (/home/nhanenten/2025.2/Vitis/ide/electron-app/lnx64/resources/app/lib/backend/384.js:2:5361773)
    at Object.onReceiveStatus (/home/nhanenten/2025.2/Vitis/ide/electron-app/lnx64/resources/app/lib/backend/384.js:2:7053281)
    at Object.onReceiveStatus (/home/nhanenten/2025.2/Vitis/ide/electron-app/lnx64/resources/app/lib/backend/384.js:2:5789310)
    at Object.onReceiveStatus (/home/nhanenten/2025.2/Vitis/ide/electron-app/lnx64/resources/app/lib/backend/384.js:2:5788755)
    at /home/nhanenten/2025.2/Vitis/ide/electron-app/lnx64/resources/app/lib/backend/384.js:2:5346692
    at process.processTicksAndRejections (node:internal/process/task_queues:77:11)
for call at
    at l.makeUnaryRequest (/home/nhanenten/2025.2/Vitis/ide/electron-app/lnx64/resources/app/lib/backend/384.js:2:7052812)
    at l.getComponent (/home/nhanenten/2025.2/Vitis/ide/electron-app/lnx64/resources/app/lib/backend/384.js:2:1745982)
    at /home/nhanenten/2025.2/Vitis/ide/electron-app/lnx64/resources/app/lib/backend/main.js:1:1360935
    at new Promise (<anonymous>)
    at x.getComponent (/home/nhanenten/2025.2/Vitis/ide/electron-app/lnx64/resources/app/lib/backend/main.js:1:1360856)
    at u.onRequest (/home/nhanenten/2025.2/Vitis/ide/electron-app/lnx64/resources/app/lib/backend/69.js:2:159784)
    at c.requestHandler (/home/nhanenten/2025.2/Vitis/ide/electron-app/lnx64/resources/app/lib/backend/69.js:2:159606)
    at c.handleRequest (/home/nhanenten/2025.2/Vitis/ide/electron-app/lnx64/resources/app/lib/backend/69.js:2:22968)
    at c.handleMessage (/home/nhanenten/2025.2/Vitis/ide/electron-app/lnx64/resources/app/lib/backend/69.js:2:20872)
    at /home/nhanenten/2025.2/Vitis/ide/electron-app/lnx64/resources/app/lib/backend/69.js:2:20507
    at /home/nhanenten/2025.2/Vitis/ide/electron-app/lnx64/resources/app/lib/backend/69.js:2:126060
    at s.invoke (/home/nhanenten/2025.2/Vitis/ide/electron-app/lnx64/resources/app/lib/backend/69.js:2:126149)
    at a.fire (/home/nhanenten/2025.2/Vitis/ide/electron-app/lnx64/resources/app/lib/backend/69.js:2:127948)
    at t.ChannelMultiplexer.handleData (/home/nhanenten/2025.2/Vitis/ide/electron-app/lnx64/resources/app/lib/backend/69.js:2:58305)
    at t.ChannelMultiplexer.handleMessage (/home/nhanenten/2025.2/Vitis/ide/electron-app/lnx64/resources/app/lib/backend/69.js:2:57483)
    at /home/nhanenten/2025.2/Vitis/ide/electron-app/lnx64/resources/app/lib/backend/69.js:2:56720 
2026-05-22 10:50:55 [debug] : Error: 3 INVALID_ARGUMENT: Invalid project location '/home/nhanenten/Desktop/HW_SW/Lab2/platform'.
    at r.callErrorFromStatus (/home/nhanenten/2025.2/Vitis/ide/electron-app/lnx64/resources/app/lib/backend/384.js:2:5361773)
    at Object.onReceiveStatus (/home/nhanenten/2025.2/Vitis/ide/electron-app/lnx64/resources/app/lib/backend/384.js:2:7053281)
    at Object.onReceiveStatus (/home/nhanenten/2025.2/Vitis/ide/electron-app/lnx64/resources/app/lib/backend/384.js:2:5789310)
    at Object.onReceiveStatus (/home/nhanenten/2025.2/Vitis/ide/electron-app/lnx64/resources/app/lib/backend/384.js:2:5788755)
    at /home/nhanenten/2025.2/Vitis/ide/electron-app/lnx64/resources/app/lib/backend/384.js:2:5346692
    at process.processTicksAndRejections (node:internal/process/task_queues:77:11)
for call at
    at l.makeUnaryRequest (/home/nhanenten/2025.2/Vitis/ide/electron-app/lnx64/resources/app/lib/backend/384.js:2:7052812)
    at l.getComponent (/home/nhanenten/2025.2/Vitis/ide/electron-app/lnx64/resources/app/lib/backend/384.js:2:1745982)
    at /home/nhanenten/2025.2/Vitis/ide/electron-app/lnx64/resources/app/lib/backend/main.js:1:1360935
    at new Promise (<anonymous>)
    at x.getComponent (/home/nhanenten/2025.2/Vitis/ide/electron-app/lnx64/resources/app/lib/backend/main.js:1:1360856)
    at u.onRequest (/home/nhanenten/2025.2/Vitis/ide/electron-app/lnx64/resources/app/lib/backend/69.js:2:159784)
    at c.requestHandler (/home/nhanenten/2025.2/Vitis/ide/electron-app/lnx64/resources/app/lib/backend/69.js:2:159606)
    at c.handleRequest (/home/nhanenten/2025.2/Vitis/ide/electron-app/lnx64/resources/app/lib/backend/69.js:2:22968)
    at c.handleMessage (/home/nhanenten/2025.2/Vitis/ide/electron-app/lnx64/resources/app/lib/backend/69.js:2:20872)
    at /home/nhanenten/2025.2/Vitis/ide/electron-app/lnx64/resources/app/lib/backend/69.js:2:20507
    at /home/nhanenten/2025.2/Vitis/ide/electron-app/lnx64/resources/app/lib/backend/69.js:2:126060
    at s.invoke (/home/nhanenten/2025.2/Vitis/ide/electron-app/lnx64/resources/app/lib/backend/69.js:2:126149)
    at a.fire (/home/nhanenten/2025.2/Vitis/ide/electron-app/lnx64/resources/app/lib/backend/69.js:2:127948)
    at t.ChannelMultiplexer.handleData (/home/nhanenten/2025.2/Vitis/ide/electron-app/lnx64/resources/app/lib/backend/69.js:2:58305)
    at t.ChannelMultiplexer.handleMessage (/home/nhanenten/2025.2/Vitis/ide/electron-app/lnx64/resources/app/lib/backend/69.js:2:57483)
    at /home/nhanenten/2025.2/Vitis/ide/electron-app/lnx64/resources/app/lib/backend/69.js:2:56720 
2026-05-22 10:50:55 [debug] : Error: 3 INVALID_ARGUMENT: Invalid project location '/home/nhanenten/Desktop/HW_SW/Lab2/timer_interrupt'.
    at r.callErrorFromStatus (/home/nhanenten/2025.2/Vitis/ide/electron-app/lnx64/resources/app/lib/backend/384.js:2:5361773)
    at Object.onReceiveStatus (/home/nhanenten/2025.2/Vitis/ide/electron-app/lnx64/resources/app/lib/backend/384.js:2:7053281)
    at Object.onReceiveStatus (/home/nhanenten/2025.2/Vitis/ide/electron-app/lnx64/resources/app/lib/backend/384.js:2:5789310)
    at Object.onReceiveStatus (/home/nhanenten/2025.2/Vitis/ide/electron-app/lnx64/resources/app/lib/backend/384.js:2:5788755)
    at /home/nhanenten/2025.2/Vitis/ide/electron-app/lnx64/resources/app/lib/backend/384.js:2:5346692
    at process.processTicksAndRejections (node:internal/process/task_queues:77:11)
for call at
    at l.makeUnaryRequest (/home/nhanenten/2025.2/Vitis/ide/electron-app/lnx64/resources/app/lib/backend/384.js:2:7052812)
    at l.getComponent (/home/nhanenten/2025.2/Vitis/ide/electron-app/lnx64/resources/app/lib/backend/384.js:2:1745982)
    at /home/nhanenten/2025.2/Vitis/ide/electron-app/lnx64/resources/app/lib/backend/main.js:1:1360935
    at new Promise (<anonymous>)
    at x.getComponent (/home/nhanenten/2025.2/Vitis/ide/electron-app/lnx64/resources/app/lib/backend/main.js:1:1360856)
    at u.onRequest (/home/nhanenten/2025.2/Vitis/ide/electron-app/lnx64/resources/app/lib/backend/69.js:2:159784)
    at c.requestHandler (/home/nhanenten/2025.2/Vitis/ide/electron-app/lnx64/resources/app/lib/backend/69.js:2:159606)
    at c.handleRequest (/home/nhanenten/2025.2/Vitis/ide/electron-app/lnx64/resources/app/lib/backend/69.js:2:22968)
    at c.handleMessage (/home/nhanenten/2025.2/Vitis/ide/electron-app/lnx64/resources/app/lib/backend/69.js:2:20872)
    at /home/nhanenten/2025.2/Vitis/ide/electron-app/lnx64/resources/app/lib/backend/69.js:2:20507
    at /home/nhanenten/2025.2/Vitis/ide/electron-app/lnx64/resources/app/lib/backend/69.js:2:126060
    at s.invoke (/home/nhanenten/2025.2/Vitis/ide/electron-app/lnx64/resources/app/lib/backend/69.js:2:126149)
    at a.fire (/home/nhanenten/2025.2/Vitis/ide/electron-app/lnx64/resources/app/lib/backend/69.js:2:127948)
    at t.ChannelMultiplexer.handleData (/home/nhanenten/2025.2/Vitis/ide/electron-app/lnx64/resources/app/lib/backend/69.js:2:58305)
    at t.ChannelMultiplexer.handleMessage (/home/nhanenten/2025.2/Vitis/ide/electron-app/lnx64/resources/app/lib/backend/69.js:2:57483)
    at /home/nhanenten/2025.2/Vitis/ide/electron-app/lnx64/resources/app/lib/backend/69.js:2:56720 
2026-05-22 10:50:55 [debug] : Error: 3 INVALID_ARGUMENT: Invalid project location '/home/nhanenten/Desktop/HW_SW/Lab2/Timer_application'.
    at r.callErrorFromStatus (/home/nhanenten/2025.2/Vitis/ide/electron-app/lnx64/resources/app/lib/backend/384.js:2:5361773)
    at Object.onReceiveStatus (/home/nhanenten/2025.2/Vitis/ide/electron-app/lnx64/resources/app/lib/backend/384.js:2:7053281)
    at Object.onReceiveStatus (/home/nhanenten/2025.2/Vitis/ide/electron-app/lnx64/resources/app/lib/backend/384.js:2:5789310)
    at Object.onReceiveStatus (/home/nhanenten/2025.2/Vitis/ide/electron-app/lnx64/resources/app/lib/backend/384.js:2:5788755)
    at /home/nhanenten/2025.2/Vitis/ide/electron-app/lnx64/resources/app/lib/backend/384.js:2:5346692
    at process.processTicksAndRejections (node:internal/process/task_queues:77:11)
for call at
    at l.makeUnaryRequest (/home/nhanenten/2025.2/Vitis/ide/electron-app/lnx64/resources/app/lib/backend/384.js:2:7052812)
    at l.getComponent (/home/nhanenten/2025.2/Vitis/ide/electron-app/lnx64/resources/app/lib/backend/384.js:2:1745982)
    at /home/nhanenten/2025.2/Vitis/ide/electron-app/lnx64/resources/app/lib/backend/main.js:1:1360935
    at new Promise (<anonymous>)
    at x.getComponent (/home/nhanenten/2025.2/Vitis/ide/electron-app/lnx64/resources/app/lib/backend/main.js:1:1360856)
    at u.onRequest (/home/nhanenten/2025.2/Vitis/ide/electron-app/lnx64/resources/app/lib/backend/69.js:2:159784)
    at c.requestHandler (/home/nhanenten/2025.2/Vitis/ide/electron-app/lnx64/resources/app/lib/backend/69.js:2:159606)
    at c.handleRequest (/home/nhanenten/2025.2/Vitis/ide/electron-app/lnx64/resources/app/lib/backend/69.js:2:22968)
    at c.handleMessage (/home/nhanenten/2025.2/Vitis/ide/electron-app/lnx64/resources/app/lib/backend/69.js:2:20872)
    at /home/nhanenten/2025.2/Vitis/ide/electron-app/lnx64/resources/app/lib/backend/69.js:2:20507
    at /home/nhanenten/2025.2/Vitis/ide/electron-app/lnx64/resources/app/lib/backend/69.js:2:126060
    at s.invoke (/home/nhanenten/2025.2/Vitis/ide/electron-app/lnx64/resources/app/lib/backend/69.js:2:126149)
    at a.fire (/home/nhanenten/2025.2/Vitis/ide/electron-app/lnx64/resources/app/lib/backend/69.js:2:127948)
    at t.ChannelMultiplexer.handleData (/home/nhanenten/2025.2/Vitis/ide/electron-app/lnx64/resources/app/lib/backend/69.js:2:58305)
    at t.ChannelMultiplexer.handleMessage (/home/nhanenten/2025.2/Vitis/ide/electron-app/lnx64/resources/app/lib/backend/69.js:2:57483)
    at /home/nhanenten/2025.2/Vitis/ide/electron-app/lnx64/resources/app/lib/backend/69.js:2:56720 
2026-05-22 10:50:55 [debug] : [ProjectDecorator] tree decoration updated 
2026-05-22 10:50:55 [debug] : [Component Provider] updating project /home/nhanenten/Desktop/HW_SW/Lab2/platform_2d 
2026-05-22 10:50:55 [debug] : [Component Provider] updating project /home/nhanenten/Desktop/HW_SW/Lab2/platform 
2026-05-22 10:50:55 [debug] : [Component Provider] updating project /home/nhanenten/Desktop/HW_SW/Lab2/timer_interrupt 
2026-05-22 10:50:55 [debug] : [Component Provider] updating project /home/nhanenten/Desktop/HW_SW/Lab2/Timer_application 
2026-05-22 10:50:55 [debug] : Error: 3 INVALID_ARGUMENT: Invalid project location '/home/nhanenten/Desktop/HW_SW/Lab2/platform_2d'.
    at r.callErrorFromStatus (/home/nhanenten/2025.2/Vitis/ide/electron-app/lnx64/resources/app/lib/backend/384.js:2:5361773)
    at Object.onReceiveStatus (/home/nhanenten/2025.2/Vitis/ide/electron-app/lnx64/resources/app/lib/backend/384.js:2:7053281)
    at Object.onReceiveStatus (/home/nhanenten/2025.2/Vitis/ide/electron-app/lnx64/resources/app/lib/backend/384.js:2:5789310)
    at Object.onReceiveStatus (/home/nhanenten/2025.2/Vitis/ide/electron-app/lnx64/resources/app/lib/backend/384.js:2:5788755)
    at /home/nhanenten/2025.2/Vitis/ide/electron-app/lnx64/resources/app/lib/backend/384.js:2:5346692
    at process.processTicksAndRejections (node:internal/process/task_queues:77:11)
for call at
    at l.makeUnaryRequest (/home/nhanenten/2025.2/Vitis/ide/electron-app/lnx64/resources/app/lib/backend/384.js:2:7052812)
    at l.getComponent (/home/nhanenten/2025.2/Vitis/ide/electron-app/lnx64/resources/app/lib/backend/384.js:2:1745982)
    at /home/nhanenten/2025.2/Vitis/ide/electron-app/lnx64/resources/app/lib/backend/main.js:1:1360935
    at new Promise (<anonymous>)
    at x.getComponent (/home/nhanenten/2025.2/Vitis/ide/electron-app/lnx64/resources/app/lib/backend/main.js:1:1360856)
    at u.onRequest (/home/nhanenten/2025.2/Vitis/ide/electron-app/lnx64/resources/app/lib/backend/69.js:2:159784)
    at c.requestHandler (/home/nhanenten/2025.2/Vitis/ide/electron-app/lnx64/resources/app/lib/backend/69.js:2:159606)
    at c.handleRequest (/home/nhanenten/2025.2/Vitis/ide/electron-app/lnx64/resources/app/lib/backend/69.js:2:22968)
    at c.handleMessage (/home/nhanenten/2025.2/Vitis/ide/electron-app/lnx64/resources/app/lib/backend/69.js:2:20872)
    at /home/nhanenten/2025.2/Vitis/ide/electron-app/lnx64/resources/app/lib/backend/69.js:2:20507
    at /home/nhanenten/2025.2/Vitis/ide/electron-app/lnx64/resources/app/lib/backend/69.js:2:126060
    at s.invoke (/home/nhanenten/2025.2/Vitis/ide/electron-app/lnx64/resources/app/lib/backend/69.js:2:126149)
    at a.fire (/home/nhanenten/2025.2/Vitis/ide/electron-app/lnx64/resources/app/lib/backend/69.js:2:127948)
    at t.ChannelMultiplexer.handleData (/home/nhanenten/2025.2/Vitis/ide/electron-app/lnx64/resources/app/lib/backend/69.js:2:58305)
    at t.ChannelMultiplexer.handleMessage (/home/nhanenten/2025.2/Vitis/ide/electron-app/lnx64/resources/app/lib/backend/69.js:2:57483)
    at /home/nhanenten/2025.2/Vitis/ide/electron-app/lnx64/resources/app/lib/backend/69.js:2:56720 
2026-05-22 10:50:55 [debug] : Error: 3 INVALID_ARGUMENT: Invalid project location '/home/nhanenten/Desktop/HW_SW/Lab2/timer_interrupt'.
    at r.callErrorFromStatus (/home/nhanenten/2025.2/Vitis/ide/electron-app/lnx64/resources/app/lib/backend/384.js:2:5361773)
    at Object.onReceiveStatus (/home/nhanenten/2025.2/Vitis/ide/electron-app/lnx64/resources/app/lib/backend/384.js:2:7053281)
    at Object.onReceiveStatus (/home/nhanenten/2025.2/Vitis/ide/electron-app/lnx64/resources/app/lib/backend/384.js:2:5789310)
    at Object.onReceiveStatus (/home/nhanenten/2025.2/Vitis/ide/electron-app/lnx64/resources/app/lib/backend/384.js:2:5788755)
    at /home/nhanenten/2025.2/Vitis/ide/electron-app/lnx64/resources/app/lib/backend/384.js:2:5346692
    at process.processTicksAndRejections (node:internal/process/task_queues:77:11)
for call at
    at l.makeUnaryRequest (/home/nhanenten/2025.2/Vitis/ide/electron-app/lnx64/resources/app/lib/backend/384.js:2:7052812)
    at l.getComponent (/home/nhanenten/2025.2/Vitis/ide/electron-app/lnx64/resources/app/lib/backend/384.js:2:1745982)
    at /home/nhanenten/2025.2/Vitis/ide/electron-app/lnx64/resources/app/lib/backend/main.js:1:1360935
    at new Promise (<anonymous>)
    at x.getComponent (/home/nhanenten/2025.2/Vitis/ide/electron-app/lnx64/resources/app/lib/backend/main.js:1:1360856)
    at u.onRequest (/home/nhanenten/2025.2/Vitis/ide/electron-app/lnx64/resources/app/lib/backend/69.js:2:159784)
    at c.requestHandler (/home/nhanenten/2025.2/Vitis/ide/electron-app/lnx64/resources/app/lib/backend/69.js:2:159606)
    at c.handleRequest (/home/nhanenten/2025.2/Vitis/ide/electron-app/lnx64/resources/app/lib/backend/69.js:2:22968)
    at c.handleMessage (/home/nhanenten/2025.2/Vitis/ide/electron-app/lnx64/resources/app/lib/backend/69.js:2:20872)
    at /home/nhanenten/2025.2/Vitis/ide/electron-app/lnx64/resources/app/lib/backend/69.js:2:20507
    at /home/nhanenten/2025.2/Vitis/ide/electron-app/lnx64/resources/app/lib/backend/69.js:2:126060
    at s.invoke (/home/nhanenten/2025.2/Vitis/ide/electron-app/lnx64/resources/app/lib/backend/69.js:2:126149)
    at a.fire (/home/nhanenten/2025.2/Vitis/ide/electron-app/lnx64/resources/app/lib/backend/69.js:2:127948)
    at t.ChannelMultiplexer.handleData (/home/nhanenten/2025.2/Vitis/ide/electron-app/lnx64/resources/app/lib/backend/69.js:2:58305)
    at t.ChannelMultiplexer.handleMessage (/home/nhanenten/2025.2/Vitis/ide/electron-app/lnx64/resources/app/lib/backend/69.js:2:57483)
    at /home/nhanenten/2025.2/Vitis/ide/electron-app/lnx64/resources/app/lib/backend/69.js:2:56720 
2026-05-22 10:50:55 [debug] : Error: 3 INVALID_ARGUMENT: Invalid project location '/home/nhanenten/Desktop/HW_SW/Lab2/Timer_application'.
    at r.callErrorFromStatus (/home/nhanenten/2025.2/Vitis/ide/electron-app/lnx64/resources/app/lib/backend/384.js:2:5361773)
    at Object.onReceiveStatus (/home/nhanenten/2025.2/Vitis/ide/electron-app/lnx64/resources/app/lib/backend/384.js:2:7053281)
    at Object.onReceiveStatus (/home/nhanenten/2025.2/Vitis/ide/electron-app/lnx64/resources/app/lib/backend/384.js:2:5789310)
    at Object.onReceiveStatus (/home/nhanenten/2025.2/Vitis/ide/electron-app/lnx64/resources/app/lib/backend/384.js:2:5788755)
    at /home/nhanenten/2025.2/Vitis/ide/electron-app/lnx64/resources/app/lib/backend/384.js:2:5346692
    at process.processTicksAndRejections (node:internal/process/task_queues:77:11)
for call at
    at l.makeUnaryRequest (/home/nhanenten/2025.2/Vitis/ide/electron-app/lnx64/resources/app/lib/backend/384.js:2:7052812)
    at l.getComponent (/home/nhanenten/2025.2/Vitis/ide/electron-app/lnx64/resources/app/lib/backend/384.js:2:1745982)
    at /home/nhanenten/2025.2/Vitis/ide/electron-app/lnx64/resources/app/lib/backend/main.js:1:1360935
    at new Promise (<anonymous>)
    at x.getComponent (/home/nhanenten/2025.2/Vitis/ide/electron-app/lnx64/resources/app/lib/backend/main.js:1:1360856)
    at u.onRequest (/home/nhanenten/2025.2/Vitis/ide/electron-app/lnx64/resources/app/lib/backend/69.js:2:159784)
    at c.requestHandler (/home/nhanenten/2025.2/Vitis/ide/electron-app/lnx64/resources/app/lib/backend/69.js:2:159606)
    at c.handleRequest (/home/nhanenten/2025.2/Vitis/ide/electron-app/lnx64/resources/app/lib/backend/69.js:2:22968)
    at c.handleMessage (/home/nhanenten/2025.2/Vitis/ide/electron-app/lnx64/resources/app/lib/backend/69.js:2:20872)
    at /home/nhanenten/2025.2/Vitis/ide/electron-app/lnx64/resources/app/lib/backend/69.js:2:20507
    at /home/nhanenten/2025.2/Vitis/ide/electron-app/lnx64/resources/app/lib/backend/69.js:2:126060
    at s.invoke (/home/nhanenten/2025.2/Vitis/ide/electron-app/lnx64/resources/app/lib/backend/69.js:2:126149)
    at a.fire (/home/nhanenten/2025.2/Vitis/ide/electron-app/lnx64/resources/app/lib/backend/69.js:2:127948)
    at t.ChannelMultiplexer.handleData (/home/nhanenten/2025.2/Vitis/ide/electron-app/lnx64/resources/app/lib/backend/69.js:2:58305)
    at t.ChannelMultiplexer.handleMessage (/home/nhanenten/2025.2/Vitis/ide/electron-app/lnx64/resources/app/lib/backend/69.js:2:57483)
    at /home/nhanenten/2025.2/Vitis/ide/electron-app/lnx64/resources/app/lib/backend/69.js:2:56720 
2026-05-22 10:50:55 [debug] : Error: 3 INVALID_ARGUMENT: Invalid project location '/home/nhanenten/Desktop/HW_SW/Lab2/platform'.
    at r.callErrorFromStatus (/home/nhanenten/2025.2/Vitis/ide/electron-app/lnx64/resources/app/lib/backend/384.js:2:5361773)
    at Object.onReceiveStatus (/home/nhanenten/2025.2/Vitis/ide/electron-app/lnx64/resources/app/lib/backend/384.js:2:7053281)
    at Object.onReceiveStatus (/home/nhanenten/2025.2/Vitis/ide/electron-app/lnx64/resources/app/lib/backend/384.js:2:5789310)
    at Object.onReceiveStatus (/home/nhanenten/2025.2/Vitis/ide/electron-app/lnx64/resources/app/lib/backend/384.js:2:5788755)
    at /home/nhanenten/2025.2/Vitis/ide/electron-app/lnx64/resources/app/lib/backend/384.js:2:5346692
    at process.processTicksAndRejections (node:internal/process/task_queues:77:11)
for call at
    at l.makeUnaryRequest (/home/nhanenten/2025.2/Vitis/ide/electron-app/lnx64/resources/app/lib/backend/384.js:2:7052812)
    at l.getComponent (/home/nhanenten/2025.2/Vitis/ide/electron-app/lnx64/resources/app/lib/backend/384.js:2:1745982)
    at /home/nhanenten/2025.2/Vitis/ide/electron-app/lnx64/resources/app/lib/backend/main.js:1:1360935
    at new Promise (<anonymous>)
    at x.getComponent (/home/nhanenten/2025.2/Vitis/ide/electron-app/lnx64/resources/app/lib/backend/main.js:1:1360856)
    at u.onRequest (/home/nhanenten/2025.2/Vitis/ide/electron-app/lnx64/resources/app/lib/backend/69.js:2:159784)
    at c.requestHandler (/home/nhanenten/2025.2/Vitis/ide/electron-app/lnx64/resources/app/lib/backend/69.js:2:159606)
    at c.handleRequest (/home/nhanenten/2025.2/Vitis/ide/electron-app/lnx64/resources/app/lib/backend/69.js:2:22968)
    at c.handleMessage (/home/nhanenten/2025.2/Vitis/ide/electron-app/lnx64/resources/app/lib/backend/69.js:2:20872)
    at /home/nhanenten/2025.2/Vitis/ide/electron-app/lnx64/resources/app/lib/backend/69.js:2:20507
    at /home/nhanenten/2025.2/Vitis/ide/electron-app/lnx64/resources/app/lib/backend/69.js:2:126060
    at s.invoke (/home/nhanenten/2025.2/Vitis/ide/electron-app/lnx64/resources/app/lib/backend/69.js:2:126149)
    at a.fire (/home/nhanenten/2025.2/Vitis/ide/electron-app/lnx64/resources/app/lib/backend/69.js:2:127948)
    at t.ChannelMultiplexer.handleData (/home/nhanenten/2025.2/Vitis/ide/electron-app/lnx64/resources/app/lib/backend/69.js:2:58305)
    at t.ChannelMultiplexer.handleMessage (/home/nhanenten/2025.2/Vitis/ide/electron-app/lnx64/resources/app/lib/backend/69.js:2:57483)
    at /home/nhanenten/2025.2/Vitis/ide/electron-app/lnx64/resources/app/lib/backend/69.js:2:56720 
2026-05-22 10:50:55 [debug] : No label for action menu node: No command "workspace:addFolder" exists. 
2026-05-22 10:50:55 [debug] : Error: 3 INVALID_ARGUMENT: Invalid project location '/home/nhanenten/Desktop/HW_SW/Lab2/platform_2d'.
    at r.callErrorFromStatus (/home/nhanenten/2025.2/Vitis/ide/electron-app/lnx64/resources/app/lib/backend/384.js:2:5361773)
    at Object.onReceiveStatus (/home/nhanenten/2025.2/Vitis/ide/electron-app/lnx64/resources/app/lib/backend/384.js:2:7053281)
    at Object.onReceiveStatus (/home/nhanenten/2025.2/Vitis/ide/electron-app/lnx64/resources/app/lib/backend/384.js:2:5789310)
    at Object.onReceiveStatus (/home/nhanenten/2025.2/Vitis/ide/electron-app/lnx64/resources/app/lib/backend/384.js:2:5788755)
    at /home/nhanenten/2025.2/Vitis/ide/electron-app/lnx64/resources/app/lib/backend/384.js:2:5346692
    at process.processTicksAndRejections (node:internal/process/task_queues:77:11)
for call at
    at l.makeUnaryRequest (/home/nhanenten/2025.2/Vitis/ide/electron-app/lnx64/resources/app/lib/backend/384.js:2:7052812)
    at l.getComponent (/home/nhanenten/2025.2/Vitis/ide/electron-app/lnx64/resources/app/lib/backend/384.js:2:1745982)
    at /home/nhanenten/2025.2/Vitis/ide/electron-app/lnx64/resources/app/lib/backend/main.js:1:1360935
    at new Promise (<anonymous>)
    at x.getComponent (/home/nhanenten/2025.2/Vitis/ide/electron-app/lnx64/resources/app/lib/backend/main.js:1:1360856)
    at u.onRequest (/home/nhanenten/2025.2/Vitis/ide/electron-app/lnx64/resources/app/lib/backend/69.js:2:159784)
    at c.requestHandler (/home/nhanenten/2025.2/Vitis/ide/electron-app/lnx64/resources/app/lib/backend/69.js:2:159606)
    at c.handleRequest (/home/nhanenten/2025.2/Vitis/ide/electron-app/lnx64/resources/app/lib/backend/69.js:2:22968)
    at c.handleMessage (/home/nhanenten/2025.2/Vitis/ide/electron-app/lnx64/resources/app/lib/backend/69.js:2:20872)
    at /home/nhanenten/2025.2/Vitis/ide/electron-app/lnx64/resources/app/lib/backend/69.js:2:20507
    at /home/nhanenten/2025.2/Vitis/ide/electron-app/lnx64/resources/app/lib/backend/69.js:2:126060
    at s.invoke (/home/nhanenten/2025.2/Vitis/ide/electron-app/lnx64/resources/app/lib/backend/69.js:2:126149)
    at a.fire (/home/nhanenten/2025.2/Vitis/ide/electron-app/lnx64/resources/app/lib/backend/69.js:2:127948)
    at t.ChannelMultiplexer.handleData (/home/nhanenten/2025.2/Vitis/ide/electron-app/lnx64/resources/app/lib/backend/69.js:2:58305)
    at t.ChannelMultiplexer.handleMessage (/home/nhanenten/2025.2/Vitis/ide/electron-app/lnx64/resources/app/lib/backend/69.js:2:57483)
    at /home/nhanenten/2025.2/Vitis/ide/electron-app/lnx64/resources/app/lib/backend/69.js:2:56720 
2026-05-22 10:50:55 [debug] : [Component Provider] project updated /home/nhanenten/Desktop/HW_SW/Lab2/platform_2d 
2026-05-22 10:50:55 [debug] : Error: 3 INVALID_ARGUMENT: Invalid project location '/home/nhanenten/Desktop/HW_SW/Lab2/platform'.
    at r.callErrorFromStatus (/home/nhanenten/2025.2/Vitis/ide/electron-app/lnx64/resources/app/lib/backend/384.js:2:5361773)
    at Object.onReceiveStatus (/home/nhanenten/2025.2/Vitis/ide/electron-app/lnx64/resources/app/lib/backend/384.js:2:7053281)
    at Object.onReceiveStatus (/home/nhanenten/2025.2/Vitis/ide/electron-app/lnx64/resources/app/lib/backend/384.js:2:5789310)
    at Object.onReceiveStatus (/home/nhanenten/2025.2/Vitis/ide/electron-app/lnx64/resources/app/lib/backend/384.js:2:5788755)
    at /home/nhanenten/2025.2/Vitis/ide/electron-app/lnx64/resources/app/lib/backend/384.js:2:5346692
    at process.processTicksAndRejections (node:internal/process/task_queues:77:11)
for call at
    at l.makeUnaryRequest (/home/nhanenten/2025.2/Vitis/ide/electron-app/lnx64/resources/app/lib/backend/384.js:2:7052812)
    at l.getComponent (/home/nhanenten/2025.2/Vitis/ide/electron-app/lnx64/resources/app/lib/backend/384.js:2:1745982)
    at /home/nhanenten/2025.2/Vitis/ide/electron-app/lnx64/resources/app/lib/backend/main.js:1:1360935
    at new Promise (<anonymous>)
    at x.getComponent (/home/nhanenten/2025.2/Vitis/ide/electron-app/lnx64/resources/app/lib/backend/main.js:1:1360856)
    at u.onRequest (/home/nhanenten/2025.2/Vitis/ide/electron-app/lnx64/resources/app/lib/backend/69.js:2:159784)
    at c.requestHandler (/home/nhanenten/2025.2/Vitis/ide/electron-app/lnx64/resources/app/lib/backend/69.js:2:159606)
    at c.handleRequest (/home/nhanenten/2025.2/Vitis/ide/electron-app/lnx64/resources/app/lib/backend/69.js:2:22968)
    at c.handleMessage (/home/nhanenten/2025.2/Vitis/ide/electron-app/lnx64/resources/app/lib/backend/69.js:2:20872)
    at /home/nhanenten/2025.2/Vitis/ide/electron-app/lnx64/resources/app/lib/backend/69.js:2:20507
    at /home/nhanenten/2025.2/Vitis/ide/electron-app/lnx64/resources/app/lib/backend/69.js:2:126060
    at s.invoke (/home/nhanenten/2025.2/Vitis/ide/electron-app/lnx64/resources/app/lib/backend/69.js:2:126149)
    at a.fire (/home/nhanenten/2025.2/Vitis/ide/electron-app/lnx64/resources/app/lib/backend/69.js:2:127948)
    at t.ChannelMultiplexer.handleData (/home/nhanenten/2025.2/Vitis/ide/electron-app/lnx64/resources/app/lib/backend/69.js:2:58305)
    at t.ChannelMultiplexer.handleMessage (/home/nhanenten/2025.2/Vitis/ide/electron-app/lnx64/resources/app/lib/backend/69.js:2:57483)
    at /home/nhanenten/2025.2/Vitis/ide/electron-app/lnx64/resources/app/lib/backend/69.js:2:56720 
2026-05-22 10:50:55 [debug] : [Component Provider] project updated /home/nhanenten/Desktop/HW_SW/Lab2/platform 
2026-05-22 10:50:55 [debug] : Error: 3 INVALID_ARGUMENT: Invalid project location '/home/nhanenten/Desktop/HW_SW/Lab2/timer_interrupt'.
    at r.callErrorFromStatus (/home/nhanenten/2025.2/Vitis/ide/electron-app/lnx64/resources/app/lib/backend/384.js:2:5361773)
    at Object.onReceiveStatus (/home/nhanenten/2025.2/Vitis/ide/electron-app/lnx64/resources/app/lib/backend/384.js:2:7053281)
    at Object.onReceiveStatus (/home/nhanenten/2025.2/Vitis/ide/electron-app/lnx64/resources/app/lib/backend/384.js:2:5789310)
    at Object.onReceiveStatus (/home/nhanenten/2025.2/Vitis/ide/electron-app/lnx64/resources/app/lib/backend/384.js:2:5788755)
    at /home/nhanenten/2025.2/Vitis/ide/electron-app/lnx64/resources/app/lib/backend/384.js:2:5346692
    at process.processTicksAndRejections (node:internal/process/task_queues:77:11)
for call at
    at l.makeUnaryRequest (/home/nhanenten/2025.2/Vitis/ide/electron-app/lnx64/resources/app/lib/backend/384.js:2:7052812)
    at l.getComponent (/home/nhanenten/2025.2/Vitis/ide/electron-app/lnx64/resources/app/lib/backend/384.js:2:1745982)
    at /home/nhanenten/2025.2/Vitis/ide/electron-app/lnx64/resources/app/lib/backend/main.js:1:1360935
    at new Promise (<anonymous>)
    at x.getComponent (/home/nhanenten/2025.2/Vitis/ide/electron-app/lnx64/resources/app/lib/backend/main.js:1:1360856)
    at u.onRequest (/home/nhanenten/2025.2/Vitis/ide/electron-app/lnx64/resources/app/lib/backend/69.js:2:159784)
    at c.requestHandler (/home/nhanenten/2025.2/Vitis/ide/electron-app/lnx64/resources/app/lib/backend/69.js:2:159606)
    at c.handleRequest (/home/nhanenten/2025.2/Vitis/ide/electron-app/lnx64/resources/app/lib/backend/69.js:2:22968)
    at c.handleMessage (/home/nhanenten/2025.2/Vitis/ide/electron-app/lnx64/resources/app/lib/backend/69.js:2:20872)
    at /home/nhanenten/2025.2/Vitis/ide/electron-app/lnx64/resources/app/lib/backend/69.js:2:20507
    at /home/nhanenten/2025.2/Vitis/ide/electron-app/lnx64/resources/app/lib/backend/69.js:2:126060
    at s.invoke (/home/nhanenten/2025.2/Vitis/ide/electron-app/lnx64/resources/app/lib/backend/69.js:2:126149)
    at a.fire (/home/nhanenten/2025.2/Vitis/ide/electron-app/lnx64/resources/app/lib/backend/69.js:2:127948)
    at t.ChannelMultiplexer.handleData (/home/nhanenten/2025.2/Vitis/ide/electron-app/lnx64/resources/app/lib/backend/69.js:2:58305)
    at t.ChannelMultiplexer.handleMessage (/home/nhanenten/2025.2/Vitis/ide/electron-app/lnx64/resources/app/lib/backend/69.js:2:57483)
    at /home/nhanenten/2025.2/Vitis/ide/electron-app/lnx64/resources/app/lib/backend/69.js:2:56720 
2026-05-22 10:50:55 [debug] : [Component Provider] project updated /home/nhanenten/Desktop/HW_SW/Lab2/timer_interrupt 
2026-05-22 10:50:55 [debug] : Error: 3 INVALID_ARGUMENT: Invalid project location '/home/nhanenten/Desktop/HW_SW/Lab2/Timer_application'.
    at r.callErrorFromStatus (/home/nhanenten/2025.2/Vitis/ide/electron-app/lnx64/resources/app/lib/backend/384.js:2:5361773)
    at Object.onReceiveStatus (/home/nhanenten/2025.2/Vitis/ide/electron-app/lnx64/resources/app/lib/backend/384.js:2:7053281)
    at Object.onReceiveStatus (/home/nhanenten/2025.2/Vitis/ide/electron-app/lnx64/resources/app/lib/backend/384.js:2:5789310)
    at Object.onReceiveStatus (/home/nhanenten/2025.2/Vitis/ide/electron-app/lnx64/resources/app/lib/backend/384.js:2:5788755)
    at /home/nhanenten/2025.2/Vitis/ide/electron-app/lnx64/resources/app/lib/backend/384.js:2:5346692
    at process.processTicksAndRejections (node:internal/process/task_queues:77:11)
for call at
    at l.makeUnaryRequest (/home/nhanenten/2025.2/Vitis/ide/electron-app/lnx64/resources/app/lib/backend/384.js:2:7052812)
    at l.getComponent (/home/nhanenten/2025.2/Vitis/ide/electron-app/lnx64/resources/app/lib/backend/384.js:2:1745982)
    at /home/nhanenten/2025.2/Vitis/ide/electron-app/lnx64/resources/app/lib/backend/main.js:1:1360935
    at new Promise (<anonymous>)
    at x.getComponent (/home/nhanenten/2025.2/Vitis/ide/electron-app/lnx64/resources/app/lib/backend/main.js:1:1360856)
    at u.onRequest (/home/nhanenten/2025.2/Vitis/ide/electron-app/lnx64/resources/app/lib/backend/69.js:2:159784)
    at c.requestHandler (/home/nhanenten/2025.2/Vitis/ide/electron-app/lnx64/resources/app/lib/backend/69.js:2:159606)
    at c.handleRequest (/home/nhanenten/2025.2/Vitis/ide/electron-app/lnx64/resources/app/lib/backend/69.js:2:22968)
    at c.handleMessage (/home/nhanenten/2025.2/Vitis/ide/electron-app/lnx64/resources/app/lib/backend/69.js:2:20872)
    at /home/nhanenten/2025.2/Vitis/ide/electron-app/lnx64/resources/app/lib/backend/69.js:2:20507
    at /home/nhanenten/2025.2/Vitis/ide/electron-app/lnx64/resources/app/lib/backend/69.js:2:126060
    at s.invoke (/home/nhanenten/2025.2/Vitis/ide/electron-app/lnx64/resources/app/lib/backend/69.js:2:126149)
    at a.fire (/home/nhanenten/2025.2/Vitis/ide/electron-app/lnx64/resources/app/lib/backend/69.js:2:127948)
    at t.ChannelMultiplexer.handleData (/home/nhanenten/2025.2/Vitis/ide/electron-app/lnx64/resources/app/lib/backend/69.js:2:58305)
    at t.ChannelMultiplexer.handleMessage (/home/nhanenten/2025.2/Vitis/ide/electron-app/lnx64/resources/app/lib/backend/69.js:2:57483)
    at /home/nhanenten/2025.2/Vitis/ide/electron-app/lnx64/resources/app/lib/backend/69.js:2:56720 
2026-05-22 10:50:55 [debug] : [Component Provider] project updated /home/nhanenten/Desktop/HW_SW/Lab2/Timer_application 
2026-05-22 10:50:55 [debug] : Error: 3 INVALID_ARGUMENT: Invalid project location '/home/nhanenten/Desktop/HW_SW/Lab2/platform_2d'.
    at r.callErrorFromStatus (/home/nhanenten/2025.2/Vitis/ide/electron-app/lnx64/resources/app/lib/backend/384.js:2:5361773)
    at Object.onReceiveStatus (/home/nhanenten/2025.2/Vitis/ide/electron-app/lnx64/resources/app/lib/backend/384.js:2:7053281)
    at Object.onReceiveStatus (/home/nhanenten/2025.2/Vitis/ide/electron-app/lnx64/resources/app/lib/backend/384.js:2:5789310)
    at Object.onReceiveStatus (/home/nhanenten/2025.2/Vitis/ide/electron-app/lnx64/resources/app/lib/backend/384.js:2:5788755)
    at /home/nhanenten/2025.2/Vitis/ide/electron-app/lnx64/resources/app/lib/backend/384.js:2:5346692
    at process.processTicksAndRejections (node:internal/process/task_queues:77:11)
for call at
    at l.makeUnaryRequest (/home/nhanenten/2025.2/Vitis/ide/electron-app/lnx64/resources/app/lib/backend/384.js:2:7052812)
    at l.getComponent (/home/nhanenten/2025.2/Vitis/ide/electron-app/lnx64/resources/app/lib/backend/384.js:2:1745982)
    at /home/nhanenten/2025.2/Vitis/ide/electron-app/lnx64/resources/app/lib/backend/main.js:1:1360935
    at new Promise (<anonymous>)
    at x.getComponent (/home/nhanenten/2025.2/Vitis/ide/electron-app/lnx64/resources/app/lib/backend/main.js:1:1360856)
    at u.onRequest (/home/nhanenten/2025.2/Vitis/ide/electron-app/lnx64/resources/app/lib/backend/69.js:2:159784)
    at c.requestHandler (/home/nhanenten/2025.2/Vitis/ide/electron-app/lnx64/resources/app/lib/backend/69.js:2:159606)
    at c.handleRequest (/home/nhanenten/2025.2/Vitis/ide/electron-app/lnx64/resources/app/lib/backend/69.js:2:22968)
    at c.handleMessage (/home/nhanenten/2025.2/Vitis/ide/electron-app/lnx64/resources/app/lib/backend/69.js:2:20872)
    at /home/nhanenten/2025.2/Vitis/ide/electron-app/lnx64/resources/app/lib/backend/69.js:2:20507
    at /home/nhanenten/2025.2/Vitis/ide/electron-app/lnx64/resources/app/lib/backend/69.js:2:126060
    at s.invoke (/home/nhanenten/2025.2/Vitis/ide/electron-app/lnx64/resources/app/lib/backend/69.js:2:126149)
    at a.fire (/home/nhanenten/2025.2/Vitis/ide/electron-app/lnx64/resources/app/lib/backend/69.js:2:127948)
    at t.ChannelMultiplexer.handleData (/home/nhanenten/2025.2/Vitis/ide/electron-app/lnx64/resources/app/lib/backend/69.js:2:58305)
    at t.ChannelMultiplexer.handleMessage (/home/nhanenten/2025.2/Vitis/ide/electron-app/lnx64/resources/app/lib/backend/69.js:2:57483)
    at /home/nhanenten/2025.2/Vitis/ide/electron-app/lnx64/resources/app/lib/backend/69.js:2:56720 
2026-05-22 10:50:55 [debug] : [Component Provider] project updated /home/nhanenten/Desktop/HW_SW/Lab2/platform_2d 
2026-05-22 10:50:55 [debug] : Error: 3 INVALID_ARGUMENT: Invalid project location '/home/nhanenten/Desktop/HW_SW/Lab2/timer_interrupt'.
    at r.callErrorFromStatus (/home/nhanenten/2025.2/Vitis/ide/electron-app/lnx64/resources/app/lib/backend/384.js:2:5361773)
    at Object.onReceiveStatus (/home/nhanenten/2025.2/Vitis/ide/electron-app/lnx64/resources/app/lib/backend/384.js:2:7053281)
    at Object.onReceiveStatus (/home/nhanenten/2025.2/Vitis/ide/electron-app/lnx64/resources/app/lib/backend/384.js:2:5789310)
    at Object.onReceiveStatus (/home/nhanenten/2025.2/Vitis/ide/electron-app/lnx64/resources/app/lib/backend/384.js:2:5788755)
    at /home/nhanenten/2025.2/Vitis/ide/electron-app/lnx64/resources/app/lib/backend/384.js:2:5346692
    at process.processTicksAndRejections (node:internal/process/task_queues:77:11)
for call at
    at l.makeUnaryRequest (/home/nhanenten/2025.2/Vitis/ide/electron-app/lnx64/resources/app/lib/backend/384.js:2:7052812)
    at l.getComponent (/home/nhanenten/2025.2/Vitis/ide/electron-app/lnx64/resources/app/lib/backend/384.js:2:1745982)
    at /home/nhanenten/2025.2/Vitis/ide/electron-app/lnx64/resources/app/lib/backend/main.js:1:1360935
    at new Promise (<anonymous>)
    at x.getComponent (/home/nhanenten/2025.2/Vitis/ide/electron-app/lnx64/resources/app/lib/backend/main.js:1:1360856)
    at u.onRequest (/home/nhanenten/2025.2/Vitis/ide/electron-app/lnx64/resources/app/lib/backend/69.js:2:159784)
    at c.requestHandler (/home/nhanenten/2025.2/Vitis/ide/electron-app/lnx64/resources/app/lib/backend/69.js:2:159606)
    at c.handleRequest (/home/nhanenten/2025.2/Vitis/ide/electron-app/lnx64/resources/app/lib/backend/69.js:2:22968)
    at c.handleMessage (/home/nhanenten/2025.2/Vitis/ide/electron-app/lnx64/resources/app/lib/backend/69.js:2:20872)
    at /home/nhanenten/2025.2/Vitis/ide/electron-app/lnx64/resources/app/lib/backend/69.js:2:20507
    at /home/nhanenten/2025.2/Vitis/ide/electron-app/lnx64/resources/app/lib/backend/69.js:2:126060
    at s.invoke (/home/nhanenten/2025.2/Vitis/ide/electron-app/lnx64/resources/app/lib/backend/69.js:2:126149)
    at a.fire (/home/nhanenten/2025.2/Vitis/ide/electron-app/lnx64/resources/app/lib/backend/69.js:2:127948)
    at t.ChannelMultiplexer.handleData (/home/nhanenten/2025.2/Vitis/ide/electron-app/lnx64/resources/app/lib/backend/69.js:2:58305)
    at t.ChannelMultiplexer.handleMessage (/home/nhanenten/2025.2/Vitis/ide/electron-app/lnx64/resources/app/lib/backend/69.js:2:57483)
    at /home/nhanenten/2025.2/Vitis/ide/electron-app/lnx64/resources/app/lib/backend/69.js:2:56720 
2026-05-22 10:50:55 [debug] : [Component Provider] project updated /home/nhanenten/Desktop/HW_SW/Lab2/timer_interrupt 
2026-05-22 10:50:55 [debug] : Error: 3 INVALID_ARGUMENT: Invalid project location '/home/nhanenten/Desktop/HW_SW/Lab2/Timer_application'.
    at r.callErrorFromStatus (/home/nhanenten/2025.2/Vitis/ide/electron-app/lnx64/resources/app/lib/backend/384.js:2:5361773)
    at Object.onReceiveStatus (/home/nhanenten/2025.2/Vitis/ide/electron-app/lnx64/resources/app/lib/backend/384.js:2:7053281)
    at Object.onReceiveStatus (/home/nhanenten/2025.2/Vitis/ide/electron-app/lnx64/resources/app/lib/backend/384.js:2:5789310)
    at Object.onReceiveStatus (/home/nhanenten/2025.2/Vitis/ide/electron-app/lnx64/resources/app/lib/backend/384.js:2:5788755)
    at /home/nhanenten/2025.2/Vitis/ide/electron-app/lnx64/resources/app/lib/backend/384.js:2:5346692
    at process.processTicksAndRejections (node:internal/process/task_queues:77:11)
for call at
    at l.makeUnaryRequest (/home/nhanenten/2025.2/Vitis/ide/electron-app/lnx64/resources/app/lib/backend/384.js:2:7052812)
    at l.getComponent (/home/nhanenten/2025.2/Vitis/ide/electron-app/lnx64/resources/app/lib/backend/384.js:2:1745982)
    at /home/nhanenten/2025.2/Vitis/ide/electron-app/lnx64/resources/app/lib/backend/main.js:1:1360935
    at new Promise (<anonymous>)
    at x.getComponent (/home/nhanenten/2025.2/Vitis/ide/electron-app/lnx64/resources/app/lib/backend/main.js:1:1360856)
    at u.onRequest (/home/nhanenten/2025.2/Vitis/ide/electron-app/lnx64/resources/app/lib/backend/69.js:2:159784)
    at c.requestHandler (/home/nhanenten/2025.2/Vitis/ide/electron-app/lnx64/resources/app/lib/backend/69.js:2:159606)
    at c.handleRequest (/home/nhanenten/2025.2/Vitis/ide/electron-app/lnx64/resources/app/lib/backend/69.js:2:22968)
    at c.handleMessage (/home/nhanenten/2025.2/Vitis/ide/electron-app/lnx64/resources/app/lib/backend/69.js:2:20872)
    at /home/nhanenten/2025.2/Vitis/ide/electron-app/lnx64/resources/app/lib/backend/69.js:2:20507
    at /home/nhanenten/2025.2/Vitis/ide/electron-app/lnx64/resources/app/lib/backend/69.js:2:126060
    at s.invoke (/home/nhanenten/2025.2/Vitis/ide/electron-app/lnx64/resources/app/lib/backend/69.js:2:126149)
    at a.fire (/home/nhanenten/2025.2/Vitis/ide/electron-app/lnx64/resources/app/lib/backend/69.js:2:127948)
    at t.ChannelMultiplexer.handleData (/home/nhanenten/2025.2/Vitis/ide/electron-app/lnx64/resources/app/lib/backend/69.js:2:58305)
    at t.ChannelMultiplexer.handleMessage (/home/nhanenten/2025.2/Vitis/ide/electron-app/lnx64/resources/app/lib/backend/69.js:2:57483)
    at /home/nhanenten/2025.2/Vitis/ide/electron-app/lnx64/resources/app/lib/backend/69.js:2:56720 
2026-05-22 10:50:55 [debug] : [Component Provider] project updated /home/nhanenten/Desktop/HW_SW/Lab2/Timer_application 
2026-05-22 10:50:55 [debug] : Error: 3 INVALID_ARGUMENT: Invalid project location '/home/nhanenten/Desktop/HW_SW/Lab2/platform'.
    at r.callErrorFromStatus (/home/nhanenten/2025.2/Vitis/ide/electron-app/lnx64/resources/app/lib/backend/384.js:2:5361773)
    at Object.onReceiveStatus (/home/nhanenten/2025.2/Vitis/ide/electron-app/lnx64/resources/app/lib/backend/384.js:2:7053281)
    at Object.onReceiveStatus (/home/nhanenten/2025.2/Vitis/ide/electron-app/lnx64/resources/app/lib/backend/384.js:2:5789310)
    at Object.onReceiveStatus (/home/nhanenten/2025.2/Vitis/ide/electron-app/lnx64/resources/app/lib/backend/384.js:2:5788755)
    at /home/nhanenten/2025.2/Vitis/ide/electron-app/lnx64/resources/app/lib/backend/384.js:2:5346692
    at process.processTicksAndRejections (node:internal/process/task_queues:77:11)
for call at
    at l.makeUnaryRequest (/home/nhanenten/2025.2/Vitis/ide/electron-app/lnx64/resources/app/lib/backend/384.js:2:7052812)
    at l.getComponent (/home/nhanenten/2025.2/Vitis/ide/electron-app/lnx64/resources/app/lib/backend/384.js:2:1745982)
    at /home/nhanenten/2025.2/Vitis/ide/electron-app/lnx64/resources/app/lib/backend/main.js:1:1360935
    at new Promise (<anonymous>)
    at x.getComponent (/home/nhanenten/2025.2/Vitis/ide/electron-app/lnx64/resources/app/lib/backend/main.js:1:1360856)
    at u.onRequest (/home/nhanenten/2025.2/Vitis/ide/electron-app/lnx64/resources/app/lib/backend/69.js:2:159784)
    at c.requestHandler (/home/nhanenten/2025.2/Vitis/ide/electron-app/lnx64/resources/app/lib/backend/69.js:2:159606)
    at c.handleRequest (/home/nhanenten/2025.2/Vitis/ide/electron-app/lnx64/resources/app/lib/backend/69.js:2:22968)
    at c.handleMessage (/home/nhanenten/2025.2/Vitis/ide/electron-app/lnx64/resources/app/lib/backend/69.js:2:20872)
    at /home/nhanenten/2025.2/Vitis/ide/electron-app/lnx64/resources/app/lib/backend/69.js:2:20507
    at /home/nhanenten/2025.2/Vitis/ide/electron-app/lnx64/resources/app/lib/backend/69.js:2:126060
    at s.invoke (/home/nhanenten/2025.2/Vitis/ide/electron-app/lnx64/resources/app/lib/backend/69.js:2:126149)
    at a.fire (/home/nhanenten/2025.2/Vitis/ide/electron-app/lnx64/resources/app/lib/backend/69.js:2:127948)
    at t.ChannelMultiplexer.handleData (/home/nhanenten/2025.2/Vitis/ide/electron-app/lnx64/resources/app/lib/backend/69.js:2:58305)
    at t.ChannelMultiplexer.handleMessage (/home/nhanenten/2025.2/Vitis/ide/electron-app/lnx64/resources/app/lib/backend/69.js:2:57483)
    at /home/nhanenten/2025.2/Vitis/ide/electron-app/lnx64/resources/app/lib/backend/69.js:2:56720 
2026-05-22 10:50:55 [debug] : [Component Provider] project updated /home/nhanenten/Desktop/HW_SW/Lab2/platform 
2026-05-22 10:50:55 [debug] : [Platform Server] Executing method:[getPartFromXSA] with connection:(object). {"0":"request:","1":{"wrappers_":null,"arrayIndexOffset_":-1,"array":["/home/nhanenten/Desktop/HW_SW/Lab2/Project_2D/platform_2d"],"pivot_":1.7976931348623157e+308,"convertedPrimitiveFields_":{}}}
2026-05-22 10:50:55 [debug] : [Platform Server] Executing method:[getPartFromXSA] with connection:(object). {"0":"request:","1":{"wrappers_":null,"arrayIndexOffset_":-1,"array":["/home/nhanenten/Desktop/HW_SW/Lab2/Project_2D/platform_2d"],"pivot_":1.7976931348623157e+308,"convertedPrimitiveFields_":{}}}
2026-05-22 10:51:36 [debug] : RIGEL SERVER 10:51:36 INFO  : connection terminated 
