Execute       source -notrace -encoding utf-8 /home/nhanenten/2025.2/Vitis/tps/tcl/tcl8.6/clock.tcl 
Execute         source -encoding utf-8 /home/nhanenten/2025.2/tps/tcl/tcl8/8.5/msgcat-1.6.1.tm 
INFO-FLOW: Workspace /home/nhanenten/Desktop/HW_SW/Lab3/Lab3_HLS/Lab3_HLS/hls opened at Mon May 25 14:36:39 +07 2026
Execute       send_msg_by_id INFO @200-1505@%s%s default  vivado 
INFO: [HLS 200-1505] Using default flow_target 'vivado'
Execute       send_msg_by_id INFO @200-2174@%s%s component hls_config.cfg 
INFO: [HLS 200-2174] Applying component config ini file hls_config.cfg
Execute       apply_ini hls_config.cfg 
Execute         send_msg_by_id INFO @200-1465@%s 'syn.file=matmul.cpp' from hls_config.cfg(8) 
INFO: [HLS 200-1465] Applying config ini 'syn.file=matmul.cpp' from hls_config.cfg(8)
Execute         add_files /home/nhanenten/Desktop/HW_SW/Lab3/Lab3_HLS/matmul.cpp 
INFO: [HLS 200-10] Adding design file '/home/nhanenten/Desktop/HW_SW/Lab3/Lab3_HLS/matmul.cpp' to the project
Execute         send_msg_by_id INFO @200-1465@%s 'tb.file=tb_matmul.cpp' from hls_config.cfg(9) 
INFO: [HLS 200-1465] Applying config ini 'tb.file=tb_matmul.cpp' from hls_config.cfg(9)
Execute         add_files -tb /home/nhanenten/Desktop/HW_SW/Lab3/Lab3_HLS/tb_matmul.cpp 
INFO: [HLS 200-10] Adding test bench file '/home/nhanenten/Desktop/HW_SW/Lab3/Lab3_HLS/tb_matmul.cpp' to the project
Execute         send_msg_by_id INFO @200-1465@%s 'syn.top=matmul' from hls_config.cfg(10) 
INFO: [HLS 200-1465] Applying config ini 'syn.top=matmul' from hls_config.cfg(10)
Execute         set_top matmul 
Execute         send_msg_by_id INFO @200-1465@%s 'flow_target=vivado' from hls_config.cfg(4) 
INFO: [HLS 200-1465] Applying config ini 'flow_target=vivado' from hls_config.cfg(4)
Execute         send_msg_by_id INFO @200-1505@%s%s  vivado 
INFO: [HLS 200-1505] Using flow_target 'vivado'
Execute         send_msg_by_id INFO @200-1465@%s 'part=xc7z010clg400-1' from hls_config.cfg(1) 
INFO: [HLS 200-1465] Applying config ini 'part=xc7z010clg400-1' from hls_config.cfg(1)
Execute         set_part xc7z010clg400-1 
Execute           create_platform xc7z010clg400-1 -board  
DBG:HLSDevice: Trying to load device library: /home/nhanenten/2025.2/Vitis/lib/lnx64.o/libxv_hlsvwrap.so
DBG:HLSDevice: first parts/arch.xml in RDI_DATADIR: /home/nhanenten/2025.2/Vivado/data/parts/arch.xml
DBG:HLSDevice: init success
INFO: [HLS 200-1611] Setting target device to 'xc7z010-clg400-1'
Command           create_platform done; 0.21 sec.
Execute           source /home/nhanenten/2025.2/Vitis/common/technology/xilinx/common/xilinx.gen 
Execute             source /home/nhanenten/2025.2/Vitis/common/technology/xilinx/interface/plb46.gen 
Execute             source /home/nhanenten/2025.2/Vitis/common/technology/xilinx/interface/axi4.gen 
Execute             source /home/nhanenten/2025.2/Vitis/common/technology/xilinx/interface/nativeAXI4.gen 
Execute               source /home/nhanenten/2025.2/Vitis/common/technology/xilinx/interface/saxilite.gen 
Execute             source /home/nhanenten/2025.2/Vitis/common/technology/xilinx/scripts/xilinxcoregen.gen 
Execute             source /home/nhanenten/2025.2/Vitis/common/technology/xilinx/interface/XilEDKCoreGen.gen 
Execute             source /home/nhanenten/2025.2/Vitis/common/technology/xilinx/ip/dds_compiler.gen 
Execute             source /home/nhanenten/2025.2/Vitis/common/technology/xilinx/ip/xfir.gen 
Execute             source /home/nhanenten/2025.2/Vitis/common/technology/xilinx/ip/xfft.gen 
Execute             source /home/nhanenten/2025.2/Vitis/common/technology/xilinx/ip/util.gen 
Execute             source /home/nhanenten/2025.2/Vitis/common/technology/xilinx/DSP48/dsp48.gen 
Execute           ap_part_info -name xc7z010-clg400-1 -data info 
Execute           config_compile -quiet -complex-mul-dsp=0 
Command         set_part done; 0.28 sec.
Execute         send_msg_by_id INFO @200-1465@%s 'clock=10' from hls_config.cfg(7) 
INFO: [HLS 200-1465] Applying config ini 'clock=10' from hls_config.cfg(7)
Execute         create_clock -period 10ns 
Execute           ap_set_clock -name default -period 10 -unit ns -default=false 
INFO: [SYN 201-201] Setting up clock 'default' with a period of 10ns.
Execute         send_msg_by_id INFO @200-1465@%s 'package.output.format=ip_catalog' from hls_config.cfg(5) 
INFO: [HLS 200-1465] Applying config ini 'package.output.format=ip_catalog' from hls_config.cfg(5)
Execute         config_export -format=ip_catalog 
Command       apply_ini done; 0.3 sec.
Execute       write_component -config /home/nhanenten/Desktop/HW_SW/Lab3/Lab3_HLS/hls_config.cfg 
Execute         send_msg_by_id INFO @200-2176@%s /home/nhanenten/Desktop/HW_SW/Lab3/Lab3_HLS/Lab3_HLS/vitis-comp.json 
INFO: [HLS 200-2176] Writing Vitis IDE component file /home/nhanenten/Desktop/HW_SW/Lab3/Lab3_HLS/Lab3_HLS/vitis-comp.json
Command     open_solution done; 0.32 sec.
Command   open_component done; 0.32 sec.
Execute   apply_ini /home/nhanenten/Desktop/HW_SW/Lab3/Lab3_HLS/Lab3_HLS/hls/config.cmdline -iscmdline 
Execute   ::AP::init_summary_file csynth 
Execute     AP::app_get_file_relativeroot [AP::app_get_root] {}
Execute   csynth_design 
Execute     AP::msg_collection_file -open /home/nhanenten/Desktop/HW_SW/Lab3/Lab3_HLS/Lab3_HLS/hls/.autopilot/db/be_messages.xml 
Execute     ap_part_info -name xc7z010-clg400-1 -data info 
INFO-FLOW: run_clang matmul.cpp.xilinx-performance-pragma-detector exec: /home/nhanenten/2025.2/Vitis/lnx64/tools/clang-16/bin/xilinx-performance-pragma-detector matmul.cpp -- -fhls -D__VITIS_HLS__ -DAESL_SYN -D__SYNTHESIS__ -D__HLS_SYN__ -I /home/nhanenten/2025.2/Vitis/common/technology/autopilot -I /home/nhanenten/2025.2/Vitis/common/technology/autopilot/ap_sysc -include etc/autopilot_ssdm_op.h -D__DSP48E1__ -target fpga64-xilinx-linux-gnu -I /usr/include/x86_64-linux-gnu --gcc-toolchain=/home/nhanenten/2025.2/Vitis/tps/lnx64/gcc-8.3.0 -hls-platform-db-name=/home/nhanenten/2025.2/Vitis/common/technology/xilinx/common/platform.db -hls-platform-name=zynq_slow -device-resource-info=BRAM_120.000000_DSP_80.000000_FF_35200.000000_LUT_17600.000000_SLICE_4400.000000_URAM_0.000000 -device-name-info=xc7z010clg400-1 > /home/nhanenten/Desktop/HW_SW/Lab3/Lab3_HLS/Lab3_HLS/hls/.autopilot/db/matmul.cpp.xilinx-performance-pragma-detector.out.log 2> /home/nhanenten/Desktop/HW_SW/Lab3/Lab3_HLS/Lab3_HLS/hls/.autopilot/db/matmul.cpp.xilinx-performance-pragma-detector.err.log
INFO-FLOW: run_clang result=success num-err-msgs=0 num-stderr-lines=1
Execute     elaborate -effort=medium -skip_syncheck=0 -keep_printf=0 -skip_cdt=0 -skip_transform=0 -ng=0 -g=0 -from_csynth_design=1 
INFO: [HLS 200-111] Finished File checks and directory preparation: CPU user time: 2.98 seconds. CPU system time: 0.32 seconds. Elapsed time: 3.16 seconds; current allocated memory: 269.629 MB.
Execute       send_msg_by_id INFO @200-2191@%s%s C-Synthesis clang-16 
INFO: [HLS 200-2191] C-Synthesis will use clang-16 as the compiler
Execute       set_directive_top matmul -name=matmul 
INFO: [HLS 200-10] Analyzing design file 'matmul.cpp' ... 
INFO-FLOW: Compiling one TU...
INFO-FLOW: Handling matmul.cpp as C++
Execute       ap_part_info -name xc7z010-clg400-1 -data info 
INFO-FLOW: Running: GCC PP 39
INFO-FLOW: Source preprocessing
INFO-FLOW: run_clang matmul.cpp.clang exec: /home/nhanenten/2025.2/Vitis/lnx64/tools/clang-16/bin/clang matmul.cpp -foptimization-record-file=/home/nhanenten/Desktop/HW_SW/Lab3/Lab3_HLS/Lab3_HLS/hls/.autopilot/db/matmul.cpp.clang.diag.yml -mllvm -pass-remarks-missed=reflow|pasta|unroll|inline -mllvm -pass-remarks=reflow|pasta|unroll|inline -fno-limit-debug-info --gcc-toolchain=/home/nhanenten/2025.2/Vitis/tps/lnx64/gcc-8.3.0 -fhls -fno-exceptions -insert-hls-directive=/home/nhanenten/Desktop/HW_SW/Lab3/Lab3_HLS/Lab3_HLS/hls/.autopilot/db/all.directive.json -hls-directive-location -E -fno-math-errno -c -emit-llvm -mllvm -disable-llvm-optzns -Xclang -no-opaque-pointers -Xclang -fmerge-all-constants -Werror=implicit-hls-streams -Werror=return-type -Wpragmas -Wunused-parameter -Wdump-hls-pragmas -Wno-error=dump-hls-pragmas -hls-clock-period=10 -fno-threadsafe-statics -fno-use-cxa-atexit -target fpga64-xilinx-linux-gnu -fno-threadsafe-statics -fno-use-cxa-atexit -D__VITIS_HLS__ -DAESL_SYN -D__SYNTHESIS__ -D__HLS_SYN__ -I /home/nhanenten/2025.2/Vitis/common/technology/autopilot -I /home/nhanenten/2025.2/Vitis/common/technology/autopilot/ap_sysc -include etc/autopilot_ssdm_op.h -D__DSP48E1__ -I /usr/include/x86_64-linux-gnu -o /home/nhanenten/Desktop/HW_SW/Lab3/Lab3_HLS/Lab3_HLS/hls/.autopilot/db/matmul.pp.0.cpp -hls-platform-db-name=/home/nhanenten/2025.2/Vitis/common/technology/xilinx/common/platform.db -hls-platform-name=zynq_slow -device-resource-info=BRAM_120.000000_DSP_80.000000_FF_35200.000000_LUT_17600.000000_SLICE_4400.000000_URAM_0.000000 -device-name-info=xc7z010clg400-1 > /home/nhanenten/Desktop/HW_SW/Lab3/Lab3_HLS/Lab3_HLS/hls/.autopilot/db/matmul.cpp.clang.out.log 2> /home/nhanenten/Desktop/HW_SW/Lab3/Lab3_HLS/Lab3_HLS/hls/.autopilot/db/matmul.cpp.clang.err.log
INFO-FLOW: run_clang result=success num-err-msgs=0 num-stderr-lines=0
INFO-FLOW: Done: GCC PP 39 time: 0.2 seconds 
INFO-FLOW: Source syntax check for synthesis
INFO-FLOW: run_clang clang exec: /home/nhanenten/2025.2/Vitis/lnx64/tools/clang-16/bin/clang -foptimization-record-file=/home/nhanenten/Desktop/HW_SW/Lab3/Lab3_HLS/Lab3_HLS/hls/.autopilot/db/clang.diag.yml -mllvm -pass-remarks-missed=reflow|pasta|unroll|inline -mllvm -pass-remarks=reflow|pasta|unroll|inline -fsyntax-only -fhls -target fpga64-xilinx-linux-gnu /home/nhanenten/Desktop/HW_SW/Lab3/Lab3_HLS/Lab3_HLS/hls/.autopilot/db/matmul.pp.0.cpp -hls-platform-db-name=/home/nhanenten/2025.2/Vitis/common/technology/xilinx/common/platform.db -hls-platform-name=zynq_slow -device-resource-info=BRAM_120.000000_DSP_80.000000_FF_35200.000000_LUT_17600.000000_SLICE_4400.000000_URAM_0.000000 -device-name-info=xc7z010clg400-1 > /home/nhanenten/Desktop/HW_SW/Lab3/Lab3_HLS/Lab3_HLS/hls/.autopilot/db/clang.out.log 2> /home/nhanenten/Desktop/HW_SW/Lab3/Lab3_HLS/Lab3_HLS/hls/.autopilot/db/clang.err.log
INFO-FLOW: run_clang result=success num-err-msgs=0 num-stderr-lines=0
Execute       clang_tidy xilinx-systemc-detector -desc systemc-detector /home/nhanenten/Desktop/HW_SW/Lab3/Lab3_HLS/Lab3_HLS/hls/.autopilot/db/matmul.pp.0.cpp  -target fpga -directive=/home/nhanenten/Desktop/HW_SW/Lab3/Lab3_HLS/Lab3_HLS/hls/.autopilot/db/.systemc_flag 
INFO-FLOW: exec /home/nhanenten/2025.2/Vitis/lnx64/tools/clang-16/bin/clang-tidy -header-filter=.* --checks=-*,xilinx-systemc-detector -import-directive=/home/nhanenten/Desktop/HW_SW/Lab3/Lab3_HLS/Lab3_HLS/hls/.autopilot/db/.systemc_flag -fix-errors /home/nhanenten/Desktop/HW_SW/Lab3/Lab3_HLS/Lab3_HLS/hls/.autopilot/db/matmul.pp.0.cpp -- - -target fpga -fhls -ferror-limit=0
Command       clang_tidy done; 2.16 sec.
INFO-FLOW: Running: clang-tidy CDT preprocess 39
Execute       clang_tidy xilinx-directive2pragma -desc directive2pragma /home/nhanenten/Desktop/HW_SW/Lab3/Lab3_HLS/Lab3_HLS/hls/.autopilot/db/matmul.pp.0.cpp  -target fpga -directive=/home/nhanenten/Desktop/HW_SW/Lab3/Lab3_HLS/Lab3_HLS/hls/.autopilot/db/all.directive.json 
INFO-FLOW: exec /home/nhanenten/2025.2/Vitis/lnx64/tools/clang-16/bin/clang-tidy -header-filter=.* --checks=-*,xilinx-directive2pragma -import-directive=/home/nhanenten/Desktop/HW_SW/Lab3/Lab3_HLS/Lab3_HLS/hls/.autopilot/db/all.directive.json -fix-errors /home/nhanenten/Desktop/HW_SW/Lab3/Lab3_HLS/Lab3_HLS/hls/.autopilot/db/matmul.pp.0.cpp -- - -target fpga -fhls -ferror-limit=0
Command       clang_tidy done; 2.39 sec.
INFO-FLOW: Done: clang-tidy CDT preprocess 39 time: 2.4 seconds 
INFO-FLOW: Calling xilinx-label-all-loops ... 
INFO-FLOW: Calling xilinx-aggregate-on-hls-vector ... 
Execute       clang_tidy -errorcheck -desc loop-label xilinx-label-all-loops,xilinx-aggregate-on-hls-vector,,xilinx-warn-mayneed-no-ctor-attribute /home/nhanenten/Desktop/HW_SW/Lab3/Lab3_HLS/Lab3_HLS/hls/.autopilot/db/matmul.pp.0.cpp  -target fpga 
INFO-FLOW: run_clang loop-label exec: /home/nhanenten/2025.2/Vitis/lnx64/tools/clang-16/bin/clang-tidy -export-fixes=/home/nhanenten/Desktop/HW_SW/Lab3/Lab3_HLS/Lab3_HLS/hls/.autopilot/db/matmul.pp.0.cpp.clang-tidy.loop-label.diag.yml -header-filter=.* --checks=-*,xilinx-label-all-loops,xilinx-aggregate-on-hls-vector,,xilinx-warn-mayneed-no-ctor-attribute -fix-errors /home/nhanenten/Desktop/HW_SW/Lab3/Lab3_HLS/Lab3_HLS/hls/.autopilot/db/matmul.pp.0.cpp -- - -target fpga -fhls -ferror-limit=0 > /home/nhanenten/Desktop/HW_SW/Lab3/Lab3_HLS/Lab3_HLS/hls/.autopilot/db/matmul.pp.0.cpp.clang-tidy.loop-label.out.log 2> /home/nhanenten/Desktop/HW_SW/Lab3/Lab3_HLS/Lab3_HLS/hls/.autopilot/db/matmul.pp.0.cpp.clang-tidy.loop-label.err.log
Execute         source /home/nhanenten/2025.2/Vitis/tps/tcl/tcllib2.0/yaml/yaml.tcl 
Execute           source /home/nhanenten/2025.2/Vitis/tps/tcl/tcllib2.0/cmdline/cmdline.tcl 
INFO-FLOW: run_clang result=success num-err-msgs=0 num-stderr-lines=668
Command       clang_tidy done; 4.52 sec.
INFO-FLOW: run_clang matmul.pp.0.cpp.xilinx-dataflow-lawyer exec: /home/nhanenten/2025.2/Vitis/lnx64/tools/clang-16/bin/xilinx-dataflow-lawyer -export-fixes=/home/nhanenten/Desktop/HW_SW/Lab3/Lab3_HLS/Lab3_HLS/hls/.autopilot/db/matmul.pp.0.cpp.xilinx-dataflow-lawyer.diag.yml /home/nhanenten/Desktop/HW_SW/Lab3/Lab3_HLS/Lab3_HLS/hls/.autopilot/db/matmul.pp.0.cpp -- - -target fpga -fhls -ferror-limit=0 -fstrict-dataflow > /home/nhanenten/Desktop/HW_SW/Lab3/Lab3_HLS/Lab3_HLS/hls/.autopilot/db/matmul.pp.0.cpp.xilinx-dataflow-lawyer.out.log 2> /home/nhanenten/Desktop/HW_SW/Lab3/Lab3_HLS/Lab3_HLS/hls/.autopilot/db/matmul.pp.0.cpp.xilinx-dataflow-lawyer.err.log
INFO-FLOW: run_clang result=success num-err-msgs=0 num-stderr-lines=0
Execute       ap_part_info -name xc7z010-clg400-1 -data info 
INFO-FLOW: compiling source code to llvm bc
INFO-FLOW: run_clang matmul.pp.0.cpp.clang exec: /home/nhanenten/2025.2/Vitis/lnx64/tools/clang-16/bin/clang -foptimization-record-file=/home/nhanenten/Desktop/HW_SW/Lab3/Lab3_HLS/Lab3_HLS/hls/.autopilot/db/matmul.pp.0.cpp.clang.diag.yml -mllvm -pass-remarks-missed=reflow|pasta|unroll|inline -mllvm -pass-remarks=reflow|pasta|unroll|inline -flto -fno-exceptions -Wno-error=c++11-narrowing -fno-limit-debug-info -fhls -hls-emit-hint-scope /home/nhanenten/Desktop/HW_SW/Lab3/Lab3_HLS/Lab3_HLS/hls/.autopilot/db/matmul.pp.0.cpp -fno-math-errno -c -emit-llvm -mllvm -disable-llvm-optzns -Xclang -no-opaque-pointers -Xclang -fmerge-all-constants -Werror=implicit-hls-streams -Werror=return-type -Wpragmas -Wunused-parameter -Wdump-hls-pragmas -Wno-error=dump-hls-pragmas -hls-clock-period=10 -fno-threadsafe-statics -fno-use-cxa-atexit -target fpga64-xilinx-linux-gnu -D__VITIS_HLS__ -DAESL_SYN -D__SYNTHESIS__ -D__HLS_SYN__ -I /home/nhanenten/2025.2/Vitis/common/technology/autopilot -I /home/nhanenten/2025.2/Vitis/common/technology/autopilot/ap_sysc -include etc/autopilot_ssdm_op.h -D__DSP48E1__ -g -o /home/nhanenten/Desktop/HW_SW/Lab3/Lab3_HLS/Lab3_HLS/hls/.autopilot/db/matmul.pre.g.bc -hls-platform-db-name=/home/nhanenten/2025.2/Vitis/common/technology/xilinx/common/platform.db -hls-platform-name=zynq_slow -device-resource-info=BRAM_120.000000_DSP_80.000000_FF_35200.000000_LUT_17600.000000_SLICE_4400.000000_URAM_0.000000 -device-name-info=xc7z010clg400-1 > /home/nhanenten/Desktop/HW_SW/Lab3/Lab3_HLS/Lab3_HLS/hls/.autopilot/db/matmul.pp.0.cpp.clang.out.log 2> /home/nhanenten/Desktop/HW_SW/Lab3/Lab3_HLS/Lab3_HLS/hls/.autopilot/db/matmul.pp.0.cpp.clang.err.log
INFO-FLOW: run_clang result=success num-err-msgs=0 num-stderr-lines=0
INFO-FLOW: converting llvm 16.0.4 bc to downstrem bc
INFO-FLOW: run_clang matmul.bc.llvm-converter exec: /home/nhanenten/2025.2/Vitis/lnx64/tools/clang-16/bin/llvm-converter -opaque-pointers=0 /home/nhanenten/Desktop/HW_SW/Lab3/Lab3_HLS/Lab3_HLS/hls/.autopilot/db/matmul.pre.g.bc -o /home/nhanenten/Desktop/HW_SW/Lab3/Lab3_HLS/Lab3_HLS/hls/.autopilot/db/matmul.bc > /home/nhanenten/Desktop/HW_SW/Lab3/Lab3_HLS/Lab3_HLS/hls/.autopilot/db/matmul.bc.llvm-converter.out.log 2> /home/nhanenten/Desktop/HW_SW/Lab3/Lab3_HLS/Lab3_HLS/hls/.autopilot/db/matmul.bc.llvm-converter.err.log
INFO-FLOW: run_clang result=success num-err-msgs=0 num-stderr-lines=0
INFO: [HLS 200-111] Finished Source Code Analysis and Preprocessing: CPU user time: 14.85 seconds. CPU system time: 0.79 seconds. Elapsed time: 15.65 seconds; current allocated memory: 274.812 MB.
INFO-FLOW: Linking Debug ...
INFO-FLOW: Linking dut bc code.
Execute       run_link_or_opt -out /home/nhanenten/Desktop/HW_SW/Lab3/Lab3_HLS/Lab3_HLS/hls/.autopilot/db/a.g.ld.0.bc -args /home/nhanenten/Desktop/HW_SW/Lab3/Lab3_HLS/Lab3_HLS/hls/.autopilot/db/matmul.bc 
INFO-FLOW: run_clang a.g.ld.0.bc.llvm-link exec: /home/nhanenten/2025.2/Vitis/lnx64/tools/clang-3.9-csynth/bin/llvm-link /home/nhanenten/Desktop/HW_SW/Lab3/Lab3_HLS/Lab3_HLS/hls/.autopilot/db/matmul.bc -o /home/nhanenten/Desktop/HW_SW/Lab3/Lab3_HLS/Lab3_HLS/hls/.autopilot/db/a.g.ld.0.bc > /home/nhanenten/Desktop/HW_SW/Lab3/Lab3_HLS/Lab3_HLS/hls/.autopilot/db/a.g.ld.0.bc.llvm-link.out.log 2> /home/nhanenten/Desktop/HW_SW/Lab3/Lab3_HLS/Lab3_HLS/hls/.autopilot/db/a.g.ld.0.bc.llvm-link.err.log
INFO-FLOW: run_clang result=success num-err-msgs=0 num-stderr-lines=0
Execute       run_link_or_opt -opt -out /home/nhanenten/Desktop/HW_SW/Lab3/Lab3_HLS/Lab3_HLS/hls/.autopilot/db/a.g.ld.1.lower.bc -args /home/nhanenten/Desktop/HW_SW/Lab3/Lab3_HLS/Lab3_HLS/hls/.autopilot/db/a.g.ld.0.bc -reflow-lower-math-intrinsics 
INFO-FLOW: run_clang a.g.ld.1.lower.bc.opt exec: /home/nhanenten/2025.2/Vitis/lnx64/tools/clang-3.9-csynth/bin/opt -pass-remarks-missed=reflow|pasta|unroll|inline -pass-remarks=reflow|pasta|unroll|inline -pass-remarks-output=/home/nhanenten/Desktop/HW_SW/Lab3/Lab3_HLS/Lab3_HLS/hls/.autopilot/db/a.g.ld.1.lower.bc.opt.diag.yml /home/nhanenten/Desktop/HW_SW/Lab3/Lab3_HLS/Lab3_HLS/hls/.autopilot/db/a.g.ld.0.bc -reflow-lower-math-intrinsics -o /home/nhanenten/Desktop/HW_SW/Lab3/Lab3_HLS/Lab3_HLS/hls/.autopilot/db/a.g.ld.1.lower.bc > /home/nhanenten/Desktop/HW_SW/Lab3/Lab3_HLS/Lab3_HLS/hls/.autopilot/db/a.g.ld.1.lower.bc.opt.out.log 2> /home/nhanenten/Desktop/HW_SW/Lab3/Lab3_HLS/Lab3_HLS/hls/.autopilot/db/a.g.ld.1.lower.bc.opt.err.log
INFO-FLOW: run_clang result=success num-err-msgs=0 num-stderr-lines=0
INFO-FLOW: Running: gen_design_size_report post-opt
INFO-FLOW: Done: gen_design_size_report post-opt time: 0 seconds 
INFO-FLOW: Linking math bc lib
Execute       run_link_or_opt -out /home/nhanenten/Desktop/HW_SW/Lab3/Lab3_HLS/Lab3_HLS/hls/.autopilot/db/a.g.ld.2.m1.bc -args /home/nhanenten/Desktop/HW_SW/Lab3/Lab3_HLS/Lab3_HLS/hls/.autopilot/db/a.g.ld.1.lower.bc -only-needed /home/nhanenten/2025.2/Vitis/lnx64/lib/libhlsm_39.bc /home/nhanenten/2025.2/Vitis/lnx64/lib/libhlsmc++_39.bc 
INFO-FLOW: run_clang a.g.ld.2.m1.bc.llvm-link exec: /home/nhanenten/2025.2/Vitis/lnx64/tools/clang-3.9-csynth/bin/llvm-link /home/nhanenten/Desktop/HW_SW/Lab3/Lab3_HLS/Lab3_HLS/hls/.autopilot/db/a.g.ld.1.lower.bc -only-needed /home/nhanenten/2025.2/Vitis/lnx64/lib/libhlsm_39.bc /home/nhanenten/2025.2/Vitis/lnx64/lib/libhlsmc++_39.bc -o /home/nhanenten/Desktop/HW_SW/Lab3/Lab3_HLS/Lab3_HLS/hls/.autopilot/db/a.g.ld.2.m1.bc > /home/nhanenten/Desktop/HW_SW/Lab3/Lab3_HLS/Lab3_HLS/hls/.autopilot/db/a.g.ld.2.m1.bc.llvm-link.out.log 2> /home/nhanenten/Desktop/HW_SW/Lab3/Lab3_HLS/Lab3_HLS/hls/.autopilot/db/a.g.ld.2.m1.bc.llvm-link.err.log
INFO-FLOW: run_clang result=success num-err-msgs=0 num-stderr-lines=0
Command       run_link_or_opt done; 1.02 sec.
Execute       run_link_or_opt -opt -out /home/nhanenten/Desktop/HW_SW/Lab3/Lab3_HLS/Lab3_HLS/hls/.autopilot/db/a.g.ld.3.fpc.bc -args /home/nhanenten/Desktop/HW_SW/Lab3/Lab3_HLS/Lab3_HLS/hls/.autopilot/db/a.g.ld.2.m1.bc -reflow-globaldce -hls-top-function-name=matmul -reflow-float-conversion 
INFO-FLOW: run_clang a.g.ld.3.fpc.bc.opt exec: /home/nhanenten/2025.2/Vitis/lnx64/tools/clang-3.9-csynth/bin/opt -pass-remarks-missed=reflow|pasta|unroll|inline -pass-remarks=reflow|pasta|unroll|inline -pass-remarks-output=/home/nhanenten/Desktop/HW_SW/Lab3/Lab3_HLS/Lab3_HLS/hls/.autopilot/db/a.g.ld.3.fpc.bc.opt.diag.yml /home/nhanenten/Desktop/HW_SW/Lab3/Lab3_HLS/Lab3_HLS/hls/.autopilot/db/a.g.ld.2.m1.bc -reflow-globaldce -hls-top-function-name=matmul -reflow-float-conversion -o /home/nhanenten/Desktop/HW_SW/Lab3/Lab3_HLS/Lab3_HLS/hls/.autopilot/db/a.g.ld.3.fpc.bc > /home/nhanenten/Desktop/HW_SW/Lab3/Lab3_HLS/Lab3_HLS/hls/.autopilot/db/a.g.ld.3.fpc.bc.opt.out.log 2> /home/nhanenten/Desktop/HW_SW/Lab3/Lab3_HLS/Lab3_HLS/hls/.autopilot/db/a.g.ld.3.fpc.bc.opt.err.log
INFO-FLOW: run_clang result=success num-err-msgs=0 num-stderr-lines=0
INFO-FLOW: Running: gen_design_size_report post-opt
INFO-FLOW: Done: gen_design_size_report post-opt time: 0 seconds 
Command       run_link_or_opt done; 0.43 sec.
Execute       run_link_or_opt -out /home/nhanenten/Desktop/HW_SW/Lab3/Lab3_HLS/Lab3_HLS/hls/.autopilot/db/a.g.ld.4.m2.bc -args /home/nhanenten/Desktop/HW_SW/Lab3/Lab3_HLS/Lab3_HLS/hls/.autopilot/db/a.g.ld.3.fpc.bc -only-needed /home/nhanenten/2025.2/Vitis/lnx64/lib/libfloatconversion_39.bc 
INFO-FLOW: run_clang a.g.ld.4.m2.bc.llvm-link exec: /home/nhanenten/2025.2/Vitis/lnx64/tools/clang-3.9-csynth/bin/llvm-link /home/nhanenten/Desktop/HW_SW/Lab3/Lab3_HLS/Lab3_HLS/hls/.autopilot/db/a.g.ld.3.fpc.bc -only-needed /home/nhanenten/2025.2/Vitis/lnx64/lib/libfloatconversion_39.bc -o /home/nhanenten/Desktop/HW_SW/Lab3/Lab3_HLS/Lab3_HLS/hls/.autopilot/db/a.g.ld.4.m2.bc > /home/nhanenten/Desktop/HW_SW/Lab3/Lab3_HLS/Lab3_HLS/hls/.autopilot/db/a.g.ld.4.m2.bc.llvm-link.out.log 2> /home/nhanenten/Desktop/HW_SW/Lab3/Lab3_HLS/Lab3_HLS/hls/.autopilot/db/a.g.ld.4.m2.bc.llvm-link.err.log
INFO-FLOW: run_clang result=success num-err-msgs=0 num-stderr-lines=0
Execute       run_link_or_opt -opt -out /home/nhanenten/Desktop/HW_SW/Lab3/Lab3_HLS/Lab3_HLS/hls/.autopilot/db/a.g.ld.5.gdce.bc -args /home/nhanenten/Desktop/HW_SW/Lab3/Lab3_HLS/Lab3_HLS/hls/.autopilot/db/a.g.ld.4.m2.bc -reflow-globaldce -hls-top-function-name=matmul 
INFO-FLOW: run_clang a.g.ld.5.gdce.bc.opt exec: /home/nhanenten/2025.2/Vitis/lnx64/tools/clang-3.9-csynth/bin/opt -pass-remarks-missed=reflow|pasta|unroll|inline -pass-remarks=reflow|pasta|unroll|inline -pass-remarks-output=/home/nhanenten/Desktop/HW_SW/Lab3/Lab3_HLS/Lab3_HLS/hls/.autopilot/db/a.g.ld.5.gdce.bc.opt.diag.yml /home/nhanenten/Desktop/HW_SW/Lab3/Lab3_HLS/Lab3_HLS/hls/.autopilot/db/a.g.ld.4.m2.bc -reflow-globaldce -hls-top-function-name=matmul -o /home/nhanenten/Desktop/HW_SW/Lab3/Lab3_HLS/Lab3_HLS/hls/.autopilot/db/a.g.ld.5.gdce.bc > /home/nhanenten/Desktop/HW_SW/Lab3/Lab3_HLS/Lab3_HLS/hls/.autopilot/db/a.g.ld.5.gdce.bc.opt.out.log 2> /home/nhanenten/Desktop/HW_SW/Lab3/Lab3_HLS/Lab3_HLS/hls/.autopilot/db/a.g.ld.5.gdce.bc.opt.err.log
INFO-FLOW: run_clang result=success num-err-msgs=0 num-stderr-lines=0
INFO-FLOW: Running: gen_design_size_report post-opt
INFO-FLOW: Done: gen_design_size_report post-opt time: 0 seconds 
Execute       send_msg_by_id INFO @200-777@%s Vivado 
INFO: [HLS 200-777] Using interface defaults for 'Vivado' flow target.
Execute       is_m_axi_addr64 
INFO-FLOW: Doing LTO.
INFO-FLOW: run_clang reflow (background poll_ms 5000) exec: /home/nhanenten/2025.2/Vitis/lnx64/tools/clang-3.9-csynth/bin/clang -foptimization-record-file=/home/nhanenten/Desktop/HW_SW/Lab3/Lab3_HLS/Lab3_HLS/hls/.autopilot/db/a.g.ld.0.bc.clang.reflow.diag.yml -mllvm -pass-remarks-missed=reflow|pasta|unroll|inline -mllvm -pass-remarks=reflow|pasta|unroll|inline -fhls -mllvm -hls-top-function-name=matmul -mllvm -hls-db-dir -mllvm /home/nhanenten/Desktop/HW_SW/Lab3/Lab3_HLS/Lab3_HLS/hls/.autopilot/db -emit-llvm -c -target fpga64-xilinx-none -mllvm -xcl-xmlinfo=/home/nhanenten/Desktop/HW_SW/Lab3/Lab3_HLS/Lab3_HLS/hls/.autopilot/db/kernel.internal.xml -mllvm -top-io-mapping-info=/home/nhanenten/Desktop/HW_SW/Lab3/Lab3_HLS/Lab3_HLS/hls/.autopilot/db/top-io-fe.xml -mllvm -hls-bitcode-version=3.1 -mllvm -reflow-enable-slave-interface-default-setting=true -mllvm -gen-kernel-xml=false -mllvm -default-maxi-offset=slave -mllvm -reflow-unroll-size-threshold=10000 -mllvm -reflow-unroll-cost-threshold=1000000 -mllvm -maxi-latency=0 -mllvm -hls-maxi-data-size-in-bits=8 -mllvm -hls-maxi-max-data-size-in-bits=1024 -mllvm -hls-max-widen-size-in-bits=0 -mllvm -xcl-kernel-max-mem-ports=0 -mllvm -maxi-read-trans=16 -mllvm -maxi-write-trans=16 -mllvm -maxi-read-burst-len=16 -mllvm -maxi-write-burst-len=16 -mllvm -reflow-enable-saxi-64bits=0 -mllvm -reflow-basic-block-instr-threshold=200000 -mllvm -reflow-auto-pipeline-threshold=64 -mllvm -reflow-enable-maxi-auto-id-channel=0 -mllvm -reflow-bdd-simplify-threshold=1048576 -mllvm -reflow-fanout-threshold=16 -mllvm -reflow-force-aggressive-unroll=0 -mllvm -reflow-aggressive-unroll-adjust-factor=1.000000 -mllvm -reflow-complete-threshold=4 -mllvm -reflow-array-promotion-threshold=64 -mllvm -reflow-enable-critical-path-for-performance=1 -mllvm -assume-maxi-align=1 -mllvm -reflow-enable-dataflow-strict-mode-checking=1 -ftime-report -mllvm -time-passes -mllvm -reflow-auto-array-partition-mode=default -mllvm -reflow-enable-auto-small-array-partition=true -mllvm -reflow-enable-auto-array-promotion=true -mllvm -reflow-enable-auto-array-partition-for-flatten=true -mllvm -reflow-enable-auto-parallel-performance-driven=true -mllvm -reflow-enable-partition-for-automation=true -mllvm -reflow-aggregate-bitwidth-threshold=4096 -mllvm -reflow-reserved-saxilite-registers=0 -mllvm -enable-reflow-auto-loop-pipeline -mllvm -reflow-max-unroll-threshold=409600 -mllvm -auto-unroll-tripcount-threshold=0 -mllvm -reflow-assume-no-address-wrap=true -mllvm -reflow-enable-occurrence-inference=true -mllvm -reflow-emit-hint-scope=true -mllvm -reflow-enable-codegen-with-if=true -mllvm -reflow-enable-dataflow-canon=true -mllvm -reflow-enable-dataflow-canon2=true -mllvm -reflow-dump-extra-complexity-metric=true -mllvm -reflow-enable-dse-loop-nest-extraction=false -mllvm -hls -mllvm -disable-inlined-alloca-merging=true -mllvm -default-clock-period=10 -mllvm -use_read_first_ram_in_loop=1 -mllvm -default-clock-uncertainty=2.7 -x ir /home/nhanenten/Desktop/HW_SW/Lab3/Lab3_HLS/Lab3_HLS/hls/.autopilot/db/a.g.ld.5.gdce.bc -o /home/nhanenten/Desktop/HW_SW/Lab3/Lab3_HLS/Lab3_HLS/hls/.autopilot/db/a.g.lto.bc -hls-platform-db-name=/home/nhanenten/2025.2/Vitis/common/technology/xilinx/common/platform.db -hls-platform-name=zynq_slow -device-resource-info=BRAM_120.000000_DSP_80.000000_FF_35200.000000_LUT_17600.000000_SLICE_4400.000000_URAM_0.000000 -device-name-info=xc7z010clg400-1 2> /home/nhanenten/Desktop/HW_SW/Lab3/Lab3_HLS/Lab3_HLS/hls/.autopilot/db/a.g.ld.0.bc.clang.reflow.err.log bg_poll_cmd: ::AP::poll_clang_39_closed_source
Execute       send_msg_by_id INFO @200-1995@%s%s%s 50 Compile/Link (/home/nhanenten/Desktop/HW_SW/Lab3/Lab3_HLS/Lab3_HLS/hls/syn/report/csynth_design_size.rpt:2) 
INFO: [HLS 200-1995] There were 50 instructions in the design after the 'Compile/Link' phase of compilation. See the Design Size Report for more details (/home/nhanenten/Desktop/HW_SW/Lab3/Lab3_HLS/Lab3_HLS/hls/syn/report/csynth_design_size.rpt:2)
Execute       send_msg_by_id INFO @200-1995@%s%s%s 38 Unroll/Inline (step 1) (/home/nhanenten/Desktop/HW_SW/Lab3/Lab3_HLS/Lab3_HLS/hls/syn/report/csynth_design_size.rpt:2) 
INFO: [HLS 200-1995] There were 38 instructions in the design after the 'Unroll/Inline (step 1)' phase of compilation. See the Design Size Report for more details (/home/nhanenten/Desktop/HW_SW/Lab3/Lab3_HLS/Lab3_HLS/hls/syn/report/csynth_design_size.rpt:2)
Execute       send_msg_by_id INFO @200-1995@%s%s%s 32 Unroll/Inline (step 2) (/home/nhanenten/Desktop/HW_SW/Lab3/Lab3_HLS/Lab3_HLS/hls/syn/report/csynth_design_size.rpt:2) 
INFO: [HLS 200-1995] There were 32 instructions in the design after the 'Unroll/Inline (step 2)' phase of compilation. See the Design Size Report for more details (/home/nhanenten/Desktop/HW_SW/Lab3/Lab3_HLS/Lab3_HLS/hls/syn/report/csynth_design_size.rpt:2)
Execute       send_msg_by_id INFO @200-1995@%s%s%s 30 Unroll/Inline (step 3) (/home/nhanenten/Desktop/HW_SW/Lab3/Lab3_HLS/Lab3_HLS/hls/syn/report/csynth_design_size.rpt:2) 
INFO: [HLS 200-1995] There were 30 instructions in the design after the 'Unroll/Inline (step 3)' phase of compilation. See the Design Size Report for more details (/home/nhanenten/Desktop/HW_SW/Lab3/Lab3_HLS/Lab3_HLS/hls/syn/report/csynth_design_size.rpt:2)
Execute       send_msg_by_id INFO @200-1995@%s%s%s 30 Unroll/Inline (step 4) (/home/nhanenten/Desktop/HW_SW/Lab3/Lab3_HLS/Lab3_HLS/hls/syn/report/csynth_design_size.rpt:2) 
INFO: [HLS 200-1995] There were 30 instructions in the design after the 'Unroll/Inline (step 4)' phase of compilation. See the Design Size Report for more details (/home/nhanenten/Desktop/HW_SW/Lab3/Lab3_HLS/Lab3_HLS/hls/syn/report/csynth_design_size.rpt:2)
Execute       send_msg_by_id INFO @200-1995@%s%s%s 30 Array/Struct (step 1) (/home/nhanenten/Desktop/HW_SW/Lab3/Lab3_HLS/Lab3_HLS/hls/syn/report/csynth_design_size.rpt:2) 
INFO: [HLS 200-1995] There were 30 instructions in the design after the 'Array/Struct (step 1)' phase of compilation. See the Design Size Report for more details (/home/nhanenten/Desktop/HW_SW/Lab3/Lab3_HLS/Lab3_HLS/hls/syn/report/csynth_design_size.rpt:2)
Execute       send_msg_by_id INFO @200-1995@%s%s%s 30 Array/Struct (step 2) (/home/nhanenten/Desktop/HW_SW/Lab3/Lab3_HLS/Lab3_HLS/hls/syn/report/csynth_design_size.rpt:2) 
INFO: [HLS 200-1995] There were 30 instructions in the design after the 'Array/Struct (step 2)' phase of compilation. See the Design Size Report for more details (/home/nhanenten/Desktop/HW_SW/Lab3/Lab3_HLS/Lab3_HLS/hls/syn/report/csynth_design_size.rpt:2)
Execute       send_msg_by_id INFO @200-1995@%s%s%s 30 Array/Struct (step 3) (/home/nhanenten/Desktop/HW_SW/Lab3/Lab3_HLS/Lab3_HLS/hls/syn/report/csynth_design_size.rpt:2) 
INFO: [HLS 200-1995] There were 30 instructions in the design after the 'Array/Struct (step 3)' phase of compilation. See the Design Size Report for more details (/home/nhanenten/Desktop/HW_SW/Lab3/Lab3_HLS/Lab3_HLS/hls/syn/report/csynth_design_size.rpt:2)
Execute       send_msg_by_id INFO @200-1995@%s%s%s 30 Array/Struct (step 4) (/home/nhanenten/Desktop/HW_SW/Lab3/Lab3_HLS/Lab3_HLS/hls/syn/report/csynth_design_size.rpt:2) 
INFO: [HLS 200-1995] There were 30 instructions in the design after the 'Array/Struct (step 4)' phase of compilation. See the Design Size Report for more details (/home/nhanenten/Desktop/HW_SW/Lab3/Lab3_HLS/Lab3_HLS/hls/syn/report/csynth_design_size.rpt:2)
Execute       send_msg_by_id INFO @200-1995@%s%s%s 31 Array/Struct (step 5) (/home/nhanenten/Desktop/HW_SW/Lab3/Lab3_HLS/Lab3_HLS/hls/syn/report/csynth_design_size.rpt:2) 
INFO: [HLS 200-1995] There were 31 instructions in the design after the 'Array/Struct (step 5)' phase of compilation. See the Design Size Report for more details (/home/nhanenten/Desktop/HW_SW/Lab3/Lab3_HLS/Lab3_HLS/hls/syn/report/csynth_design_size.rpt:2)
Execute       send_msg_by_id INFO @200-1995@%s%s%s 31 Performance (step 1) (/home/nhanenten/Desktop/HW_SW/Lab3/Lab3_HLS/Lab3_HLS/hls/syn/report/csynth_design_size.rpt:2) 
INFO: [HLS 200-1995] There were 31 instructions in the design after the 'Performance (step 1)' phase of compilation. See the Design Size Report for more details (/home/nhanenten/Desktop/HW_SW/Lab3/Lab3_HLS/Lab3_HLS/hls/syn/report/csynth_design_size.rpt:2)
Execute       send_msg_by_id INFO @200-1995@%s%s%s 172 Performance (step 2) (/home/nhanenten/Desktop/HW_SW/Lab3/Lab3_HLS/Lab3_HLS/hls/syn/report/csynth_design_size.rpt:2) 
INFO: [HLS 200-1995] There were 172 instructions in the design after the 'Performance (step 2)' phase of compilation. See the Design Size Report for more details (/home/nhanenten/Desktop/HW_SW/Lab3/Lab3_HLS/Lab3_HLS/hls/syn/report/csynth_design_size.rpt:2)
Execute       send_msg_by_id INFO @200-1995@%s%s%s 172 Performance (step 3) (/home/nhanenten/Desktop/HW_SW/Lab3/Lab3_HLS/Lab3_HLS/hls/syn/report/csynth_design_size.rpt:2) 
INFO: [HLS 200-1995] There were 172 instructions in the design after the 'Performance (step 3)' phase of compilation. See the Design Size Report for more details (/home/nhanenten/Desktop/HW_SW/Lab3/Lab3_HLS/Lab3_HLS/hls/syn/report/csynth_design_size.rpt:2)
Execute       send_msg_by_id INFO @200-1995@%s%s%s 172 Performance (step 4) (/home/nhanenten/Desktop/HW_SW/Lab3/Lab3_HLS/Lab3_HLS/hls/syn/report/csynth_design_size.rpt:2) 
INFO: [HLS 200-1995] There were 172 instructions in the design after the 'Performance (step 4)' phase of compilation. See the Design Size Report for more details (/home/nhanenten/Desktop/HW_SW/Lab3/Lab3_HLS/Lab3_HLS/hls/syn/report/csynth_design_size.rpt:2)
Execute       send_msg_by_id INFO @200-1995@%s%s%s 180 HW Transforms (step 1) (/home/nhanenten/Desktop/HW_SW/Lab3/Lab3_HLS/Lab3_HLS/hls/syn/report/csynth_design_size.rpt:2) 
INFO: [HLS 200-1995] There were 180 instructions in the design after the 'HW Transforms (step 1)' phase of compilation. See the Design Size Report for more details (/home/nhanenten/Desktop/HW_SW/Lab3/Lab3_HLS/Lab3_HLS/hls/syn/report/csynth_design_size.rpt:2)
Execute       send_msg_by_id INFO @200-1995@%s%s%s 188 HW Transforms (step 2) (/home/nhanenten/Desktop/HW_SW/Lab3/Lab3_HLS/Lab3_HLS/hls/syn/report/csynth_design_size.rpt:2) 
INFO: [HLS 200-1995] There were 188 instructions in the design after the 'HW Transforms (step 2)' phase of compilation. See the Design Size Report for more details (/home/nhanenten/Desktop/HW_SW/Lab3/Lab3_HLS/Lab3_HLS/hls/syn/report/csynth_design_size.rpt:2)
INFO: [HLS 214-376] Pipelining loop< VITIS_LOOP_7_2> at matmul.cpp:7:19 due to pipeline_loops threshold
INFO: [HLS 214-291] Loop 'VITIS_LOOP_9_3' is marked as complete unroll implied by the pipeline pragma (matmul.cpp:9:20)
INFO: [HLS 214-186] Unrolling loop 'VITIS_LOOP_9_3' (matmul.cpp:9:20) in function 'matmul' completely with a factor of 16 (matmul.cpp:4:0)
INFO-FLOW: run_clang result=success num-err-msgs=0 num-stderr-lines=18
INFO-FLOW: DBG:PUTS: copy_raw_kernel_xml ap_link_39: kernel.xml not generated: /home/nhanenten/Desktop/HW_SW/Lab3/Lab3_HLS/Lab3_HLS/hls/.autopilot/db/kernel.internal.xml
INFO: [HLS 200-111] Finished Compiling Optimization and Transform: CPU user time: 1.55 seconds. CPU system time: 0.23 seconds. Elapsed time: 6.58 seconds; current allocated memory: 276.023 MB.
INFO: [HLS 200-111] Finished Checking Pragmas: CPU user time: 0 seconds. CPU system time: 0 seconds. Elapsed time: 0 seconds; current allocated memory: 276.023 MB.
Execute       opt_and_import_c a -opt_level=2 -skip_syncheck=0 -ng=0 -keep_printf=0 
Execute         cleanup_all_models 
INFO: [HLS 200-10] Starting code transformations ...
INFO-FLOW: Running Standard Transforms...
Execute         transform -hls -share-std-xform -demangle-name -inline-byval-memcpy -always-inline -promote-dbg-pointer -interface-preproc -mem2reg -reassociate -gvn -reassociate -scalarrepl -mem2reg -keep-read-access -instcombine -dce -promote-dbg-pointer -bitop-raise -loop-simplify -indvarspre -indvars -loop-simplify -constprop -instcombine -simplifycfg -indvars -simplifycfg -dce -globaldce -basicaa -simplifycfg -mem2reg -globalopt -global-constprop -deadargelim -instcombine -simplifycfg -scalarrepl -instcombine -reassociate -licm -simplifycfg -loop-simplify -indvars -instcombine -simplifycfg -mem2reg -loop-simplify -indvars -instcombine -gvn -gvn -instcombine -adce -break-crit-edges -simplifycfg -loop-delete -global-array-opt -dce -dse -adce -find-syn-modules -top matmul -deadargelim -mem2reg -instcombine -dce -presyn-prepare -interface-preproc -syn-check -check-rec-only -find-region -simplifycfg -func-extr -function-inline -globaldce -mem2reg -instcombine -dce -gvn -globaldce -adce -adse -constprop -instcombine -bit-constprop -instcombine -dce -simplifycfg -bitop-raise -simplifycfg -dce -loop-delete -reassociate -globalopt -global-privatize -mem2reg -dce -global-constprop -pointer-simplify -constprop -dce -promote-dbg-pointer -norm-name /home/nhanenten/Desktop/HW_SW/Lab3/Lab3_HLS/Lab3_HLS/hls/.autopilot/db/a.g.0.bc -o /home/nhanenten/Desktop/HW_SW/Lab3/Lab3_HLS/Lab3_HLS/hls/.autopilot/db/a.g.1.bc -f -phase std-opt 
INFO: [HLS 200-111] Finished Standard Transforms: CPU user time: 0.01 seconds. CPU system time: 0 seconds. Elapsed time: 0.01 seconds; current allocated memory: 276.023 MB.
INFO: [HLS 200-10] Checking synthesizability ...
INFO-FLOW: Checking Synthesizability 1/2..
Execute         transform -hls -syn-check -check-rec-only -scalarrepl -norm-name -dce -mem2reg -instcombine -directive-preproc -mem2reg -dse -dce -dce -pag -array-normalize -instcombine -dce -array-seg-normalize -instcombine -dce -data-pack -instcombine -dce -inst-simplify -array-flatten -instcombine -dce -array-burst -dce -deadargelim -promote-global-argument -simplifycfg -mem2reg -globaldce -dce -deadargelim -dce -instcombine -function-inline -globaldce -dce -doublePtrSimplify -doublePtrElim -dce -doublePtrSimplify -promote-dbg-pointer -dce -scalarrepl -dse -adse -instcombine -ptrLegalization -simplifycfg -dce -instcombine -pointer-simplify -ptrArgReplace -dce -instcombine -resolve-double-ptr -scalarrepl -norm-name -dce -mem2reg -instcombine -ptrLegalization -simplifycfg -deadargelim -instcombine -dce -inst-simplify -directive-preproc -mem2reg -dse -dce -globaldce /home/nhanenten/Desktop/HW_SW/Lab3/Lab3_HLS/Lab3_HLS/hls/.autopilot/db/a.g.1.bc -o /home/nhanenten/Desktop/HW_SW/Lab3/Lab3_HLS/Lab3_HLS/hls/.autopilot/db/a.g.2.prechk.bc -f 
INFO-FLOW: Checking Synthesizability 2/2..
Execute         transform -syn-check /home/nhanenten/Desktop/HW_SW/Lab3/Lab3_HLS/Lab3_HLS/hls/.autopilot/db/a.g.2.prechk.bc -o /home/nhanenten/Desktop/HW_SW/Lab3/Lab3_HLS/Lab3_HLS/hls/.autopilot/db/a.g.2.bc -f -phase syn-check 
INFO: [HLS 200-111] Finished Checking Synthesizability: CPU user time: 0.01 seconds. CPU system time: 0 seconds. Elapsed time: 0.01 seconds; current allocated memory: 276.023 MB.
INFO-FLOW: Compiler optimizing ...
INFO-FLOW: Share syncheck's 1.bc for syn flow: copy /home/nhanenten/Desktop/HW_SW/Lab3/Lab3_HLS/Lab3_HLS/hls/.autopilot/db/a.g.1.bc to /home/nhanenten/Desktop/HW_SW/Lab3/Lab3_HLS/Lab3_HLS/hls/.autopilot/db/a.o.1.bc
INFO-FLOW: Presyn 1...
Execute         transform -hls -tmp /home/nhanenten/Desktop/HW_SW/Lab3/Lab3_HLS/Lab3_HLS/hls/.autopilot/db -interface-port-rename -directive-preproc -mem2reg -dse -dce -scalarrepl -norm-name -deadargelim -dce -hls-dead-arg-elim -deadargelim -mem2reg -instcombine -dce -simplifycfg -dce -resource-proc -clib-intrinsic-prepare -dce -func-buffer -dce -pag -array-normalize -func-legal -instcombine -gvn -constprop -dce -simplifycfg -mem2reg -globaldce -resolve-double-ptr -dce -deadargelim -dce -instcombine -ptrArgReplace -mem2reg -dce -array-seg-normalize -deadargelim -instcombine -dce -directive-preproc -mem2reg -dse -dce -pointer-simplify -dce -dce -interface-preproc -data-pack -instcombine -dce -basicaa -aggr-aa -aggrmodref-aa -aggr-aa -gvn -gvn -basicaa -aggr-aa -aggrmodref-aa -aggr-aa -dse -adse -adce -loop-simplify -indvars -instcombine -gvn -loop-simplify -mem2reg -dce -find-region -instcombine -inst-simplify -interface-preproc -cfgopt -instcombine -indvars -loop-simplify -loop-bound -constprop -instcombine -simplifycfg -indvars -simplifycfg -dce -globaldce -clean-region -attach-range -gvn -inst-simplify -constprop -simplifycfg -dce -pointer-simplify -dce -globalopt -constprop -dce -ptrArgReplace -mem2reg -simplifycfg -dce -instcombine -dce -array-transform-check -array-reshape -instcombine -simplifycfg -dce -ptrArgReplace -deadargelim -mem2reg -instcombine -simplifycfg -dce -indvars -loop-simplify -loop-bound -constprop -instcombine -simplifycfg -indvars -simplifycfg -dce -globaldce -basicaa -aggr-aa -aggrmodref-aa -aggr-aa -dse -duplicate-dataflow-processes -globaldce -instcombine -array-partition -prepare-dynamic-array-partition -instcombine -simplifycfg -dce -ptrArgReplace -global-constprop -deadargelim -mem2reg -func-legal -dce -global-constprop -deadargelim -mem2reg -simplifycfg -dce -merge-param -deadargelim -globalopt -constprop -dce -ptrArgReplace -mem2reg -simplifycfg -dce -mem-intrinsic-preproc -dce -global-internalize -global-privatize -mem2reg -globaldce -lcssa -loop-simplify -phi-select-elim -promote-global-argument -ptrArgReplace -mem2reg -dce -globalopt -mergereturn -simplify-global-access -mem2reg -dce -pointer-simplify -dce -basicaa -aggr-aa -aggrmodref-aa -aggr-aa -functionattrs -basicaa -aggr-aa -aggrmodref-aa -aggr-aa -gvn -gvn -basicaa -aggr-aa -aggrmodref-aa -aggr-aa -dse -adse -adce -dce -norm-name -basicaa -aggr-aa -aggrmodref-aa -aggr-aa -accesses-merge -function-inline -complex-op-raise -inst-simplify -globaldce -func-legal -dce -loop-bound -arraycheck -bitwidthmin2 -bitwidthmin2 -on-by-dataflow -loop-delete -instcombine -simplifycfg -globaldce -dce -gvn -deadargelim -dce -loop-simplify -clean-region -simplifycfg -propagate-stable-arguments -instcombine -simplifycfg -dce -globaldce -duplicate-dataflow-processes -stream-intrinsic-preproc -dce -check-ap-stream -loop-simplify -eliminate-keepreads -extract-dataflow-in-loop -loop-simplify -dce -gvn -deadargelim -dse -duplicate-dataflow-processes -check-dataflow-syntax -legalize-stream-variable -globaldce -extract-subproc -global-constprop -deadargelim -globaldce -legalize-global -dce -dead-channel-elimination -canonicalize-gep -globaldce -dce -gvn -hls-dead-arg-elim -deadargelim -canonicalize-dataflow -directive-preproc -dce -globaldce -scalar-preprocessing -scalar-propagation2 -scalar-stream -deadargelim -globaldce -mem2reg -check-dataflow-channels -function-stream -dce -globaldce -prop-fifo-spec -internal-stream-gen -canonicalize-gep -globaldce -dce -gvn -deadargelim -mergereturn -indvars -loop-simplify -instcombine -array-stream -array-seg-normalize -array-partition -clean-array-spec -func-legal -instcombine -simplifycfg -dce -bundle-memfifo-ops -deadargelim -directive-preproc -mem2reg -dse -dce -group-axi-access -licm -simplifycfg -dce -loop-delete -hls-display -norm-name /home/nhanenten/Desktop/HW_SW/Lab3/Lab3_HLS/Lab3_HLS/hls/.autopilot/db/a.o.1.bc -o /home/nhanenten/Desktop/HW_SW/Lab3/Lab3_HLS/Lab3_HLS/hls/.autopilot/db/a.o.1.tmp.bc -f 
INFO-FLOW: Presyn 2...
Execute         transform -hls -keep-callgraph -scalarrepl -mem2reg -attach-range -dce -pipe-mux-gen -indvars -loop-bound -inst-simplify -instcombine -dce -merge-array-access -mem2reg -dce -clean-region -mergereturn -if-conv -instcombine -dce -constprop -basicaa -aggr-aa -aggrmodref-aa -aggr-aa -gvn -gvn -basicaa -aggr-aa -aggrmodref-aa -aggr-aa -dse -adse -adce -scalarrepl -mem2reg -global-constprop -deadargelim -deadargelim -instcombine -dce -simplifycfg -ptrArgReplace -mem2reg -function-inline -globaldce -mem2reg -instcombine -dce -expr-balance -instcombine -dce -bitwidthmin2 -bitwidthmin2 -interface-preproc -directive-preproc -inst-rectify -instcombine -dce -basicaa -aggr-aa -aggrmodref-aa -aggr-aa -functionattrs -constprop -instcombine -bit-constprop -simplify-global-access -globalopt -globaldce -inst-simplify -instcombine -elimdeaddata -dce -loop-delete -simplifycfg -loop-simplify -barrier -norm-name /home/nhanenten/Desktop/HW_SW/Lab3/Lab3_HLS/Lab3_HLS/hls/.autopilot/db/a.o.1.tmp.bc -o /home/nhanenten/Desktop/HW_SW/Lab3/Lab3_HLS/Lab3_HLS/hls/.autopilot/db/a.o.2.bc -f -phase presyn 
INFO: [XFORM 203-401] Performing if-conversion on hyperblock from (matmul.cpp:7:28) to (matmul.cpp:7:19) in function 'matmul'... converting 33 basic blocks.
INFO: [HLS 200-111] Finished Loop, function and other optimizations: CPU user time: 0.05 seconds. CPU system time: 0 seconds. Elapsed time: 0.05 seconds; current allocated memory: 298.270 MB.
Execute         transform -hls -auto-function-inline -globaldce -ptrArgReplace -mem2reg -dce -reset-lda -loop-simplify -indvars -aggr-aa -licm -loop-dep -loop-bound -licm -loop-simplify -loop-sink-hoist -flattenloopnest -array-flatten -gvn -instcombine -dce -array-map -dce -func-legal -gvn -adce -instcombine -cfgopt -simplifycfg-lite -loop-simplify -array-burst -promote-global-argument -dce -array-seg-normalize -basicaa -aggrmodref-aa -globalsmodref-aa -aggr-aa -gvn -gvn -basicaa -aggrmodref-aa -globalsmodref-aa -aggr-aa -dse -adse -adce -licm -inst-simplify -dce -globaldce -instcombine -array-stream -eliminate-keepreads -instcombine -dce -deadargelim -doublePtrSimplify -doublePtrElim -dce -doublePtrSimplify -promote-dbg-pointer -dce -scalarrepl -mem2reg -norm-name -mem2reg -instcombine -dse -adse -adce -ptrLegalization -dce -array-flatten -dce -instcombine -check-doubleptr -loop-rot -constprop -inst-simplify -cfgopt -simplifycfg-lite -loop-simplify -indvars -pointer-simplify -dce -loop-bound -loop-simplify -loop-preproc -constprop -global-constprop -gvn -mem2reg -instcombine -dce -loop-bound -loop-merge -dce -deadargelim -dce -canonicalize-dataflow -dce -deadargelim -globaldce -mem2reg -bram-byte-enable -inst-simplify -inst-rectify -instcombine -adce -deadargelim -load-elim -read-loop-dep -loop-simplify -loop-rewind-sink-hoist -loop-outline -hls-dead-arg-elim -directive-preproc -bitwidthmin2 -bitwidthmin2 -read-loop-dep -interface-preproc -directive-preproc -interface-gen -bram-byte-enable-spec-prop -mul2addshift -deadargelim -inst-simplify -dce -mem2reg -instcombine -gvn -dce -adse -loop-bound -instcombine -cfgopt -simplifycfg-lite -loop-simplify -clean-region -io-protocol -find-region -mem2reg -bitop-raise -complex-op-raise -inst-simplify -inst-rectify -instcombine -gvn -adce -deadargelim -float-op-raise -loop-simplify -phi-opt -bitop-raise -cfgopt -simplifycfg-lite -strip-dead-prototypes -interface-lower -bitop-lower -intrinsic-lower -auto-function-inline -basicaa -aggrmodref-aa -globalsmodref-aa -aggr-aa -inst-simplify -simplifycfg-lite -loop-simplify -mergereturn -inst-simplify -inst-rectify -globaldce -dce -load-elim -bitop-lower -float-op-raise -fma-raise -loop-rewind -pointer-simplify -dce -cfgopt -dce -loop-bound -loop-dep -read-loop-dep -dce -dyn-mem-reuse -dce -recurrence-min -dce -share-scalar-alloca -deadargelim -dce -check-stream -norm-name -legalize -inst-clarity -bitwidth -dce -validate-dataflow -dump-loop-dep-to-ir -check-all-ssdm -drop-inferred-ii -dump-complexity-metric /home/nhanenten/Desktop/HW_SW/Lab3/Lab3_HLS/Lab3_HLS/hls/.autopilot/db/a.o.2.bc -o /home/nhanenten/Desktop/HW_SW/Lab3/Lab3_HLS/Lab3_HLS/hls/.autopilot/db/a.o.3.bc -f -phase build-ssdm 
INFO: [HLS 200-2061] Successfully converted nested loops 'VITIS_LOOP_6_1'(matmul.cpp:6:18) and 'VITIS_LOOP_7_2'(matmul.cpp:7:19) in function 'matmul' into perfectly nested loops.
INFO: [XFORM 203-541] Flattening a loop nest 'VITIS_LOOP_6_1' (matmul.cpp:6:18) in function 'matmul'.
Execute           AP::auto_get_db
INFO-FLOW: Building ssdm...
Execute         transform -hls -cdfg-build /home/nhanenten/Desktop/HW_SW/Lab3/Lab3_HLS/Lab3_HLS/hls/.autopilot/db/a.o.3.bc -o /home/nhanenten/Desktop/HW_SW/Lab3/Lab3_HLS/Lab3_HLS/hls/.autopilot/db/a.o.3.bc -f -phase build-ssdm 
INFO: [HLS 200-111] Finished Architecture Synthesis: CPU user time: 0.07 seconds. CPU system time: 0 seconds. Elapsed time: 0.07 seconds; current allocated memory: 298.270 MB.
INFO-FLOW: Finish building internal data model.
Command       opt_and_import_c done; 0.14 sec.
Command     elaborate done; 22.37 sec.
Execute     ap_eval exec zip -j /home/nhanenten/Desktop/HW_SW/Lab3/Lab3_HLS/Lab3_HLS/hls/.autopilot/db/dut.hcp $dbDir/a.o.3.bc $dbDir/${topname}.rtl_wrap.cfg.tcl $dbDir/apatb_${topname}.cpp $dbDir/apatb_${topname}_util.cpp $dbDir/apatb_${topname}_ir.ll $dbDir/mapper_${topname}.cpp $dbDir/top-io-fe.xml $dbDir/kernel.internal.xml $workdir/../hls.app 
INFO: [HLS 200-10] Starting hardware synthesis ...
INFO-FLOW: Synthesizing C/C++ design AP::SynTopModule=matmul
INFO: [HLS 200-10] Synthesizing 'matmul' ...
Execute     ap_set_top_model matmul 
Execute     get_model_list matmul -filter all-wo-channel -topdown 
Execute     preproc_iomode -model matmul 
Execute     get_model_list matmul -filter all-wo-channel 
INFO-FLOW: Model list for configure: matmul
INFO-FLOW: Configuring Module : matmul ...
Execute     set_default_model matmul 
Execute     apply_spec_resource_limit matmul 
INFO-FLOW: Model list for preprocess: matmul
INFO-FLOW: Preprocessing Module: matmul ...
Execute     set_default_model matmul 
Execute     cdfg_preprocess -model matmul 
Execute     rtl_gen_preprocess matmul 
INFO-FLOW: Model list for synthesis: matmul
INFO: [HLS 200-10] ----------------------------------------------------------------
INFO: [HLS 200-42] -- Implementing module 'matmul' 
INFO: [HLS 200-10] ----------------------------------------------------------------
Execute     set_default_model matmul 
Execute     schedule -model matmul 
INFO: [SCHED 204-11] Starting scheduling ...
INFO: [SCHED 204-61] Pipelining loop 'VITIS_LOOP_6_1_VITIS_LOOP_7_2'.
WARNING: [HLS 200-448] Lower bound of II is 8 due to multiple 'load' operation 32 bit ('in1_load', matmul.cpp:11) on array 'in1', 'load' operation 32 bit ('in1_load_1', matmul.cpp:11) on array 'in1', 'load' operation 32 bit ('in1_load_2', matmul.cpp:11) on array 'in1', 'load' operation 32 bit ('in1_load_3', matmul.cpp:11) on array 'in1', 'load' operation 32 bit ('in1_load_4', matmul.cpp:11) on array 'in1', 'load' operation 32 bit ('in1_load_5', matmul.cpp:11) on array 'in1', 'load' operation 32 bit ('in1_load_6', matmul.cpp:11) on array 'in1', 'load' operation 32 bit ('in1_load_7', matmul.cpp:11) on array 'in1', 'load' operation 32 bit ('in1_load_8', matmul.cpp:11) on array 'in1', 'load' operation 32 bit ('in1_load_9', matmul.cpp:11) on array 'in1', 'load' operation 32 bit ('in1_load_10', matmul.cpp:11) on array 'in1', 'load' operation 32 bit ('in1_load_11', matmul.cpp:11) on array 'in1', 'load' operation 32 bit ('in1_load_12', matmul.cpp:11) on array 'in1', 'load' operation 32 bit ('in1_load_13', matmul.cpp:11) on array 'in1', 'load' operation 32 bit ('in1_load_14', matmul.cpp:11) on array 'in1', 'load' operation 32 bit ('in1_load_15', matmul.cpp:11) on array 'in1' accessing core:RAM:in1
WARNING: [HLS 200-448] Lower bound of II is 8 due to multiple 'load' operation 32 bit ('in2_load', matmul.cpp:11) on array 'in2', 'load' operation 32 bit ('in2_load_1', matmul.cpp:11) on array 'in2', 'load' operation 32 bit ('in2_load_2', matmul.cpp:11) on array 'in2', 'load' operation 32 bit ('in2_load_3', matmul.cpp:11) on array 'in2', 'load' operation 32 bit ('in2_load_4', matmul.cpp:11) on array 'in2', 'load' operation 32 bit ('in2_load_5', matmul.cpp:11) on array 'in2', 'load' operation 32 bit ('in2_load_6', matmul.cpp:11) on array 'in2', 'load' operation 32 bit ('in2_load_7', matmul.cpp:11) on array 'in2', 'load' operation 32 bit ('in2_load_8', matmul.cpp:11) on array 'in2', 'load' operation 32 bit ('in2_load_9', matmul.cpp:11) on array 'in2', 'load' operation 32 bit ('in2_load_10', matmul.cpp:11) on array 'in2', 'load' operation 32 bit ('in2_load_11', matmul.cpp:11) on array 'in2', 'load' operation 32 bit ('in2_load_12', matmul.cpp:11) on array 'in2', 'load' operation 32 bit ('in2_load_13', matmul.cpp:11) on array 'in2', 'load' operation 32 bit ('in2_load_14', matmul.cpp:11) on array 'in2', 'load' operation 32 bit ('in2_load_15', matmul.cpp:11) on array 'in2' accessing core:RAM:in2
INFO: [HLS 200-1470] Pipelining result : Target II = NA, Final II = 8, Depth = 11, loop 'VITIS_LOOP_6_1_VITIS_LOOP_7_2'
INFO: [SCHED 204-11] Finished scheduling.
INFO: [HLS 200-111] Finished Scheduling: CPU user time: 0.08 seconds. CPU system time: 0.02 seconds. Elapsed time: 0.1 seconds; current allocated memory: 298.270 MB.
Execute     syn_report -verbosereport -o /home/nhanenten/Desktop/HW_SW/Lab3/Lab3_HLS/Lab3_HLS/hls/.autopilot/db/matmul.verbose.sched.rpt 
Execute       list_part -family xc7z010-clg400-1 
Execute         ap_family_info -name xc7z010-clg400-1 -data names 
Execute         ap_part_info -quiet -name xc7z010-clg400-1 -data family 
INFO: [HLS 200-2250] Rewind delay = 7 for the pipelined loop 'VITIS_LOOP_6_1_VITIS_LOOP_7_2' due to a read-after-write dependence on variable 'j (matmul.cpp:7)'.
Execute     db_write -o /home/nhanenten/Desktop/HW_SW/Lab3/Lab3_HLS/Lab3_HLS/hls/.autopilot/db/matmul.sched.adb -f 
INFO-FLOW: Finish scheduling matmul.
Execute     set_default_model matmul 
Execute     bind -model matmul 
INFO: [BIND 205-100] Starting micro-architecture generation ...
INFO: [BIND 205-101] Performing variable lifetime analysis.
INFO: [BIND 205-101] Exploring resource sharing.
INFO: [BIND 205-101] Binding ...
INFO: [BIND 205-100] Finished micro-architecture generation.
INFO: [HLS 200-111] Finished Binding: CPU user time: 0.02 seconds. CPU system time: 0 seconds. Elapsed time: 0.02 seconds; current allocated memory: 298.270 MB.
Execute     syn_report -verbosereport -o /home/nhanenten/Desktop/HW_SW/Lab3/Lab3_HLS/Lab3_HLS/hls/.autopilot/db/matmul.verbose.bind.rpt 
Execute       list_part -family xc7z010-clg400-1 
Execute         ap_family_info -name xc7z010-clg400-1 -data names 
Execute         ap_part_info -quiet -name xc7z010-clg400-1 -data family 
Execute     db_write -o /home/nhanenten/Desktop/HW_SW/Lab3/Lab3_HLS/Lab3_HLS/hls/.autopilot/db/matmul.bind.adb -f 
INFO-FLOW: Finish binding matmul.
Execute     get_model_list matmul -filter all-wo-channel 
INFO-FLOW: Preprocessing for RTLGen ...
Execute     rtl_gen_preprocess matmul 
INFO-FLOW: Model list for RTL generation: matmul
INFO: [HLS 200-10] ----------------------------------------------------------------
INFO: [HLS 200-10] -- Generating RTL for module 'matmul' 
INFO: [HLS 200-10] ----------------------------------------------------------------
Execute     create_rtl_model matmul -top_prefix  -sub_prefix matmul_ -mg_file /home/nhanenten/Desktop/HW_SW/Lab3/Lab3_HLS/Lab3_HLS/hls/.autopilot/db/matmul.compgen.tcl 
INFO: [RTGEN 206-500] Setting interface mode on port 'matmul/in1' to 'ap_memory'.
INFO: [RTGEN 206-500] Setting interface mode on port 'matmul/in2' to 'ap_memory'.
INFO: [RTGEN 206-500] Setting interface mode on port 'matmul/out_r' to 'ap_memory'.
INFO: [RTGEN 206-500] Setting interface mode on port 'matmul/size' to 'ap_none'.
INFO: [RTGEN 206-500] Setting interface mode on function 'matmul' to 'ap_ctrl_hs'.
INFO: [HLS 200-1030] Apply Unified Pipeline Control on module 'matmul' pipeline 'VITIS_LOOP_6_1_VITIS_LOOP_7_2' pipeline type 'loop pipeline'
INFO: [RTGEN 206-100] Generating core module 'mul_32s_32s_32_2_1': 2 instance(s).
INFO: [RTGEN 206-100] Finished creating RTL model for 'matmul'.
INFO: [HLS 200-111] Finished Creating RTL model: CPU user time: 0.04 seconds. CPU system time: 0 seconds. Elapsed time: 0.04 seconds; current allocated memory: 298.270 MB.
Execute     source /home/nhanenten/Desktop/HW_SW/Lab3/Lab3_HLS/Lab3_HLS/hls/.autopilot/db/matmul.rtl_wrap.cfg.tcl 
Execute     gen_rtl matmul -istop -style xilinx -f -lang vhdl -o /home/nhanenten/Desktop/HW_SW/Lab3/Lab3_HLS/Lab3_HLS/hls/syn/vhdl/matmul 
Execute     gen_rtl matmul -istop -style xilinx -f -lang vlog -o /home/nhanenten/Desktop/HW_SW/Lab3/Lab3_HLS/Lab3_HLS/hls/syn/verilog/matmul 
Execute     syn_report -csynth -model matmul -o /home/nhanenten/Desktop/HW_SW/Lab3/Lab3_HLS/Lab3_HLS/hls/syn/report/matmul_csynth.rpt 
Execute       list_part -family xc7z010-clg400-1 
Execute         ap_family_info -name xc7z010-clg400-1 -data names 
Execute         ap_part_info -quiet -name xc7z010-clg400-1 -data family 
Execute     syn_report -rtlxml -model matmul -o /home/nhanenten/Desktop/HW_SW/Lab3/Lab3_HLS/Lab3_HLS/hls/syn/report/matmul_csynth.xml 
Execute       list_part -family xc7z010-clg400-1 
Execute         ap_family_info -name xc7z010-clg400-1 -data names 
Execute         ap_part_info -quiet -name xc7z010-clg400-1 -data family 
Execute     syn_report -verbosereport -model matmul -o /home/nhanenten/Desktop/HW_SW/Lab3/Lab3_HLS/Lab3_HLS/hls/.autopilot/db/matmul.verbose.rpt 
Execute       list_part -family xc7z010-clg400-1 
Execute         ap_family_info -name xc7z010-clg400-1 -data names 
Execute         ap_part_info -quiet -name xc7z010-clg400-1 -data family 
Execute     db_write -model matmul -f -o /home/nhanenten/Desktop/HW_SW/Lab3/Lab3_HLS/Lab3_HLS/hls/.autopilot/db/matmul.adb 
Execute     db_write -model matmul -bindview -o /home/nhanenten/Desktop/HW_SW/Lab3/Lab3_HLS/Lab3_HLS/hls/.autopilot/db/design.bindinfo.xml 
Execute     gen_tb_info matmul -p /home/nhanenten/Desktop/HW_SW/Lab3/Lab3_HLS/Lab3_HLS/hls/.autopilot/db -o /home/nhanenten/Desktop/HW_SW/Lab3/Lab3_HLS/Lab3_HLS/hls/.autopilot/db/matmul 
Execute     export_constraint_db -f -tool general -o /home/nhanenten/Desktop/HW_SW/Lab3/Lab3_HLS/Lab3_HLS/hls/.autopilot/db/matmul.constraint.tcl 
Execute     syn_report -designview -model matmul -o /home/nhanenten/Desktop/HW_SW/Lab3/Lab3_HLS/Lab3_HLS/hls/.autopilot/db/matmul.design.xml 
Execute     syn_report -csynthDesign -model matmul -o /home/nhanenten/Desktop/HW_SW/Lab3/Lab3_HLS/Lab3_HLS/hls/syn/report/csynth.rpt -MHOut /home/nhanenten/Desktop/HW_SW/Lab3/Lab3_HLS/Lab3_HLS/hls/.autopilot/db/kernel_module_hierarchy.tcl 
Execute       list_part -family xc7z010-clg400-1 
Execute         ap_family_info -name xc7z010-clg400-1 -data names 
Execute         ap_part_info -quiet -name xc7z010-clg400-1 -data family 
Execute     syn_report -wcfg -model matmul -o /home/nhanenten/Desktop/HW_SW/Lab3/Lab3_HLS/Lab3_HLS/hls/.autopilot/db/matmul_dataflow_ana.wcfg 
Execute     syn_report -protoinst -model matmul -o /home/nhanenten/Desktop/HW_SW/Lab3/Lab3_HLS/Lab3_HLS/hls/.autopilot/db/matmul.protoinst 
Execute     sc_get_clocks matmul 
Execute     sc_get_portdomain matmul 
INFO-FLOW: Model list for RTL component generation: matmul
INFO-FLOW: Handling components in module [matmul] ... 
Execute     source /home/nhanenten/Desktop/HW_SW/Lab3/Lab3_HLS/Lab3_HLS/hls/.autopilot/db/matmul.compgen.tcl 
INFO-FLOW: Found component matmul_mul_32s_32s_32_2_1.
INFO-FLOW: Append model matmul_mul_32s_32s_32_2_1
INFO-FLOW: Found component matmul_flow_control_loop_pipe.
INFO-FLOW: Append model matmul_flow_control_loop_pipe
INFO-FLOW: Append model matmul
INFO-FLOW: Generating RTL model list ...
INFO-FLOW: All models in this session: matmul_mul_32s_32s_32_2_1 matmul_flow_control_loop_pipe matmul
INFO-FLOW: Generating /home/nhanenten/Desktop/HW_SW/Lab3/Lab3_HLS/Lab3_HLS/hls/.autopilot/db/autopilot.rtl.models.txt file...
INFO-FLOW: To file: write model matmul_mul_32s_32s_32_2_1
INFO-FLOW: To file: write model matmul_flow_control_loop_pipe
INFO-FLOW: To file: write model matmul
INFO-FLOW: Generating /home/nhanenten/Desktop/HW_SW/Lab3/Lab3_HLS/Lab3_HLS/hls/.autopilot/db/autopilot.rtl.models.tcl file...
INFO-FLOW: Finished generating RTL model list.


INFO-FLOW: RTL Generation done.
INFO-FLOW: CAS Generation done.
INFO-FLOW: CBC Generation done.
Execute     AP::msg_collection_file -close 
INFO-FLOW: DBG:PROC: ::AESL_AUTOMG::auto_generate_csynth_design
INFO-FLOW: DBG:PUTS: read_platform_lib /home/nhanenten/Desktop/HW_SW/Lab3/Lab3_HLS/Lab3_HLS/hls/.autopilot/db/global.setting.tcl
Execute     source /home/nhanenten/2025.2/Vitis/common/technology/generic/autopilot/common.gen 
Execute       source /home/nhanenten/2025.2/Vitis/common/technology/generic/autopilot/APCoreGen.gen 
Execute     source /home/nhanenten/2025.2/Vitis/common/technology/generic/autopilot/op.gen 
Execute     source /home/nhanenten/2025.2/Vitis/common/technology/generic/autopilot/op_simcore.gen 
Execute     source /home/nhanenten/2025.2/Vitis/common/technology/generic/autopilot/interface.gen 
Execute     source /home/nhanenten/Desktop/HW_SW/Lab3/Lab3_HLS/Lab3_HLS/hls/.autopilot/db/global.setting.tcl 
Execute     source /home/nhanenten/2025.2/Vitis/common/technology/xilinx/common/xilinx.gen 
Execute       source /home/nhanenten/2025.2/Vitis/common/technology/xilinx/interface/plb46.gen 
Execute       source /home/nhanenten/2025.2/Vitis/common/technology/xilinx/interface/axi4.gen 
Execute       source /home/nhanenten/2025.2/Vitis/common/technology/xilinx/interface/nativeAXI4.gen 
Execute         source /home/nhanenten/2025.2/Vitis/common/technology/xilinx/interface/saxilite.gen 
Execute       source /home/nhanenten/2025.2/Vitis/common/technology/xilinx/scripts/xilinxcoregen.gen 
Execute       source /home/nhanenten/2025.2/Vitis/common/technology/xilinx/interface/XilEDKCoreGen.gen 
Execute       source /home/nhanenten/2025.2/Vitis/common/technology/xilinx/ip/dds_compiler.gen 
Execute       source /home/nhanenten/2025.2/Vitis/common/technology/xilinx/ip/xfir.gen 
Execute       source /home/nhanenten/2025.2/Vitis/common/technology/xilinx/ip/xfft.gen 
Execute       source /home/nhanenten/2025.2/Vitis/common/technology/xilinx/ip/util.gen 
Execute       source /home/nhanenten/2025.2/Vitis/common/technology/xilinx/DSP48/dsp48.gen 
INFO-FLOW: DBG:PUTS:   using AESL_AUTOCG::g_clock_period=10.000 (was NA)
INFO-FLOW: DBG:PROC: ::AESL_AUTOMG::generate_ip_cores gen_sim_model='1' gen_fp_models='0' gen_for_export='0' dstSCDir='' dstVhdlDir='/home/nhanenten/Desktop/HW_SW/Lab3/Lab3_HLS/Lab3_HLS/hls/.autopilot/db/vhdl' dstVlogDir='/home/nhanenten/Desktop/HW_SW/Lab3/Lab3_HLS/Lab3_HLS/hls/.autopilot/db/vlog' tclDir='/home/nhanenten/Desktop/HW_SW/Lab3/Lab3_HLS/Lab3_HLS/hls/.autopilot/db' modelList='matmul_mul_32s_32s_32_2_1
matmul_flow_control_loop_pipe
matmul
' expOnly='0'
Execute     source /home/nhanenten/Desktop/HW_SW/Lab3/Lab3_HLS/Lab3_HLS/hls/.autopilot/db/global.setting.tcl 
Execute     ap_part_info -name xc7z010-clg400-1 -data names -quiet 
Execute     ap_part_info -name xc7z010-clg400-1 -data info -quiet 
Execute     source /home/nhanenten/Desktop/HW_SW/Lab3/Lab3_HLS/Lab3_HLS/hls/.autopilot/db/global.setting.tcl 
Execute     source /home/nhanenten/Desktop/HW_SW/Lab3/Lab3_HLS/Lab3_HLS/hls/.autopilot/db/global.setting.tcl 
Execute     source /home/nhanenten/Desktop/HW_SW/Lab3/Lab3_HLS/Lab3_HLS/hls/.autopilot/db/matmul.compgen.tcl 
INFO: [HLS 200-111] Finished Generating all RTL models: CPU user time: 0.14 seconds. CPU system time: 0.01 seconds. Elapsed time: 0.15 seconds; current allocated memory: 298.270 MB.
INFO-FLOW: DBG:PROC: ::HLSREPORTS::create_csynth_xml bind_info_var='bind_info' RtlSubPrefix='matmul_' outfile=''
INFO-FLOW: Running: create_csynth_xml read xml data
INFO-FLOW: Done: create_csynth_xml read xml data time: 0 seconds 
INFO-FLOW: create_csynth_xml: all_module_nodes count=1
INFO-FLOW: Running: create_csynth_xml bind info
INFO-FLOW: create_csynth_xml: all_bind_nodes count=81
INFO-FLOW: Done: create_csynth_xml bind info time: 0 seconds 
INFO-FLOW: create_csynth_xml: bind_instances counts: modules=1 instances=78
INFO-FLOW: Running: create_csynth_xml update csynth_xml_module_hier
INFO-FLOW: Done: create_csynth_xml update csynth_xml_module_hier time: 0 seconds 
INFO-FLOW: create_csynth_xml: csynth_xml_module_hier max_depth=2
INFO-FLOW: Running: create_csynth_xml gen bind_report_dict
INFO-FLOW: Done: create_csynth_xml gen bind_report_dict time: 0 seconds 
INFO-FLOW: Running: create_csynth_xml config info
INFO-FLOW: Done: create_csynth_xml config info time: 0.1 seconds 
INFO-FLOW: Running: create_csynth_xml write xml
INFO-FLOW: Done: create_csynth_xml write xml time: 0 seconds 
INFO-FLOW: DBG:PUTS:      create_csynth_xml wrote csynth_xml=/home/nhanenten/Desktop/HW_SW/Lab3/Lab3_HLS/Lab3_HLS/hls/syn/report/csynth.xml
INFO-FLOW: Running: generate_json
INFO-FLOW: DBG:PROC: ::AP::DESIGN_DATA::generate_json generate_bd_files='0' generate_xo_files='0' modelList='matmul_mul_32s_32s_32_2_1
matmul_flow_control_loop_pipe
matmul
' rtl_lang='both' bootstrap_tcl='false' outdir='' outfilename=''
Execute     source /home/nhanenten/Desktop/HW_SW/Lab3/Lab3_HLS/Lab3_HLS/hls/.autopilot/db/global.setting.tcl 
Execute     source /home/nhanenten/Desktop/HW_SW/Lab3/Lab3_HLS/Lab3_HLS/hls/.autopilot/db/global.setting.tcl 
Execute     source /home/nhanenten/Desktop/HW_SW/Lab3/Lab3_HLS/Lab3_HLS/hls/.autopilot/db/top-io-be.tcl 
Execute     source /home/nhanenten/Desktop/HW_SW/Lab3/Lab3_HLS/Lab3_HLS/hls/.autopilot/db/matmul.tbgen.tcl 
Execute     source /home/nhanenten/Desktop/HW_SW/Lab3/Lab3_HLS/Lab3_HLS/hls/.autopilot/db/matmul.rtl_wrap.cfg.tcl 
Execute     source /home/nhanenten/Desktop/HW_SW/Lab3/Lab3_HLS/Lab3_HLS/hls/.autopilot/db/matmul.compgen.dataonly.tcl 
Execute     source /home/nhanenten/Desktop/HW_SW/Lab3/Lab3_HLS/Lab3_HLS/hls/.autopilot/db/matmul.tbgen.tcl 
Execute     source /home/nhanenten/Desktop/HW_SW/Lab3/Lab3_HLS/Lab3_HLS/hls/.autopilot/db/global.setting.tcl 
Execute     ap_part_info -name xc7z010-clg400-1 -data names -quiet 
Execute     ap_part_info -name xc7z010-clg400-1 -data info -quiet 
Execute     source /home/nhanenten/Desktop/HW_SW/Lab3/Lab3_HLS/Lab3_HLS/hls/.autopilot/db/matmul.constraint.tcl 
Execute     sc_get_clocks matmul 
Execute     source /home/nhanenten/Desktop/HW_SW/Lab3/Lab3_HLS/Lab3_HLS/hls/.autopilot/db/global.setting.tcl 
Execute     source /home/nhanenten/2025.2/Vitis/tps/tcl/tcllib2.0/fileutil/fileutil.tcl 
INFO-FLOW: Done: generate_json time: 0.1 seconds 
INFO-FLOW: Running: add_csynth_report_sections
INFO-FLOW: DBG:PROC: ::HLSREPORTS::add_csynth_report_sections bind_info_dict='adapter_nodes {} cache_nodes {} report_dict {TOPINST matmul MODULE2INSTS {matmul matmul} INST2MODULE {matmul matmul} INSTDATA {matmul {DEPTH 1 CHILDREN {}}} MODULEDATA {matmul {BINDINFO {{BINDTYPE op ID {} IMPL auto LATENCY 0 OPTYPE setgt PRAGMA {} RTLNAME icmp_ln10_fu_517_p2 SOURCE matmul.cpp:10 VARIABLE icmp_ln10 LOOP {} BUNDLEDNAME {} DSP 0 BRAM 0 URAM 0 STORAGESUBTYPE {} DISPNAME {bind_op setgt} VISIBLE false} {BINDTYPE op ID {} IMPL auto LATENCY 0 OPTYPE setgt PRAGMA {} RTLNAME icmp_ln10_1_fu_533_p2 SOURCE matmul.cpp:10 VARIABLE icmp_ln10_1 LOOP {} BUNDLEDNAME {} DSP 0 BRAM 0 URAM 0 STORAGESUBTYPE {} DISPNAME {bind_op setgt} VISIBLE false} {BINDTYPE op ID {} IMPL auto LATENCY 0 OPTYPE setgt PRAGMA {} RTLNAME icmp_ln10_2_fu_539_p2 SOURCE matmul.cpp:10 VARIABLE icmp_ln10_2 LOOP {} BUNDLEDNAME {} DSP 0 BRAM 0 URAM 0 STORAGESUBTYPE {} DISPNAME {bind_op setgt} VISIBLE false} {BINDTYPE op ID {} IMPL auto LATENCY 0 OPTYPE setgt PRAGMA {} RTLNAME icmp_ln10_3_fu_555_p2 SOURCE matmul.cpp:10 VARIABLE icmp_ln10_3 LOOP {} BUNDLEDNAME {} DSP 0 BRAM 0 URAM 0 STORAGESUBTYPE {} DISPNAME {bind_op setgt} VISIBLE false} {BINDTYPE op ID {} IMPL auto LATENCY 0 OPTYPE setgt PRAGMA {} RTLNAME icmp_ln10_4_fu_561_p2 SOURCE matmul.cpp:10 VARIABLE icmp_ln10_4 LOOP {} BUNDLEDNAME {} DSP 0 BRAM 0 URAM 0 STORAGESUBTYPE {} DISPNAME {bind_op setgt} VISIBLE false} {BINDTYPE op ID {} IMPL auto LATENCY 0 OPTYPE setgt PRAGMA {} RTLNAME icmp_ln10_5_fu_567_p2 SOURCE matmul.cpp:10 VARIABLE icmp_ln10_5 LOOP {} BUNDLEDNAME {} DSP 0 BRAM 0 URAM 0 STORAGESUBTYPE {} DISPNAME {bind_op setgt} VISIBLE false} {BINDTYPE op ID {} IMPL auto LATENCY 0 OPTYPE setgt PRAGMA {} RTLNAME icmp_ln10_6_fu_573_p2 SOURCE matmul.cpp:10 VARIABLE icmp_ln10_6 LOOP {} BUNDLEDNAME {} DSP 0 BRAM 0 URAM 0 STORAGESUBTYPE {} DISPNAME {bind_op setgt} VISIBLE false} {BINDTYPE op ID {} IMPL auto LATENCY 0 OPTYPE setgt PRAGMA {} RTLNAME icmp_ln10_7_fu_589_p2 SOURCE matmul.cpp:10 VARIABLE icmp_ln10_7 LOOP {} BUNDLEDNAME {} DSP 0 BRAM 0 URAM 0 STORAGESUBTYPE {} DISPNAME {bind_op setgt} VISIBLE false} {BINDTYPE op ID {} IMPL auto LATENCY 0 OPTYPE setgt PRAGMA {} RTLNAME icmp_ln10_8_fu_595_p2 SOURCE matmul.cpp:10 VARIABLE icmp_ln10_8 LOOP {} BUNDLEDNAME {} DSP 0 BRAM 0 URAM 0 STORAGESUBTYPE {} DISPNAME {bind_op setgt} VISIBLE false} {BINDTYPE op ID {} IMPL auto LATENCY 0 OPTYPE setgt PRAGMA {} RTLNAME icmp_ln10_9_fu_601_p2 SOURCE matmul.cpp:10 VARIABLE icmp_ln10_9 LOOP {} BUNDLEDNAME {} DSP 0 BRAM 0 URAM 0 STORAGESUBTYPE {} DISPNAME {bind_op setgt} VISIBLE false} {BINDTYPE op ID {} IMPL auto LATENCY 0 OPTYPE setgt PRAGMA {} RTLNAME icmp_ln10_10_fu_607_p2 SOURCE matmul.cpp:10 VARIABLE icmp_ln10_10 LOOP {} BUNDLEDNAME {} DSP 0 BRAM 0 URAM 0 STORAGESUBTYPE {} DISPNAME {bind_op setgt} VISIBLE false} {BINDTYPE op ID {} IMPL auto LATENCY 0 OPTYPE setgt PRAGMA {} RTLNAME icmp_ln10_11_fu_613_p2 SOURCE matmul.cpp:10 VARIABLE icmp_ln10_11 LOOP {} BUNDLEDNAME {} DSP 0 BRAM 0 URAM 0 STORAGESUBTYPE {} DISPNAME {bind_op setgt} VISIBLE false} {BINDTYPE op ID {} IMPL auto LATENCY 0 OPTYPE setgt PRAGMA {} RTLNAME icmp_ln10_12_fu_619_p2 SOURCE matmul.cpp:10 VARIABLE icmp_ln10_12 LOOP {} BUNDLEDNAME {} DSP 0 BRAM 0 URAM 0 STORAGESUBTYPE {} DISPNAME {bind_op setgt} VISIBLE false} {BINDTYPE op ID {} IMPL auto LATENCY 0 OPTYPE setgt PRAGMA {} RTLNAME icmp_ln10_13_fu_625_p2 SOURCE matmul.cpp:10 VARIABLE icmp_ln10_13 LOOP {} BUNDLEDNAME {} DSP 0 BRAM 0 URAM 0 STORAGESUBTYPE {} DISPNAME {bind_op setgt} VISIBLE false} {BINDTYPE op ID {} IMPL auto LATENCY 0 OPTYPE setgt PRAGMA {} RTLNAME icmp_ln10_14_fu_631_p2 SOURCE matmul.cpp:10 VARIABLE icmp_ln10_14 LOOP {} BUNDLEDNAME {} DSP 0 BRAM 0 URAM 0 STORAGESUBTYPE {} DISPNAME {bind_op setgt} VISIBLE false} {BINDTYPE op ID {} IMPL auto LATENCY 0 OPTYPE setgt PRAGMA {} RTLNAME icmp_ln10_15_fu_647_p2 SOURCE matmul.cpp:10 VARIABLE icmp_ln10_15 LOOP {} BUNDLEDNAME {} DSP 0 BRAM 0 URAM 0 STORAGESUBTYPE {} DISPNAME {bind_op setgt} VISIBLE false} {BINDTYPE op ID {} IMPL fabric LATENCY 0 OPTYPE add PRAGMA {} RTLNAME add_ln6_fu_674_p2 SOURCE matmul.cpp:6 VARIABLE add_ln6 LOOP VITIS_LOOP_6_1_VITIS_LOOP_7_2 BUNDLEDNAME {} DSP 0 BRAM 0 URAM 0 STORAGESUBTYPE {} DISPNAME {bind_op add} VISIBLE true} {BINDTYPE op ID {} IMPL auto_sel LATENCY 0 OPTYPE select PRAGMA {} RTLNAME select_ln6_fu_680_p3 SOURCE matmul.cpp:6 VARIABLE select_ln6 LOOP VITIS_LOOP_6_1_VITIS_LOOP_7_2 BUNDLEDNAME {} DSP 0 BRAM 0 URAM 0 STORAGESUBTYPE {} DISPNAME {bind_op select} VISIBLE false} {BINDTYPE op ID {} IMPL auto_sel LATENCY 0 OPTYPE select PRAGMA {} RTLNAME i_3_fu_688_p3 SOURCE matmul.cpp:6 VARIABLE i_3 LOOP VITIS_LOOP_6_1_VITIS_LOOP_7_2 BUNDLEDNAME {} DSP 0 BRAM 0 URAM 0 STORAGESUBTYPE {} DISPNAME {bind_op select} VISIBLE false} {BINDTYPE op ID {} IMPL fabric LATENCY 0 OPTYPE add PRAGMA {} RTLNAME add_ln11_fu_735_p2 SOURCE matmul.cpp:11 VARIABLE add_ln11 LOOP VITIS_LOOP_6_1_VITIS_LOOP_7_2 BUNDLEDNAME {} DSP 0 BRAM 0 URAM 0 STORAGESUBTYPE {} DISPNAME {bind_op add} VISIBLE true} {BINDTYPE op ID {} IMPL fabric LATENCY 0 OPTYPE add PRAGMA {} RTLNAME add_ln11_1_fu_802_p2 SOURCE matmul.cpp:11 VARIABLE add_ln11_1 LOOP VITIS_LOOP_6_1_VITIS_LOOP_7_2 BUNDLEDNAME {} DSP 0 BRAM 0 URAM 0 STORAGESUBTYPE {} DISPNAME {bind_op add} VISIBLE true} {BINDTYPE op ID {} IMPL fabric LATENCY 0 OPTYPE add PRAGMA {} RTLNAME add_ln11_2_fu_849_p2 SOURCE matmul.cpp:11 VARIABLE add_ln11_2 LOOP VITIS_LOOP_6_1_VITIS_LOOP_7_2 BUNDLEDNAME {} DSP 0 BRAM 0 URAM 0 STORAGESUBTYPE {} DISPNAME {bind_op add} VISIBLE true} {BINDTYPE op ID {} IMPL fabric LATENCY 0 OPTYPE add PRAGMA {} RTLNAME add_ln11_3_fu_894_p2 SOURCE matmul.cpp:11 VARIABLE add_ln11_3 LOOP VITIS_LOOP_6_1_VITIS_LOOP_7_2 BUNDLEDNAME {} DSP 0 BRAM 0 URAM 0 STORAGESUBTYPE {} DISPNAME {bind_op add} VISIBLE true} {BINDTYPE op ID {} IMPL fabric LATENCY 0 OPTYPE add PRAGMA {} RTLNAME add_ln11_4_fu_961_p2 SOURCE matmul.cpp:11 VARIABLE add_ln11_4 LOOP VITIS_LOOP_6_1_VITIS_LOOP_7_2 BUNDLEDNAME {} DSP 0 BRAM 0 URAM 0 STORAGESUBTYPE {} DISPNAME {bind_op add} VISIBLE true} {BINDTYPE op ID {} IMPL fabric LATENCY 0 OPTYPE add PRAGMA {} RTLNAME add_ln11_5_fu_1031_p2 SOURCE matmul.cpp:11 VARIABLE add_ln11_5 LOOP VITIS_LOOP_6_1_VITIS_LOOP_7_2 BUNDLEDNAME {} DSP 0 BRAM 0 URAM 0 STORAGESUBTYPE {} DISPNAME {bind_op add} VISIBLE true} {BINDTYPE op ID {} IMPL auto LATENCY 0 OPTYPE xor PRAGMA {} RTLNAME xor_ln11_fu_1168_p2 SOURCE matmul.cpp:11 VARIABLE xor_ln11 LOOP VITIS_LOOP_6_1_VITIS_LOOP_7_2 BUNDLEDNAME {} DSP 0 BRAM 0 URAM 0 STORAGESUBTYPE {} DISPNAME {bind_op xor} VISIBLE false} {BINDTYPE op ID {} IMPL fabric LATENCY 0 OPTYPE add PRAGMA {} RTLNAME add_ln14_fu_1041_p2 SOURCE matmul.cpp:14 VARIABLE add_ln14 LOOP VITIS_LOOP_6_1_VITIS_LOOP_7_2 BUNDLEDNAME {} DSP 0 BRAM 0 URAM 0 STORAGESUBTYPE {} DISPNAME {bind_op add} VISIBLE true} {BINDTYPE op ID {} IMPL auto LATENCY 1 OPTYPE mul PRAGMA {} RTLNAME mul_32s_32s_32_2_1_U1 SOURCE matmul.cpp:11 VARIABLE sum LOOP VITIS_LOOP_6_1_VITIS_LOOP_7_2 BUNDLEDNAME {} DSP 3 BRAM 0 URAM 0 STORAGESUBTYPE {} DISPNAME {bind_op mul} VISIBLE true} {BINDTYPE op ID {} IMPL auto_sel LATENCY 0 OPTYPE select PRAGMA {} RTLNAME sum_1_fu_905_p3 SOURCE matmul.cpp:10 VARIABLE sum_1 LOOP VITIS_LOOP_6_1_VITIS_LOOP_7_2 BUNDLEDNAME {} DSP 0 BRAM 0 URAM 0 STORAGESUBTYPE {} DISPNAME {bind_op select} VISIBLE false} {BINDTYPE op ID {} IMPL auto LATENCY 1 OPTYPE mul PRAGMA {} RTLNAME mul_32s_32s_32_2_1_U2 SOURCE matmul.cpp:11 VARIABLE mul_ln11 LOOP VITIS_LOOP_6_1_VITIS_LOOP_7_2 BUNDLEDNAME {} DSP 3 BRAM 0 URAM 0 STORAGESUBTYPE {} DISPNAME {bind_op mul} VISIBLE true} {BINDTYPE op ID {} IMPL fabric LATENCY 0 OPTYPE add PRAGMA {} RTLNAME sum_2_fu_912_p2 SOURCE matmul.cpp:11 VARIABLE sum_2 LOOP VITIS_LOOP_6_1_VITIS_LOOP_7_2 BUNDLEDNAME {} DSP 0 BRAM 0 URAM 0 STORAGESUBTYPE {} DISPNAME {bind_op add} VISIBLE true} {BINDTYPE op ID {} IMPL auto_sel LATENCY 0 OPTYPE select PRAGMA {} RTLNAME sum_3_fu_918_p3 SOURCE matmul.cpp:10 VARIABLE sum_3 LOOP VITIS_LOOP_6_1_VITIS_LOOP_7_2 BUNDLEDNAME {} DSP 0 BRAM 0 URAM 0 STORAGESUBTYPE {} DISPNAME {bind_op select} VISIBLE false} {BINDTYPE op ID {} IMPL auto LATENCY 1 OPTYPE mul PRAGMA {} RTLNAME mul_32s_32s_32_2_1_U1 SOURCE matmul.cpp:11 VARIABLE mul_ln11_1 LOOP VITIS_LOOP_6_1_VITIS_LOOP_7_2 BUNDLEDNAME {} DSP 3 BRAM 0 URAM 0 STORAGESUBTYPE {} DISPNAME {bind_op mul} VISIBLE true} {BINDTYPE op ID {} IMPL fabric LATENCY 0 OPTYPE add PRAGMA {} RTLNAME sum_4_fu_971_p2 SOURCE matmul.cpp:11 VARIABLE sum_4 LOOP VITIS_LOOP_6_1_VITIS_LOOP_7_2 BUNDLEDNAME {} DSP 0 BRAM 0 URAM 0 STORAGESUBTYPE {} DISPNAME {bind_op add} VISIBLE true} {BINDTYPE op ID {} IMPL auto_sel LATENCY 0 OPTYPE select PRAGMA {} RTLNAME sum_5_fu_976_p3 SOURCE matmul.cpp:10 VARIABLE sum_5 LOOP VITIS_LOOP_6_1_VITIS_LOOP_7_2 BUNDLEDNAME {} DSP 0 BRAM 0 URAM 0 STORAGESUBTYPE {} DISPNAME {bind_op select} VISIBLE false} {BINDTYPE op ID {} IMPL auto LATENCY 1 OPTYPE mul PRAGMA {} RTLNAME mul_32s_32s_32_2_1_U2 SOURCE matmul.cpp:11 VARIABLE mul_ln11_2 LOOP VITIS_LOOP_6_1_VITIS_LOOP_7_2 BUNDLEDNAME {} DSP 3 BRAM 0 URAM 0 STORAGESUBTYPE {} DISPNAME {bind_op mul} VISIBLE true} {BINDTYPE op ID {} IMPL fabric LATENCY 0 OPTYPE add PRAGMA {} RTLNAME sum_6_fu_982_p2 SOURCE matmul.cpp:11 VARIABLE sum_6 LOOP VITIS_LOOP_6_1_VITIS_LOOP_7_2 BUNDLEDNAME {} DSP 0 BRAM 0 URAM 0 STORAGESUBTYPE {} DISPNAME {bind_op add} VISIBLE true} {BINDTYPE op ID {} IMPL auto_sel LATENCY 0 OPTYPE select PRAGMA {} RTLNAME sum_7_fu_988_p3 SOURCE matmul.cpp:10 VARIABLE sum_7 LOOP VITIS_LOOP_6_1_VITIS_LOOP_7_2 BUNDLEDNAME {} DSP 0 BRAM 0 URAM 0 STORAGESUBTYPE {} DISPNAME {bind_op select} VISIBLE false} {BINDTYPE op ID {} IMPL auto LATENCY 1 OPTYPE mul PRAGMA {} RTLNAME mul_32s_32s_32_2_1_U1 SOURCE matmul.cpp:11 VARIABLE mul_ln11_3 LOOP VITIS_LOOP_6_1_VITIS_LOOP_7_2 BUNDLEDNAME {} DSP 3 BRAM 0 URAM 0 STORAGESUBTYPE {} DISPNAME {bind_op mul} VISIBLE true} {BINDTYPE op ID {} IMPL fabric LATENCY 0 OPTYPE add PRAGMA {} RTLNAME sum_8_fu_1045_p2 SOURCE matmul.cpp:11 VARIABLE sum_8 LOOP VITIS_LOOP_6_1_VITIS_LOOP_7_2 BUNDLEDNAME {} DSP 0 BRAM 0 URAM 0 STORAGESUBTYPE {} DISPNAME {bind_op add} VISIBLE true} {BINDTYPE op ID {} IMPL auto_sel LATENCY 0 OPTYPE select PRAGMA {} RTLNAME sum_9_fu_1050_p3 SOURCE matmul.cpp:10 VARIABLE sum_9 LOOP VITIS_LOOP_6_1_VITIS_LOOP_7_2 BUNDLEDNAME {} DSP 0 BRAM 0 URAM 0 STORAGESUBTYPE {} DISPNAME {bind_op select} VISIBLE false} {BINDTYPE op ID {} IMPL auto LATENCY 1 OPTYPE mul PRAGMA {} RTLNAME mul_32s_32s_32_2_1_U2 SOURCE matmul.cpp:11 VARIABLE mul_ln11_4 LOOP VITIS_LOOP_6_1_VITIS_LOOP_7_2 BUNDLEDNAME {} DSP 3 BRAM 0 URAM 0 STORAGESUBTYPE {} DISPNAME {bind_op mul} VISIBLE true} {BINDTYPE op ID {} IMPL fabric LATENCY 0 OPTYPE add PRAGMA {} RTLNAME sum_10_fu_1056_p2 SOURCE matmul.cpp:11 VARIABLE sum_10 LOOP VITIS_LOOP_6_1_VITIS_LOOP_7_2 BUNDLEDNAME {} DSP 0 BRAM 0 URAM 0 STORAGESUBTYPE {} DISPNAME {bind_op add} VISIBLE true} {BINDTYPE op ID {} IMPL auto_sel LATENCY 0 OPTYPE select PRAGMA {} RTLNAME sum_11_fu_1062_p3 SOURCE matmul.cpp:10 VARIABLE sum_11 LOOP VITIS_LOOP_6_1_VITIS_LOOP_7_2 BUNDLEDNAME {} DSP 0 BRAM 0 URAM 0 STORAGESUBTYPE {} DISPNAME {bind_op select} VISIBLE false} {BINDTYPE op ID {} IMPL auto LATENCY 1 OPTYPE mul PRAGMA {} RTLNAME mul_32s_32s_32_2_1_U1 SOURCE matmul.cpp:11 VARIABLE mul_ln11_5 LOOP VITIS_LOOP_6_1_VITIS_LOOP_7_2 BUNDLEDNAME {} DSP 3 BRAM 0 URAM 0 STORAGESUBTYPE {} DISPNAME {bind_op mul} VISIBLE true} {BINDTYPE op ID {} IMPL fabric LATENCY 0 OPTYPE add PRAGMA {} RTLNAME sum_12_fu_1109_p2 SOURCE matmul.cpp:11 VARIABLE sum_12 LOOP VITIS_LOOP_6_1_VITIS_LOOP_7_2 BUNDLEDNAME {} DSP 0 BRAM 0 URAM 0 STORAGESUBTYPE {} DISPNAME {bind_op add} VISIBLE true} {BINDTYPE op ID {} IMPL auto_sel LATENCY 0 OPTYPE select PRAGMA {} RTLNAME sum_13_fu_1114_p3 SOURCE matmul.cpp:10 VARIABLE sum_13 LOOP VITIS_LOOP_6_1_VITIS_LOOP_7_2 BUNDLEDNAME {} DSP 0 BRAM 0 URAM 0 STORAGESUBTYPE {} DISPNAME {bind_op select} VISIBLE false} {BINDTYPE op ID {} IMPL auto LATENCY 1 OPTYPE mul PRAGMA {} RTLNAME mul_32s_32s_32_2_1_U2 SOURCE matmul.cpp:11 VARIABLE mul_ln11_6 LOOP VITIS_LOOP_6_1_VITIS_LOOP_7_2 BUNDLEDNAME {} DSP 3 BRAM 0 URAM 0 STORAGESUBTYPE {} DISPNAME {bind_op mul} VISIBLE true} {BINDTYPE op ID {} IMPL fabric LATENCY 0 OPTYPE add PRAGMA {} RTLNAME sum_14_fu_1120_p2 SOURCE matmul.cpp:11 VARIABLE sum_14 LOOP VITIS_LOOP_6_1_VITIS_LOOP_7_2 BUNDLEDNAME {} DSP 0 BRAM 0 URAM 0 STORAGESUBTYPE {} DISPNAME {bind_op add} VISIBLE true} {BINDTYPE op ID {} IMPL auto_sel LATENCY 0 OPTYPE select PRAGMA {} RTLNAME sum_15_fu_1126_p3 SOURCE matmul.cpp:10 VARIABLE sum_15 LOOP VITIS_LOOP_6_1_VITIS_LOOP_7_2 BUNDLEDNAME {} DSP 0 BRAM 0 URAM 0 STORAGESUBTYPE {} DISPNAME {bind_op select} VISIBLE false} {BINDTYPE op ID {} IMPL auto LATENCY 1 OPTYPE mul PRAGMA {} RTLNAME mul_32s_32s_32_2_1_U1 SOURCE matmul.cpp:11 VARIABLE mul_ln11_7 LOOP VITIS_LOOP_6_1_VITIS_LOOP_7_2 BUNDLEDNAME {} DSP 3 BRAM 0 URAM 0 STORAGESUBTYPE {} DISPNAME {bind_op mul} VISIBLE true} {BINDTYPE op ID {} IMPL fabric LATENCY 0 OPTYPE add PRAGMA {} RTLNAME sum_16_fu_1189_p2 SOURCE matmul.cpp:11 VARIABLE sum_16 LOOP VITIS_LOOP_6_1_VITIS_LOOP_7_2 BUNDLEDNAME {} DSP 0 BRAM 0 URAM 0 STORAGESUBTYPE {} DISPNAME {bind_op add} VISIBLE true} {BINDTYPE op ID {} IMPL auto_sel LATENCY 0 OPTYPE select PRAGMA {} RTLNAME sum_17_fu_1194_p3 SOURCE matmul.cpp:10 VARIABLE sum_17 LOOP VITIS_LOOP_6_1_VITIS_LOOP_7_2 BUNDLEDNAME {} DSP 0 BRAM 0 URAM 0 STORAGESUBTYPE {} DISPNAME {bind_op select} VISIBLE false} {BINDTYPE op ID {} IMPL auto LATENCY 1 OPTYPE mul PRAGMA {} RTLNAME mul_32s_32s_32_2_1_U2 SOURCE matmul.cpp:11 VARIABLE mul_ln11_8 LOOP VITIS_LOOP_6_1_VITIS_LOOP_7_2 BUNDLEDNAME {} DSP 3 BRAM 0 URAM 0 STORAGESUBTYPE {} DISPNAME {bind_op mul} VISIBLE true} {BINDTYPE op ID {} IMPL fabric LATENCY 0 OPTYPE add PRAGMA {} RTLNAME sum_18_fu_1200_p2 SOURCE matmul.cpp:11 VARIABLE sum_18 LOOP VITIS_LOOP_6_1_VITIS_LOOP_7_2 BUNDLEDNAME {} DSP 0 BRAM 0 URAM 0 STORAGESUBTYPE {} DISPNAME {bind_op add} VISIBLE true} {BINDTYPE op ID {} IMPL auto_sel LATENCY 0 OPTYPE select PRAGMA {} RTLNAME sum_19_fu_1206_p3 SOURCE matmul.cpp:10 VARIABLE sum_19 LOOP VITIS_LOOP_6_1_VITIS_LOOP_7_2 BUNDLEDNAME {} DSP 0 BRAM 0 URAM 0 STORAGESUBTYPE {} DISPNAME {bind_op select} VISIBLE false} {BINDTYPE op ID {} IMPL auto LATENCY 1 OPTYPE mul PRAGMA {} RTLNAME mul_32s_32s_32_2_1_U1 SOURCE matmul.cpp:11 VARIABLE mul_ln11_9 LOOP VITIS_LOOP_6_1_VITIS_LOOP_7_2 BUNDLEDNAME {} DSP 3 BRAM 0 URAM 0 STORAGESUBTYPE {} DISPNAME {bind_op mul} VISIBLE true} {BINDTYPE op ID {} IMPL fabric LATENCY 0 OPTYPE add PRAGMA {} RTLNAME sum_20_fu_1246_p2 SOURCE matmul.cpp:11 VARIABLE sum_20 LOOP VITIS_LOOP_6_1_VITIS_LOOP_7_2 BUNDLEDNAME {} DSP 0 BRAM 0 URAM 0 STORAGESUBTYPE {} DISPNAME {bind_op add} VISIBLE true} {BINDTYPE op ID {} IMPL auto_sel LATENCY 0 OPTYPE select PRAGMA {} RTLNAME sum_21_fu_1251_p3 SOURCE matmul.cpp:10 VARIABLE sum_21 LOOP VITIS_LOOP_6_1_VITIS_LOOP_7_2 BUNDLEDNAME {} DSP 0 BRAM 0 URAM 0 STORAGESUBTYPE {} DISPNAME {bind_op select} VISIBLE false} {BINDTYPE op ID {} IMPL auto LATENCY 1 OPTYPE mul PRAGMA {} RTLNAME mul_32s_32s_32_2_1_U2 SOURCE matmul.cpp:11 VARIABLE mul_ln11_10 LOOP VITIS_LOOP_6_1_VITIS_LOOP_7_2 BUNDLEDNAME {} DSP 3 BRAM 0 URAM 0 STORAGESUBTYPE {} DISPNAME {bind_op mul} VISIBLE true} {BINDTYPE op ID {} IMPL fabric LATENCY 0 OPTYPE add PRAGMA {} RTLNAME sum_22_fu_1257_p2 SOURCE matmul.cpp:11 VARIABLE sum_22 LOOP VITIS_LOOP_6_1_VITIS_LOOP_7_2 BUNDLEDNAME {} DSP 0 BRAM 0 URAM 0 STORAGESUBTYPE {} DISPNAME {bind_op add} VISIBLE true} {BINDTYPE op ID {} IMPL auto_sel LATENCY 0 OPTYPE select PRAGMA {} RTLNAME sum_23_fu_1263_p3 SOURCE matmul.cpp:10 VARIABLE sum_23 LOOP VITIS_LOOP_6_1_VITIS_LOOP_7_2 BUNDLEDNAME {} DSP 0 BRAM 0 URAM 0 STORAGESUBTYPE {} DISPNAME {bind_op select} VISIBLE false} {BINDTYPE op ID {} IMPL auto LATENCY 1 OPTYPE mul PRAGMA {} RTLNAME mul_32s_32s_32_2_1_U1 SOURCE matmul.cpp:11 VARIABLE mul_ln11_11 LOOP VITIS_LOOP_6_1_VITIS_LOOP_7_2 BUNDLEDNAME {} DSP 3 BRAM 0 URAM 0 STORAGESUBTYPE {} DISPNAME {bind_op mul} VISIBLE true} {BINDTYPE op ID {} IMPL fabric LATENCY 0 OPTYPE add PRAGMA {} RTLNAME sum_24_fu_1270_p2 SOURCE matmul.cpp:11 VARIABLE sum_24 LOOP VITIS_LOOP_6_1_VITIS_LOOP_7_2 BUNDLEDNAME {} DSP 0 BRAM 0 URAM 0 STORAGESUBTYPE {} DISPNAME {bind_op add} VISIBLE true} {BINDTYPE op ID {} IMPL auto_sel LATENCY 0 OPTYPE select PRAGMA {} RTLNAME sum_25_fu_1275_p3 SOURCE matmul.cpp:10 VARIABLE sum_25 LOOP VITIS_LOOP_6_1_VITIS_LOOP_7_2 BUNDLEDNAME {} DSP 0 BRAM 0 URAM 0 STORAGESUBTYPE {} DISPNAME {bind_op select} VISIBLE false} {BINDTYPE op ID {} IMPL auto LATENCY 1 OPTYPE mul PRAGMA {} RTLNAME mul_32s_32s_32_2_1_U2 SOURCE matmul.cpp:11 VARIABLE mul_ln11_12 LOOP VITIS_LOOP_6_1_VITIS_LOOP_7_2 BUNDLEDNAME {} DSP 3 BRAM 0 URAM 0 STORAGESUBTYPE {} DISPNAME {bind_op mul} VISIBLE true} {BINDTYPE op ID {} IMPL fabric LATENCY 0 OPTYPE add PRAGMA {} RTLNAME sum_26_fu_1281_p2 SOURCE matmul.cpp:11 VARIABLE sum_26 LOOP VITIS_LOOP_6_1_VITIS_LOOP_7_2 BUNDLEDNAME {} DSP 0 BRAM 0 URAM 0 STORAGESUBTYPE {} DISPNAME {bind_op add} VISIBLE true} {BINDTYPE op ID {} IMPL auto_sel LATENCY 0 OPTYPE select PRAGMA {} RTLNAME sum_27_fu_1287_p3 SOURCE matmul.cpp:10 VARIABLE sum_27 LOOP VITIS_LOOP_6_1_VITIS_LOOP_7_2 BUNDLEDNAME {} DSP 0 BRAM 0 URAM 0 STORAGESUBTYPE {} DISPNAME {bind_op select} VISIBLE false} {BINDTYPE op ID {} IMPL auto LATENCY 1 OPTYPE mul PRAGMA {} RTLNAME mul_32s_32s_32_2_1_U1 SOURCE matmul.cpp:11 VARIABLE mul_ln11_13 LOOP VITIS_LOOP_6_1_VITIS_LOOP_7_2 BUNDLEDNAME {} DSP 3 BRAM 0 URAM 0 STORAGESUBTYPE {} DISPNAME {bind_op mul} VISIBLE true} {BINDTYPE op ID {} IMPL fabric LATENCY 0 OPTYPE add PRAGMA {} RTLNAME sum_28_fu_1298_p2 SOURCE matmul.cpp:11 VARIABLE sum_28 LOOP VITIS_LOOP_6_1_VITIS_LOOP_7_2 BUNDLEDNAME {} DSP 0 BRAM 0 URAM 0 STORAGESUBTYPE {} DISPNAME {bind_op add} VISIBLE true} {BINDTYPE op ID {} IMPL auto_sel LATENCY 0 OPTYPE select PRAGMA {} RTLNAME sum_29_fu_1303_p3 SOURCE matmul.cpp:10 VARIABLE sum_29 LOOP VITIS_LOOP_6_1_VITIS_LOOP_7_2 BUNDLEDNAME {} DSP 0 BRAM 0 URAM 0 STORAGESUBTYPE {} DISPNAME {bind_op select} VISIBLE false} {BINDTYPE op ID {} IMPL auto LATENCY 1 OPTYPE mul PRAGMA {} RTLNAME mul_32s_32s_32_2_1_U2 SOURCE matmul.cpp:11 VARIABLE mul_ln11_14 LOOP VITIS_LOOP_6_1_VITIS_LOOP_7_2 BUNDLEDNAME {} DSP 3 BRAM 0 URAM 0 STORAGESUBTYPE {} DISPNAME {bind_op mul} VISIBLE true} {BINDTYPE op ID {} IMPL fabric LATENCY 0 OPTYPE add PRAGMA {} RTLNAME sum_30_fu_1309_p2 SOURCE matmul.cpp:11 VARIABLE sum_30 LOOP VITIS_LOOP_6_1_VITIS_LOOP_7_2 BUNDLEDNAME {} DSP 0 BRAM 0 URAM 0 STORAGESUBTYPE {} DISPNAME {bind_op add} VISIBLE true} {BINDTYPE op ID {} IMPL auto_sel LATENCY 0 OPTYPE select PRAGMA {} RTLNAME sum_31_fu_1315_p3 SOURCE matmul.cpp:10 VARIABLE sum_31 LOOP VITIS_LOOP_6_1_VITIS_LOOP_7_2 BUNDLEDNAME {} DSP 0 BRAM 0 URAM 0 STORAGESUBTYPE {} DISPNAME {bind_op select} VISIBLE false} {BINDTYPE op ID {} IMPL fabric LATENCY 0 OPTYPE add PRAGMA {} RTLNAME j_3_fu_1213_p2 SOURCE matmul.cpp:7 VARIABLE j_3 LOOP VITIS_LOOP_6_1_VITIS_LOOP_7_2 BUNDLEDNAME {} DSP 0 BRAM 0 URAM 0 STORAGESUBTYPE {} DISPNAME {bind_op add} VISIBLE true} {BINDTYPE op ID {} IMPL fabric LATENCY 0 OPTYPE add PRAGMA {} RTLNAME add_ln6_1_fu_1218_p2 SOURCE matmul.cpp:6 VARIABLE add_ln6_1 LOOP VITIS_LOOP_6_1_VITIS_LOOP_7_2 BUNDLEDNAME {} DSP 0 BRAM 0 URAM 0 STORAGESUBTYPE {} DISPNAME {bind_op add} VISIBLE true} {BINDTYPE op ID {} IMPL auto LATENCY 0 OPTYPE seteq PRAGMA {} RTLNAME icmp_ln7_fu_1224_p2 SOURCE matmul.cpp:7 VARIABLE icmp_ln7 LOOP VITIS_LOOP_6_1_VITIS_LOOP_7_2 BUNDLEDNAME {} DSP 0 BRAM 0 URAM 0 STORAGESUBTYPE {} DISPNAME {bind_op seteq} VISIBLE false} {BINDTYPE op ID {} IMPL auto LATENCY 0 OPTYPE seteq PRAGMA {} RTLNAME icmp_ln6_fu_1230_p2 SOURCE matmul.cpp:6 VARIABLE icmp_ln6 LOOP VITIS_LOOP_6_1_VITIS_LOOP_7_2 BUNDLEDNAME {} DSP 0 BRAM 0 URAM 0 STORAGESUBTYPE {} DISPNAME {bind_op seteq} VISIBLE false}} AREA {DSP 6 BRAM 0 URAM 0}}}}'
INFO-FLOW: DBG:PUTS:      update_csynth_reports json2rpt_hw_sw_interfaces
INFO-FLOW: Running: gen_csynth_sec_pragma
INFO-FLOW: Done: gen_csynth_sec_pragma time: 0 seconds 
Execute     send_msg_by_id INFO @200-2225@%s /home/nhanenten/Desktop/HW_SW/Lab3/Lab3_HLS/Lab3_HLS/hls/syn/inferred_directives.ini 
INFO: [HLS 200-2225] Wrote inferred directives to file /home/nhanenten/Desktop/HW_SW/Lab3/Lab3_HLS/Lab3_HLS/hls/syn/inferred_directives.ini
INFO-FLOW: DBG:PUTS:      update_csynth_reports wrote xml
INFO-FLOW: DBG:PUTS:      update_csynth_reports appended to csynth rpt file
INFO-FLOW: Done: add_csynth_report_sections time: 0.1 seconds 
INFO: [HLS 200-111] Finished Updating report files: CPU user time: 0.2 seconds. CPU system time: 0.02 seconds. Elapsed time: 0.21 seconds; current allocated memory: 298.715 MB.
INFO: [VHDL 208-304] Generating VHDL RTL for matmul.
INFO: [VLOG 209-307] Generating Verilog RTL for matmul.
Execute     syn_report -model matmul -printsummary 
INFO: [HLS 200-790] **** Loop Constraint Status: All loop constraints were NOT satisfied.
INFO: [HLS 200-789] **** Estimated Fmax: 144.68 MHz
Execute     AP::msg_collection_file -close 
Command   csynth_design done; 25.21 sec.
Execute   close_project 
Execute     close_solution 
Execute       cleanup_all 
Execute       cleanup_all 
Execute       source -notrace -encoding utf-8 /home/nhanenten/2025.2/Vitis/tps/tcl/tcl8.6/clock.tcl 
Execute         source -encoding utf-8 /home/nhanenten/2025.2/tps/tcl/tcl8/8.5/msgcat-1.6.1.tm 
INFO-FLOW: Workspace /home/nhanenten/Desktop/HW_SW/Lab3/Lab3_HLS/Lab3_HLS/hls opened at Mon May 25 14:37:39 +07 2026
Execute       source /home/nhanenten/Desktop/HW_SW/Lab3/Lab3_HLS/Lab3_HLS/hls/.autopilot/db/global.setting.tcl 
Execute       set_part xc7z010-clg400-1 
Execute         create_platform xc7z010-clg400-1 -board  
DBG:HLSDevice: Trying to load device library: /home/nhanenten/2025.2/Vitis/lib/lnx64.o/libxv_hlsvwrap.so
DBG:HLSDevice: first parts/arch.xml in RDI_DATADIR: /home/nhanenten/2025.2/Vivado/data/parts/arch.xml
DBG:HLSDevice: init success
INFO: [HLS 200-1611] Setting target device to 'xc7z010-clg400-1'
Command         create_platform done; 0.21 sec.
Execute         source /home/nhanenten/2025.2/Vitis/common/technology/xilinx/common/xilinx.gen 
Execute           source /home/nhanenten/2025.2/Vitis/common/technology/xilinx/interface/plb46.gen 
Execute           source /home/nhanenten/2025.2/Vitis/common/technology/xilinx/interface/axi4.gen 
Execute           source /home/nhanenten/2025.2/Vitis/common/technology/xilinx/interface/nativeAXI4.gen 
Execute             source /home/nhanenten/2025.2/Vitis/common/technology/xilinx/interface/saxilite.gen 
Execute           source /home/nhanenten/2025.2/Vitis/common/technology/xilinx/scripts/xilinxcoregen.gen 
Execute           source /home/nhanenten/2025.2/Vitis/common/technology/xilinx/interface/XilEDKCoreGen.gen 
Execute           source /home/nhanenten/2025.2/Vitis/common/technology/xilinx/ip/dds_compiler.gen 
Execute           source /home/nhanenten/2025.2/Vitis/common/technology/xilinx/ip/xfir.gen 
Execute           source /home/nhanenten/2025.2/Vitis/common/technology/xilinx/ip/xfft.gen 
Execute           source /home/nhanenten/2025.2/Vitis/common/technology/xilinx/ip/util.gen 
Execute           source /home/nhanenten/2025.2/Vitis/common/technology/xilinx/DSP48/dsp48.gen 
Execute         ap_part_info -name xc7z010-clg400-1 -data info 
Execute         config_compile -quiet -complex-mul-dsp=0 
Command       set_part done; 0.28 sec.
Execute       send_msg_by_id INFO @200-1505@%s%s default  vivado 
INFO: [HLS 200-1505] Using default flow_target 'vivado'
Execute       send_msg_by_id INFO @200-2174@%s%s component hls_config.cfg 
INFO: [HLS 200-2174] Applying component config ini file hls_config.cfg
Execute       apply_ini hls_config.cfg 
Execute         send_msg_by_id INFO @200-1465@%s 'syn.file=matmul.cpp' from hls_config.cfg(8) 
INFO: [HLS 200-1465] Applying config ini 'syn.file=matmul.cpp' from hls_config.cfg(8)
Execute         add_files /home/nhanenten/Desktop/HW_SW/Lab3/Lab3_HLS/matmul.cpp 
INFO: [HLS 200-10] Adding design file '/home/nhanenten/Desktop/HW_SW/Lab3/Lab3_HLS/matmul.cpp' to the project
Execute         send_msg_by_id INFO @200-1465@%s 'tb.file=tb_matmul.cpp' from hls_config.cfg(9) 
INFO: [HLS 200-1465] Applying config ini 'tb.file=tb_matmul.cpp' from hls_config.cfg(9)
Execute         add_files -tb /home/nhanenten/Desktop/HW_SW/Lab3/Lab3_HLS/tb_matmul.cpp 
INFO: [HLS 200-10] Adding test bench file '/home/nhanenten/Desktop/HW_SW/Lab3/Lab3_HLS/tb_matmul.cpp' to the project
Execute         send_msg_by_id INFO @200-1465@%s 'syn.top=matmul' from hls_config.cfg(10) 
INFO: [HLS 200-1465] Applying config ini 'syn.top=matmul' from hls_config.cfg(10)
Execute         set_top matmul 
Execute         send_msg_by_id INFO @200-1465@%s 'flow_target=vivado' from hls_config.cfg(4) 
INFO: [HLS 200-1465] Applying config ini 'flow_target=vivado' from hls_config.cfg(4)
Execute         send_msg_by_id INFO @200-1505@%s%s  vivado 
INFO: [HLS 200-1505] Using flow_target 'vivado'
Execute         send_msg_by_id INFO @200-1465@%s 'part=xc7z010clg400-1' from hls_config.cfg(1) 
INFO: [HLS 200-1465] Applying config ini 'part=xc7z010clg400-1' from hls_config.cfg(1)
Execute         set_part xc7z010clg400-1 
Execute           create_platform xc7z010clg400-1 -board  
Execute           source /home/nhanenten/2025.2/Vitis/common/technology/xilinx/common/xilinx.gen 
Execute             source /home/nhanenten/2025.2/Vitis/common/technology/xilinx/interface/plb46.gen 
Execute             source /home/nhanenten/2025.2/Vitis/common/technology/xilinx/interface/axi4.gen 
Execute             source /home/nhanenten/2025.2/Vitis/common/technology/xilinx/interface/nativeAXI4.gen 
Execute               source /home/nhanenten/2025.2/Vitis/common/technology/xilinx/interface/saxilite.gen 
Execute             source /home/nhanenten/2025.2/Vitis/common/technology/xilinx/scripts/xilinxcoregen.gen 
Execute             source /home/nhanenten/2025.2/Vitis/common/technology/xilinx/interface/XilEDKCoreGen.gen 
Execute             source /home/nhanenten/2025.2/Vitis/common/technology/xilinx/ip/dds_compiler.gen 
Execute             source /home/nhanenten/2025.2/Vitis/common/technology/xilinx/ip/xfir.gen 
Execute             source /home/nhanenten/2025.2/Vitis/common/technology/xilinx/ip/xfft.gen 
Execute             source /home/nhanenten/2025.2/Vitis/common/technology/xilinx/ip/util.gen 
Execute             source /home/nhanenten/2025.2/Vitis/common/technology/xilinx/DSP48/dsp48.gen 
Execute           ap_part_info -name xc7z010-clg400-1 -data info 
Execute           config_compile -quiet -complex-mul-dsp=0 
Command         set_part done; 0.12 sec.
Execute         send_msg_by_id INFO @200-1465@%s 'clock=10' from hls_config.cfg(7) 
INFO: [HLS 200-1465] Applying config ini 'clock=10' from hls_config.cfg(7)
Execute         create_clock -period 10ns 
Execute           ap_set_clock -name default -period 10 -unit ns -default=false 
INFO: [SYN 201-201] Setting up clock 'default' with a period of 10ns.
Execute         send_msg_by_id INFO @200-1465@%s 'package.output.format=ip_catalog' from hls_config.cfg(5) 
INFO: [HLS 200-1465] Applying config ini 'package.output.format=ip_catalog' from hls_config.cfg(5)
Execute         config_export -format=ip_catalog 
Command       apply_ini done; 0.13 sec.
Execute       write_component -config /home/nhanenten/Desktop/HW_SW/Lab3/Lab3_HLS/hls_config.cfg 
Execute         send_msg_by_id INFO @200-2176@%s /home/nhanenten/Desktop/HW_SW/Lab3/Lab3_HLS/Lab3_HLS/vitis-comp.json 
INFO: [HLS 200-2176] Writing Vitis IDE component file /home/nhanenten/Desktop/HW_SW/Lab3/Lab3_HLS/Lab3_HLS/vitis-comp.json
Command     open_solution done; 0.43 sec.
Command   open_component done; 0.43 sec.
Execute   apply_ini /home/nhanenten/Desktop/HW_SW/Lab3/Lab3_HLS/Lab3_HLS/hls/config.cmdline -iscmdline 
Execute   ::AP::init_summary_file cosim 
Execute     AP::app_get_file_relativeroot [AP::app_get_root] {}
Execute   cosim_design 
Execute     source /home/nhanenten/Desktop/HW_SW/Lab3/Lab3_HLS/Lab3_HLS/hls/.autopilot/db/global.setting.tcl 
Execute     source /home/nhanenten/Desktop/HW_SW/Lab3/Lab3_HLS/Lab3_HLS/hls/.autopilot/db/global.setting.tcl 
Execute     source /home/nhanenten/Desktop/HW_SW/Lab3/Lab3_HLS/Lab3_HLS/hls/.autopilot/db/global.setting.tcl 
INFO-FLOW: DBG:PUTS: read_platform_lib /home/nhanenten/Desktop/HW_SW/Lab3/Lab3_HLS/Lab3_HLS/hls/.autopilot/db/global.setting.tcl
Execute     source /home/nhanenten/2025.2/Vitis/common/technology/generic/autopilot/common.gen 
Execute       source /home/nhanenten/2025.2/Vitis/common/technology/generic/autopilot/APCoreGen.gen 
Execute     source /home/nhanenten/2025.2/Vitis/common/technology/generic/autopilot/op.gen 
Execute     source /home/nhanenten/2025.2/Vitis/common/technology/generic/autopilot/op_simcore.gen 
Execute     source /home/nhanenten/2025.2/Vitis/common/technology/generic/autopilot/interface.gen 
Execute     source /home/nhanenten/Desktop/HW_SW/Lab3/Lab3_HLS/Lab3_HLS/hls/.autopilot/db/global.setting.tcl 
Execute     source /home/nhanenten/2025.2/Vitis/common/technology/xilinx/common/xilinx.gen 
Execute       source /home/nhanenten/2025.2/Vitis/common/technology/xilinx/interface/plb46.gen 
Execute       source /home/nhanenten/2025.2/Vitis/common/technology/xilinx/interface/axi4.gen 
Execute       source /home/nhanenten/2025.2/Vitis/common/technology/xilinx/interface/nativeAXI4.gen 
Execute         source /home/nhanenten/2025.2/Vitis/common/technology/xilinx/interface/saxilite.gen 
Execute       source /home/nhanenten/2025.2/Vitis/common/technology/xilinx/scripts/xilinxcoregen.gen 
Execute       source /home/nhanenten/2025.2/Vitis/common/technology/xilinx/interface/XilEDKCoreGen.gen 
Execute       source /home/nhanenten/2025.2/Vitis/common/technology/xilinx/ip/dds_compiler.gen 
Execute       source /home/nhanenten/2025.2/Vitis/common/technology/xilinx/ip/xfir.gen 
Execute       source /home/nhanenten/2025.2/Vitis/common/technology/xilinx/ip/xfft.gen 
Execute       source /home/nhanenten/2025.2/Vitis/common/technology/xilinx/ip/util.gen 
Execute       source /home/nhanenten/2025.2/Vitis/common/technology/xilinx/DSP48/dsp48.gen 
INFO-FLOW: DBG:PUTS:   using AESL_AUTOCG::g_clock_period=10.000 (was NA)
Execute     ap_part_info -name xc7z010-clg400-1 -data names -quiet 
Execute     ap_part_info -name xc7z010-clg400-1 -data info -quiet 
Execute     source /home/nhanenten/Desktop/HW_SW/Lab3/Lab3_HLS/Lab3_HLS/hls/.autopilot/db/global.setting.tcl 
Execute     source /home/nhanenten/Desktop/HW_SW/Lab3/Lab3_HLS/Lab3_HLS/hls/.autopilot/db/matmul.rtl_wrap.cfg.tcl 
Execute     source /home/nhanenten/Desktop/HW_SW/Lab3/Lab3_HLS/Lab3_HLS/hls/.autopilot/db/matmul.tbgen.tcl 
Execute     source /home/nhanenten/Desktop/HW_SW/Lab3/Lab3_HLS/Lab3_HLS/hls/.autopilot/db/cosimDB.tcl 
Execute     source /home/nhanenten/Desktop/HW_SW/Lab3/Lab3_HLS/Lab3_HLS/hls/.autopilot/db/matmul.tbgen.tcl 
Execute     source /home/nhanenten/Desktop/HW_SW/Lab3/Lab3_HLS/Lab3_HLS/hls/.autopilot/db/matmul.tbgen.tcl 
Execute     source /home/nhanenten/Desktop/HW_SW/Lab3/Lab3_HLS/Lab3_HLS/hls/.autopilot/db/matmul.tbgen.tcl 
Execute     source /home/nhanenten/Desktop/HW_SW/Lab3/Lab3_HLS/Lab3_HLS/hls/.autopilot/db/matmul.tbgen.tcl 
INFO: [COSIM 212-47] Using XSIM for RTL simulation.
INFO: [COSIM 212-14] Instrumenting C test bench ...
Execute     ap_part_info -name xc7z010-clg400-1 -data info 
INFO-FLOW: run_clang autosim-tb exec: /home/nhanenten/2025.2/Vitis/lnx64/tools/clang-16/bin/clang -foptimization-record-file=/home/nhanenten/Desktop/HW_SW/Lab3/Lab3_HLS/Lab3_HLS/hls/.autopilot/db/tb_matmul.cpp.clang.autosim-tb.diag.yml -mllvm -pass-remarks-missed=reflow|pasta|unroll|inline -mllvm -pass-remarks=reflow|pasta|unroll|inline -fno-builtin-isinf -fno-builtin-isnan -E -Wno-unknown-pragmas -Wno-unknown-pragmas -DGCC_COMPATIBLE_APINT -DAESL_TB -D__HLS_COSIM__ -D__VITIS_HLS__ -I /usr/include/x86_64-linux-gnu -I /home/nhanenten/2025.2/Vitis/include -I include /home/nhanenten/Desktop/HW_SW/Lab3/Lab3_HLS/tb_matmul.cpp -o /home/nhanenten/Desktop/HW_SW/Lab3/Lab3_HLS/Lab3_HLS/hls/./sim/autowrap/testbench/tb_matmul.cpp_pre.cpp -std=gnu++14 -D__DSP48E1__ --gcc-toolchain=/home/nhanenten/2025.2/Vitis/tps/lnx64/gcc-8.3.0 > /home/nhanenten/Desktop/HW_SW/Lab3/Lab3_HLS/Lab3_HLS/hls/.autopilot/db/tb_matmul.cpp.clang.autosim-tb.out.log 2> /home/nhanenten/Desktop/HW_SW/Lab3/Lab3_HLS/Lab3_HLS/hls/.autopilot/db/tb_matmul.cpp.clang.autosim-tb.err.log
INFO-FLOW: run_clang result=success num-err-msgs=0 num-stderr-lines=0
INFO-FLOW: TB processing: /home/nhanenten/Desktop/HW_SW/Lab3/Lab3_HLS/tb_matmul.cpp /home/nhanenten/Desktop/HW_SW/Lab3/Lab3_HLS/Lab3_HLS/hls/./sim/autowrap/testbench/tb_matmul.cpp_pre.cpp
Execute     clang_tidy xilinx-tb-process -desc tb-process /home/nhanenten/Desktop/HW_SW/Lab3/Lab3_HLS/Lab3_HLS/hls/./sim/autowrap/testbench/tb_matmul.cpp_pre.cpp.tb.cpp std=gnu++14 
INFO-FLOW: exec /home/nhanenten/2025.2/Vitis/lnx64/tools/clang-16/bin/clang-tidy -header-filter=.* --checks=-*,xilinx-tb-process -fix-errors /home/nhanenten/Desktop/HW_SW/Lab3/Lab3_HLS/Lab3_HLS/hls/./sim/autowrap/testbench/tb_matmul.cpp_pre.cpp.tb.cpp -- -std=gnu++14 -fhls -ferror-limit=0
Command     clang_tidy done; 3.58 sec.
Execute     ap_part_info -name xc7z010-clg400-1 -data info 
INFO-FLOW: run_clang autosim-tb exec: /home/nhanenten/2025.2/Vitis/lnx64/tools/clang-16/bin/clang -foptimization-record-file=/home/nhanenten/Desktop/HW_SW/Lab3/Lab3_HLS/Lab3_HLS/hls/.autopilot/db/matmul.cpp.clang.autosim-tb.diag.yml -mllvm -pass-remarks-missed=reflow|pasta|unroll|inline -mllvm -pass-remarks=reflow|pasta|unroll|inline -fno-builtin-isinf -fno-builtin-isnan -E -DGCC_COMPATIBLE_APINT -DAESL_TB -D__HLS_COSIM__ -D__VITIS_HLS__ -I /usr/include/x86_64-linux-gnu -I /home/nhanenten/2025.2/Vitis/include -I include /home/nhanenten/Desktop/HW_SW/Lab3/Lab3_HLS/matmul.cpp -o /home/nhanenten/Desktop/HW_SW/Lab3/Lab3_HLS/Lab3_HLS/hls/./sim/autowrap/testbench/matmul.cpp_pre.cpp -std=gnu++14 -D__DSP48E1__ --gcc-toolchain=/home/nhanenten/2025.2/Vitis/tps/lnx64/gcc-8.3.0 > /home/nhanenten/Desktop/HW_SW/Lab3/Lab3_HLS/Lab3_HLS/hls/.autopilot/db/matmul.cpp.clang.autosim-tb.out.log 2> /home/nhanenten/Desktop/HW_SW/Lab3/Lab3_HLS/Lab3_HLS/hls/.autopilot/db/matmul.cpp.clang.autosim-tb.err.log
INFO-FLOW: run_clang result=success num-err-msgs=0 num-stderr-lines=0
INFO-FLOW: TB processing: /home/nhanenten/Desktop/HW_SW/Lab3/Lab3_HLS/matmul.cpp /home/nhanenten/Desktop/HW_SW/Lab3/Lab3_HLS/Lab3_HLS/hls/./sim/autowrap/testbench/matmul.cpp_pre.cpp
Execute     clang_tidy xilinx-tb-process -desc tb-process /home/nhanenten/Desktop/HW_SW/Lab3/Lab3_HLS/Lab3_HLS/hls/./sim/autowrap/testbench/matmul.cpp_pre.cpp.tb.cpp std=gnu++14 
INFO-FLOW: exec /home/nhanenten/2025.2/Vitis/lnx64/tools/clang-16/bin/clang-tidy -header-filter=.* --checks=-*,xilinx-tb-process -fix-errors /home/nhanenten/Desktop/HW_SW/Lab3/Lab3_HLS/Lab3_HLS/hls/./sim/autowrap/testbench/matmul.cpp_pre.cpp.tb.cpp -- -std=gnu++14 -fhls -ferror-limit=0
Command     clang_tidy done; 3.58 sec.
Execute     source /home/nhanenten/Desktop/HW_SW/Lab3/Lab3_HLS/Lab3_HLS/hls/./sim/autowrap/testbench/tb.status.tcl 
Execute     source /home/nhanenten/Desktop/HW_SW/Lab3/Lab3_HLS/Lab3_HLS/hls/.autopilot/db/global.setting.tcl 
Execute     source /home/nhanenten/Desktop/HW_SW/Lab3/Lab3_HLS/Lab3_HLS/hls/.autopilot/db/matmul.rtl_wrap.cfg.tcl 
Execute     source /home/nhanenten/Desktop/HW_SW/Lab3/Lab3_HLS/Lab3_HLS/hls/.autopilot/db/matmul.rtl_wrap.cfg.tcl 
Execute     source /home/nhanenten/Desktop/HW_SW/Lab3/Lab3_HLS/Lab3_HLS/hls/.autopilot/db/matmul.rtl_wrap.cfg.tcl 
Execute     source /home/nhanenten/Desktop/HW_SW/Lab3/Lab3_HLS/Lab3_HLS/hls/.autopilot/db/matmul.tbgen.tcl 
Execute     source /home/nhanenten/Desktop/HW_SW/Lab3/Lab3_HLS/Lab3_HLS/hls/.autopilot/db/matmul.tbgen.tcl 
Execute     source /home/nhanenten/Desktop/HW_SW/Lab3/Lab3_HLS/Lab3_HLS/hls/.autopilot/db/matmul.tbgen.tcl 
Execute     ap_part_info -name xc7z010-clg400-1 -data info 
Execute     source .run_sim.tcl 
INFO: [COSIM 212-302] Starting C TB testing ... 
Execute     source /home/nhanenten/Desktop/HW_SW/Lab3/Lab3_HLS/Lab3_HLS/hls/.autopilot/db/matmul.tbgen.tcl 
Execute     source /home/nhanenten/Desktop/HW_SW/Lab3/Lab3_HLS/Lab3_HLS/hls/.autopilot/db/matmul.tbgen.tcl 
INFO: [COSIM 212-333] Generating C post check test bench ...
Execute     source sim/tv/cdatafile/ref.tcl 
Execute     source /home/nhanenten/Desktop/HW_SW/Lab3/Lab3_HLS/Lab3_HLS/hls/.autopilot/db/matmul.tbgen.tcl 
Execute     source /home/nhanenten/Desktop/HW_SW/Lab3/Lab3_HLS/Lab3_HLS/hls/.autopilot/db/matmul.tbgen.tcl 
Execute     source /home/nhanenten/Desktop/HW_SW/Lab3/Lab3_HLS/Lab3_HLS/hls/.autopilot/db/matmul.tbgen.tcl 
Execute     source /home/nhanenten/Desktop/HW_SW/Lab3/Lab3_HLS/Lab3_HLS/hls/.autopilot/db/matmul.tbgen.tcl 
Execute     source /home/nhanenten/Desktop/HW_SW/Lab3/Lab3_HLS/Lab3_HLS/hls/.autopilot/db/matmul.tbgen.tcl 
Execute     source /home/nhanenten/Desktop/HW_SW/Lab3/Lab3_HLS/Lab3_HLS/hls/.autopilot/db/matmul.tbgen.tcl 
Execute     source /home/nhanenten/Desktop/HW_SW/Lab3/Lab3_HLS/Lab3_HLS/hls/.autopilot/db/matmul.tbgen.tcl 
Execute     source /home/nhanenten/Desktop/HW_SW/Lab3/Lab3_HLS/Lab3_HLS/hls/.autopilot/db/matmul.tbgen.tcl 
Execute     source /home/nhanenten/Desktop/HW_SW/Lab3/Lab3_HLS/Lab3_HLS/hls/.autopilot/db/matmul.tbgen.tcl 
Execute     source /home/nhanenten/Desktop/HW_SW/Lab3/Lab3_HLS/Lab3_HLS/hls/.autopilot/db/matmul.tbgen.tcl 
INFO: [COSIM 212-12] Generating RTL test bench ...
Execute     source ../tv/cdatafile/ref.tcl 
Execute     source /home/nhanenten/Desktop/HW_SW/Lab3/Lab3_HLS/Lab3_HLS/hls/.autopilot/db/matmul.tbgen.tcl 
Execute     source /home/nhanenten/Desktop/HW_SW/Lab3/Lab3_HLS/Lab3_HLS/hls/.autopilot/db/matmul.tbgen.tcl 
Execute     source /home/nhanenten/Desktop/HW_SW/Lab3/Lab3_HLS/Lab3_HLS/hls/.autopilot/db/matmul.tbgen.tcl 
Execute     source /home/nhanenten/Desktop/HW_SW/Lab3/Lab3_HLS/Lab3_HLS/hls/.autopilot/db/matmul.tbgen.tcl 
Execute     source ../tv/cdatafile/ref.tcl 
Execute     source /home/nhanenten/Desktop/HW_SW/Lab3/Lab3_HLS/Lab3_HLS/hls/.autopilot/db/matmul.tbgen.tcl 
Execute     source /home/nhanenten/Desktop/HW_SW/Lab3/Lab3_HLS/Lab3_HLS/hls/.autopilot/db/matmul.tbgen.tcl 
Execute     source /home/nhanenten/Desktop/HW_SW/Lab3/Lab3_HLS/Lab3_HLS/hls/.autopilot/db/matmul.tbgen.tcl 
Execute     source /home/nhanenten/Desktop/HW_SW/Lab3/Lab3_HLS/Lab3_HLS/hls/.autopilot/db/matmul.tbgen.tcl 
Execute     source /home/nhanenten/Desktop/HW_SW/Lab3/Lab3_HLS/Lab3_HLS/hls/.autopilot/db/matmul.tbgen.tcl 
Execute     source /home/nhanenten/Desktop/HW_SW/Lab3/Lab3_HLS/Lab3_HLS/hls/.autopilot/db/matmul.tbgen.tcl 
Execute     source /home/nhanenten/Desktop/HW_SW/Lab3/Lab3_HLS/Lab3_HLS/hls/.autopilot/db/matmul.tbgen.tcl 
Execute     source /home/nhanenten/Desktop/HW_SW/Lab3/Lab3_HLS/Lab3_HLS/hls/.autopilot/db/matmul.tbgen.tcl 
Execute     source /home/nhanenten/Desktop/HW_SW/Lab3/Lab3_HLS/Lab3_HLS/hls/.autopilot/db/matmul.tbgen.tcl 
Execute     source /home/nhanenten/Desktop/HW_SW/Lab3/Lab3_HLS/Lab3_HLS/hls/.autopilot/db/matmul.DependenceCheck.tcl 
Execute     source /home/nhanenten/Desktop/HW_SW/Lab3/Lab3_HLS/Lab3_HLS/hls/.autopilot/db/matmul.tbgen.tcl 
Execute     source /home/nhanenten/Desktop/HW_SW/Lab3/Lab3_HLS/Lab3_HLS/hls/.autopilot/db/matmul.tbgen.tcl 
Execute     source /home/nhanenten/Desktop/HW_SW/Lab3/Lab3_HLS/Lab3_HLS/hls/.autopilot/db/matmul.tbgen.tcl 
Execute     source /home/nhanenten/Desktop/HW_SW/Lab3/Lab3_HLS/Lab3_HLS/hls/.autopilot/db/matmul.tbgen.tcl 
Execute     source /home/nhanenten/Desktop/HW_SW/Lab3/Lab3_HLS/Lab3_HLS/hls/.autopilot/db/matmul.tbgen.tcl 
Execute     source /home/nhanenten/Desktop/HW_SW/Lab3/Lab3_HLS/Lab3_HLS/hls/.autopilot/db/matmul.tbgen.tcl 
Execute     source ../tv/cdatafile/ref.tcl 
Execute     source /home/nhanenten/Desktop/HW_SW/Lab3/Lab3_HLS/Lab3_HLS/hls/.autopilot/db/matmul.tbgen.tcl 
Execute     source /home/nhanenten/Desktop/HW_SW/Lab3/Lab3_HLS/Lab3_HLS/hls/.autopilot/db/matmul.tbgen.tcl 
INFO: [COSIM 212-1] *** C/RTL co-simulation file generation completed. ***
Execute     source .run_sim.tcl 
Execute       source check_sim.tcl 
Execute       source dataflow_monitor_API.tcl 
Execute       source .sim.status.tcl 
INFO: [COSIM 212-323] Starting verilog simulation. 
INFO: [COSIM 212-15] Starting XSIM ...
INFO: [COSIM 212-316] Starting C post checking ...
Command     ap_source done; 27.61 sec.
INFO: [COSIM 212-1000] *** C/RTL co-simulation finished: PASS ***
INFO: [COSIM 212-211] II is measurable only when transaction number is greater than 1 in RTL simulation. Otherwise, they will be marked as all NA. If user wants to calculate them, please make sure there are at least 2 transactions in RTL simulation.
Command   cosim_design done; 43.57 sec.
Execute   close_project 
Execute     close_solution 
Execute       cleanup_all 
Execute       cleanup_all 
Execute       source -notrace -encoding utf-8 /home/nhanenten/2025.2/Vitis/tps/tcl/tcl8.6/clock.tcl 
Execute         source -encoding utf-8 /home/nhanenten/2025.2/tps/tcl/tcl8/8.5/msgcat-1.6.1.tm 
INFO-FLOW: Workspace /home/nhanenten/Desktop/HW_SW/Lab3/Lab3_HLS/Lab3_HLS/hls opened at Mon May 25 14:42:56 +07 2026
Execute       source /home/nhanenten/Desktop/HW_SW/Lab3/Lab3_HLS/Lab3_HLS/hls/.autopilot/db/global.setting.tcl 
Execute       set_part xc7z010-clg400-1 
Execute         create_platform xc7z010-clg400-1 -board  
DBG:HLSDevice: Trying to load device library: /home/nhanenten/2025.2/Vitis/lib/lnx64.o/libxv_hlsvwrap.so
DBG:HLSDevice: first parts/arch.xml in RDI_DATADIR: /home/nhanenten/2025.2/Vivado/data/parts/arch.xml
DBG:HLSDevice: init success
INFO: [HLS 200-1611] Setting target device to 'xc7z010-clg400-1'
Command         create_platform done; 0.19 sec.
Execute         source /home/nhanenten/2025.2/Vitis/common/technology/xilinx/common/xilinx.gen 
Execute           source /home/nhanenten/2025.2/Vitis/common/technology/xilinx/interface/plb46.gen 
Execute           source /home/nhanenten/2025.2/Vitis/common/technology/xilinx/interface/axi4.gen 
Execute           source /home/nhanenten/2025.2/Vitis/common/technology/xilinx/interface/nativeAXI4.gen 
Execute             source /home/nhanenten/2025.2/Vitis/common/technology/xilinx/interface/saxilite.gen 
Execute           source /home/nhanenten/2025.2/Vitis/common/technology/xilinx/scripts/xilinxcoregen.gen 
Execute           source /home/nhanenten/2025.2/Vitis/common/technology/xilinx/interface/XilEDKCoreGen.gen 
Execute           source /home/nhanenten/2025.2/Vitis/common/technology/xilinx/ip/dds_compiler.gen 
Execute           source /home/nhanenten/2025.2/Vitis/common/technology/xilinx/ip/xfir.gen 
Execute           source /home/nhanenten/2025.2/Vitis/common/technology/xilinx/ip/xfft.gen 
Execute           source /home/nhanenten/2025.2/Vitis/common/technology/xilinx/ip/util.gen 
Execute           source /home/nhanenten/2025.2/Vitis/common/technology/xilinx/DSP48/dsp48.gen 
Execute         ap_part_info -name xc7z010-clg400-1 -data info 
Execute         config_compile -quiet -complex-mul-dsp=0 
Command       set_part done; 0.25 sec.
Execute       send_msg_by_id INFO @200-1505@%s%s default  vivado 
INFO: [HLS 200-1505] Using default flow_target 'vivado'
Execute       send_msg_by_id INFO @200-2174@%s%s component hls_config.cfg 
INFO: [HLS 200-2174] Applying component config ini file hls_config.cfg
Execute       apply_ini hls_config.cfg 
Execute         send_msg_by_id INFO @200-1465@%s 'syn.file=matmul.cpp' from hls_config.cfg(8) 
INFO: [HLS 200-1465] Applying config ini 'syn.file=matmul.cpp' from hls_config.cfg(8)
Execute         add_files /home/nhanenten/Desktop/HW_SW/Lab3/Lab3_HLS/matmul.cpp 
INFO: [HLS 200-10] Adding design file '/home/nhanenten/Desktop/HW_SW/Lab3/Lab3_HLS/matmul.cpp' to the project
Execute         send_msg_by_id INFO @200-1465@%s 'tb.file=tb_matmul.cpp' from hls_config.cfg(9) 
INFO: [HLS 200-1465] Applying config ini 'tb.file=tb_matmul.cpp' from hls_config.cfg(9)
Execute         add_files -tb /home/nhanenten/Desktop/HW_SW/Lab3/Lab3_HLS/tb_matmul.cpp 
INFO: [HLS 200-10] Adding test bench file '/home/nhanenten/Desktop/HW_SW/Lab3/Lab3_HLS/tb_matmul.cpp' to the project
Execute         send_msg_by_id INFO @200-1465@%s 'syn.top=matmul' from hls_config.cfg(10) 
INFO: [HLS 200-1465] Applying config ini 'syn.top=matmul' from hls_config.cfg(10)
Execute         set_top matmul 
Execute         send_msg_by_id INFO @200-1465@%s 'flow_target=vivado' from hls_config.cfg(4) 
INFO: [HLS 200-1465] Applying config ini 'flow_target=vivado' from hls_config.cfg(4)
Execute         send_msg_by_id INFO @200-1505@%s%s  vivado 
INFO: [HLS 200-1505] Using flow_target 'vivado'
Execute         send_msg_by_id INFO @200-1465@%s 'part=xc7z010clg400-1' from hls_config.cfg(1) 
INFO: [HLS 200-1465] Applying config ini 'part=xc7z010clg400-1' from hls_config.cfg(1)
Execute         set_part xc7z010clg400-1 
Execute           create_platform xc7z010clg400-1 -board  
Execute           source /home/nhanenten/2025.2/Vitis/common/technology/xilinx/common/xilinx.gen 
Execute             source /home/nhanenten/2025.2/Vitis/common/technology/xilinx/interface/plb46.gen 
Execute             source /home/nhanenten/2025.2/Vitis/common/technology/xilinx/interface/axi4.gen 
Execute             source /home/nhanenten/2025.2/Vitis/common/technology/xilinx/interface/nativeAXI4.gen 
Execute               source /home/nhanenten/2025.2/Vitis/common/technology/xilinx/interface/saxilite.gen 
Execute             source /home/nhanenten/2025.2/Vitis/common/technology/xilinx/scripts/xilinxcoregen.gen 
Execute             source /home/nhanenten/2025.2/Vitis/common/technology/xilinx/interface/XilEDKCoreGen.gen 
Execute             source /home/nhanenten/2025.2/Vitis/common/technology/xilinx/ip/dds_compiler.gen 
Execute             source /home/nhanenten/2025.2/Vitis/common/technology/xilinx/ip/xfir.gen 
Execute             source /home/nhanenten/2025.2/Vitis/common/technology/xilinx/ip/xfft.gen 
Execute             source /home/nhanenten/2025.2/Vitis/common/technology/xilinx/ip/util.gen 
Execute             source /home/nhanenten/2025.2/Vitis/common/technology/xilinx/DSP48/dsp48.gen 
Execute           ap_part_info -name xc7z010-clg400-1 -data info 
Execute           config_compile -quiet -complex-mul-dsp=0 
Command         set_part done; 0.11 sec.
Execute         send_msg_by_id INFO @200-1465@%s 'clock=10' from hls_config.cfg(7) 
INFO: [HLS 200-1465] Applying config ini 'clock=10' from hls_config.cfg(7)
Execute         create_clock -period 10ns 
Execute           ap_set_clock -name default -period 10 -unit ns -default=false 
INFO: [SYN 201-201] Setting up clock 'default' with a period of 10ns.
Execute         send_msg_by_id INFO @200-1465@%s 'package.output.format=ip_catalog' from hls_config.cfg(5) 
INFO: [HLS 200-1465] Applying config ini 'package.output.format=ip_catalog' from hls_config.cfg(5)
Execute         config_export -format=ip_catalog 
Command       apply_ini done; 0.12 sec.
Execute       write_component -config /home/nhanenten/Desktop/HW_SW/Lab3/Lab3_HLS/hls_config.cfg 
Execute         send_msg_by_id INFO @200-2176@%s /home/nhanenten/Desktop/HW_SW/Lab3/Lab3_HLS/Lab3_HLS/vitis-comp.json 
INFO: [HLS 200-2176] Writing Vitis IDE component file /home/nhanenten/Desktop/HW_SW/Lab3/Lab3_HLS/Lab3_HLS/vitis-comp.json
Command     open_solution done; 0.41 sec.
Command   open_component done; 0.41 sec.
Execute   apply_ini /home/nhanenten/Desktop/HW_SW/Lab3/Lab3_HLS/Lab3_HLS/hls/config.cmdline -iscmdline 
Execute   ::AP::init_summary_file package-ip 
Execute     AP::app_get_file_relativeroot [AP::app_get_root] {}
Execute     AP::get_vpp_package_output_file
Execute   export_design -flow none 
Execute     config_export -flow=none 
INFO-FLOW: DBG:PUTS: export_design_wrap: -format ip_catalog -rtl verilog
Execute     source /home/nhanenten/Desktop/HW_SW/Lab3/Lab3_HLS/Lab3_HLS/hls/.autopilot/db/global.setting.tcl 
INFO-FLOW: DBG:PUTS:   auto_impl: pack: -export -rtl verilog
INFO-FLOW: DBG:PROC: ::AESL_AUTOIMPL::auto_impl args='-export -rtl verilog'
Execute     source /home/nhanenten/Desktop/HW_SW/Lab3/Lab3_HLS/Lab3_HLS/hls/.autopilot/db/global.setting.tcl 
INFO: [IMPL 213-8] Exporting RTL as a Vivado IP.
INFO-FLOW: DBG:PUTS: automg_wrap -export -pcore_version 1.00.a -rtl vlog -tool Vivado -impltomg_flag
INFO-FLOW: DBG:PROC: ::AESL_AUTOMG::auto_generate args='-export -pcore_version 1.00.a -rtl vlog -tool Vivado -impltomg_flag'
INFO-FLOW: DBG:PUTS:     auto_generate -export -pcore_version 1.00.a -rtl vlog -tool Vivado -impltomg_flag
Execute     source /home/nhanenten/Desktop/HW_SW/Lab3/Lab3_HLS/Lab3_HLS/hls/.autopilot/db/global.setting.tcl 
INFO-FLOW: DBG:PUTS: read_platform_lib /home/nhanenten/Desktop/HW_SW/Lab3/Lab3_HLS/Lab3_HLS/hls/.autopilot/db/global.setting.tcl
Execute     source /home/nhanenten/2025.2/Vitis/common/technology/generic/autopilot/common.gen 
Execute       source /home/nhanenten/2025.2/Vitis/common/technology/generic/autopilot/APCoreGen.gen 
Execute     source /home/nhanenten/2025.2/Vitis/common/technology/generic/autopilot/op.gen 
Execute     source /home/nhanenten/2025.2/Vitis/common/technology/generic/autopilot/op_simcore.gen 
Execute     source /home/nhanenten/2025.2/Vitis/common/technology/generic/autopilot/interface.gen 
Execute     source /home/nhanenten/Desktop/HW_SW/Lab3/Lab3_HLS/Lab3_HLS/hls/.autopilot/db/global.setting.tcl 
Execute     source /home/nhanenten/2025.2/Vitis/common/technology/xilinx/common/xilinx.gen 
Execute       source /home/nhanenten/2025.2/Vitis/common/technology/xilinx/interface/plb46.gen 
Execute       source /home/nhanenten/2025.2/Vitis/common/technology/xilinx/interface/axi4.gen 
Execute       source /home/nhanenten/2025.2/Vitis/common/technology/xilinx/interface/nativeAXI4.gen 
Execute         source /home/nhanenten/2025.2/Vitis/common/technology/xilinx/interface/saxilite.gen 
Execute       source /home/nhanenten/2025.2/Vitis/common/technology/xilinx/scripts/xilinxcoregen.gen 
Execute       source /home/nhanenten/2025.2/Vitis/common/technology/xilinx/interface/XilEDKCoreGen.gen 
Execute       source /home/nhanenten/2025.2/Vitis/common/technology/xilinx/ip/dds_compiler.gen 
Execute       source /home/nhanenten/2025.2/Vitis/common/technology/xilinx/ip/xfir.gen 
Execute       source /home/nhanenten/2025.2/Vitis/common/technology/xilinx/ip/xfft.gen 
Execute       source /home/nhanenten/2025.2/Vitis/common/technology/xilinx/ip/util.gen 
Execute       source /home/nhanenten/2025.2/Vitis/common/technology/xilinx/DSP48/dsp48.gen 
INFO-FLOW: DBG:PUTS:   using AESL_AUTOCG::g_clock_period=10.000 (was NA)
INFO-FLOW: DBG:PUTS:       initCTypeInfo top_module=matmul xml_exists=0
Execute     source /home/nhanenten/Desktop/HW_SW/Lab3/Lab3_HLS/Lab3_HLS/hls/.autopilot/db/matmul.rtl_wrap.cfg.tcl 
Execute     source /home/nhanenten/Desktop/HW_SW/Lab3/Lab3_HLS/Lab3_HLS/hls/.autopilot/db/matmul.rtl_wrap.cfg.tcl 
Execute     source /home/nhanenten/Desktop/HW_SW/Lab3/Lab3_HLS/Lab3_HLS/hls/.autopilot/db/matmul.rtl_wrap.cfg.tcl 
Execute     source /home/nhanenten/Desktop/HW_SW/Lab3/Lab3_HLS/Lab3_HLS/hls/.autopilot/db/matmul.tbgen.tcl 
Execute     source /home/nhanenten/Desktop/HW_SW/Lab3/Lab3_HLS/Lab3_HLS/hls/.autopilot/db/matmul.tbgen.tcl 
Execute     source /home/nhanenten/Desktop/HW_SW/Lab3/Lab3_HLS/Lab3_HLS/hls/.autopilot/db/matmul.tbgen.tcl 
Execute     source /home/nhanenten/Desktop/HW_SW/Lab3/Lab3_HLS/Lab3_HLS/hls/.autopilot/db/global.setting.tcl 
Execute     source /home/nhanenten/Desktop/HW_SW/Lab3/Lab3_HLS/Lab3_HLS/hls/.autopilot/db/matmul.tbgen.tcl 
Execute     source /home/nhanenten/Desktop/HW_SW/Lab3/Lab3_HLS/Lab3_HLS/hls/.autopilot/db/cosimDB.tcl 
INFO-FLOW: DBG:PUTS:       cosim_export_main adding deadlock detection to matmul
INFO-FLOW: DBG:PUTS:       generate_datafile_ip_script ip_types={vitis sysgen} #gSsdmPorts=0
INFO-FLOW: DBG:PUTS: Skipping loadAnalyze_DB, #g_database=4
INFO-FLOW: DBG:PUTS:       generate_json generate_bd_files=0 generate_xo_files=false #modelList=3 #gSsdmPorts=0
INFO-FLOW: DBG:PROC: ::AP::DESIGN_DATA::generate_json generate_bd_files='0' generate_xo_files='false' modelList='matmul_mul_32s_32s_32_2_1
matmul_flow_control_loop_pipe
matmul
' rtl_lang='vlog' bootstrap_tcl='false' outdir='' outfilename=''
Execute     source /home/nhanenten/Desktop/HW_SW/Lab3/Lab3_HLS/Lab3_HLS/hls/.autopilot/db/global.setting.tcl 
Execute     source /home/nhanenten/Desktop/HW_SW/Lab3/Lab3_HLS/Lab3_HLS/hls/.autopilot/db/global.setting.tcl 
Execute     source /home/nhanenten/Desktop/HW_SW/Lab3/Lab3_HLS/Lab3_HLS/hls/.autopilot/db/top-io-be.tcl 
Execute     source /home/nhanenten/Desktop/HW_SW/Lab3/Lab3_HLS/Lab3_HLS/hls/.autopilot/db/matmul.tbgen.tcl 
Execute     source /home/nhanenten/Desktop/HW_SW/Lab3/Lab3_HLS/Lab3_HLS/hls/.autopilot/db/matmul.rtl_wrap.cfg.tcl 
Execute     source /home/nhanenten/Desktop/HW_SW/Lab3/Lab3_HLS/Lab3_HLS/hls/.autopilot/db/matmul.compgen.dataonly.tcl 
Execute     source /home/nhanenten/Desktop/HW_SW/Lab3/Lab3_HLS/Lab3_HLS/hls/.autopilot/db/matmul.tbgen.tcl 
Execute     source /home/nhanenten/Desktop/HW_SW/Lab3/Lab3_HLS/Lab3_HLS/hls/.autopilot/db/global.setting.tcl 
Execute     ap_part_info -name xc7z010-clg400-1 -data names -quiet 
Execute     ap_part_info -name xc7z010-clg400-1 -data info -quiet 
Execute     source /home/nhanenten/Desktop/HW_SW/Lab3/Lab3_HLS/Lab3_HLS/hls/.autopilot/db/matmul.constraint.tcl 
Execute     sc_get_clocks matmul 
Execute     source /home/nhanenten/Desktop/HW_SW/Lab3/Lab3_HLS/Lab3_HLS/hls/.autopilot/db/global.setting.tcl 
Execute     source /home/nhanenten/2025.2/Vitis/tps/tcl/tcllib2.0/fileutil/fileutil.tcl 
Execute       source /home/nhanenten/2025.2/Vitis/tps/tcl/tcllib2.0/cmdline/cmdline.tcl 
INFO-FLOW: DBG:PUTS:       generate_syn_sh
Execute     ap_part_info -name xc7z010-clg400-1 -data names -quiet 
Execute     ap_part_info -name xc7z010-clg400-1 -data info -quiet 
Execute     source /home/nhanenten/Desktop/HW_SW/Lab3/Lab3_HLS/Lab3_HLS/hls/.autopilot/db/global.setting.tcl 
INFO-FLOW: DBG:PUTS:       generate_imp_constraints
Execute     ap_part_info -name xc7z010-clg400-1 -data names -quiet 
Execute     ap_part_info -name xc7z010-clg400-1 -data info -quiet 
Execute     source /home/nhanenten/Desktop/HW_SW/Lab3/Lab3_HLS/Lab3_HLS/hls/.autopilot/db/matmul.constraint.tcl 
Execute     source /home/nhanenten/Desktop/HW_SW/Lab3/Lab3_HLS/Lab3_HLS/hls/.autopilot/db/matmul.tbgen.tcl 
INFO-FLOW: DBG:PUTS:       delete-temp-dirs pwd=/home/nhanenten/Desktop/HW_SW/Lab3/Lab3_HLS/Lab3_HLS/hls
Execute     ap_part_info -name xc7z010-clg400-1 -data names -quiet 
Execute     ap_part_info -name xc7z010-clg400-1 -data info -quiet 
INFO-FLOW: DBG:PUTS: read_platform_lib /home/nhanenten/Desktop/HW_SW/Lab3/Lab3_HLS/Lab3_HLS/hls/.autopilot/db/global.setting.tcl
Execute     source /home/nhanenten/2025.2/Vitis/common/technology/generic/autopilot/common.gen 
Execute       source /home/nhanenten/2025.2/Vitis/common/technology/generic/autopilot/APCoreGen.gen 
Execute     source /home/nhanenten/2025.2/Vitis/common/technology/generic/autopilot/op.gen 
Execute     source /home/nhanenten/2025.2/Vitis/common/technology/generic/autopilot/op_simcore.gen 
Execute     source /home/nhanenten/2025.2/Vitis/common/technology/generic/autopilot/interface.gen 
Execute     source /home/nhanenten/Desktop/HW_SW/Lab3/Lab3_HLS/Lab3_HLS/hls/.autopilot/db/global.setting.tcl 
Execute     source /home/nhanenten/2025.2/Vitis/common/technology/xilinx/common/xilinx.gen 
Execute       source /home/nhanenten/2025.2/Vitis/common/technology/xilinx/interface/plb46.gen 
Execute       source /home/nhanenten/2025.2/Vitis/common/technology/xilinx/interface/axi4.gen 
Execute       source /home/nhanenten/2025.2/Vitis/common/technology/xilinx/interface/nativeAXI4.gen 
Execute         source /home/nhanenten/2025.2/Vitis/common/technology/xilinx/interface/saxilite.gen 
Execute       source /home/nhanenten/2025.2/Vitis/common/technology/xilinx/scripts/xilinxcoregen.gen 
Execute       source /home/nhanenten/2025.2/Vitis/common/technology/xilinx/interface/XilEDKCoreGen.gen 
Execute       source /home/nhanenten/2025.2/Vitis/common/technology/xilinx/ip/dds_compiler.gen 
Execute       source /home/nhanenten/2025.2/Vitis/common/technology/xilinx/ip/xfir.gen 
Execute       source /home/nhanenten/2025.2/Vitis/common/technology/xilinx/ip/xfft.gen 
Execute       source /home/nhanenten/2025.2/Vitis/common/technology/xilinx/ip/util.gen 
Execute       source /home/nhanenten/2025.2/Vitis/common/technology/xilinx/DSP48/dsp48.gen 
INFO-FLOW: DBG:PUTS:     IP package: exec /home/nhanenten/Desktop/HW_SW/Lab3/Lab3_HLS/Lab3_HLS/hls/impl/ip/pack.sh
INFO-FLOW: DBG:PUTS:     IP package: success /home/nhanenten/Desktop/HW_SW/Lab3/Lab3_HLS/Lab3_HLS/hls/impl/ip/pack.sh
Execute     send_msg_by_id INFO @200-802@%s Lab3_HLS/matmul.zip 
INFO: [HLS 200-802] Generated output file Lab3_HLS/matmul.zip
Command   export_design done; 4.25 sec.
Execute   close_project 
Execute     close_solution 
Execute       cleanup_all 
Execute       cleanup_all 
Execute       source -notrace -encoding utf-8 /home/nhanenten/2025.2/Vitis/tps/tcl/tcl8.6/clock.tcl 
Execute         source -encoding utf-8 /home/nhanenten/2025.2/tps/tcl/tcl8/8.5/msgcat-1.6.1.tm 
INFO-FLOW: Workspace /home/nhanenten/Desktop/HW_SW/Lab3/Lab3_HLS/Lab3_HLS/hls opened at Mon May 25 14:43:44 +07 2026
Execute       source /home/nhanenten/Desktop/HW_SW/Lab3/Lab3_HLS/Lab3_HLS/hls/.autopilot/db/global.setting.tcl 
Execute       set_part xc7z010-clg400-1 
Execute         create_platform xc7z010-clg400-1 -board  
DBG:HLSDevice: Trying to load device library: /home/nhanenten/2025.2/Vitis/lib/lnx64.o/libxv_hlsvwrap.so
DBG:HLSDevice: first parts/arch.xml in RDI_DATADIR: /home/nhanenten/2025.2/Vivado/data/parts/arch.xml
DBG:HLSDevice: init success
INFO: [HLS 200-1611] Setting target device to 'xc7z010-clg400-1'
Command         create_platform done; 0.2 sec.
Execute         source /home/nhanenten/2025.2/Vitis/common/technology/xilinx/common/xilinx.gen 
Execute           source /home/nhanenten/2025.2/Vitis/common/technology/xilinx/interface/plb46.gen 
Execute           source /home/nhanenten/2025.2/Vitis/common/technology/xilinx/interface/axi4.gen 
Execute           source /home/nhanenten/2025.2/Vitis/common/technology/xilinx/interface/nativeAXI4.gen 
Execute             source /home/nhanenten/2025.2/Vitis/common/technology/xilinx/interface/saxilite.gen 
Execute           source /home/nhanenten/2025.2/Vitis/common/technology/xilinx/scripts/xilinxcoregen.gen 
Execute           source /home/nhanenten/2025.2/Vitis/common/technology/xilinx/interface/XilEDKCoreGen.gen 
Execute           source /home/nhanenten/2025.2/Vitis/common/technology/xilinx/ip/dds_compiler.gen 
Execute           source /home/nhanenten/2025.2/Vitis/common/technology/xilinx/ip/xfir.gen 
Execute           source /home/nhanenten/2025.2/Vitis/common/technology/xilinx/ip/xfft.gen 
Execute           source /home/nhanenten/2025.2/Vitis/common/technology/xilinx/ip/util.gen 
Execute           source /home/nhanenten/2025.2/Vitis/common/technology/xilinx/DSP48/dsp48.gen 
Execute         ap_part_info -name xc7z010-clg400-1 -data info 
Execute         config_compile -quiet -complex-mul-dsp=0 
Command       set_part done; 0.27 sec.
Execute       send_msg_by_id INFO @200-1505@%s%s default  vivado 
INFO: [HLS 200-1505] Using default flow_target 'vivado'
Execute       send_msg_by_id INFO @200-2174@%s%s component hls_config.cfg 
INFO: [HLS 200-2174] Applying component config ini file hls_config.cfg
Execute       apply_ini hls_config.cfg 
Execute         send_msg_by_id INFO @200-1465@%s 'syn.file=matmul.cpp' from hls_config.cfg(8) 
INFO: [HLS 200-1465] Applying config ini 'syn.file=matmul.cpp' from hls_config.cfg(8)
Execute         add_files /home/nhanenten/Desktop/HW_SW/Lab3/Lab3_HLS/matmul.cpp 
INFO: [HLS 200-10] Adding design file '/home/nhanenten/Desktop/HW_SW/Lab3/Lab3_HLS/matmul.cpp' to the project
Execute         send_msg_by_id INFO @200-1465@%s 'tb.file=tb_matmul.cpp' from hls_config.cfg(9) 
INFO: [HLS 200-1465] Applying config ini 'tb.file=tb_matmul.cpp' from hls_config.cfg(9)
Execute         add_files -tb /home/nhanenten/Desktop/HW_SW/Lab3/Lab3_HLS/tb_matmul.cpp 
INFO: [HLS 200-10] Adding test bench file '/home/nhanenten/Desktop/HW_SW/Lab3/Lab3_HLS/tb_matmul.cpp' to the project
Execute         send_msg_by_id INFO @200-1465@%s 'syn.top=matmul' from hls_config.cfg(10) 
INFO: [HLS 200-1465] Applying config ini 'syn.top=matmul' from hls_config.cfg(10)
Execute         set_top matmul 
Execute         send_msg_by_id INFO @200-1465@%s 'flow_target=vivado' from hls_config.cfg(4) 
INFO: [HLS 200-1465] Applying config ini 'flow_target=vivado' from hls_config.cfg(4)
Execute         send_msg_by_id INFO @200-1505@%s%s  vivado 
INFO: [HLS 200-1505] Using flow_target 'vivado'
Execute         send_msg_by_id INFO @200-1465@%s 'part=xc7z010clg400-1' from hls_config.cfg(1) 
INFO: [HLS 200-1465] Applying config ini 'part=xc7z010clg400-1' from hls_config.cfg(1)
Execute         set_part xc7z010clg400-1 
Execute           create_platform xc7z010clg400-1 -board  
Execute           source /home/nhanenten/2025.2/Vitis/common/technology/xilinx/common/xilinx.gen 
Execute             source /home/nhanenten/2025.2/Vitis/common/technology/xilinx/interface/plb46.gen 
Execute             source /home/nhanenten/2025.2/Vitis/common/technology/xilinx/interface/axi4.gen 
Execute             source /home/nhanenten/2025.2/Vitis/common/technology/xilinx/interface/nativeAXI4.gen 
Execute               source /home/nhanenten/2025.2/Vitis/common/technology/xilinx/interface/saxilite.gen 
Execute             source /home/nhanenten/2025.2/Vitis/common/technology/xilinx/scripts/xilinxcoregen.gen 
Execute             source /home/nhanenten/2025.2/Vitis/common/technology/xilinx/interface/XilEDKCoreGen.gen 
Execute             source /home/nhanenten/2025.2/Vitis/common/technology/xilinx/ip/dds_compiler.gen 
Execute             source /home/nhanenten/2025.2/Vitis/common/technology/xilinx/ip/xfir.gen 
Execute             source /home/nhanenten/2025.2/Vitis/common/technology/xilinx/ip/xfft.gen 
Execute             source /home/nhanenten/2025.2/Vitis/common/technology/xilinx/ip/util.gen 
Execute             source /home/nhanenten/2025.2/Vitis/common/technology/xilinx/DSP48/dsp48.gen 
Execute           ap_part_info -name xc7z010-clg400-1 -data info 
Execute           config_compile -quiet -complex-mul-dsp=0 
Command         set_part done; 0.11 sec.
Execute         send_msg_by_id INFO @200-1465@%s 'clock=10' from hls_config.cfg(7) 
INFO: [HLS 200-1465] Applying config ini 'clock=10' from hls_config.cfg(7)
Execute         create_clock -period 10ns 
Execute           ap_set_clock -name default -period 10 -unit ns -default=false 
INFO: [SYN 201-201] Setting up clock 'default' with a period of 10ns.
Execute         send_msg_by_id INFO @200-1465@%s 'package.output.format=ip_catalog' from hls_config.cfg(5) 
INFO: [HLS 200-1465] Applying config ini 'package.output.format=ip_catalog' from hls_config.cfg(5)
Execute         config_export -format=ip_catalog 
Command       apply_ini done; 0.12 sec.
Execute       write_component -config /home/nhanenten/Desktop/HW_SW/Lab3/Lab3_HLS/hls_config.cfg 
Execute         send_msg_by_id INFO @200-2176@%s /home/nhanenten/Desktop/HW_SW/Lab3/Lab3_HLS/Lab3_HLS/vitis-comp.json 
INFO: [HLS 200-2176] Writing Vitis IDE component file /home/nhanenten/Desktop/HW_SW/Lab3/Lab3_HLS/Lab3_HLS/vitis-comp.json
Command     open_solution done; 0.4 sec.
Command   open_component done; 0.4 sec.
Execute   apply_ini /home/nhanenten/Desktop/HW_SW/Lab3/Lab3_HLS/Lab3_HLS/hls/config.cmdline -iscmdline 
Execute   ::AP::init_summary_file vivado-impl 
Execute     AP::app_get_file_relativeroot [AP::app_get_root] {}
Execute   export_design -flow impl 
Execute     config_export -flow=impl 
INFO-FLOW: DBG:PUTS: export_design_wrap: -flow impl -format ip_catalog -rtl verilog
Execute     source /home/nhanenten/Desktop/HW_SW/Lab3/Lab3_HLS/Lab3_HLS/hls/.autopilot/db/global.setting.tcl 
INFO-FLOW: DBG:PUTS:   auto_impl: pack: -export -rtl verilog
INFO-FLOW: DBG:PROC: ::AESL_AUTOIMPL::auto_impl args='-export -rtl verilog'
Execute     source /home/nhanenten/Desktop/HW_SW/Lab3/Lab3_HLS/Lab3_HLS/hls/.autopilot/db/global.setting.tcl 
INFO: [IMPL 213-8] Exporting RTL as a Vivado IP.
INFO-FLOW: DBG:PUTS: automg_wrap -export -pcore_version 1.00.a -rtl vlog -tool Vivado -impltomg_flag
INFO-FLOW: DBG:PROC: ::AESL_AUTOMG::auto_generate args='-export -pcore_version 1.00.a -rtl vlog -tool Vivado -impltomg_flag'
INFO-FLOW: DBG:PUTS:     auto_generate -export -pcore_version 1.00.a -rtl vlog -tool Vivado -impltomg_flag
Execute     source /home/nhanenten/Desktop/HW_SW/Lab3/Lab3_HLS/Lab3_HLS/hls/.autopilot/db/global.setting.tcl 
INFO-FLOW: DBG:PUTS: read_platform_lib /home/nhanenten/Desktop/HW_SW/Lab3/Lab3_HLS/Lab3_HLS/hls/.autopilot/db/global.setting.tcl
Execute     source /home/nhanenten/2025.2/Vitis/common/technology/generic/autopilot/common.gen 
Execute       source /home/nhanenten/2025.2/Vitis/common/technology/generic/autopilot/APCoreGen.gen 
Execute     source /home/nhanenten/2025.2/Vitis/common/technology/generic/autopilot/op.gen 
Execute     source /home/nhanenten/2025.2/Vitis/common/technology/generic/autopilot/op_simcore.gen 
Execute     source /home/nhanenten/2025.2/Vitis/common/technology/generic/autopilot/interface.gen 
Execute     source /home/nhanenten/Desktop/HW_SW/Lab3/Lab3_HLS/Lab3_HLS/hls/.autopilot/db/global.setting.tcl 
Execute     source /home/nhanenten/2025.2/Vitis/common/technology/xilinx/common/xilinx.gen 
Execute       source /home/nhanenten/2025.2/Vitis/common/technology/xilinx/interface/plb46.gen 
Execute       source /home/nhanenten/2025.2/Vitis/common/technology/xilinx/interface/axi4.gen 
Execute       source /home/nhanenten/2025.2/Vitis/common/technology/xilinx/interface/nativeAXI4.gen 
Execute         source /home/nhanenten/2025.2/Vitis/common/technology/xilinx/interface/saxilite.gen 
Execute       source /home/nhanenten/2025.2/Vitis/common/technology/xilinx/scripts/xilinxcoregen.gen 
Execute       source /home/nhanenten/2025.2/Vitis/common/technology/xilinx/interface/XilEDKCoreGen.gen 
Execute       source /home/nhanenten/2025.2/Vitis/common/technology/xilinx/ip/dds_compiler.gen 
Execute       source /home/nhanenten/2025.2/Vitis/common/technology/xilinx/ip/xfir.gen 
Execute       source /home/nhanenten/2025.2/Vitis/common/technology/xilinx/ip/xfft.gen 
Execute       source /home/nhanenten/2025.2/Vitis/common/technology/xilinx/ip/util.gen 
Execute       source /home/nhanenten/2025.2/Vitis/common/technology/xilinx/DSP48/dsp48.gen 
INFO-FLOW: DBG:PUTS:   using AESL_AUTOCG::g_clock_period=10.000 (was NA)
INFO-FLOW: DBG:PUTS:       initCTypeInfo top_module=matmul xml_exists=1
Execute     source /home/nhanenten/Desktop/HW_SW/Lab3/Lab3_HLS/Lab3_HLS/hls/.autopilot/db/matmul.rtl_wrap.cfg.tcl 
Execute     source /home/nhanenten/Desktop/HW_SW/Lab3/Lab3_HLS/Lab3_HLS/hls/.autopilot/db/matmul.rtl_wrap.cfg.tcl 
Execute     source /home/nhanenten/Desktop/HW_SW/Lab3/Lab3_HLS/Lab3_HLS/hls/.autopilot/db/matmul.rtl_wrap.cfg.tcl 
Execute     source /home/nhanenten/Desktop/HW_SW/Lab3/Lab3_HLS/Lab3_HLS/hls/.autopilot/db/matmul.tbgen.tcl 
Execute     source /home/nhanenten/Desktop/HW_SW/Lab3/Lab3_HLS/Lab3_HLS/hls/.autopilot/db/matmul.tbgen.tcl 
Execute     source /home/nhanenten/Desktop/HW_SW/Lab3/Lab3_HLS/Lab3_HLS/hls/.autopilot/db/matmul.tbgen.tcl 
Execute     source /home/nhanenten/Desktop/HW_SW/Lab3/Lab3_HLS/Lab3_HLS/hls/.autopilot/db/global.setting.tcl 
Execute     source /home/nhanenten/Desktop/HW_SW/Lab3/Lab3_HLS/Lab3_HLS/hls/.autopilot/db/matmul.tbgen.tcl 
Execute     source /home/nhanenten/Desktop/HW_SW/Lab3/Lab3_HLS/Lab3_HLS/hls/.autopilot/db/cosimDB.tcl 
INFO-FLOW: DBG:PUTS:       cosim_export_main adding deadlock detection to matmul
INFO-FLOW: DBG:PUTS:       generate_datafile_ip_script ip_types={vitis sysgen} #gSsdmPorts=0
INFO-FLOW: DBG:PUTS: Skipping loadAnalyze_DB, #g_database=4
INFO-FLOW: DBG:PUTS:       generate_json generate_bd_files=0 generate_xo_files=false #modelList=3 #gSsdmPorts=0
INFO-FLOW: DBG:PROC: ::AP::DESIGN_DATA::generate_json generate_bd_files='0' generate_xo_files='false' modelList='matmul_mul_32s_32s_32_2_1
matmul_flow_control_loop_pipe
matmul
' rtl_lang='vlog' bootstrap_tcl='false' outdir='' outfilename=''
Execute     source /home/nhanenten/Desktop/HW_SW/Lab3/Lab3_HLS/Lab3_HLS/hls/.autopilot/db/global.setting.tcl 
Execute     source /home/nhanenten/Desktop/HW_SW/Lab3/Lab3_HLS/Lab3_HLS/hls/.autopilot/db/global.setting.tcl 
Execute     source /home/nhanenten/Desktop/HW_SW/Lab3/Lab3_HLS/Lab3_HLS/hls/.autopilot/db/top-io-be.tcl 
Execute     source /home/nhanenten/Desktop/HW_SW/Lab3/Lab3_HLS/Lab3_HLS/hls/.autopilot/db/matmul.tbgen.tcl 
Execute     source /home/nhanenten/Desktop/HW_SW/Lab3/Lab3_HLS/Lab3_HLS/hls/.autopilot/db/matmul.rtl_wrap.cfg.tcl 
Execute     source /home/nhanenten/Desktop/HW_SW/Lab3/Lab3_HLS/Lab3_HLS/hls/.autopilot/db/matmul.compgen.dataonly.tcl 
Execute     source /home/nhanenten/Desktop/HW_SW/Lab3/Lab3_HLS/Lab3_HLS/hls/.autopilot/db/matmul.tbgen.tcl 
Execute     source /home/nhanenten/Desktop/HW_SW/Lab3/Lab3_HLS/Lab3_HLS/hls/.autopilot/db/global.setting.tcl 
Execute     ap_part_info -name xc7z010-clg400-1 -data names -quiet 
Execute     ap_part_info -name xc7z010-clg400-1 -data info -quiet 
Execute     source /home/nhanenten/Desktop/HW_SW/Lab3/Lab3_HLS/Lab3_HLS/hls/.autopilot/db/matmul.constraint.tcl 
Execute     sc_get_clocks matmul 
Execute     source /home/nhanenten/Desktop/HW_SW/Lab3/Lab3_HLS/Lab3_HLS/hls/.autopilot/db/global.setting.tcl 
Execute     source /home/nhanenten/2025.2/Vitis/tps/tcl/tcllib2.0/fileutil/fileutil.tcl 
Execute       source /home/nhanenten/2025.2/Vitis/tps/tcl/tcllib2.0/cmdline/cmdline.tcl 
INFO-FLOW: DBG:PUTS:       generate_syn_sh
Execute     ap_part_info -name xc7z010-clg400-1 -data names -quiet 
Execute     ap_part_info -name xc7z010-clg400-1 -data info -quiet 
Execute     source /home/nhanenten/Desktop/HW_SW/Lab3/Lab3_HLS/Lab3_HLS/hls/.autopilot/db/global.setting.tcl 
INFO-FLOW: DBG:PUTS:       generate_imp_constraints
Execute     ap_part_info -name xc7z010-clg400-1 -data names -quiet 
Execute     ap_part_info -name xc7z010-clg400-1 -data info -quiet 
Execute     source /home/nhanenten/Desktop/HW_SW/Lab3/Lab3_HLS/Lab3_HLS/hls/.autopilot/db/matmul.constraint.tcl 
Execute     source /home/nhanenten/Desktop/HW_SW/Lab3/Lab3_HLS/Lab3_HLS/hls/.autopilot/db/matmul.tbgen.tcl 
INFO-FLOW: DBG:PUTS:       delete-temp-dirs pwd=/home/nhanenten/Desktop/HW_SW/Lab3/Lab3_HLS/Lab3_HLS/hls
Execute     ap_part_info -name xc7z010-clg400-1 -data names -quiet 
Execute     ap_part_info -name xc7z010-clg400-1 -data info -quiet 
INFO-FLOW: DBG:PUTS: read_platform_lib /home/nhanenten/Desktop/HW_SW/Lab3/Lab3_HLS/Lab3_HLS/hls/.autopilot/db/global.setting.tcl
Execute     source /home/nhanenten/2025.2/Vitis/common/technology/generic/autopilot/common.gen 
Execute       source /home/nhanenten/2025.2/Vitis/common/technology/generic/autopilot/APCoreGen.gen 
Execute     source /home/nhanenten/2025.2/Vitis/common/technology/generic/autopilot/op.gen 
Execute     source /home/nhanenten/2025.2/Vitis/common/technology/generic/autopilot/op_simcore.gen 
Execute     source /home/nhanenten/2025.2/Vitis/common/technology/generic/autopilot/interface.gen 
Execute     source /home/nhanenten/Desktop/HW_SW/Lab3/Lab3_HLS/Lab3_HLS/hls/.autopilot/db/global.setting.tcl 
Execute     source /home/nhanenten/2025.2/Vitis/common/technology/xilinx/common/xilinx.gen 
Execute       source /home/nhanenten/2025.2/Vitis/common/technology/xilinx/interface/plb46.gen 
Execute       source /home/nhanenten/2025.2/Vitis/common/technology/xilinx/interface/axi4.gen 
Execute       source /home/nhanenten/2025.2/Vitis/common/technology/xilinx/interface/nativeAXI4.gen 
Execute         source /home/nhanenten/2025.2/Vitis/common/technology/xilinx/interface/saxilite.gen 
Execute       source /home/nhanenten/2025.2/Vitis/common/technology/xilinx/scripts/xilinxcoregen.gen 
Execute       source /home/nhanenten/2025.2/Vitis/common/technology/xilinx/interface/XilEDKCoreGen.gen 
Execute       source /home/nhanenten/2025.2/Vitis/common/technology/xilinx/ip/dds_compiler.gen 
Execute       source /home/nhanenten/2025.2/Vitis/common/technology/xilinx/ip/xfir.gen 
Execute       source /home/nhanenten/2025.2/Vitis/common/technology/xilinx/ip/xfft.gen 
Execute       source /home/nhanenten/2025.2/Vitis/common/technology/xilinx/ip/util.gen 
Execute       source /home/nhanenten/2025.2/Vitis/common/technology/xilinx/DSP48/dsp48.gen 
INFO-FLOW: DBG:PUTS:     IP package: exec /home/nhanenten/Desktop/HW_SW/Lab3/Lab3_HLS/Lab3_HLS/hls/impl/ip/pack.sh
INFO-FLOW: DBG:PUTS:     IP package: success /home/nhanenten/Desktop/HW_SW/Lab3/Lab3_HLS/Lab3_HLS/hls/impl/ip/pack.sh
INFO-FLOW: DBG:PUTS:   auto_impl: eval: -flow impl -rtl verilog
INFO-FLOW: DBG:PROC: ::AESL_AUTOIMPL::auto_impl args='-flow impl -rtl verilog'
Execute     source /home/nhanenten/Desktop/HW_SW/Lab3/Lab3_HLS/Lab3_HLS/hls/.autopilot/db/global.setting.tcl 
INFO: [IMPL 213-8] Starting RTL evaluation using Vivado ...
INFO-FLOW: DBG:PUTS: automg_wrap -rtl vlog -tool Vivado -impltomg_flag
INFO-FLOW: DBG:PROC: ::AESL_AUTOMG::auto_generate args='-rtl vlog -tool Vivado -impltomg_flag'
INFO-FLOW: DBG:PUTS:     auto_generate -rtl vlog -tool Vivado -impltomg_flag
Execute     source /home/nhanenten/Desktop/HW_SW/Lab3/Lab3_HLS/Lab3_HLS/hls/.autopilot/db/global.setting.tcl 
INFO-FLOW: DBG:PUTS: read_platform_lib /home/nhanenten/Desktop/HW_SW/Lab3/Lab3_HLS/Lab3_HLS/hls/.autopilot/db/global.setting.tcl
Execute     source /home/nhanenten/2025.2/Vitis/common/technology/generic/autopilot/common.gen 
Execute       source /home/nhanenten/2025.2/Vitis/common/technology/generic/autopilot/APCoreGen.gen 
Execute     source /home/nhanenten/2025.2/Vitis/common/technology/generic/autopilot/op.gen 
Execute     source /home/nhanenten/2025.2/Vitis/common/technology/generic/autopilot/op_simcore.gen 
Execute     source /home/nhanenten/2025.2/Vitis/common/technology/generic/autopilot/interface.gen 
Execute     source /home/nhanenten/Desktop/HW_SW/Lab3/Lab3_HLS/Lab3_HLS/hls/.autopilot/db/global.setting.tcl 
Execute     source /home/nhanenten/2025.2/Vitis/common/technology/xilinx/common/xilinx.gen 
Execute       source /home/nhanenten/2025.2/Vitis/common/technology/xilinx/interface/plb46.gen 
Execute       source /home/nhanenten/2025.2/Vitis/common/technology/xilinx/interface/axi4.gen 
Execute       source /home/nhanenten/2025.2/Vitis/common/technology/xilinx/interface/nativeAXI4.gen 
Execute         source /home/nhanenten/2025.2/Vitis/common/technology/xilinx/interface/saxilite.gen 
Execute       source /home/nhanenten/2025.2/Vitis/common/technology/xilinx/scripts/xilinxcoregen.gen 
Execute       source /home/nhanenten/2025.2/Vitis/common/technology/xilinx/interface/XilEDKCoreGen.gen 
Execute       source /home/nhanenten/2025.2/Vitis/common/technology/xilinx/ip/dds_compiler.gen 
Execute       source /home/nhanenten/2025.2/Vitis/common/technology/xilinx/ip/xfir.gen 
Execute       source /home/nhanenten/2025.2/Vitis/common/technology/xilinx/ip/xfft.gen 
Execute       source /home/nhanenten/2025.2/Vitis/common/technology/xilinx/ip/util.gen 
Execute       source /home/nhanenten/2025.2/Vitis/common/technology/xilinx/DSP48/dsp48.gen 
INFO-FLOW: DBG:PUTS:       generate_syn_sh
Execute     ap_part_info -name xc7z010-clg400-1 -data names -quiet 
Execute     ap_part_info -name xc7z010-clg400-1 -data info -quiet 
Execute     source /home/nhanenten/Desktop/HW_SW/Lab3/Lab3_HLS/Lab3_HLS/hls/.autopilot/db/global.setting.tcl 
INFO-FLOW: DBG:PUTS:       generate_imp_constraints
Execute     ap_part_info -name xc7z010-clg400-1 -data names -quiet 
Execute     ap_part_info -name xc7z010-clg400-1 -data info -quiet 
Execute     source /home/nhanenten/Desktop/HW_SW/Lab3/Lab3_HLS/Lab3_HLS/hls/.autopilot/db/matmul.constraint.tcl 
Execute     source /home/nhanenten/Desktop/HW_SW/Lab3/Lab3_HLS/Lab3_HLS/hls/.autopilot/db/matmul.tbgen.tcl 
INFO-FLOW: DBG:PUTS:       delete-temp-dirs pwd=/home/nhanenten/Desktop/HW_SW/Lab3/Lab3_HLS/Lab3_HLS/hls
Execute     ap_part_info -name xc7z010-clg400-1 -data names -quiet 
Execute     ap_part_info -name xc7z010-clg400-1 -data info -quiet 
INFO-FLOW: DBG:PUTS: read_platform_lib /home/nhanenten/Desktop/HW_SW/Lab3/Lab3_HLS/Lab3_HLS/hls/.autopilot/db/global.setting.tcl
Execute     source /home/nhanenten/2025.2/Vitis/common/technology/generic/autopilot/common.gen 
Execute       source /home/nhanenten/2025.2/Vitis/common/technology/generic/autopilot/APCoreGen.gen 
Execute     source /home/nhanenten/2025.2/Vitis/common/technology/generic/autopilot/op.gen 
Execute     source /home/nhanenten/2025.2/Vitis/common/technology/generic/autopilot/op_simcore.gen 
Execute     source /home/nhanenten/2025.2/Vitis/common/technology/generic/autopilot/interface.gen 
Execute     source /home/nhanenten/Desktop/HW_SW/Lab3/Lab3_HLS/Lab3_HLS/hls/.autopilot/db/global.setting.tcl 
Execute     source /home/nhanenten/2025.2/Vitis/common/technology/xilinx/common/xilinx.gen 
Execute       source /home/nhanenten/2025.2/Vitis/common/technology/xilinx/interface/plb46.gen 
Execute       source /home/nhanenten/2025.2/Vitis/common/technology/xilinx/interface/axi4.gen 
Execute       source /home/nhanenten/2025.2/Vitis/common/technology/xilinx/interface/nativeAXI4.gen 
Execute         source /home/nhanenten/2025.2/Vitis/common/technology/xilinx/interface/saxilite.gen 
Execute       source /home/nhanenten/2025.2/Vitis/common/technology/xilinx/scripts/xilinxcoregen.gen 
Execute       source /home/nhanenten/2025.2/Vitis/common/technology/xilinx/interface/XilEDKCoreGen.gen 
Execute       source /home/nhanenten/2025.2/Vitis/common/technology/xilinx/ip/dds_compiler.gen 
Execute       source /home/nhanenten/2025.2/Vitis/common/technology/xilinx/ip/xfir.gen 
Execute       source /home/nhanenten/2025.2/Vitis/common/technology/xilinx/ip/xfft.gen 
Execute       source /home/nhanenten/2025.2/Vitis/common/technology/xilinx/ip/util.gen 
Execute       source /home/nhanenten/2025.2/Vitis/common/technology/xilinx/DSP48/dsp48.gen 
Execute     source /home/nhanenten/Desktop/HW_SW/Lab3/Lab3_HLS/Lab3_HLS/hls/.autopilot/db/autopilot.rtl.models.tcl 
Execute     source /home/nhanenten/Desktop/HW_SW/Lab3/Lab3_HLS/Lab3_HLS/hls/.autopilot/db/global.setting.tcl 
Execute     ap_part_info -name xc7z010-clg400-1 -data names -quiet 
Execute     ap_part_info -name xc7z010-clg400-1 -data info -quiet 
INFO-FLOW: DBG:PUTS: debug_in_auto_impl: vlog exec /home/nhanenten/Desktop/HW_SW/Lab3/Lab3_HLS/Lab3_HLS/hls/impl/verilog/impl.sh
INFO-FLOW: DBG:PROC: ::HLSREPORTS::auto_impl_report topinfo_dict='RtlTopPrefix {} RtlSubPrefix matmul_ TopModuleNoPrefix matmul TopModuleWithPrefix matmul' export_design_flow='impl' impl_dir='/home/nhanenten/Desktop/HW_SW/Lab3/Lab3_HLS/Lab3_HLS/hls/impl' lang='verilog' out_dir='' flow_names=''
INFO-FLOW: Running: auto_impl_report read csynth_xml
INFO-FLOW: Done: auto_impl_report read csynth_xml time: 0 seconds 
INFO-FLOW: Running: auto_impl_report gen module_node_dict
INFO-FLOW: Done: auto_impl_report gen module_node_dict time: 0 seconds 
INFO-FLOW: Running: auto_impl_report get_csynth_rtlinst_dict
INFO-FLOW: Done: auto_impl_report get_csynth_rtlinst_dict time: 0 seconds 
INFO-FLOW: DBG:PUTS:     auto_impl_report: impl processing xml
INFO-FLOW: Running: auto_impl_report flow=impl process xml nodes: RtlModule (4)
INFO-FLOW: Done: auto_impl_report flow=impl process xml nodes: RtlModule (4) time: 0 seconds 
INFO-FLOW: Running: auto_impl_report flow=impl process xml nodes: TimingPaths (5)
INFO-FLOW: Done: auto_impl_report flow=impl process xml nodes: TimingPaths (5) time: 0 seconds 
Execute     ap_part_info -quiet -data family -name xc7z010-clg400-1 
INFO-FLOW: Running: auto_impl_report flow=impl write xml /home/nhanenten/Desktop/HW_SW/Lab3/Lab3_HLS/Lab3_HLS/hls/impl/report/verilog/export_impl.xml
INFO-FLOW: Done: auto_impl_report flow=impl write xml /home/nhanenten/Desktop/HW_SW/Lab3/Lab3_HLS/Lab3_HLS/hls/impl/report/verilog/export_impl.xml time: 0 seconds 
INFO-FLOW: Running: auto_impl_report flow=impl auto_impl_report_txt /home/nhanenten/Desktop/HW_SW/Lab3/Lab3_HLS/Lab3_HLS/hls/impl/report/verilog/export_impl.rpt
INFO-FLOW: DBG:PROC: ::HLSREPORTS::auto_impl_report_txt xml_root='domNode0x70d8e5270158' export_design_flow='impl' export_rpt='/home/nhanenten/Desktop/HW_SW/Lab3/Lab3_HLS/Lab3_HLS/hls/impl/report/verilog/export_impl.rpt' rpt_txt_var=''
INFO-FLOW: DBG:PUTS:     wrote export rpt file: export_impl.rpt
INFO-FLOW: Done: auto_impl_report flow=impl auto_impl_report_txt /home/nhanenten/Desktop/HW_SW/Lab3/Lab3_HLS/Lab3_HLS/hls/impl/report/verilog/export_impl.rpt time: 0 seconds 
INFO-FLOW: DBG:PUTS:     auto_impl_report: syn processing xml
INFO-FLOW: Running: auto_impl_report flow=syn process xml nodes: RtlModule (4)
INFO-FLOW: Done: auto_impl_report flow=syn process xml nodes: RtlModule (4) time: 0 seconds 
INFO-FLOW: Running: auto_impl_report flow=syn process xml nodes: TimingPaths (5)
INFO-FLOW: Done: auto_impl_report flow=syn process xml nodes: TimingPaths (5) time: 0 seconds 
Execute     ap_part_info -quiet -data family -name xc7z010-clg400-1 
INFO-FLOW: Running: auto_impl_report flow=syn write xml /home/nhanenten/Desktop/HW_SW/Lab3/Lab3_HLS/Lab3_HLS/hls/impl/report/verilog/export_syn.xml
INFO-FLOW: Done: auto_impl_report flow=syn write xml /home/nhanenten/Desktop/HW_SW/Lab3/Lab3_HLS/Lab3_HLS/hls/impl/report/verilog/export_syn.xml time: 0 seconds 
INFO-FLOW: Running: auto_impl_report flow=syn auto_impl_report_txt /home/nhanenten/Desktop/HW_SW/Lab3/Lab3_HLS/Lab3_HLS/hls/impl/report/verilog/export_syn.rpt
INFO-FLOW: DBG:PROC: ::HLSREPORTS::auto_impl_report_txt xml_root='domNode0x70d8e5276d78' export_design_flow='syn' export_rpt='/home/nhanenten/Desktop/HW_SW/Lab3/Lab3_HLS/Lab3_HLS/hls/impl/report/verilog/export_syn.rpt' rpt_txt_var=''
INFO-FLOW: DBG:PUTS:     wrote export rpt file: export_syn.rpt
INFO-FLOW: Done: auto_impl_report flow=syn auto_impl_report_txt /home/nhanenten/Desktop/HW_SW/Lab3/Lab3_HLS/Lab3_HLS/hls/impl/report/verilog/export_syn.rpt time: 0 seconds 
Execute     send_msg_by_id INFO @200-802@%s Lab3_HLS/matmul.zip 
INFO: [HLS 200-802] Generated output file Lab3_HLS/matmul.zip
Command   export_design done; 96.52 sec.
Execute   close_project 
Execute     close_solution 
Execute       cleanup_all 
Execute       cleanup_all 
Execute       source -notrace -encoding utf-8 /home/nhanenten/2025.2/Vitis/tps/tcl/tcl8.6/clock.tcl 
Execute         source -encoding utf-8 /home/nhanenten/2025.2/tps/tcl/tcl8/8.5/msgcat-1.6.1.tm 
INFO-FLOW: Workspace /home/nhanenten/Desktop/HW_SW/Lab3/Lab3_HLS/Lab3_HLS/hls opened at Mon May 25 14:49:20 +07 2026
Execute       source /home/nhanenten/Desktop/HW_SW/Lab3/Lab3_HLS/Lab3_HLS/hls/.autopilot/db/global.setting.tcl 
Execute       set_part xc7z010-clg400-1 
Execute         create_platform xc7z010-clg400-1 -board  
DBG:HLSDevice: Trying to load device library: /home/nhanenten/2025.2/Vitis/lib/lnx64.o/libxv_hlsvwrap.so
DBG:HLSDevice: first parts/arch.xml in RDI_DATADIR: /home/nhanenten/2025.2/Vivado/data/parts/arch.xml
DBG:HLSDevice: init success
INFO: [HLS 200-1611] Setting target device to 'xc7z010-clg400-1'
Command         create_platform done; 0.23 sec.
Execute         source /home/nhanenten/2025.2/Vitis/common/technology/xilinx/common/xilinx.gen 
Execute           source /home/nhanenten/2025.2/Vitis/common/technology/xilinx/interface/plb46.gen 
Execute           source /home/nhanenten/2025.2/Vitis/common/technology/xilinx/interface/axi4.gen 
Execute           source /home/nhanenten/2025.2/Vitis/common/technology/xilinx/interface/nativeAXI4.gen 
Execute             source /home/nhanenten/2025.2/Vitis/common/technology/xilinx/interface/saxilite.gen 
Execute           source /home/nhanenten/2025.2/Vitis/common/technology/xilinx/scripts/xilinxcoregen.gen 
Execute           source /home/nhanenten/2025.2/Vitis/common/technology/xilinx/interface/XilEDKCoreGen.gen 
Execute           source /home/nhanenten/2025.2/Vitis/common/technology/xilinx/ip/dds_compiler.gen 
Execute           source /home/nhanenten/2025.2/Vitis/common/technology/xilinx/ip/xfir.gen 
Execute           source /home/nhanenten/2025.2/Vitis/common/technology/xilinx/ip/xfft.gen 
Execute           source /home/nhanenten/2025.2/Vitis/common/technology/xilinx/ip/util.gen 
Execute           source /home/nhanenten/2025.2/Vitis/common/technology/xilinx/DSP48/dsp48.gen 
Execute         ap_part_info -name xc7z010-clg400-1 -data info 
Execute         config_compile -quiet -complex-mul-dsp=0 
Command       set_part done; 0.3 sec.
Execute       send_msg_by_id INFO @200-1505@%s%s default  vivado 
INFO: [HLS 200-1505] Using default flow_target 'vivado'
Execute       send_msg_by_id INFO @200-2174@%s%s component hls_config.cfg 
INFO: [HLS 200-2174] Applying component config ini file hls_config.cfg
Execute       apply_ini hls_config.cfg 
Execute         send_msg_by_id INFO @200-1465@%s 'syn.file=matmul.cpp' from hls_config.cfg(8) 
INFO: [HLS 200-1465] Applying config ini 'syn.file=matmul.cpp' from hls_config.cfg(8)
Execute         add_files /home/nhanenten/Desktop/HW_SW/Lab3/Lab3_HLS/matmul.cpp 
INFO: [HLS 200-10] Adding design file '/home/nhanenten/Desktop/HW_SW/Lab3/Lab3_HLS/matmul.cpp' to the project
Execute         send_msg_by_id INFO @200-1465@%s 'tb.file=tb_matmul.cpp' from hls_config.cfg(9) 
INFO: [HLS 200-1465] Applying config ini 'tb.file=tb_matmul.cpp' from hls_config.cfg(9)
Execute         add_files -tb /home/nhanenten/Desktop/HW_SW/Lab3/Lab3_HLS/tb_matmul.cpp 
INFO: [HLS 200-10] Adding test bench file '/home/nhanenten/Desktop/HW_SW/Lab3/Lab3_HLS/tb_matmul.cpp' to the project
Execute         send_msg_by_id INFO @200-1465@%s 'syn.top=matmul' from hls_config.cfg(10) 
INFO: [HLS 200-1465] Applying config ini 'syn.top=matmul' from hls_config.cfg(10)
Execute         set_top matmul 
Execute         send_msg_by_id INFO @200-1465@%s 'flow_target=vivado' from hls_config.cfg(4) 
INFO: [HLS 200-1465] Applying config ini 'flow_target=vivado' from hls_config.cfg(4)
Execute         send_msg_by_id INFO @200-1505@%s%s  vivado 
INFO: [HLS 200-1505] Using flow_target 'vivado'
Execute         send_msg_by_id INFO @200-1465@%s 'part=xc7z010clg400-1' from hls_config.cfg(1) 
INFO: [HLS 200-1465] Applying config ini 'part=xc7z010clg400-1' from hls_config.cfg(1)
Execute         set_part xc7z010clg400-1 
Execute           create_platform xc7z010clg400-1 -board  
Execute           source /home/nhanenten/2025.2/Vitis/common/technology/xilinx/common/xilinx.gen 
Execute             source /home/nhanenten/2025.2/Vitis/common/technology/xilinx/interface/plb46.gen 
Execute             source /home/nhanenten/2025.2/Vitis/common/technology/xilinx/interface/axi4.gen 
Execute             source /home/nhanenten/2025.2/Vitis/common/technology/xilinx/interface/nativeAXI4.gen 
Execute               source /home/nhanenten/2025.2/Vitis/common/technology/xilinx/interface/saxilite.gen 
Execute             source /home/nhanenten/2025.2/Vitis/common/technology/xilinx/scripts/xilinxcoregen.gen 
Execute             source /home/nhanenten/2025.2/Vitis/common/technology/xilinx/interface/XilEDKCoreGen.gen 
Execute             source /home/nhanenten/2025.2/Vitis/common/technology/xilinx/ip/dds_compiler.gen 
Execute             source /home/nhanenten/2025.2/Vitis/common/technology/xilinx/ip/xfir.gen 
Execute             source /home/nhanenten/2025.2/Vitis/common/technology/xilinx/ip/xfft.gen 
Execute             source /home/nhanenten/2025.2/Vitis/common/technology/xilinx/ip/util.gen 
Execute             source /home/nhanenten/2025.2/Vitis/common/technology/xilinx/DSP48/dsp48.gen 
Execute           ap_part_info -name xc7z010-clg400-1 -data info 
Execute           config_compile -quiet -complex-mul-dsp=0 
Command         set_part done; 0.14 sec.
Execute         send_msg_by_id INFO @200-1465@%s 'clock=10' from hls_config.cfg(7) 
INFO: [HLS 200-1465] Applying config ini 'clock=10' from hls_config.cfg(7)
Execute         create_clock -period 10ns 
Execute           ap_set_clock -name default -period 10 -unit ns -default=false 
INFO: [SYN 201-201] Setting up clock 'default' with a period of 10ns.
Execute         send_msg_by_id INFO @200-1465@%s 'package.output.format=ip_catalog' from hls_config.cfg(5) 
INFO: [HLS 200-1465] Applying config ini 'package.output.format=ip_catalog' from hls_config.cfg(5)
Execute         config_export -format=ip_catalog 
Command       apply_ini done; 0.15 sec.
Execute       write_component -config /home/nhanenten/Desktop/HW_SW/Lab3/Lab3_HLS/hls_config.cfg 
Execute         send_msg_by_id INFO @200-2176@%s /home/nhanenten/Desktop/HW_SW/Lab3/Lab3_HLS/Lab3_HLS/vitis-comp.json 
INFO: [HLS 200-2176] Writing Vitis IDE component file /home/nhanenten/Desktop/HW_SW/Lab3/Lab3_HLS/Lab3_HLS/vitis-comp.json
Command     open_solution done; 0.47 sec.
Command   open_component done; 0.47 sec.
Execute   apply_ini /home/nhanenten/Desktop/HW_SW/Lab3/Lab3_HLS/Lab3_HLS/hls/config.cmdline -iscmdline 
Execute   ::AP::init_summary_file cosim 
Execute     AP::app_get_file_relativeroot [AP::app_get_root] {}
Execute   cosim_design 
Execute     source /home/nhanenten/Desktop/HW_SW/Lab3/Lab3_HLS/Lab3_HLS/hls/.autopilot/db/global.setting.tcl 
Execute     source /home/nhanenten/Desktop/HW_SW/Lab3/Lab3_HLS/Lab3_HLS/hls/.autopilot/db/global.setting.tcl 
Execute     source /home/nhanenten/Desktop/HW_SW/Lab3/Lab3_HLS/Lab3_HLS/hls/.autopilot/db/global.setting.tcl 
INFO-FLOW: DBG:PUTS: read_platform_lib /home/nhanenten/Desktop/HW_SW/Lab3/Lab3_HLS/Lab3_HLS/hls/.autopilot/db/global.setting.tcl
Execute     source /home/nhanenten/2025.2/Vitis/common/technology/generic/autopilot/common.gen 
Execute       source /home/nhanenten/2025.2/Vitis/common/technology/generic/autopilot/APCoreGen.gen 
Execute     source /home/nhanenten/2025.2/Vitis/common/technology/generic/autopilot/op.gen 
Execute     source /home/nhanenten/2025.2/Vitis/common/technology/generic/autopilot/op_simcore.gen 
Execute     source /home/nhanenten/2025.2/Vitis/common/technology/generic/autopilot/interface.gen 
Execute     source /home/nhanenten/Desktop/HW_SW/Lab3/Lab3_HLS/Lab3_HLS/hls/.autopilot/db/global.setting.tcl 
Execute     source /home/nhanenten/2025.2/Vitis/common/technology/xilinx/common/xilinx.gen 
Execute       source /home/nhanenten/2025.2/Vitis/common/technology/xilinx/interface/plb46.gen 
Execute       source /home/nhanenten/2025.2/Vitis/common/technology/xilinx/interface/axi4.gen 
Execute       source /home/nhanenten/2025.2/Vitis/common/technology/xilinx/interface/nativeAXI4.gen 
Execute         source /home/nhanenten/2025.2/Vitis/common/technology/xilinx/interface/saxilite.gen 
Execute       source /home/nhanenten/2025.2/Vitis/common/technology/xilinx/scripts/xilinxcoregen.gen 
Execute       source /home/nhanenten/2025.2/Vitis/common/technology/xilinx/interface/XilEDKCoreGen.gen 
Execute       source /home/nhanenten/2025.2/Vitis/common/technology/xilinx/ip/dds_compiler.gen 
Execute       source /home/nhanenten/2025.2/Vitis/common/technology/xilinx/ip/xfir.gen 
Execute       source /home/nhanenten/2025.2/Vitis/common/technology/xilinx/ip/xfft.gen 
Execute       source /home/nhanenten/2025.2/Vitis/common/technology/xilinx/ip/util.gen 
Execute       source /home/nhanenten/2025.2/Vitis/common/technology/xilinx/DSP48/dsp48.gen 
INFO-FLOW: DBG:PUTS:   using AESL_AUTOCG::g_clock_period=10.000 (was NA)
Execute     ap_part_info -name xc7z010-clg400-1 -data names -quiet 
Execute     ap_part_info -name xc7z010-clg400-1 -data info -quiet 
Execute     source /home/nhanenten/Desktop/HW_SW/Lab3/Lab3_HLS/Lab3_HLS/hls/.autopilot/db/global.setting.tcl 
Execute     source /home/nhanenten/Desktop/HW_SW/Lab3/Lab3_HLS/Lab3_HLS/hls/.autopilot/db/matmul.rtl_wrap.cfg.tcl 
Execute     source /home/nhanenten/Desktop/HW_SW/Lab3/Lab3_HLS/Lab3_HLS/hls/.autopilot/db/matmul.tbgen.tcl 
Execute     source /home/nhanenten/Desktop/HW_SW/Lab3/Lab3_HLS/Lab3_HLS/hls/.autopilot/db/cosimDB.tcl 
Execute     source /home/nhanenten/Desktop/HW_SW/Lab3/Lab3_HLS/Lab3_HLS/hls/.autopilot/db/matmul.tbgen.tcl 
Execute     source /home/nhanenten/Desktop/HW_SW/Lab3/Lab3_HLS/Lab3_HLS/hls/.autopilot/db/matmul.tbgen.tcl 
Execute     source /home/nhanenten/Desktop/HW_SW/Lab3/Lab3_HLS/Lab3_HLS/hls/.autopilot/db/matmul.tbgen.tcl 
Execute     source /home/nhanenten/Desktop/HW_SW/Lab3/Lab3_HLS/Lab3_HLS/hls/.autopilot/db/matmul.tbgen.tcl 
INFO: [COSIM 212-47] Using XSIM for RTL simulation.
INFO: [COSIM 212-14] Instrumenting C test bench ...
Execute     ap_part_info -name xc7z010-clg400-1 -data info 
INFO-FLOW: run_clang autosim-tb exec: /home/nhanenten/2025.2/Vitis/lnx64/tools/clang-16/bin/clang -foptimization-record-file=/home/nhanenten/Desktop/HW_SW/Lab3/Lab3_HLS/Lab3_HLS/hls/.autopilot/db/tb_matmul.cpp.clang.autosim-tb.diag.yml -mllvm -pass-remarks-missed=reflow|pasta|unroll|inline -mllvm -pass-remarks=reflow|pasta|unroll|inline -fno-builtin-isinf -fno-builtin-isnan -E -Wno-unknown-pragmas -Wno-unknown-pragmas -DGCC_COMPATIBLE_APINT -DAESL_TB -D__HLS_COSIM__ -D__VITIS_HLS__ -I /usr/include/x86_64-linux-gnu -I /home/nhanenten/2025.2/Vitis/include -I include /home/nhanenten/Desktop/HW_SW/Lab3/Lab3_HLS/tb_matmul.cpp -o /home/nhanenten/Desktop/HW_SW/Lab3/Lab3_HLS/Lab3_HLS/hls/./sim/autowrap/testbench/tb_matmul.cpp_pre.cpp -std=gnu++14 -D__DSP48E1__ --gcc-toolchain=/home/nhanenten/2025.2/Vitis/tps/lnx64/gcc-8.3.0 > /home/nhanenten/Desktop/HW_SW/Lab3/Lab3_HLS/Lab3_HLS/hls/.autopilot/db/tb_matmul.cpp.clang.autosim-tb.out.log 2> /home/nhanenten/Desktop/HW_SW/Lab3/Lab3_HLS/Lab3_HLS/hls/.autopilot/db/tb_matmul.cpp.clang.autosim-tb.err.log
INFO-FLOW: run_clang result=success num-err-msgs=0 num-stderr-lines=0
INFO-FLOW: TB processing: /home/nhanenten/Desktop/HW_SW/Lab3/Lab3_HLS/tb_matmul.cpp /home/nhanenten/Desktop/HW_SW/Lab3/Lab3_HLS/Lab3_HLS/hls/./sim/autowrap/testbench/tb_matmul.cpp_pre.cpp
Execute     clang_tidy xilinx-tb-process -desc tb-process /home/nhanenten/Desktop/HW_SW/Lab3/Lab3_HLS/Lab3_HLS/hls/./sim/autowrap/testbench/tb_matmul.cpp_pre.cpp.tb.cpp std=gnu++14 
INFO-FLOW: exec /home/nhanenten/2025.2/Vitis/lnx64/tools/clang-16/bin/clang-tidy -header-filter=.* --checks=-*,xilinx-tb-process -fix-errors /home/nhanenten/Desktop/HW_SW/Lab3/Lab3_HLS/Lab3_HLS/hls/./sim/autowrap/testbench/tb_matmul.cpp_pre.cpp.tb.cpp -- -std=gnu++14 -fhls -ferror-limit=0
Command     clang_tidy done; 3.76 sec.
Execute     ap_part_info -name xc7z010-clg400-1 -data info 
INFO-FLOW: run_clang autosim-tb exec: /home/nhanenten/2025.2/Vitis/lnx64/tools/clang-16/bin/clang -foptimization-record-file=/home/nhanenten/Desktop/HW_SW/Lab3/Lab3_HLS/Lab3_HLS/hls/.autopilot/db/matmul.cpp.clang.autosim-tb.diag.yml -mllvm -pass-remarks-missed=reflow|pasta|unroll|inline -mllvm -pass-remarks=reflow|pasta|unroll|inline -fno-builtin-isinf -fno-builtin-isnan -E -DGCC_COMPATIBLE_APINT -DAESL_TB -D__HLS_COSIM__ -D__VITIS_HLS__ -I /usr/include/x86_64-linux-gnu -I /home/nhanenten/2025.2/Vitis/include -I include /home/nhanenten/Desktop/HW_SW/Lab3/Lab3_HLS/matmul.cpp -o /home/nhanenten/Desktop/HW_SW/Lab3/Lab3_HLS/Lab3_HLS/hls/./sim/autowrap/testbench/matmul.cpp_pre.cpp -std=gnu++14 -D__DSP48E1__ --gcc-toolchain=/home/nhanenten/2025.2/Vitis/tps/lnx64/gcc-8.3.0 > /home/nhanenten/Desktop/HW_SW/Lab3/Lab3_HLS/Lab3_HLS/hls/.autopilot/db/matmul.cpp.clang.autosim-tb.out.log 2> /home/nhanenten/Desktop/HW_SW/Lab3/Lab3_HLS/Lab3_HLS/hls/.autopilot/db/matmul.cpp.clang.autosim-tb.err.log
INFO-FLOW: run_clang result=success num-err-msgs=0 num-stderr-lines=0
INFO-FLOW: TB processing: /home/nhanenten/Desktop/HW_SW/Lab3/Lab3_HLS/matmul.cpp /home/nhanenten/Desktop/HW_SW/Lab3/Lab3_HLS/Lab3_HLS/hls/./sim/autowrap/testbench/matmul.cpp_pre.cpp
Execute     clang_tidy xilinx-tb-process -desc tb-process /home/nhanenten/Desktop/HW_SW/Lab3/Lab3_HLS/Lab3_HLS/hls/./sim/autowrap/testbench/matmul.cpp_pre.cpp.tb.cpp std=gnu++14 
INFO-FLOW: exec /home/nhanenten/2025.2/Vitis/lnx64/tools/clang-16/bin/clang-tidy -header-filter=.* --checks=-*,xilinx-tb-process -fix-errors /home/nhanenten/Desktop/HW_SW/Lab3/Lab3_HLS/Lab3_HLS/hls/./sim/autowrap/testbench/matmul.cpp_pre.cpp.tb.cpp -- -std=gnu++14 -fhls -ferror-limit=0
Command     clang_tidy done; 3.78 sec.
Execute     source /home/nhanenten/Desktop/HW_SW/Lab3/Lab3_HLS/Lab3_HLS/hls/./sim/autowrap/testbench/tb.status.tcl 
Execute     source /home/nhanenten/Desktop/HW_SW/Lab3/Lab3_HLS/Lab3_HLS/hls/.autopilot/db/global.setting.tcl 
Execute     source /home/nhanenten/Desktop/HW_SW/Lab3/Lab3_HLS/Lab3_HLS/hls/.autopilot/db/matmul.rtl_wrap.cfg.tcl 
Execute     source /home/nhanenten/Desktop/HW_SW/Lab3/Lab3_HLS/Lab3_HLS/hls/.autopilot/db/matmul.rtl_wrap.cfg.tcl 
Execute     source /home/nhanenten/Desktop/HW_SW/Lab3/Lab3_HLS/Lab3_HLS/hls/.autopilot/db/matmul.rtl_wrap.cfg.tcl 
Execute     source /home/nhanenten/Desktop/HW_SW/Lab3/Lab3_HLS/Lab3_HLS/hls/.autopilot/db/matmul.tbgen.tcl 
Execute     source /home/nhanenten/Desktop/HW_SW/Lab3/Lab3_HLS/Lab3_HLS/hls/.autopilot/db/matmul.tbgen.tcl 
Execute     source /home/nhanenten/Desktop/HW_SW/Lab3/Lab3_HLS/Lab3_HLS/hls/.autopilot/db/matmul.tbgen.tcl 
Execute     ap_part_info -name xc7z010-clg400-1 -data info 
Execute     source .run_sim.tcl 
INFO: [COSIM 212-302] Starting C TB testing ... 
Execute     source /home/nhanenten/Desktop/HW_SW/Lab3/Lab3_HLS/Lab3_HLS/hls/.autopilot/db/matmul.tbgen.tcl 
Execute     source /home/nhanenten/Desktop/HW_SW/Lab3/Lab3_HLS/Lab3_HLS/hls/.autopilot/db/matmul.tbgen.tcl 
INFO: [COSIM 212-333] Generating C post check test bench ...
Execute     source sim/tv/cdatafile/ref.tcl 
Execute     source /home/nhanenten/Desktop/HW_SW/Lab3/Lab3_HLS/Lab3_HLS/hls/.autopilot/db/matmul.tbgen.tcl 
Execute     source /home/nhanenten/Desktop/HW_SW/Lab3/Lab3_HLS/Lab3_HLS/hls/.autopilot/db/matmul.tbgen.tcl 
Execute     source /home/nhanenten/Desktop/HW_SW/Lab3/Lab3_HLS/Lab3_HLS/hls/.autopilot/db/matmul.tbgen.tcl 
Execute     source /home/nhanenten/Desktop/HW_SW/Lab3/Lab3_HLS/Lab3_HLS/hls/.autopilot/db/matmul.tbgen.tcl 
Execute     source /home/nhanenten/Desktop/HW_SW/Lab3/Lab3_HLS/Lab3_HLS/hls/.autopilot/db/matmul.tbgen.tcl 
Execute     source /home/nhanenten/Desktop/HW_SW/Lab3/Lab3_HLS/Lab3_HLS/hls/.autopilot/db/matmul.tbgen.tcl 
Execute     source /home/nhanenten/Desktop/HW_SW/Lab3/Lab3_HLS/Lab3_HLS/hls/.autopilot/db/matmul.tbgen.tcl 
Execute     source /home/nhanenten/Desktop/HW_SW/Lab3/Lab3_HLS/Lab3_HLS/hls/.autopilot/db/matmul.tbgen.tcl 
Execute     source /home/nhanenten/Desktop/HW_SW/Lab3/Lab3_HLS/Lab3_HLS/hls/.autopilot/db/matmul.tbgen.tcl 
Execute     source /home/nhanenten/Desktop/HW_SW/Lab3/Lab3_HLS/Lab3_HLS/hls/.autopilot/db/matmul.tbgen.tcl 
INFO: [COSIM 212-12] Generating RTL test bench ...
Execute     source ../tv/cdatafile/ref.tcl 
Execute     source /home/nhanenten/Desktop/HW_SW/Lab3/Lab3_HLS/Lab3_HLS/hls/.autopilot/db/matmul.tbgen.tcl 
Execute     source /home/nhanenten/Desktop/HW_SW/Lab3/Lab3_HLS/Lab3_HLS/hls/.autopilot/db/matmul.tbgen.tcl 
Execute     source /home/nhanenten/Desktop/HW_SW/Lab3/Lab3_HLS/Lab3_HLS/hls/.autopilot/db/matmul.tbgen.tcl 
Execute     source /home/nhanenten/Desktop/HW_SW/Lab3/Lab3_HLS/Lab3_HLS/hls/.autopilot/db/matmul.tbgen.tcl 
Execute     source ../tv/cdatafile/ref.tcl 
Execute     source /home/nhanenten/Desktop/HW_SW/Lab3/Lab3_HLS/Lab3_HLS/hls/.autopilot/db/matmul.tbgen.tcl 
Execute     source /home/nhanenten/Desktop/HW_SW/Lab3/Lab3_HLS/Lab3_HLS/hls/.autopilot/db/matmul.tbgen.tcl 
Execute     source /home/nhanenten/Desktop/HW_SW/Lab3/Lab3_HLS/Lab3_HLS/hls/.autopilot/db/matmul.tbgen.tcl 
Execute     source /home/nhanenten/Desktop/HW_SW/Lab3/Lab3_HLS/Lab3_HLS/hls/.autopilot/db/matmul.tbgen.tcl 
Execute     source /home/nhanenten/Desktop/HW_SW/Lab3/Lab3_HLS/Lab3_HLS/hls/.autopilot/db/matmul.tbgen.tcl 
Execute     source /home/nhanenten/Desktop/HW_SW/Lab3/Lab3_HLS/Lab3_HLS/hls/.autopilot/db/matmul.tbgen.tcl 
Execute     source /home/nhanenten/Desktop/HW_SW/Lab3/Lab3_HLS/Lab3_HLS/hls/.autopilot/db/matmul.tbgen.tcl 
Execute     source /home/nhanenten/Desktop/HW_SW/Lab3/Lab3_HLS/Lab3_HLS/hls/.autopilot/db/matmul.tbgen.tcl 
Execute     source /home/nhanenten/Desktop/HW_SW/Lab3/Lab3_HLS/Lab3_HLS/hls/.autopilot/db/matmul.tbgen.tcl 
Execute     source /home/nhanenten/Desktop/HW_SW/Lab3/Lab3_HLS/Lab3_HLS/hls/.autopilot/db/matmul.DependenceCheck.tcl 
Execute     source /home/nhanenten/Desktop/HW_SW/Lab3/Lab3_HLS/Lab3_HLS/hls/.autopilot/db/matmul.tbgen.tcl 
Execute     source /home/nhanenten/Desktop/HW_SW/Lab3/Lab3_HLS/Lab3_HLS/hls/.autopilot/db/matmul.tbgen.tcl 
Execute     source /home/nhanenten/Desktop/HW_SW/Lab3/Lab3_HLS/Lab3_HLS/hls/.autopilot/db/matmul.tbgen.tcl 
Execute     source /home/nhanenten/Desktop/HW_SW/Lab3/Lab3_HLS/Lab3_HLS/hls/.autopilot/db/matmul.tbgen.tcl 
Execute     source /home/nhanenten/Desktop/HW_SW/Lab3/Lab3_HLS/Lab3_HLS/hls/.autopilot/db/matmul.tbgen.tcl 
Execute     source /home/nhanenten/Desktop/HW_SW/Lab3/Lab3_HLS/Lab3_HLS/hls/.autopilot/db/matmul.tbgen.tcl 
Execute     source ../tv/cdatafile/ref.tcl 
Execute     source /home/nhanenten/Desktop/HW_SW/Lab3/Lab3_HLS/Lab3_HLS/hls/.autopilot/db/matmul.tbgen.tcl 
Execute     source /home/nhanenten/Desktop/HW_SW/Lab3/Lab3_HLS/Lab3_HLS/hls/.autopilot/db/matmul.tbgen.tcl 
INFO: [COSIM 212-1] *** C/RTL co-simulation file generation completed. ***
Execute     source .run_sim.tcl 
Execute       source check_sim.tcl 
Execute       source dataflow_monitor_API.tcl 
Execute       source .sim.status.tcl 
INFO: [COSIM 212-323] Starting verilog simulation. 
INFO: [COSIM 212-15] Starting XSIM ...
INFO: [COSIM 212-316] Starting C post checking ...
Command     ap_source done; 24.27 sec.
INFO: [COSIM 212-1000] *** C/RTL co-simulation finished: PASS ***
INFO: [COSIM 212-211] II is measurable only when transaction number is greater than 1 in RTL simulation. Otherwise, they will be marked as all NA. If user wants to calculate them, please make sure there are at least 2 transactions in RTL simulation.
Command   cosim_design done; 41.21 sec.
Execute   close_project 
Execute     close_solution 
Execute       cleanup_all 
Execute       cleanup_all 
