

================================================================
== Vitis HLS Report for 'matmul'
================================================================
* Date:           Mon May 25 14:37:04 2026

* Version:        2025.2 (Build 6295257 on Nov 14 2025)
* Project:        Lab3_HLS
* Solution:       hls (Vivado IP Flow Target)
* Product family: zynq
* Target device:  xc7z010-clg400-1


================================================================
== Performance Estimates
================================================================
+ Timing: 
    * Summary: 
    +--------+----------+----------+------------+
    |  Clock |  Target  | Estimated| Uncertainty|
    +--------+----------+----------+------------+
    |ap_clk  |  10.00 ns|  6.912 ns|     2.70 ns|
    +--------+----------+----------+------------+

+ Latency: 
    * Summary: 
    +---------+---------+-----------+-----------+------+------+------------------------------------------------+
    |  Latency (cycles) |   Latency (absolute)  |   Interval  |                    Pipeline                    |
    |   min   |   max   |    min    |    max    |  min |  max |                      Type                      |
    +---------+---------+-----------+-----------+------+------+------------------------------------------------+
    |     2052|     2052|  20.520 us|  20.520 us|  2048|  2048|  loop auto-rewind stp (delay=0 clock cycles(s))|
    +---------+---------+-----------+-----------+------+------+------------------------------------------------+

    + Detail: 
        * Instance: 
        N/A

        * Loop: 
        +---------------------------------+---------+---------+----------+-----------+-----------+------+----------+
        |                                 |  Latency (cycles) | Iteration|  Initiation Interval  | Trip |          |
        |            Loop Name            |   min   |   max   |  Latency |  achieved |   target  | Count| Pipelined|
        +---------------------------------+---------+---------+----------+-----------+-----------+------+----------+
        |- VITIS_LOOP_6_1_VITIS_LOOP_7_2  |     2050|     2050|        11|          8|          1|   256|       yes|
        +---------------------------------+---------+---------+----------+-----------+-----------+------+----------+

============================================================
+ Verbose Summary: Synthesis Manager
============================================================
InlineROM: 1
ExposeGlobal: 0
============================================================
+ Verbose Summary: CDFG Model
============================================================
IsTopModel: 1
ResetActiveHigh: 1
IsCombinational: 0
IsDatapathOnly: 0
HasWiredReturn: 1
HasMFsm: 2
HasVarLatency: 1
IsPipeline: 0
IsRtlPipelined: 0
IsInstanceOverlapped: 0
IsDontTouch: 0
HasImplIP: 0
IsGatedGlobalClock: 0

+ Individual pipeline summary: 
  * Pipeline-0: initiation interval (II) = 8, depth = 11


============================================================
+ Verbose Summary: Schedule
============================================================
* Number of FSM states : 11
* Pipeline : 1
  Pipeline-0 : II = 8, D = 11, States = { 1 2 3 4 5 6 7 8 9 10 11 }
* Dataflow Pipeline: 0

* FSM state transitions: 
1 --> 2 
2 --> 3 
3 --> 4 
4 --> 5 
5 --> 6 
6 --> 7 
7 --> 8 
8 --> 9 
9 --> 10 
10 --> 11 
11 --> 

* FSM state operations: 

State 1 <SV = 0> <Delay = 6.17>
ST_1 : Operation 14 [1/1] (0.00ns)   --->   "%indvar_flatten1 = alloca i32 1"   --->   Operation 14 'alloca' 'indvar_flatten1' <Predicate = true> <Delay = 0.00>
ST_1 : Operation 15 [1/1] (0.00ns)   --->   "%i = alloca i32 1" [matmul.cpp:6]   --->   Operation 15 'alloca' 'i' <Predicate = true> <Delay = 0.00>
ST_1 : Operation 16 [1/1] (0.00ns)   --->   "%j = alloca i32 1" [matmul.cpp:7]   --->   Operation 16 'alloca' 'j' <Predicate = true> <Delay = 0.00>
ST_1 : Operation 17 [1/1] (0.00ns)   --->   "%spectopmodule_ln4 = spectopmodule void @_ssdm_op_SpecTopModule, void @empty_2" [matmul.cpp:4]   --->   Operation 17 'spectopmodule' 'spectopmodule_ln4' <Predicate = true> <Delay = 0.00>
ST_1 : Operation 18 [1/1] (0.00ns)   --->   "%specinterface_ln0 = specinterface void @_ssdm_op_SpecInterface, i32 %in1, void @empty, i32 0, i32 0, void @empty_0, i32 4294967295, i32 0, void @empty_0, void @empty_0, void @empty_0, i32 0, i32 0, i32 0, i32 0, void @empty_0, void @empty_0, i32 4294967295, i32 0, i32 0, i32 0"   --->   Operation 18 'specinterface' 'specinterface_ln0' <Predicate = true> <Delay = 0.00>
ST_1 : Operation 19 [1/1] (0.00ns)   --->   "%specbitsmap_ln0 = specbitsmap void @_ssdm_op_SpecBitsMap, i32 %in1"   --->   Operation 19 'specbitsmap' 'specbitsmap_ln0' <Predicate = true> <Delay = 0.00>
ST_1 : Operation 20 [1/1] (0.00ns)   --->   "%specinterface_ln0 = specinterface void @_ssdm_op_SpecInterface, i32 %in2, void @empty, i32 0, i32 0, void @empty_0, i32 4294967295, i32 0, void @empty_0, void @empty_0, void @empty_0, i32 0, i32 0, i32 0, i32 0, void @empty_0, void @empty_0, i32 4294967295, i32 0, i32 0, i32 0"   --->   Operation 20 'specinterface' 'specinterface_ln0' <Predicate = true> <Delay = 0.00>
ST_1 : Operation 21 [1/1] (0.00ns)   --->   "%specbitsmap_ln0 = specbitsmap void @_ssdm_op_SpecBitsMap, i32 %in2"   --->   Operation 21 'specbitsmap' 'specbitsmap_ln0' <Predicate = true> <Delay = 0.00>
ST_1 : Operation 22 [1/1] (0.00ns)   --->   "%specinterface_ln0 = specinterface void @_ssdm_op_SpecInterface, i32 %out_r, void @empty, i32 0, i32 0, void @empty_0, i32 4294967295, i32 0, void @empty_0, void @empty_0, void @empty_0, i32 0, i32 0, i32 0, i32 0, void @empty_0, void @empty_0, i32 4294967295, i32 0, i32 0, i32 0"   --->   Operation 22 'specinterface' 'specinterface_ln0' <Predicate = true> <Delay = 0.00>
ST_1 : Operation 23 [1/1] (0.00ns)   --->   "%specbitsmap_ln0 = specbitsmap void @_ssdm_op_SpecBitsMap, i32 %out_r"   --->   Operation 23 'specbitsmap' 'specbitsmap_ln0' <Predicate = true> <Delay = 0.00>
ST_1 : Operation 24 [1/1] (0.00ns)   --->   "%specbitsmap_ln0 = specbitsmap void @_ssdm_op_SpecBitsMap, i32 %size"   --->   Operation 24 'specbitsmap' 'specbitsmap_ln0' <Predicate = true> <Delay = 0.00>
ST_1 : Operation 25 [1/1] (0.00ns)   --->   "%specinterface_ln0 = specinterface void @_ssdm_op_SpecInterface, i32 %size, void @empty_1, i32 0, i32 0, void @empty_0, i32 0, i32 0, void @empty_0, void @empty_0, void @empty_0, i32 0, i32 0, i32 0, i32 0, void @empty_0, void @empty_0, i32 4294967295, i32 0, i32 0, i32 0"   --->   Operation 25 'specinterface' 'specinterface_ln0' <Predicate = true> <Delay = 0.00>
ST_1 : Operation 26 [1/1] (0.00ns)   --->   "%size_read = read i32 @_ssdm_op_Read.ap_auto.i32, i32 %size" [matmul.cpp:4]   --->   Operation 26 'read' 'size_read' <Predicate = true> <Delay = 0.00>
ST_1 : Operation 27 [1/1] (2.55ns)   --->   "%icmp_ln10 = icmp_sgt  i32 %size_read, i32 0" [matmul.cpp:10]   --->   Operation 27 'icmp' 'icmp_ln10' <Predicate = true> <Delay = 2.55> <CoreInst = "Cmp">   --->   Core 9 'Cmp' <Latency = 0> <II = 1> <Delay = 2.55> <FuncUnit> <Opcode : 'seteq' 'setne' 'setle' 'setge' 'setlt' 'setgt'> <InPorts = 2> <OutPorts = 1>
ST_1 : Operation 28 [1/1] (0.00ns)   --->   "%tmp_16 = partselect i31 @_ssdm_op_PartSelect.i31.i32.i32.i32, i32 %size_read, i32 1, i32 31" [matmul.cpp:10]   --->   Operation 28 'partselect' 'tmp_16' <Predicate = true> <Delay = 0.00>
ST_1 : Operation 29 [1/1] (2.52ns)   --->   "%icmp_ln10_1 = icmp_sgt  i31 %tmp_16, i31 0" [matmul.cpp:10]   --->   Operation 29 'icmp' 'icmp_ln10_1' <Predicate = true> <Delay = 2.52> <CoreInst = "Cmp">   --->   Core 9 'Cmp' <Latency = 0> <II = 1> <Delay = 2.52> <FuncUnit> <Opcode : 'seteq' 'setne' 'setle' 'setge' 'setlt' 'setgt'> <InPorts = 2> <OutPorts = 1>
ST_1 : Operation 30 [1/1] (2.55ns)   --->   "%icmp_ln10_2 = icmp_sgt  i32 %size_read, i32 2" [matmul.cpp:10]   --->   Operation 30 'icmp' 'icmp_ln10_2' <Predicate = true> <Delay = 2.55> <CoreInst = "Cmp">   --->   Core 9 'Cmp' <Latency = 0> <II = 1> <Delay = 2.55> <FuncUnit> <Opcode : 'seteq' 'setne' 'setle' 'setge' 'setlt' 'setgt'> <InPorts = 2> <OutPorts = 1>
ST_1 : Operation 31 [1/1] (0.00ns)   --->   "%tmp_17 = partselect i30 @_ssdm_op_PartSelect.i30.i32.i32.i32, i32 %size_read, i32 2, i32 31" [matmul.cpp:10]   --->   Operation 31 'partselect' 'tmp_17' <Predicate = true> <Delay = 0.00>
ST_1 : Operation 32 [1/1] (2.49ns)   --->   "%icmp_ln10_3 = icmp_sgt  i30 %tmp_17, i30 0" [matmul.cpp:10]   --->   Operation 32 'icmp' 'icmp_ln10_3' <Predicate = true> <Delay = 2.49> <CoreInst = "Cmp">   --->   Core 9 'Cmp' <Latency = 0> <II = 1> <Delay = 2.49> <FuncUnit> <Opcode : 'seteq' 'setne' 'setle' 'setge' 'setlt' 'setgt'> <InPorts = 2> <OutPorts = 1>
ST_1 : Operation 33 [1/1] (2.55ns)   --->   "%icmp_ln10_4 = icmp_sgt  i32 %size_read, i32 4" [matmul.cpp:10]   --->   Operation 33 'icmp' 'icmp_ln10_4' <Predicate = true> <Delay = 2.55> <CoreInst = "Cmp">   --->   Core 9 'Cmp' <Latency = 0> <II = 1> <Delay = 2.55> <FuncUnit> <Opcode : 'seteq' 'setne' 'setle' 'setge' 'setlt' 'setgt'> <InPorts = 2> <OutPorts = 1>
ST_1 : Operation 34 [1/1] (2.55ns)   --->   "%icmp_ln10_5 = icmp_sgt  i32 %size_read, i32 5" [matmul.cpp:10]   --->   Operation 34 'icmp' 'icmp_ln10_5' <Predicate = true> <Delay = 2.55> <CoreInst = "Cmp">   --->   Core 9 'Cmp' <Latency = 0> <II = 1> <Delay = 2.55> <FuncUnit> <Opcode : 'seteq' 'setne' 'setle' 'setge' 'setlt' 'setgt'> <InPorts = 2> <OutPorts = 1>
ST_1 : Operation 35 [1/1] (2.55ns)   --->   "%icmp_ln10_6 = icmp_sgt  i32 %size_read, i32 6" [matmul.cpp:10]   --->   Operation 35 'icmp' 'icmp_ln10_6' <Predicate = true> <Delay = 2.55> <CoreInst = "Cmp">   --->   Core 9 'Cmp' <Latency = 0> <II = 1> <Delay = 2.55> <FuncUnit> <Opcode : 'seteq' 'setne' 'setle' 'setge' 'setlt' 'setgt'> <InPorts = 2> <OutPorts = 1>
ST_1 : Operation 36 [1/1] (0.00ns)   --->   "%tmp_18 = partselect i29 @_ssdm_op_PartSelect.i29.i32.i32.i32, i32 %size_read, i32 3, i32 31" [matmul.cpp:10]   --->   Operation 36 'partselect' 'tmp_18' <Predicate = true> <Delay = 0.00>
ST_1 : Operation 37 [1/1] (2.46ns)   --->   "%icmp_ln10_7 = icmp_sgt  i29 %tmp_18, i29 0" [matmul.cpp:10]   --->   Operation 37 'icmp' 'icmp_ln10_7' <Predicate = true> <Delay = 2.46> <CoreInst = "Cmp">   --->   Core 9 'Cmp' <Latency = 0> <II = 1> <Delay = 2.46> <FuncUnit> <Opcode : 'seteq' 'setne' 'setle' 'setge' 'setlt' 'setgt'> <InPorts = 2> <OutPorts = 1>
ST_1 : Operation 38 [1/1] (2.55ns)   --->   "%icmp_ln10_8 = icmp_sgt  i32 %size_read, i32 8" [matmul.cpp:10]   --->   Operation 38 'icmp' 'icmp_ln10_8' <Predicate = true> <Delay = 2.55> <CoreInst = "Cmp">   --->   Core 9 'Cmp' <Latency = 0> <II = 1> <Delay = 2.55> <FuncUnit> <Opcode : 'seteq' 'setne' 'setle' 'setge' 'setlt' 'setgt'> <InPorts = 2> <OutPorts = 1>
ST_1 : Operation 39 [1/1] (2.55ns)   --->   "%icmp_ln10_9 = icmp_sgt  i32 %size_read, i32 9" [matmul.cpp:10]   --->   Operation 39 'icmp' 'icmp_ln10_9' <Predicate = true> <Delay = 2.55> <CoreInst = "Cmp">   --->   Core 9 'Cmp' <Latency = 0> <II = 1> <Delay = 2.55> <FuncUnit> <Opcode : 'seteq' 'setne' 'setle' 'setge' 'setlt' 'setgt'> <InPorts = 2> <OutPorts = 1>
ST_1 : Operation 40 [1/1] (2.55ns)   --->   "%icmp_ln10_10 = icmp_sgt  i32 %size_read, i32 10" [matmul.cpp:10]   --->   Operation 40 'icmp' 'icmp_ln10_10' <Predicate = true> <Delay = 2.55> <CoreInst = "Cmp">   --->   Core 9 'Cmp' <Latency = 0> <II = 1> <Delay = 2.55> <FuncUnit> <Opcode : 'seteq' 'setne' 'setle' 'setge' 'setlt' 'setgt'> <InPorts = 2> <OutPorts = 1>
ST_1 : Operation 41 [1/1] (2.55ns)   --->   "%icmp_ln10_11 = icmp_sgt  i32 %size_read, i32 11" [matmul.cpp:10]   --->   Operation 41 'icmp' 'icmp_ln10_11' <Predicate = true> <Delay = 2.55> <CoreInst = "Cmp">   --->   Core 9 'Cmp' <Latency = 0> <II = 1> <Delay = 2.55> <FuncUnit> <Opcode : 'seteq' 'setne' 'setle' 'setge' 'setlt' 'setgt'> <InPorts = 2> <OutPorts = 1>
ST_1 : Operation 42 [1/1] (2.55ns)   --->   "%icmp_ln10_12 = icmp_sgt  i32 %size_read, i32 12" [matmul.cpp:10]   --->   Operation 42 'icmp' 'icmp_ln10_12' <Predicate = true> <Delay = 2.55> <CoreInst = "Cmp">   --->   Core 9 'Cmp' <Latency = 0> <II = 1> <Delay = 2.55> <FuncUnit> <Opcode : 'seteq' 'setne' 'setle' 'setge' 'setlt' 'setgt'> <InPorts = 2> <OutPorts = 1>
ST_1 : Operation 43 [1/1] (2.55ns)   --->   "%icmp_ln10_13 = icmp_sgt  i32 %size_read, i32 13" [matmul.cpp:10]   --->   Operation 43 'icmp' 'icmp_ln10_13' <Predicate = true> <Delay = 2.55> <CoreInst = "Cmp">   --->   Core 9 'Cmp' <Latency = 0> <II = 1> <Delay = 2.55> <FuncUnit> <Opcode : 'seteq' 'setne' 'setle' 'setge' 'setlt' 'setgt'> <InPorts = 2> <OutPorts = 1>
ST_1 : Operation 44 [1/1] (2.55ns)   --->   "%icmp_ln10_14 = icmp_sgt  i32 %size_read, i32 14" [matmul.cpp:10]   --->   Operation 44 'icmp' 'icmp_ln10_14' <Predicate = true> <Delay = 2.55> <CoreInst = "Cmp">   --->   Core 9 'Cmp' <Latency = 0> <II = 1> <Delay = 2.55> <FuncUnit> <Opcode : 'seteq' 'setne' 'setle' 'setge' 'setlt' 'setgt'> <InPorts = 2> <OutPorts = 1>
ST_1 : Operation 45 [1/1] (0.00ns)   --->   "%tmp_19 = partselect i28 @_ssdm_op_PartSelect.i28.i32.i32.i32, i32 %size_read, i32 4, i32 31" [matmul.cpp:10]   --->   Operation 45 'partselect' 'tmp_19' <Predicate = true> <Delay = 0.00>
ST_1 : Operation 46 [1/1] (2.43ns)   --->   "%icmp_ln10_15 = icmp_sgt  i28 %tmp_19, i28 0" [matmul.cpp:10]   --->   Operation 46 'icmp' 'icmp_ln10_15' <Predicate = true> <Delay = 2.43> <CoreInst = "Cmp">   --->   Core 9 'Cmp' <Latency = 0> <II = 1> <Delay = 2.43> <FuncUnit> <Opcode : 'seteq' 'setne' 'setle' 'setge' 'setlt' 'setgt'> <InPorts = 2> <OutPorts = 1>
ST_1 : Operation 47 [1/1] (1.58ns)   --->   "%store_ln7 = store i5 0, i5 %j" [matmul.cpp:7]   --->   Operation 47 'store' 'store_ln7' <Predicate = true> <Delay = 1.58>
ST_1 : Operation 48 [1/1] (1.58ns)   --->   "%store_ln6 = store i5 0, i5 %i" [matmul.cpp:6]   --->   Operation 48 'store' 'store_ln6' <Predicate = true> <Delay = 1.58>
ST_1 : Operation 49 [1/1] (1.58ns)   --->   "%store_ln0 = store i8 0, i8 %indvar_flatten1"   --->   Operation 49 'store' 'store_ln0' <Predicate = true> <Delay = 1.58>
ST_1 : Operation 50 [1/1] (1.58ns)   --->   "%br_ln0 = br void %for.inc23"   --->   Operation 50 'br' 'br_ln0' <Predicate = true> <Delay = 1.58>
ST_1 : Operation 51 [1/1] (0.00ns)   --->   "%icmp_ln74 = phi i1 0, void %entry, i1 %icmp_ln7, void %for.inc23" [matmul.cpp:7]   --->   Operation 51 'phi' 'icmp_ln74' <Predicate = true> <Delay = 0.00>
ST_1 : Operation 52 [1/1] (0.00ns)   --->   "%i_1 = load i5 %i" [matmul.cpp:6]   --->   Operation 52 'load' 'i_1' <Predicate = true> <Delay = 0.00>
ST_1 : Operation 53 [1/1] (0.00ns)   --->   "%j_1 = load i5 %j" [matmul.cpp:6]   --->   Operation 53 'load' 'j_1' <Predicate = true> <Delay = 0.00>
ST_1 : Operation 54 [1/1] (1.78ns)   --->   "%add_ln6 = add i5 %i_1, i5 1" [matmul.cpp:6]   --->   Operation 54 'add' 'add_ln6' <Predicate = true> <Delay = 1.78> <CoreInst = "Adder">   --->   Core 1 'Adder' <Latency = 0> <II = 1> <Delay = 1.78> <FuncUnit> <Opcode : 'add' 'sub'> <InPorts = 2> <OutPorts = 1>
ST_1 : Operation 55 [1/1] (1.21ns)   --->   "%select_ln6 = select i1 %icmp_ln74, i5 0, i5 %j_1" [matmul.cpp:6]   --->   Operation 55 'select' 'select_ln6' <Predicate = true> <Delay = 1.21> <CoreInst = "Sel">   --->   Core 73 'Sel' <Latency = 0> <II = 1> <Delay = 1.21> <FuncUnit> <Opcode : 'select'> <InPorts = 3> <OutPorts = 1>
ST_1 : Operation 56 [1/1] (1.21ns)   --->   "%i_3 = select i1 %icmp_ln74, i5 %add_ln6, i5 %i_1" [matmul.cpp:6]   --->   Operation 56 'select' 'i_3' <Predicate = true> <Delay = 1.21> <CoreInst = "Sel">   --->   Core 73 'Sel' <Latency = 0> <II = 1> <Delay = 1.21> <FuncUnit> <Opcode : 'select'> <InPorts = 3> <OutPorts = 1>
ST_1 : Operation 57 [1/1] (0.00ns)   --->   "%trunc_ln11 = trunc i5 %i_3" [matmul.cpp:11]   --->   Operation 57 'trunc' 'trunc_ln11' <Predicate = true> <Delay = 0.00>
ST_1 : Operation 58 [1/1] (0.00ns)   --->   "%tmp = bitconcatenate i8 @_ssdm_op_BitConcatenate.i8.i4.i4, i4 %trunc_ln11, i4 0" [matmul.cpp:11]   --->   Operation 58 'bitconcatenate' 'tmp' <Predicate = true> <Delay = 0.00>
ST_1 : Operation 59 [1/1] (0.00ns)   --->   "%zext_ln11 = zext i8 %tmp" [matmul.cpp:11]   --->   Operation 59 'zext' 'zext_ln11' <Predicate = (icmp_ln10)> <Delay = 0.00>
ST_1 : Operation 60 [1/1] (0.00ns)   --->   "%in1_addr = getelementptr i32 %in1, i64 0, i64 %zext_ln11" [matmul.cpp:11]   --->   Operation 60 'getelementptr' 'in1_addr' <Predicate = (icmp_ln10)> <Delay = 0.00>
ST_1 : Operation 61 [1/1] (0.00ns)   --->   "%tmp_1 = bitconcatenate i8 @_ssdm_op_BitConcatenate.i8.i4.i4, i4 %trunc_ln11, i4 1" [matmul.cpp:11]   --->   Operation 61 'bitconcatenate' 'tmp_1' <Predicate = (icmp_ln10_1)> <Delay = 0.00>
ST_1 : Operation 62 [1/1] (0.00ns)   --->   "%zext_ln11_1 = zext i8 %tmp_1" [matmul.cpp:11]   --->   Operation 62 'zext' 'zext_ln11_1' <Predicate = (icmp_ln10_1)> <Delay = 0.00>
ST_1 : Operation 63 [1/1] (0.00ns)   --->   "%in1_addr_1 = getelementptr i32 %in1, i64 0, i64 %zext_ln11_1" [matmul.cpp:11]   --->   Operation 63 'getelementptr' 'in1_addr_1' <Predicate = (icmp_ln10_1)> <Delay = 0.00>
ST_1 : Operation 64 [2/2] (0.00ns)   --->   "%in1_load = load i8 %in1_addr" [matmul.cpp:11]   --->   Operation 64 'load' 'in1_load' <Predicate = (icmp_ln10)> <Delay = 0.00> <CoreInst = "RAM">   --->   Core 81 'RAM' <Latency = 1> <II = 1> <Delay = 3.25> <Storage> <Opcode : 'load' 'store'> <Ports = 2> <Width = 32> <Depth = 256> <RAM>
ST_1 : Operation 65 [2/2] (0.00ns)   --->   "%in1_load_1 = load i8 %in1_addr_1" [matmul.cpp:11]   --->   Operation 65 'load' 'in1_load_1' <Predicate = (icmp_ln10_1)> <Delay = 0.00> <CoreInst = "RAM">   --->   Core 81 'RAM' <Latency = 1> <II = 1> <Delay = 3.25> <Storage> <Opcode : 'load' 'store'> <Ports = 2> <Width = 32> <Depth = 256> <RAM>
ST_1 : Operation 66 [1/1] (0.00ns)   --->   "%zext_ln7 = zext i5 %select_ln6" [matmul.cpp:7]   --->   Operation 66 'zext' 'zext_ln7' <Predicate = (icmp_ln10)> <Delay = 0.00>
ST_1 : Operation 67 [1/1] (0.00ns)   --->   "%zext_ln11_18 = zext i5 %select_ln6" [matmul.cpp:11]   --->   Operation 67 'zext' 'zext_ln11_18' <Predicate = true> <Delay = 0.00>
ST_1 : Operation 68 [1/1] (0.00ns)   --->   "%in2_addr = getelementptr i32 %in2, i64 0, i64 %zext_ln7" [matmul.cpp:11]   --->   Operation 68 'getelementptr' 'in2_addr' <Predicate = (icmp_ln10)> <Delay = 0.00>
ST_1 : Operation 69 [1/1] (1.82ns)   --->   "%add_ln11 = add i6 %zext_ln11_18, i6 16" [matmul.cpp:11]   --->   Operation 69 'add' 'add_ln11' <Predicate = (icmp_ln10_1)> <Delay = 1.82> <CoreInst = "Adder">   --->   Core 1 'Adder' <Latency = 0> <II = 1> <Delay = 1.82> <FuncUnit> <Opcode : 'add' 'sub'> <InPorts = 2> <OutPorts = 1>
ST_1 : Operation 70 [1/1] (0.00ns)   --->   "%zext_ln11_19 = zext i6 %add_ln11" [matmul.cpp:11]   --->   Operation 70 'zext' 'zext_ln11_19' <Predicate = (icmp_ln10_1)> <Delay = 0.00>
ST_1 : Operation 71 [1/1] (0.00ns)   --->   "%in2_addr_1 = getelementptr i32 %in2, i64 0, i64 %zext_ln11_19" [matmul.cpp:11]   --->   Operation 71 'getelementptr' 'in2_addr_1' <Predicate = (icmp_ln10_1)> <Delay = 0.00>
ST_1 : Operation 72 [1/1] (0.00ns)   --->   "%bit_sel = bitselect i1 @_ssdm_op_BitSelect.i1.i5.i5, i5 %select_ln6, i5 4" [matmul.cpp:11]   --->   Operation 72 'bitselect' 'bit_sel' <Predicate = (icmp_ln10_15)> <Delay = 0.00>
ST_1 : Operation 73 [1/1] (0.00ns)   --->   "%trunc_ln11_1 = trunc i5 %select_ln6" [matmul.cpp:11]   --->   Operation 73 'trunc' 'trunc_ln11_1' <Predicate = (icmp_ln10_15)> <Delay = 0.00>
ST_1 : Operation 74 [2/2] (0.00ns)   --->   "%in2_load = load i8 %in2_addr" [matmul.cpp:11]   --->   Operation 74 'load' 'in2_load' <Predicate = (icmp_ln10)> <Delay = 0.00> <CoreInst = "RAM">   --->   Core 81 'RAM' <Latency = 1> <II = 1> <Delay = 3.25> <Storage> <Opcode : 'load' 'store'> <Ports = 2> <Width = 32> <Depth = 256> <RAM>
ST_1 : Operation 75 [2/2] (0.00ns)   --->   "%in2_load_1 = load i8 %in2_addr_1" [matmul.cpp:11]   --->   Operation 75 'load' 'in2_load_1' <Predicate = (icmp_ln10_1)> <Delay = 0.00> <CoreInst = "RAM">   --->   Core 81 'RAM' <Latency = 1> <II = 1> <Delay = 3.25> <Storage> <Opcode : 'load' 'store'> <Ports = 2> <Width = 32> <Depth = 256> <RAM>
ST_1 : Operation 76 [1/1] (1.58ns)   --->   "%store_ln6 = store i5 %i_3, i5 %i" [matmul.cpp:6]   --->   Operation 76 'store' 'store_ln6' <Predicate = true> <Delay = 1.58>

State 2 <SV = 1> <Delay = 6.91>
ST_2 : Operation 77 [1/1] (0.00ns)   --->   "%tmp_2 = bitconcatenate i8 @_ssdm_op_BitConcatenate.i8.i4.i4, i4 %trunc_ln11, i4 2" [matmul.cpp:11]   --->   Operation 77 'bitconcatenate' 'tmp_2' <Predicate = (icmp_ln10_2)> <Delay = 0.00>
ST_2 : Operation 78 [1/1] (0.00ns)   --->   "%zext_ln11_2 = zext i8 %tmp_2" [matmul.cpp:11]   --->   Operation 78 'zext' 'zext_ln11_2' <Predicate = (icmp_ln10_2)> <Delay = 0.00>
ST_2 : Operation 79 [1/1] (0.00ns)   --->   "%in1_addr_2 = getelementptr i32 %in1, i64 0, i64 %zext_ln11_2" [matmul.cpp:11]   --->   Operation 79 'getelementptr' 'in1_addr_2' <Predicate = (icmp_ln10_2)> <Delay = 0.00>
ST_2 : Operation 80 [1/1] (0.00ns)   --->   "%tmp_3 = bitconcatenate i8 @_ssdm_op_BitConcatenate.i8.i4.i4, i4 %trunc_ln11, i4 3" [matmul.cpp:11]   --->   Operation 80 'bitconcatenate' 'tmp_3' <Predicate = (icmp_ln10_3)> <Delay = 0.00>
ST_2 : Operation 81 [1/1] (0.00ns)   --->   "%zext_ln11_3 = zext i8 %tmp_3" [matmul.cpp:11]   --->   Operation 81 'zext' 'zext_ln11_3' <Predicate = (icmp_ln10_3)> <Delay = 0.00>
ST_2 : Operation 82 [1/1] (0.00ns)   --->   "%in1_addr_3 = getelementptr i32 %in1, i64 0, i64 %zext_ln11_3" [matmul.cpp:11]   --->   Operation 82 'getelementptr' 'in1_addr_3' <Predicate = (icmp_ln10_3)> <Delay = 0.00>
ST_2 : Operation 83 [1/2] ( I:0.00ns O:0.00ns )   --->   "%in1_load = load i8 %in1_addr" [matmul.cpp:11]   --->   Operation 83 'load' 'in1_load' <Predicate = (icmp_ln10)> <Delay = 0.00> <CoreInst = "RAM">   --->   Core 81 'RAM' <Latency = 1> <II = 1> <Delay = 3.25> <Storage> <Opcode : 'load' 'store'> <Ports = 2> <Width = 32> <Depth = 256> <RAM>
ST_2 : Operation 84 [1/2] ( I:0.00ns O:0.00ns )   --->   "%in1_load_1 = load i8 %in1_addr_1" [matmul.cpp:11]   --->   Operation 84 'load' 'in1_load_1' <Predicate = (icmp_ln10_1)> <Delay = 0.00> <CoreInst = "RAM">   --->   Core 81 'RAM' <Latency = 1> <II = 1> <Delay = 3.25> <Storage> <Opcode : 'load' 'store'> <Ports = 2> <Width = 32> <Depth = 256> <RAM>
ST_2 : Operation 85 [2/2] (0.00ns)   --->   "%in1_load_2 = load i8 %in1_addr_2" [matmul.cpp:11]   --->   Operation 85 'load' 'in1_load_2' <Predicate = (icmp_ln10_2)> <Delay = 0.00> <CoreInst = "RAM">   --->   Core 81 'RAM' <Latency = 1> <II = 1> <Delay = 3.25> <Storage> <Opcode : 'load' 'store'> <Ports = 2> <Width = 32> <Depth = 256> <RAM>
ST_2 : Operation 86 [2/2] (0.00ns)   --->   "%in1_load_3 = load i8 %in1_addr_3" [matmul.cpp:11]   --->   Operation 86 'load' 'in1_load_3' <Predicate = (icmp_ln10_3)> <Delay = 0.00> <CoreInst = "RAM">   --->   Core 81 'RAM' <Latency = 1> <II = 1> <Delay = 3.25> <Storage> <Opcode : 'load' 'store'> <Ports = 2> <Width = 32> <Depth = 256> <RAM>
ST_2 : Operation 87 [1/1] (0.00ns)   --->   "%zext_ln11_17 = zext i5 %select_ln6" [matmul.cpp:11]   --->   Operation 87 'zext' 'zext_ln11_17' <Predicate = true> <Delay = 0.00>
ST_2 : Operation 88 [1/1] (0.00ns)   --->   "%tmp_16_cast = bitconcatenate i6 @_ssdm_op_BitConcatenate.i6.i1.i5, i1 1, i5 %select_ln6" [matmul.cpp:11]   --->   Operation 88 'bitconcatenate' 'tmp_16_cast' <Predicate = true> <Delay = 0.00>
ST_2 : Operation 89 [1/1] (0.00ns)   --->   "%zext_ln11_20 = zext i6 %tmp_16_cast" [matmul.cpp:11]   --->   Operation 89 'zext' 'zext_ln11_20' <Predicate = (icmp_ln10_2)> <Delay = 0.00>
ST_2 : Operation 90 [1/1] (0.00ns)   --->   "%in2_addr_2 = getelementptr i32 %in2, i64 0, i64 %zext_ln11_20" [matmul.cpp:11]   --->   Operation 90 'getelementptr' 'in2_addr_2' <Predicate = (icmp_ln10_2)> <Delay = 0.00>
ST_2 : Operation 91 [1/1] (1.87ns)   --->   "%add_ln11_1 = add i7 %zext_ln11_17, i7 48" [matmul.cpp:11]   --->   Operation 91 'add' 'add_ln11_1' <Predicate = (icmp_ln10_3)> <Delay = 1.87> <CoreInst = "Adder">   --->   Core 1 'Adder' <Latency = 0> <II = 1> <Delay = 1.87> <FuncUnit> <Opcode : 'add' 'sub'> <InPorts = 2> <OutPorts = 1>
ST_2 : Operation 92 [1/1] (0.00ns)   --->   "%zext_ln11_21 = zext i7 %add_ln11_1" [matmul.cpp:11]   --->   Operation 92 'zext' 'zext_ln11_21' <Predicate = (icmp_ln10_3)> <Delay = 0.00>
ST_2 : Operation 93 [1/1] (0.00ns)   --->   "%in2_addr_3 = getelementptr i32 %in2, i64 0, i64 %zext_ln11_21" [matmul.cpp:11]   --->   Operation 93 'getelementptr' 'in2_addr_3' <Predicate = (icmp_ln10_3)> <Delay = 0.00>
ST_2 : Operation 94 [1/2] ( I:0.00ns O:0.00ns )   --->   "%in2_load = load i8 %in2_addr" [matmul.cpp:11]   --->   Operation 94 'load' 'in2_load' <Predicate = (icmp_ln10)> <Delay = 0.00> <CoreInst = "RAM">   --->   Core 81 'RAM' <Latency = 1> <II = 1> <Delay = 3.25> <Storage> <Opcode : 'load' 'store'> <Ports = 2> <Width = 32> <Depth = 256> <RAM>
ST_2 : Operation 95 [2/2] (6.91ns)   --->   "%sum = mul i32 %in2_load, i32 %in1_load" [matmul.cpp:11]   --->   Operation 95 'mul' 'sum' <Predicate = (icmp_ln10)> <Delay = 6.91> <CoreInst = "Multiplier">   --->   Core 3 'Multiplier' <Latency = 1> <II = 1> <Delay = 6.91> <FuncUnit> <Opcode : 'mul'> <InPorts = 2> <OutPorts = 1>
ST_2 : Operation 96 [1/2] ( I:0.00ns O:0.00ns )   --->   "%in2_load_1 = load i8 %in2_addr_1" [matmul.cpp:11]   --->   Operation 96 'load' 'in2_load_1' <Predicate = (icmp_ln10_1)> <Delay = 0.00> <CoreInst = "RAM">   --->   Core 81 'RAM' <Latency = 1> <II = 1> <Delay = 3.25> <Storage> <Opcode : 'load' 'store'> <Ports = 2> <Width = 32> <Depth = 256> <RAM>
ST_2 : Operation 97 [2/2] (6.91ns)   --->   "%mul_ln11 = mul i32 %in2_load_1, i32 %in1_load_1" [matmul.cpp:11]   --->   Operation 97 'mul' 'mul_ln11' <Predicate = (icmp_ln10_1)> <Delay = 6.91> <CoreInst = "Multiplier">   --->   Core 3 'Multiplier' <Latency = 1> <II = 1> <Delay = 6.91> <FuncUnit> <Opcode : 'mul'> <InPorts = 2> <OutPorts = 1>
ST_2 : Operation 98 [2/2] (0.00ns)   --->   "%in2_load_2 = load i8 %in2_addr_2" [matmul.cpp:11]   --->   Operation 98 'load' 'in2_load_2' <Predicate = (icmp_ln10_2)> <Delay = 0.00> <CoreInst = "RAM">   --->   Core 81 'RAM' <Latency = 1> <II = 1> <Delay = 3.25> <Storage> <Opcode : 'load' 'store'> <Ports = 2> <Width = 32> <Depth = 256> <RAM>
ST_2 : Operation 99 [2/2] (0.00ns)   --->   "%in2_load_3 = load i8 %in2_addr_3" [matmul.cpp:11]   --->   Operation 99 'load' 'in2_load_3' <Predicate = (icmp_ln10_3)> <Delay = 0.00> <CoreInst = "RAM">   --->   Core 81 'RAM' <Latency = 1> <II = 1> <Delay = 3.25> <Storage> <Opcode : 'load' 'store'> <Ports = 2> <Width = 32> <Depth = 256> <RAM>

State 3 <SV = 2> <Delay = 6.91>
ST_3 : Operation 100 [1/1] (0.00ns)   --->   "%tmp_4 = bitconcatenate i8 @_ssdm_op_BitConcatenate.i8.i4.i4, i4 %trunc_ln11, i4 4" [matmul.cpp:11]   --->   Operation 100 'bitconcatenate' 'tmp_4' <Predicate = (icmp_ln10_4)> <Delay = 0.00>
ST_3 : Operation 101 [1/1] (0.00ns)   --->   "%zext_ln11_4 = zext i8 %tmp_4" [matmul.cpp:11]   --->   Operation 101 'zext' 'zext_ln11_4' <Predicate = (icmp_ln10_4)> <Delay = 0.00>
ST_3 : Operation 102 [1/1] (0.00ns)   --->   "%in1_addr_4 = getelementptr i32 %in1, i64 0, i64 %zext_ln11_4" [matmul.cpp:11]   --->   Operation 102 'getelementptr' 'in1_addr_4' <Predicate = (icmp_ln10_4)> <Delay = 0.00>
ST_3 : Operation 103 [1/1] (0.00ns)   --->   "%tmp_5 = bitconcatenate i8 @_ssdm_op_BitConcatenate.i8.i4.i4, i4 %trunc_ln11, i4 5" [matmul.cpp:11]   --->   Operation 103 'bitconcatenate' 'tmp_5' <Predicate = (icmp_ln10_5)> <Delay = 0.00>
ST_3 : Operation 104 [1/1] (0.00ns)   --->   "%zext_ln11_5 = zext i8 %tmp_5" [matmul.cpp:11]   --->   Operation 104 'zext' 'zext_ln11_5' <Predicate = (icmp_ln10_5)> <Delay = 0.00>
ST_3 : Operation 105 [1/1] (0.00ns)   --->   "%in1_addr_5 = getelementptr i32 %in1, i64 0, i64 %zext_ln11_5" [matmul.cpp:11]   --->   Operation 105 'getelementptr' 'in1_addr_5' <Predicate = (icmp_ln10_5)> <Delay = 0.00>
ST_3 : Operation 106 [1/2] ( I:0.00ns O:0.00ns )   --->   "%in1_load_2 = load i8 %in1_addr_2" [matmul.cpp:11]   --->   Operation 106 'load' 'in1_load_2' <Predicate = (icmp_ln10_2)> <Delay = 0.00> <CoreInst = "RAM">   --->   Core 81 'RAM' <Latency = 1> <II = 1> <Delay = 3.25> <Storage> <Opcode : 'load' 'store'> <Ports = 2> <Width = 32> <Depth = 256> <RAM>
ST_3 : Operation 107 [1/2] ( I:0.00ns O:0.00ns )   --->   "%in1_load_3 = load i8 %in1_addr_3" [matmul.cpp:11]   --->   Operation 107 'load' 'in1_load_3' <Predicate = (icmp_ln10_3)> <Delay = 0.00> <CoreInst = "RAM">   --->   Core 81 'RAM' <Latency = 1> <II = 1> <Delay = 3.25> <Storage> <Opcode : 'load' 'store'> <Ports = 2> <Width = 32> <Depth = 256> <RAM>
ST_3 : Operation 108 [2/2] (0.00ns)   --->   "%in1_load_4 = load i8 %in1_addr_4" [matmul.cpp:11]   --->   Operation 108 'load' 'in1_load_4' <Predicate = (icmp_ln10_4)> <Delay = 0.00> <CoreInst = "RAM">   --->   Core 81 'RAM' <Latency = 1> <II = 1> <Delay = 3.25> <Storage> <Opcode : 'load' 'store'> <Ports = 2> <Width = 32> <Depth = 256> <RAM>
ST_3 : Operation 109 [2/2] (0.00ns)   --->   "%in1_load_5 = load i8 %in1_addr_5" [matmul.cpp:11]   --->   Operation 109 'load' 'in1_load_5' <Predicate = (icmp_ln10_5)> <Delay = 0.00> <CoreInst = "RAM">   --->   Core 81 'RAM' <Latency = 1> <II = 1> <Delay = 3.25> <Storage> <Opcode : 'load' 'store'> <Ports = 2> <Width = 32> <Depth = 256> <RAM>
ST_3 : Operation 110 [1/1] (0.00ns)   --->   "%tmp_17_cast = bitconcatenate i7 @_ssdm_op_BitConcatenate.i7.i1.i6, i1 1, i6 %zext_ln11_18" [matmul.cpp:11]   --->   Operation 110 'bitconcatenate' 'tmp_17_cast' <Predicate = true> <Delay = 0.00>
ST_3 : Operation 111 [1/1] (0.00ns)   --->   "%zext_ln11_22 = zext i7 %tmp_17_cast" [matmul.cpp:11]   --->   Operation 111 'zext' 'zext_ln11_22' <Predicate = (icmp_ln10_4)> <Delay = 0.00>
ST_3 : Operation 112 [1/1] (0.00ns)   --->   "%in2_addr_4 = getelementptr i32 %in2, i64 0, i64 %zext_ln11_22" [matmul.cpp:11]   --->   Operation 112 'getelementptr' 'in2_addr_4' <Predicate = (icmp_ln10_4)> <Delay = 0.00>
ST_3 : Operation 113 [1/1] (1.87ns)   --->   "%add_ln11_2 = add i7 %zext_ln11_17, i7 80" [matmul.cpp:11]   --->   Operation 113 'add' 'add_ln11_2' <Predicate = true> <Delay = 1.87> <CoreInst = "Adder">   --->   Core 1 'Adder' <Latency = 0> <II = 1> <Delay = 1.87> <FuncUnit> <Opcode : 'add' 'sub'> <InPorts = 2> <OutPorts = 1>
ST_3 : Operation 114 [1/1] (0.00ns)   --->   "%zext_ln11_23 = zext i7 %add_ln11_2" [matmul.cpp:11]   --->   Operation 114 'zext' 'zext_ln11_23' <Predicate = (icmp_ln10_5)> <Delay = 0.00>
ST_3 : Operation 115 [1/1] (0.00ns)   --->   "%in2_addr_5 = getelementptr i32 %in2, i64 0, i64 %zext_ln11_23" [matmul.cpp:11]   --->   Operation 115 'getelementptr' 'in2_addr_5' <Predicate = (icmp_ln10_5)> <Delay = 0.00>
ST_3 : Operation 116 [1/2] (6.91ns)   --->   "%sum = mul i32 %in2_load, i32 %in1_load" [matmul.cpp:11]   --->   Operation 116 'mul' 'sum' <Predicate = (icmp_ln10)> <Delay = 6.91> <CoreInst = "Multiplier">   --->   Core 3 'Multiplier' <Latency = 1> <II = 1> <Delay = 6.91> <FuncUnit> <Opcode : 'mul'> <InPorts = 2> <OutPorts = 1>
ST_3 : Operation 117 [1/2] (6.91ns)   --->   "%mul_ln11 = mul i32 %in2_load_1, i32 %in1_load_1" [matmul.cpp:11]   --->   Operation 117 'mul' 'mul_ln11' <Predicate = (icmp_ln10_1)> <Delay = 6.91> <CoreInst = "Multiplier">   --->   Core 3 'Multiplier' <Latency = 1> <II = 1> <Delay = 6.91> <FuncUnit> <Opcode : 'mul'> <InPorts = 2> <OutPorts = 1>
ST_3 : Operation 118 [1/2] ( I:0.00ns O:0.00ns )   --->   "%in2_load_2 = load i8 %in2_addr_2" [matmul.cpp:11]   --->   Operation 118 'load' 'in2_load_2' <Predicate = (icmp_ln10_2)> <Delay = 0.00> <CoreInst = "RAM">   --->   Core 81 'RAM' <Latency = 1> <II = 1> <Delay = 3.25> <Storage> <Opcode : 'load' 'store'> <Ports = 2> <Width = 32> <Depth = 256> <RAM>
ST_3 : Operation 119 [2/2] (6.91ns)   --->   "%mul_ln11_1 = mul i32 %in2_load_2, i32 %in1_load_2" [matmul.cpp:11]   --->   Operation 119 'mul' 'mul_ln11_1' <Predicate = (icmp_ln10_2)> <Delay = 6.91> <CoreInst = "Multiplier">   --->   Core 3 'Multiplier' <Latency = 1> <II = 1> <Delay = 6.91> <FuncUnit> <Opcode : 'mul'> <InPorts = 2> <OutPorts = 1>
ST_3 : Operation 120 [1/2] ( I:0.00ns O:0.00ns )   --->   "%in2_load_3 = load i8 %in2_addr_3" [matmul.cpp:11]   --->   Operation 120 'load' 'in2_load_3' <Predicate = (icmp_ln10_3)> <Delay = 0.00> <CoreInst = "RAM">   --->   Core 81 'RAM' <Latency = 1> <II = 1> <Delay = 3.25> <Storage> <Opcode : 'load' 'store'> <Ports = 2> <Width = 32> <Depth = 256> <RAM>
ST_3 : Operation 121 [2/2] (6.91ns)   --->   "%mul_ln11_2 = mul i32 %in2_load_3, i32 %in1_load_3" [matmul.cpp:11]   --->   Operation 121 'mul' 'mul_ln11_2' <Predicate = (icmp_ln10_3)> <Delay = 6.91> <CoreInst = "Multiplier">   --->   Core 3 'Multiplier' <Latency = 1> <II = 1> <Delay = 6.91> <FuncUnit> <Opcode : 'mul'> <InPorts = 2> <OutPorts = 1>
ST_3 : Operation 122 [2/2] (0.00ns)   --->   "%in2_load_4 = load i8 %in2_addr_4" [matmul.cpp:11]   --->   Operation 122 'load' 'in2_load_4' <Predicate = (icmp_ln10_4)> <Delay = 0.00> <CoreInst = "RAM">   --->   Core 81 'RAM' <Latency = 1> <II = 1> <Delay = 3.25> <Storage> <Opcode : 'load' 'store'> <Ports = 2> <Width = 32> <Depth = 256> <RAM>
ST_3 : Operation 123 [2/2] (0.00ns)   --->   "%in2_load_5 = load i8 %in2_addr_5" [matmul.cpp:11]   --->   Operation 123 'load' 'in2_load_5' <Predicate = (icmp_ln10_5)> <Delay = 0.00> <CoreInst = "RAM">   --->   Core 81 'RAM' <Latency = 1> <II = 1> <Delay = 3.25> <Storage> <Opcode : 'load' 'store'> <Ports = 2> <Width = 32> <Depth = 256> <RAM>

State 4 <SV = 3> <Delay = 6.91>
ST_4 : Operation 124 [1/1] (0.00ns)   --->   "%tmp_6 = bitconcatenate i8 @_ssdm_op_BitConcatenate.i8.i4.i4, i4 %trunc_ln11, i4 6" [matmul.cpp:11]   --->   Operation 124 'bitconcatenate' 'tmp_6' <Predicate = (icmp_ln10_6)> <Delay = 0.00>
ST_4 : Operation 125 [1/1] (0.00ns)   --->   "%zext_ln11_6 = zext i8 %tmp_6" [matmul.cpp:11]   --->   Operation 125 'zext' 'zext_ln11_6' <Predicate = (icmp_ln10_6)> <Delay = 0.00>
ST_4 : Operation 126 [1/1] (0.00ns)   --->   "%in1_addr_6 = getelementptr i32 %in1, i64 0, i64 %zext_ln11_6" [matmul.cpp:11]   --->   Operation 126 'getelementptr' 'in1_addr_6' <Predicate = (icmp_ln10_6)> <Delay = 0.00>
ST_4 : Operation 127 [1/1] (0.00ns)   --->   "%tmp_7 = bitconcatenate i8 @_ssdm_op_BitConcatenate.i8.i4.i4, i4 %trunc_ln11, i4 7" [matmul.cpp:11]   --->   Operation 127 'bitconcatenate' 'tmp_7' <Predicate = (icmp_ln10_7)> <Delay = 0.00>
ST_4 : Operation 128 [1/1] (0.00ns)   --->   "%zext_ln11_7 = zext i8 %tmp_7" [matmul.cpp:11]   --->   Operation 128 'zext' 'zext_ln11_7' <Predicate = (icmp_ln10_7)> <Delay = 0.00>
ST_4 : Operation 129 [1/1] (0.00ns)   --->   "%in1_addr_7 = getelementptr i32 %in1, i64 0, i64 %zext_ln11_7" [matmul.cpp:11]   --->   Operation 129 'getelementptr' 'in1_addr_7' <Predicate = (icmp_ln10_7)> <Delay = 0.00>
ST_4 : Operation 130 [1/2] ( I:0.00ns O:0.00ns )   --->   "%in1_load_4 = load i8 %in1_addr_4" [matmul.cpp:11]   --->   Operation 130 'load' 'in1_load_4' <Predicate = (icmp_ln10_4)> <Delay = 0.00> <CoreInst = "RAM">   --->   Core 81 'RAM' <Latency = 1> <II = 1> <Delay = 3.25> <Storage> <Opcode : 'load' 'store'> <Ports = 2> <Width = 32> <Depth = 256> <RAM>
ST_4 : Operation 131 [1/2] ( I:0.00ns O:0.00ns )   --->   "%in1_load_5 = load i8 %in1_addr_5" [matmul.cpp:11]   --->   Operation 131 'load' 'in1_load_5' <Predicate = (icmp_ln10_5)> <Delay = 0.00> <CoreInst = "RAM">   --->   Core 81 'RAM' <Latency = 1> <II = 1> <Delay = 3.25> <Storage> <Opcode : 'load' 'store'> <Ports = 2> <Width = 32> <Depth = 256> <RAM>
ST_4 : Operation 132 [2/2] (0.00ns)   --->   "%in1_load_6 = load i8 %in1_addr_6" [matmul.cpp:11]   --->   Operation 132 'load' 'in1_load_6' <Predicate = (icmp_ln10_6)> <Delay = 0.00> <CoreInst = "RAM">   --->   Core 81 'RAM' <Latency = 1> <II = 1> <Delay = 3.25> <Storage> <Opcode : 'load' 'store'> <Ports = 2> <Width = 32> <Depth = 256> <RAM>
ST_4 : Operation 133 [2/2] (0.00ns)   --->   "%in1_load_7 = load i8 %in1_addr_7" [matmul.cpp:11]   --->   Operation 133 'load' 'in1_load_7' <Predicate = (icmp_ln10_7)> <Delay = 0.00> <CoreInst = "RAM">   --->   Core 81 'RAM' <Latency = 1> <II = 1> <Delay = 3.25> <Storage> <Opcode : 'load' 'store'> <Ports = 2> <Width = 32> <Depth = 256> <RAM>
ST_4 : Operation 134 [1/1] (0.00ns)   --->   "%zext_ln11_16 = zext i5 %select_ln6" [matmul.cpp:11]   --->   Operation 134 'zext' 'zext_ln11_16' <Predicate = true> <Delay = 0.00>
ST_4 : Operation 135 [1/1] (0.00ns)   --->   "%sext_ln11 = sext i6 %tmp_16_cast" [matmul.cpp:11]   --->   Operation 135 'sext' 'sext_ln11' <Predicate = (icmp_ln10_6)> <Delay = 0.00>
ST_4 : Operation 136 [1/1] (0.00ns)   --->   "%zext_ln11_24 = zext i7 %sext_ln11" [matmul.cpp:11]   --->   Operation 136 'zext' 'zext_ln11_24' <Predicate = (icmp_ln10_6)> <Delay = 0.00>
ST_4 : Operation 137 [1/1] (0.00ns)   --->   "%in2_addr_6 = getelementptr i32 %in2, i64 0, i64 %zext_ln11_24" [matmul.cpp:11]   --->   Operation 137 'getelementptr' 'in2_addr_6' <Predicate = (icmp_ln10_6)> <Delay = 0.00>
ST_4 : Operation 138 [1/1] (1.91ns)   --->   "%add_ln11_3 = add i8 %zext_ln11_16, i8 112" [matmul.cpp:11]   --->   Operation 138 'add' 'add_ln11_3' <Predicate = (icmp_ln10_7)> <Delay = 1.91> <CoreInst = "Adder">   --->   Core 1 'Adder' <Latency = 0> <II = 1> <Delay = 1.91> <FuncUnit> <Opcode : 'add' 'sub'> <InPorts = 2> <OutPorts = 1>
ST_4 : Operation 139 [1/1] (0.00ns)   --->   "%zext_ln11_25 = zext i8 %add_ln11_3" [matmul.cpp:11]   --->   Operation 139 'zext' 'zext_ln11_25' <Predicate = (icmp_ln10_7)> <Delay = 0.00>
ST_4 : Operation 140 [1/1] (0.00ns)   --->   "%in2_addr_7 = getelementptr i32 %in2, i64 0, i64 %zext_ln11_25" [matmul.cpp:11]   --->   Operation 140 'getelementptr' 'in2_addr_7' <Predicate = (icmp_ln10_7)> <Delay = 0.00>
ST_4 : Operation 141 [1/1] (0.69ns)   --->   "%sum_1 = select i1 %icmp_ln10, i32 %sum, i32 0" [matmul.cpp:10]   --->   Operation 141 'select' 'sum_1' <Predicate = true> <Delay = 0.69> <CoreInst = "Sel">   --->   Core 73 'Sel' <Latency = 0> <II = 1> <Delay = 0.69> <FuncUnit> <Opcode : 'select'> <InPorts = 3> <OutPorts = 1>
ST_4 : Operation 142 [1/1] (2.55ns)   --->   "%sum_2 = add i32 %mul_ln11, i32 %sum_1" [matmul.cpp:11]   --->   Operation 142 'add' 'sum_2' <Predicate = (icmp_ln10_1)> <Delay = 2.55> <CoreInst = "Adder">   --->   Core 1 'Adder' <Latency = 0> <II = 1> <Delay = 2.55> <FuncUnit> <Opcode : 'add' 'sub'> <InPorts = 2> <OutPorts = 1>
ST_4 : Operation 143 [1/1] (0.69ns)   --->   "%sum_3 = select i1 %icmp_ln10_1, i32 %sum_2, i32 %sum_1" [matmul.cpp:10]   --->   Operation 143 'select' 'sum_3' <Predicate = true> <Delay = 0.69> <CoreInst = "Sel">   --->   Core 73 'Sel' <Latency = 0> <II = 1> <Delay = 0.69> <FuncUnit> <Opcode : 'select'> <InPorts = 3> <OutPorts = 1>
ST_4 : Operation 144 [1/2] (6.91ns)   --->   "%mul_ln11_1 = mul i32 %in2_load_2, i32 %in1_load_2" [matmul.cpp:11]   --->   Operation 144 'mul' 'mul_ln11_1' <Predicate = (icmp_ln10_2)> <Delay = 6.91> <CoreInst = "Multiplier">   --->   Core 3 'Multiplier' <Latency = 1> <II = 1> <Delay = 6.91> <FuncUnit> <Opcode : 'mul'> <InPorts = 2> <OutPorts = 1>
ST_4 : Operation 145 [1/2] (6.91ns)   --->   "%mul_ln11_2 = mul i32 %in2_load_3, i32 %in1_load_3" [matmul.cpp:11]   --->   Operation 145 'mul' 'mul_ln11_2' <Predicate = (icmp_ln10_3)> <Delay = 6.91> <CoreInst = "Multiplier">   --->   Core 3 'Multiplier' <Latency = 1> <II = 1> <Delay = 6.91> <FuncUnit> <Opcode : 'mul'> <InPorts = 2> <OutPorts = 1>
ST_4 : Operation 146 [1/2] ( I:0.00ns O:0.00ns )   --->   "%in2_load_4 = load i8 %in2_addr_4" [matmul.cpp:11]   --->   Operation 146 'load' 'in2_load_4' <Predicate = (icmp_ln10_4)> <Delay = 0.00> <CoreInst = "RAM">   --->   Core 81 'RAM' <Latency = 1> <II = 1> <Delay = 3.25> <Storage> <Opcode : 'load' 'store'> <Ports = 2> <Width = 32> <Depth = 256> <RAM>
ST_4 : Operation 147 [2/2] (6.91ns)   --->   "%mul_ln11_3 = mul i32 %in2_load_4, i32 %in1_load_4" [matmul.cpp:11]   --->   Operation 147 'mul' 'mul_ln11_3' <Predicate = (icmp_ln10_4)> <Delay = 6.91> <CoreInst = "Multiplier">   --->   Core 3 'Multiplier' <Latency = 1> <II = 1> <Delay = 6.91> <FuncUnit> <Opcode : 'mul'> <InPorts = 2> <OutPorts = 1>
ST_4 : Operation 148 [1/2] ( I:0.00ns O:0.00ns )   --->   "%in2_load_5 = load i8 %in2_addr_5" [matmul.cpp:11]   --->   Operation 148 'load' 'in2_load_5' <Predicate = (icmp_ln10_5)> <Delay = 0.00> <CoreInst = "RAM">   --->   Core 81 'RAM' <Latency = 1> <II = 1> <Delay = 3.25> <Storage> <Opcode : 'load' 'store'> <Ports = 2> <Width = 32> <Depth = 256> <RAM>
ST_4 : Operation 149 [2/2] (6.91ns)   --->   "%mul_ln11_4 = mul i32 %in2_load_5, i32 %in1_load_5" [matmul.cpp:11]   --->   Operation 149 'mul' 'mul_ln11_4' <Predicate = (icmp_ln10_5)> <Delay = 6.91> <CoreInst = "Multiplier">   --->   Core 3 'Multiplier' <Latency = 1> <II = 1> <Delay = 6.91> <FuncUnit> <Opcode : 'mul'> <InPorts = 2> <OutPorts = 1>
ST_4 : Operation 150 [2/2] (0.00ns)   --->   "%in2_load_6 = load i8 %in2_addr_6" [matmul.cpp:11]   --->   Operation 150 'load' 'in2_load_6' <Predicate = (icmp_ln10_6)> <Delay = 0.00> <CoreInst = "RAM">   --->   Core 81 'RAM' <Latency = 1> <II = 1> <Delay = 3.25> <Storage> <Opcode : 'load' 'store'> <Ports = 2> <Width = 32> <Depth = 256> <RAM>
ST_4 : Operation 151 [2/2] (0.00ns)   --->   "%in2_load_7 = load i8 %in2_addr_7" [matmul.cpp:11]   --->   Operation 151 'load' 'in2_load_7' <Predicate = (icmp_ln10_7)> <Delay = 0.00> <CoreInst = "RAM">   --->   Core 81 'RAM' <Latency = 1> <II = 1> <Delay = 3.25> <Storage> <Opcode : 'load' 'store'> <Ports = 2> <Width = 32> <Depth = 256> <RAM>

State 5 <SV = 4> <Delay = 6.91>
ST_5 : Operation 152 [1/1] (0.00ns)   --->   "%tmp_8 = bitconcatenate i8 @_ssdm_op_BitConcatenate.i8.i4.i4, i4 %trunc_ln11, i4 8" [matmul.cpp:11]   --->   Operation 152 'bitconcatenate' 'tmp_8' <Predicate = (icmp_ln10_8)> <Delay = 0.00>
ST_5 : Operation 153 [1/1] (0.00ns)   --->   "%zext_ln11_8 = zext i8 %tmp_8" [matmul.cpp:11]   --->   Operation 153 'zext' 'zext_ln11_8' <Predicate = (icmp_ln10_8)> <Delay = 0.00>
ST_5 : Operation 154 [1/1] (0.00ns)   --->   "%in1_addr_8 = getelementptr i32 %in1, i64 0, i64 %zext_ln11_8" [matmul.cpp:11]   --->   Operation 154 'getelementptr' 'in1_addr_8' <Predicate = (icmp_ln10_8)> <Delay = 0.00>
ST_5 : Operation 155 [1/1] (0.00ns)   --->   "%tmp_9 = bitconcatenate i8 @_ssdm_op_BitConcatenate.i8.i4.i4, i4 %trunc_ln11, i4 9" [matmul.cpp:11]   --->   Operation 155 'bitconcatenate' 'tmp_9' <Predicate = (icmp_ln10_9)> <Delay = 0.00>
ST_5 : Operation 156 [1/1] (0.00ns)   --->   "%zext_ln11_9 = zext i8 %tmp_9" [matmul.cpp:11]   --->   Operation 156 'zext' 'zext_ln11_9' <Predicate = (icmp_ln10_9)> <Delay = 0.00>
ST_5 : Operation 157 [1/1] (0.00ns)   --->   "%in1_addr_9 = getelementptr i32 %in1, i64 0, i64 %zext_ln11_9" [matmul.cpp:11]   --->   Operation 157 'getelementptr' 'in1_addr_9' <Predicate = (icmp_ln10_9)> <Delay = 0.00>
ST_5 : Operation 158 [1/2] ( I:0.00ns O:0.00ns )   --->   "%in1_load_6 = load i8 %in1_addr_6" [matmul.cpp:11]   --->   Operation 158 'load' 'in1_load_6' <Predicate = (icmp_ln10_6)> <Delay = 0.00> <CoreInst = "RAM">   --->   Core 81 'RAM' <Latency = 1> <II = 1> <Delay = 3.25> <Storage> <Opcode : 'load' 'store'> <Ports = 2> <Width = 32> <Depth = 256> <RAM>
ST_5 : Operation 159 [1/2] ( I:0.00ns O:0.00ns )   --->   "%in1_load_7 = load i8 %in1_addr_7" [matmul.cpp:11]   --->   Operation 159 'load' 'in1_load_7' <Predicate = (icmp_ln10_7)> <Delay = 0.00> <CoreInst = "RAM">   --->   Core 81 'RAM' <Latency = 1> <II = 1> <Delay = 3.25> <Storage> <Opcode : 'load' 'store'> <Ports = 2> <Width = 32> <Depth = 256> <RAM>
ST_5 : Operation 160 [2/2] (0.00ns)   --->   "%in1_load_8 = load i8 %in1_addr_8" [matmul.cpp:11]   --->   Operation 160 'load' 'in1_load_8' <Predicate = (icmp_ln10_8)> <Delay = 0.00> <CoreInst = "RAM">   --->   Core 81 'RAM' <Latency = 1> <II = 1> <Delay = 3.25> <Storage> <Opcode : 'load' 'store'> <Ports = 2> <Width = 32> <Depth = 256> <RAM>
ST_5 : Operation 161 [2/2] (0.00ns)   --->   "%in1_load_9 = load i8 %in1_addr_9" [matmul.cpp:11]   --->   Operation 161 'load' 'in1_load_9' <Predicate = (icmp_ln10_9)> <Delay = 0.00> <CoreInst = "RAM">   --->   Core 81 'RAM' <Latency = 1> <II = 1> <Delay = 3.25> <Storage> <Opcode : 'load' 'store'> <Ports = 2> <Width = 32> <Depth = 256> <RAM>
ST_5 : Operation 162 [1/1] (0.00ns)   --->   "%tmp_19_cast = bitconcatenate i8 @_ssdm_op_BitConcatenate.i8.i1.i7, i1 1, i7 %zext_ln11_17" [matmul.cpp:11]   --->   Operation 162 'bitconcatenate' 'tmp_19_cast' <Predicate = (icmp_ln10_8)> <Delay = 0.00>
ST_5 : Operation 163 [1/1] (0.00ns)   --->   "%zext_ln11_26 = zext i8 %tmp_19_cast" [matmul.cpp:11]   --->   Operation 163 'zext' 'zext_ln11_26' <Predicate = (icmp_ln10_8)> <Delay = 0.00>
ST_5 : Operation 164 [1/1] (0.00ns)   --->   "%in2_addr_8 = getelementptr i32 %in2, i64 0, i64 %zext_ln11_26" [matmul.cpp:11]   --->   Operation 164 'getelementptr' 'in2_addr_8' <Predicate = (icmp_ln10_8)> <Delay = 0.00>
ST_5 : Operation 165 [1/1] (1.91ns)   --->   "%add_ln11_4 = add i8 %zext_ln11_16, i8 144" [matmul.cpp:11]   --->   Operation 165 'add' 'add_ln11_4' <Predicate = (icmp_ln10_9)> <Delay = 1.91> <CoreInst = "Adder">   --->   Core 1 'Adder' <Latency = 0> <II = 1> <Delay = 1.91> <FuncUnit> <Opcode : 'add' 'sub'> <InPorts = 2> <OutPorts = 1>
ST_5 : Operation 166 [1/1] (0.00ns)   --->   "%zext_ln11_27 = zext i8 %add_ln11_4" [matmul.cpp:11]   --->   Operation 166 'zext' 'zext_ln11_27' <Predicate = (icmp_ln10_9)> <Delay = 0.00>
ST_5 : Operation 167 [1/1] (0.00ns)   --->   "%in2_addr_9 = getelementptr i32 %in2, i64 0, i64 %zext_ln11_27" [matmul.cpp:11]   --->   Operation 167 'getelementptr' 'in2_addr_9' <Predicate = (icmp_ln10_9)> <Delay = 0.00>
ST_5 : Operation 168 [1/1] (2.55ns)   --->   "%sum_4 = add i32 %mul_ln11_1, i32 %sum_3" [matmul.cpp:11]   --->   Operation 168 'add' 'sum_4' <Predicate = (icmp_ln10_2)> <Delay = 2.55> <CoreInst = "Adder">   --->   Core 1 'Adder' <Latency = 0> <II = 1> <Delay = 2.55> <FuncUnit> <Opcode : 'add' 'sub'> <InPorts = 2> <OutPorts = 1>
ST_5 : Operation 169 [1/1] (0.69ns)   --->   "%sum_5 = select i1 %icmp_ln10_2, i32 %sum_4, i32 %sum_3" [matmul.cpp:10]   --->   Operation 169 'select' 'sum_5' <Predicate = true> <Delay = 0.69> <CoreInst = "Sel">   --->   Core 73 'Sel' <Latency = 0> <II = 1> <Delay = 0.69> <FuncUnit> <Opcode : 'select'> <InPorts = 3> <OutPorts = 1>
ST_5 : Operation 170 [1/1] (2.55ns)   --->   "%sum_6 = add i32 %mul_ln11_2, i32 %sum_5" [matmul.cpp:11]   --->   Operation 170 'add' 'sum_6' <Predicate = (icmp_ln10_3)> <Delay = 2.55> <CoreInst = "Adder">   --->   Core 1 'Adder' <Latency = 0> <II = 1> <Delay = 2.55> <FuncUnit> <Opcode : 'add' 'sub'> <InPorts = 2> <OutPorts = 1>
ST_5 : Operation 171 [1/1] (0.69ns)   --->   "%sum_7 = select i1 %icmp_ln10_3, i32 %sum_6, i32 %sum_5" [matmul.cpp:10]   --->   Operation 171 'select' 'sum_7' <Predicate = true> <Delay = 0.69> <CoreInst = "Sel">   --->   Core 73 'Sel' <Latency = 0> <II = 1> <Delay = 0.69> <FuncUnit> <Opcode : 'select'> <InPorts = 3> <OutPorts = 1>
ST_5 : Operation 172 [1/2] (6.91ns)   --->   "%mul_ln11_3 = mul i32 %in2_load_4, i32 %in1_load_4" [matmul.cpp:11]   --->   Operation 172 'mul' 'mul_ln11_3' <Predicate = (icmp_ln10_4)> <Delay = 6.91> <CoreInst = "Multiplier">   --->   Core 3 'Multiplier' <Latency = 1> <II = 1> <Delay = 6.91> <FuncUnit> <Opcode : 'mul'> <InPorts = 2> <OutPorts = 1>
ST_5 : Operation 173 [1/2] (6.91ns)   --->   "%mul_ln11_4 = mul i32 %in2_load_5, i32 %in1_load_5" [matmul.cpp:11]   --->   Operation 173 'mul' 'mul_ln11_4' <Predicate = (icmp_ln10_5)> <Delay = 6.91> <CoreInst = "Multiplier">   --->   Core 3 'Multiplier' <Latency = 1> <II = 1> <Delay = 6.91> <FuncUnit> <Opcode : 'mul'> <InPorts = 2> <OutPorts = 1>
ST_5 : Operation 174 [1/2] ( I:0.00ns O:0.00ns )   --->   "%in2_load_6 = load i8 %in2_addr_6" [matmul.cpp:11]   --->   Operation 174 'load' 'in2_load_6' <Predicate = (icmp_ln10_6)> <Delay = 0.00> <CoreInst = "RAM">   --->   Core 81 'RAM' <Latency = 1> <II = 1> <Delay = 3.25> <Storage> <Opcode : 'load' 'store'> <Ports = 2> <Width = 32> <Depth = 256> <RAM>
ST_5 : Operation 175 [2/2] (6.91ns)   --->   "%mul_ln11_5 = mul i32 %in2_load_6, i32 %in1_load_6" [matmul.cpp:11]   --->   Operation 175 'mul' 'mul_ln11_5' <Predicate = (icmp_ln10_6)> <Delay = 6.91> <CoreInst = "Multiplier">   --->   Core 3 'Multiplier' <Latency = 1> <II = 1> <Delay = 6.91> <FuncUnit> <Opcode : 'mul'> <InPorts = 2> <OutPorts = 1>
ST_5 : Operation 176 [1/2] ( I:0.00ns O:0.00ns )   --->   "%in2_load_7 = load i8 %in2_addr_7" [matmul.cpp:11]   --->   Operation 176 'load' 'in2_load_7' <Predicate = (icmp_ln10_7)> <Delay = 0.00> <CoreInst = "RAM">   --->   Core 81 'RAM' <Latency = 1> <II = 1> <Delay = 3.25> <Storage> <Opcode : 'load' 'store'> <Ports = 2> <Width = 32> <Depth = 256> <RAM>
ST_5 : Operation 177 [2/2] (6.91ns)   --->   "%mul_ln11_6 = mul i32 %in2_load_7, i32 %in1_load_7" [matmul.cpp:11]   --->   Operation 177 'mul' 'mul_ln11_6' <Predicate = (icmp_ln10_7)> <Delay = 6.91> <CoreInst = "Multiplier">   --->   Core 3 'Multiplier' <Latency = 1> <II = 1> <Delay = 6.91> <FuncUnit> <Opcode : 'mul'> <InPorts = 2> <OutPorts = 1>
ST_5 : Operation 178 [2/2] (0.00ns)   --->   "%in2_load_8 = load i8 %in2_addr_8" [matmul.cpp:11]   --->   Operation 178 'load' 'in2_load_8' <Predicate = (icmp_ln10_8)> <Delay = 0.00> <CoreInst = "RAM">   --->   Core 81 'RAM' <Latency = 1> <II = 1> <Delay = 3.25> <Storage> <Opcode : 'load' 'store'> <Ports = 2> <Width = 32> <Depth = 256> <RAM>
ST_5 : Operation 179 [2/2] (0.00ns)   --->   "%in2_load_9 = load i8 %in2_addr_9" [matmul.cpp:11]   --->   Operation 179 'load' 'in2_load_9' <Predicate = (icmp_ln10_9)> <Delay = 0.00> <CoreInst = "RAM">   --->   Core 81 'RAM' <Latency = 1> <II = 1> <Delay = 3.25> <Storage> <Opcode : 'load' 'store'> <Ports = 2> <Width = 32> <Depth = 256> <RAM>

State 6 <SV = 5> <Delay = 6.91>
ST_6 : Operation 180 [1/1] (0.00ns)   --->   "%tmp_s = bitconcatenate i8 @_ssdm_op_BitConcatenate.i8.i4.i4, i4 %trunc_ln11, i4 10" [matmul.cpp:11]   --->   Operation 180 'bitconcatenate' 'tmp_s' <Predicate = (icmp_ln10_10)> <Delay = 0.00>
ST_6 : Operation 181 [1/1] (0.00ns)   --->   "%zext_ln11_10 = zext i8 %tmp_s" [matmul.cpp:11]   --->   Operation 181 'zext' 'zext_ln11_10' <Predicate = (icmp_ln10_10)> <Delay = 0.00>
ST_6 : Operation 182 [1/1] (0.00ns)   --->   "%in1_addr_10 = getelementptr i32 %in1, i64 0, i64 %zext_ln11_10" [matmul.cpp:11]   --->   Operation 182 'getelementptr' 'in1_addr_10' <Predicate = (icmp_ln10_10)> <Delay = 0.00>
ST_6 : Operation 183 [1/1] (0.00ns)   --->   "%tmp_10 = bitconcatenate i8 @_ssdm_op_BitConcatenate.i8.i4.i4, i4 %trunc_ln11, i4 11" [matmul.cpp:11]   --->   Operation 183 'bitconcatenate' 'tmp_10' <Predicate = (icmp_ln10_11)> <Delay = 0.00>
ST_6 : Operation 184 [1/1] (0.00ns)   --->   "%zext_ln11_11 = zext i8 %tmp_10" [matmul.cpp:11]   --->   Operation 184 'zext' 'zext_ln11_11' <Predicate = (icmp_ln10_11)> <Delay = 0.00>
ST_6 : Operation 185 [1/1] (0.00ns)   --->   "%in1_addr_11 = getelementptr i32 %in1, i64 0, i64 %zext_ln11_11" [matmul.cpp:11]   --->   Operation 185 'getelementptr' 'in1_addr_11' <Predicate = (icmp_ln10_11)> <Delay = 0.00>
ST_6 : Operation 186 [1/2] ( I:0.00ns O:0.00ns )   --->   "%in1_load_8 = load i8 %in1_addr_8" [matmul.cpp:11]   --->   Operation 186 'load' 'in1_load_8' <Predicate = (icmp_ln10_8)> <Delay = 0.00> <CoreInst = "RAM">   --->   Core 81 'RAM' <Latency = 1> <II = 1> <Delay = 3.25> <Storage> <Opcode : 'load' 'store'> <Ports = 2> <Width = 32> <Depth = 256> <RAM>
ST_6 : Operation 187 [1/2] ( I:0.00ns O:0.00ns )   --->   "%in1_load_9 = load i8 %in1_addr_9" [matmul.cpp:11]   --->   Operation 187 'load' 'in1_load_9' <Predicate = (icmp_ln10_9)> <Delay = 0.00> <CoreInst = "RAM">   --->   Core 81 'RAM' <Latency = 1> <II = 1> <Delay = 3.25> <Storage> <Opcode : 'load' 'store'> <Ports = 2> <Width = 32> <Depth = 256> <RAM>
ST_6 : Operation 188 [2/2] (0.00ns)   --->   "%in1_load_10 = load i8 %in1_addr_10" [matmul.cpp:11]   --->   Operation 188 'load' 'in1_load_10' <Predicate = (icmp_ln10_10)> <Delay = 0.00> <CoreInst = "RAM">   --->   Core 81 'RAM' <Latency = 1> <II = 1> <Delay = 3.25> <Storage> <Opcode : 'load' 'store'> <Ports = 2> <Width = 32> <Depth = 256> <RAM>
ST_6 : Operation 189 [2/2] (0.00ns)   --->   "%in1_load_11 = load i8 %in1_addr_11" [matmul.cpp:11]   --->   Operation 189 'load' 'in1_load_11' <Predicate = (icmp_ln10_11)> <Delay = 0.00> <CoreInst = "RAM">   --->   Core 81 'RAM' <Latency = 1> <II = 1> <Delay = 3.25> <Storage> <Opcode : 'load' 'store'> <Ports = 2> <Width = 32> <Depth = 256> <RAM>
ST_6 : Operation 190 [1/1] (0.00ns)   --->   "%tmp_20_cast = bitconcatenate i8 @_ssdm_op_BitConcatenate.i8.i3.i5, i3 5, i5 %select_ln6" [matmul.cpp:11]   --->   Operation 190 'bitconcatenate' 'tmp_20_cast' <Predicate = (icmp_ln10_10)> <Delay = 0.00>
ST_6 : Operation 191 [1/1] (0.00ns)   --->   "%zext_ln11_28 = zext i8 %tmp_20_cast" [matmul.cpp:11]   --->   Operation 191 'zext' 'zext_ln11_28' <Predicate = (icmp_ln10_10)> <Delay = 0.00>
ST_6 : Operation 192 [1/1] (0.00ns)   --->   "%in2_addr_10 = getelementptr i32 %in2, i64 0, i64 %zext_ln11_28" [matmul.cpp:11]   --->   Operation 192 'getelementptr' 'in2_addr_10' <Predicate = (icmp_ln10_10)> <Delay = 0.00>
ST_6 : Operation 193 [1/1] (1.91ns)   --->   "%add_ln11_5 = add i8 %zext_ln11_16, i8 176" [matmul.cpp:11]   --->   Operation 193 'add' 'add_ln11_5' <Predicate = (icmp_ln10_11)> <Delay = 1.91> <CoreInst = "Adder">   --->   Core 1 'Adder' <Latency = 0> <II = 1> <Delay = 1.91> <FuncUnit> <Opcode : 'add' 'sub'> <InPorts = 2> <OutPorts = 1>
ST_6 : Operation 194 [1/1] (0.00ns)   --->   "%zext_ln11_29 = zext i8 %add_ln11_5" [matmul.cpp:11]   --->   Operation 194 'zext' 'zext_ln11_29' <Predicate = (icmp_ln10_11)> <Delay = 0.00>
ST_6 : Operation 195 [1/1] (0.00ns)   --->   "%in2_addr_11 = getelementptr i32 %in2, i64 0, i64 %zext_ln11_29" [matmul.cpp:11]   --->   Operation 195 'getelementptr' 'in2_addr_11' <Predicate = (icmp_ln10_11)> <Delay = 0.00>
ST_6 : Operation 196 [1/1] (1.91ns)   --->   "%add_ln14 = add i8 %tmp, i8 %zext_ln11_16" [matmul.cpp:14]   --->   Operation 196 'add' 'add_ln14' <Predicate = true> <Delay = 1.91> <CoreInst = "Adder">   --->   Core 1 'Adder' <Latency = 0> <II = 1> <Delay = 1.91> <FuncUnit> <Opcode : 'add' 'sub'> <InPorts = 2> <OutPorts = 1>
ST_6 : Operation 197 [1/1] (2.55ns)   --->   "%sum_8 = add i32 %mul_ln11_3, i32 %sum_7" [matmul.cpp:11]   --->   Operation 197 'add' 'sum_8' <Predicate = (icmp_ln10_4)> <Delay = 2.55> <CoreInst = "Adder">   --->   Core 1 'Adder' <Latency = 0> <II = 1> <Delay = 2.55> <FuncUnit> <Opcode : 'add' 'sub'> <InPorts = 2> <OutPorts = 1>
ST_6 : Operation 198 [1/1] (0.69ns)   --->   "%sum_9 = select i1 %icmp_ln10_4, i32 %sum_8, i32 %sum_7" [matmul.cpp:10]   --->   Operation 198 'select' 'sum_9' <Predicate = true> <Delay = 0.69> <CoreInst = "Sel">   --->   Core 73 'Sel' <Latency = 0> <II = 1> <Delay = 0.69> <FuncUnit> <Opcode : 'select'> <InPorts = 3> <OutPorts = 1>
ST_6 : Operation 199 [1/1] (2.55ns)   --->   "%sum_10 = add i32 %mul_ln11_4, i32 %sum_9" [matmul.cpp:11]   --->   Operation 199 'add' 'sum_10' <Predicate = (icmp_ln10_5)> <Delay = 2.55> <CoreInst = "Adder">   --->   Core 1 'Adder' <Latency = 0> <II = 1> <Delay = 2.55> <FuncUnit> <Opcode : 'add' 'sub'> <InPorts = 2> <OutPorts = 1>
ST_6 : Operation 200 [1/1] (0.69ns)   --->   "%sum_11 = select i1 %icmp_ln10_5, i32 %sum_10, i32 %sum_9" [matmul.cpp:10]   --->   Operation 200 'select' 'sum_11' <Predicate = true> <Delay = 0.69> <CoreInst = "Sel">   --->   Core 73 'Sel' <Latency = 0> <II = 1> <Delay = 0.69> <FuncUnit> <Opcode : 'select'> <InPorts = 3> <OutPorts = 1>
ST_6 : Operation 201 [1/2] (6.91ns)   --->   "%mul_ln11_5 = mul i32 %in2_load_6, i32 %in1_load_6" [matmul.cpp:11]   --->   Operation 201 'mul' 'mul_ln11_5' <Predicate = (icmp_ln10_6)> <Delay = 6.91> <CoreInst = "Multiplier">   --->   Core 3 'Multiplier' <Latency = 1> <II = 1> <Delay = 6.91> <FuncUnit> <Opcode : 'mul'> <InPorts = 2> <OutPorts = 1>
ST_6 : Operation 202 [1/2] (6.91ns)   --->   "%mul_ln11_6 = mul i32 %in2_load_7, i32 %in1_load_7" [matmul.cpp:11]   --->   Operation 202 'mul' 'mul_ln11_6' <Predicate = (icmp_ln10_7)> <Delay = 6.91> <CoreInst = "Multiplier">   --->   Core 3 'Multiplier' <Latency = 1> <II = 1> <Delay = 6.91> <FuncUnit> <Opcode : 'mul'> <InPorts = 2> <OutPorts = 1>
ST_6 : Operation 203 [1/2] ( I:0.00ns O:0.00ns )   --->   "%in2_load_8 = load i8 %in2_addr_8" [matmul.cpp:11]   --->   Operation 203 'load' 'in2_load_8' <Predicate = (icmp_ln10_8)> <Delay = 0.00> <CoreInst = "RAM">   --->   Core 81 'RAM' <Latency = 1> <II = 1> <Delay = 3.25> <Storage> <Opcode : 'load' 'store'> <Ports = 2> <Width = 32> <Depth = 256> <RAM>
ST_6 : Operation 204 [2/2] (6.91ns)   --->   "%mul_ln11_7 = mul i32 %in2_load_8, i32 %in1_load_8" [matmul.cpp:11]   --->   Operation 204 'mul' 'mul_ln11_7' <Predicate = (icmp_ln10_8)> <Delay = 6.91> <CoreInst = "Multiplier">   --->   Core 3 'Multiplier' <Latency = 1> <II = 1> <Delay = 6.91> <FuncUnit> <Opcode : 'mul'> <InPorts = 2> <OutPorts = 1>
ST_6 : Operation 205 [1/2] ( I:0.00ns O:0.00ns )   --->   "%in2_load_9 = load i8 %in2_addr_9" [matmul.cpp:11]   --->   Operation 205 'load' 'in2_load_9' <Predicate = (icmp_ln10_9)> <Delay = 0.00> <CoreInst = "RAM">   --->   Core 81 'RAM' <Latency = 1> <II = 1> <Delay = 3.25> <Storage> <Opcode : 'load' 'store'> <Ports = 2> <Width = 32> <Depth = 256> <RAM>
ST_6 : Operation 206 [2/2] (6.91ns)   --->   "%mul_ln11_8 = mul i32 %in2_load_9, i32 %in1_load_9" [matmul.cpp:11]   --->   Operation 206 'mul' 'mul_ln11_8' <Predicate = (icmp_ln10_9)> <Delay = 6.91> <CoreInst = "Multiplier">   --->   Core 3 'Multiplier' <Latency = 1> <II = 1> <Delay = 6.91> <FuncUnit> <Opcode : 'mul'> <InPorts = 2> <OutPorts = 1>
ST_6 : Operation 207 [2/2] (0.00ns)   --->   "%in2_load_10 = load i8 %in2_addr_10" [matmul.cpp:11]   --->   Operation 207 'load' 'in2_load_10' <Predicate = (icmp_ln10_10)> <Delay = 0.00> <CoreInst = "RAM">   --->   Core 81 'RAM' <Latency = 1> <II = 1> <Delay = 3.25> <Storage> <Opcode : 'load' 'store'> <Ports = 2> <Width = 32> <Depth = 256> <RAM>
ST_6 : Operation 208 [2/2] (0.00ns)   --->   "%in2_load_11 = load i8 %in2_addr_11" [matmul.cpp:11]   --->   Operation 208 'load' 'in2_load_11' <Predicate = (icmp_ln10_11)> <Delay = 0.00> <CoreInst = "RAM">   --->   Core 81 'RAM' <Latency = 1> <II = 1> <Delay = 3.25> <Storage> <Opcode : 'load' 'store'> <Ports = 2> <Width = 32> <Depth = 256> <RAM>

State 7 <SV = 6> <Delay = 6.91>
ST_7 : Operation 209 [1/1] (0.00ns)   --->   "%tmp_11 = bitconcatenate i8 @_ssdm_op_BitConcatenate.i8.i4.i4, i4 %trunc_ln11, i4 12" [matmul.cpp:11]   --->   Operation 209 'bitconcatenate' 'tmp_11' <Predicate = (icmp_ln10_12)> <Delay = 0.00>
ST_7 : Operation 210 [1/1] (0.00ns)   --->   "%zext_ln11_12 = zext i8 %tmp_11" [matmul.cpp:11]   --->   Operation 210 'zext' 'zext_ln11_12' <Predicate = (icmp_ln10_12)> <Delay = 0.00>
ST_7 : Operation 211 [1/1] (0.00ns)   --->   "%in1_addr_12 = getelementptr i32 %in1, i64 0, i64 %zext_ln11_12" [matmul.cpp:11]   --->   Operation 211 'getelementptr' 'in1_addr_12' <Predicate = (icmp_ln10_12)> <Delay = 0.00>
ST_7 : Operation 212 [1/1] (0.00ns)   --->   "%tmp_12 = bitconcatenate i8 @_ssdm_op_BitConcatenate.i8.i4.i4, i4 %trunc_ln11, i4 13" [matmul.cpp:11]   --->   Operation 212 'bitconcatenate' 'tmp_12' <Predicate = (icmp_ln10_13)> <Delay = 0.00>
ST_7 : Operation 213 [1/1] (0.00ns)   --->   "%zext_ln11_13 = zext i8 %tmp_12" [matmul.cpp:11]   --->   Operation 213 'zext' 'zext_ln11_13' <Predicate = (icmp_ln10_13)> <Delay = 0.00>
ST_7 : Operation 214 [1/1] (0.00ns)   --->   "%in1_addr_13 = getelementptr i32 %in1, i64 0, i64 %zext_ln11_13" [matmul.cpp:11]   --->   Operation 214 'getelementptr' 'in1_addr_13' <Predicate = (icmp_ln10_13)> <Delay = 0.00>
ST_7 : Operation 215 [1/2] ( I:0.00ns O:0.00ns )   --->   "%in1_load_10 = load i8 %in1_addr_10" [matmul.cpp:11]   --->   Operation 215 'load' 'in1_load_10' <Predicate = (icmp_ln10_10)> <Delay = 0.00> <CoreInst = "RAM">   --->   Core 81 'RAM' <Latency = 1> <II = 1> <Delay = 3.25> <Storage> <Opcode : 'load' 'store'> <Ports = 2> <Width = 32> <Depth = 256> <RAM>
ST_7 : Operation 216 [1/2] ( I:0.00ns O:0.00ns )   --->   "%in1_load_11 = load i8 %in1_addr_11" [matmul.cpp:11]   --->   Operation 216 'load' 'in1_load_11' <Predicate = (icmp_ln10_11)> <Delay = 0.00> <CoreInst = "RAM">   --->   Core 81 'RAM' <Latency = 1> <II = 1> <Delay = 3.25> <Storage> <Opcode : 'load' 'store'> <Ports = 2> <Width = 32> <Depth = 256> <RAM>
ST_7 : Operation 217 [2/2] (0.00ns)   --->   "%in1_load_12 = load i8 %in1_addr_12" [matmul.cpp:11]   --->   Operation 217 'load' 'in1_load_12' <Predicate = (icmp_ln10_12)> <Delay = 0.00> <CoreInst = "RAM">   --->   Core 81 'RAM' <Latency = 1> <II = 1> <Delay = 3.25> <Storage> <Opcode : 'load' 'store'> <Ports = 2> <Width = 32> <Depth = 256> <RAM>
ST_7 : Operation 218 [2/2] (0.00ns)   --->   "%in1_load_13 = load i8 %in1_addr_13" [matmul.cpp:11]   --->   Operation 218 'load' 'in1_load_13' <Predicate = (icmp_ln10_13)> <Delay = 0.00> <CoreInst = "RAM">   --->   Core 81 'RAM' <Latency = 1> <II = 1> <Delay = 3.25> <Storage> <Opcode : 'load' 'store'> <Ports = 2> <Width = 32> <Depth = 256> <RAM>
ST_7 : Operation 219 [1/1] (0.00ns)   --->   "%sext_ln11_1 = sext i7 %tmp_17_cast" [matmul.cpp:11]   --->   Operation 219 'sext' 'sext_ln11_1' <Predicate = (icmp_ln10_12)> <Delay = 0.00>
ST_7 : Operation 220 [1/1] (0.00ns)   --->   "%zext_ln11_30 = zext i8 %sext_ln11_1" [matmul.cpp:11]   --->   Operation 220 'zext' 'zext_ln11_30' <Predicate = (icmp_ln10_12)> <Delay = 0.00>
ST_7 : Operation 221 [1/1] (0.00ns)   --->   "%in2_addr_12 = getelementptr i32 %in2, i64 0, i64 %zext_ln11_30" [matmul.cpp:11]   --->   Operation 221 'getelementptr' 'in2_addr_12' <Predicate = (icmp_ln10_12)> <Delay = 0.00>
ST_7 : Operation 222 [1/1] (0.00ns)   --->   "%sext_ln11_2 = sext i7 %add_ln11_2" [matmul.cpp:11]   --->   Operation 222 'sext' 'sext_ln11_2' <Predicate = (icmp_ln10_13)> <Delay = 0.00>
ST_7 : Operation 223 [1/1] (0.00ns)   --->   "%zext_ln11_31 = zext i8 %sext_ln11_2" [matmul.cpp:11]   --->   Operation 223 'zext' 'zext_ln11_31' <Predicate = (icmp_ln10_13)> <Delay = 0.00>
ST_7 : Operation 224 [1/1] (0.00ns)   --->   "%in2_addr_13 = getelementptr i32 %in2, i64 0, i64 %zext_ln11_31" [matmul.cpp:11]   --->   Operation 224 'getelementptr' 'in2_addr_13' <Predicate = (icmp_ln10_13)> <Delay = 0.00>
ST_7 : Operation 225 [1/1] (2.55ns)   --->   "%sum_12 = add i32 %mul_ln11_5, i32 %sum_11" [matmul.cpp:11]   --->   Operation 225 'add' 'sum_12' <Predicate = (icmp_ln10_6)> <Delay = 2.55> <CoreInst = "Adder">   --->   Core 1 'Adder' <Latency = 0> <II = 1> <Delay = 2.55> <FuncUnit> <Opcode : 'add' 'sub'> <InPorts = 2> <OutPorts = 1>
ST_7 : Operation 226 [1/1] (0.69ns)   --->   "%sum_13 = select i1 %icmp_ln10_6, i32 %sum_12, i32 %sum_11" [matmul.cpp:10]   --->   Operation 226 'select' 'sum_13' <Predicate = true> <Delay = 0.69> <CoreInst = "Sel">   --->   Core 73 'Sel' <Latency = 0> <II = 1> <Delay = 0.69> <FuncUnit> <Opcode : 'select'> <InPorts = 3> <OutPorts = 1>
ST_7 : Operation 227 [1/1] (2.55ns)   --->   "%sum_14 = add i32 %mul_ln11_6, i32 %sum_13" [matmul.cpp:11]   --->   Operation 227 'add' 'sum_14' <Predicate = (icmp_ln10_7)> <Delay = 2.55> <CoreInst = "Adder">   --->   Core 1 'Adder' <Latency = 0> <II = 1> <Delay = 2.55> <FuncUnit> <Opcode : 'add' 'sub'> <InPorts = 2> <OutPorts = 1>
ST_7 : Operation 228 [1/1] (0.69ns)   --->   "%sum_15 = select i1 %icmp_ln10_7, i32 %sum_14, i32 %sum_13" [matmul.cpp:10]   --->   Operation 228 'select' 'sum_15' <Predicate = true> <Delay = 0.69> <CoreInst = "Sel">   --->   Core 73 'Sel' <Latency = 0> <II = 1> <Delay = 0.69> <FuncUnit> <Opcode : 'select'> <InPorts = 3> <OutPorts = 1>
ST_7 : Operation 229 [1/2] (6.91ns)   --->   "%mul_ln11_7 = mul i32 %in2_load_8, i32 %in1_load_8" [matmul.cpp:11]   --->   Operation 229 'mul' 'mul_ln11_7' <Predicate = (icmp_ln10_8)> <Delay = 6.91> <CoreInst = "Multiplier">   --->   Core 3 'Multiplier' <Latency = 1> <II = 1> <Delay = 6.91> <FuncUnit> <Opcode : 'mul'> <InPorts = 2> <OutPorts = 1>
ST_7 : Operation 230 [1/2] (6.91ns)   --->   "%mul_ln11_8 = mul i32 %in2_load_9, i32 %in1_load_9" [matmul.cpp:11]   --->   Operation 230 'mul' 'mul_ln11_8' <Predicate = (icmp_ln10_9)> <Delay = 6.91> <CoreInst = "Multiplier">   --->   Core 3 'Multiplier' <Latency = 1> <II = 1> <Delay = 6.91> <FuncUnit> <Opcode : 'mul'> <InPorts = 2> <OutPorts = 1>
ST_7 : Operation 231 [1/2] ( I:0.00ns O:0.00ns )   --->   "%in2_load_10 = load i8 %in2_addr_10" [matmul.cpp:11]   --->   Operation 231 'load' 'in2_load_10' <Predicate = (icmp_ln10_10)> <Delay = 0.00> <CoreInst = "RAM">   --->   Core 81 'RAM' <Latency = 1> <II = 1> <Delay = 3.25> <Storage> <Opcode : 'load' 'store'> <Ports = 2> <Width = 32> <Depth = 256> <RAM>
ST_7 : Operation 232 [2/2] (6.91ns)   --->   "%mul_ln11_9 = mul i32 %in2_load_10, i32 %in1_load_10" [matmul.cpp:11]   --->   Operation 232 'mul' 'mul_ln11_9' <Predicate = (icmp_ln10_10)> <Delay = 6.91> <CoreInst = "Multiplier">   --->   Core 3 'Multiplier' <Latency = 1> <II = 1> <Delay = 6.91> <FuncUnit> <Opcode : 'mul'> <InPorts = 2> <OutPorts = 1>
ST_7 : Operation 233 [1/2] ( I:0.00ns O:0.00ns )   --->   "%in2_load_11 = load i8 %in2_addr_11" [matmul.cpp:11]   --->   Operation 233 'load' 'in2_load_11' <Predicate = (icmp_ln10_11)> <Delay = 0.00> <CoreInst = "RAM">   --->   Core 81 'RAM' <Latency = 1> <II = 1> <Delay = 3.25> <Storage> <Opcode : 'load' 'store'> <Ports = 2> <Width = 32> <Depth = 256> <RAM>
ST_7 : Operation 234 [2/2] (6.91ns)   --->   "%mul_ln11_10 = mul i32 %in2_load_11, i32 %in1_load_11" [matmul.cpp:11]   --->   Operation 234 'mul' 'mul_ln11_10' <Predicate = (icmp_ln10_11)> <Delay = 6.91> <CoreInst = "Multiplier">   --->   Core 3 'Multiplier' <Latency = 1> <II = 1> <Delay = 6.91> <FuncUnit> <Opcode : 'mul'> <InPorts = 2> <OutPorts = 1>
ST_7 : Operation 235 [2/2] (0.00ns)   --->   "%in2_load_12 = load i8 %in2_addr_12" [matmul.cpp:11]   --->   Operation 235 'load' 'in2_load_12' <Predicate = (icmp_ln10_12)> <Delay = 0.00> <CoreInst = "RAM">   --->   Core 81 'RAM' <Latency = 1> <II = 1> <Delay = 3.25> <Storage> <Opcode : 'load' 'store'> <Ports = 2> <Width = 32> <Depth = 256> <RAM>
ST_7 : Operation 236 [2/2] (0.00ns)   --->   "%in2_load_13 = load i8 %in2_addr_13" [matmul.cpp:11]   --->   Operation 236 'load' 'in2_load_13' <Predicate = (icmp_ln10_13)> <Delay = 0.00> <CoreInst = "RAM">   --->   Core 81 'RAM' <Latency = 1> <II = 1> <Delay = 3.25> <Storage> <Opcode : 'load' 'store'> <Ports = 2> <Width = 32> <Depth = 256> <RAM>

State 8 <SV = 7> <Delay = 6.91>
ST_8 : Operation 237 [1/1] (0.00ns)   --->   "%indvar_flatten1_load = load i8 %indvar_flatten1" [matmul.cpp:6]   --->   Operation 237 'load' 'indvar_flatten1_load' <Predicate = true> <Delay = 0.00>
ST_8 : Operation 238 [1/1] (0.00ns)   --->   "%tmp_13 = bitconcatenate i8 @_ssdm_op_BitConcatenate.i8.i4.i4, i4 %trunc_ln11, i4 14" [matmul.cpp:11]   --->   Operation 238 'bitconcatenate' 'tmp_13' <Predicate = (icmp_ln10_14)> <Delay = 0.00>
ST_8 : Operation 239 [1/1] (0.00ns)   --->   "%zext_ln11_14 = zext i8 %tmp_13" [matmul.cpp:11]   --->   Operation 239 'zext' 'zext_ln11_14' <Predicate = (icmp_ln10_14)> <Delay = 0.00>
ST_8 : Operation 240 [1/1] (0.00ns)   --->   "%in1_addr_14 = getelementptr i32 %in1, i64 0, i64 %zext_ln11_14" [matmul.cpp:11]   --->   Operation 240 'getelementptr' 'in1_addr_14' <Predicate = (icmp_ln10_14)> <Delay = 0.00>
ST_8 : Operation 241 [1/1] (0.00ns)   --->   "%tmp_14 = bitconcatenate i8 @_ssdm_op_BitConcatenate.i8.i4.i4, i4 %trunc_ln11, i4 15" [matmul.cpp:11]   --->   Operation 241 'bitconcatenate' 'tmp_14' <Predicate = (icmp_ln10_15)> <Delay = 0.00>
ST_8 : Operation 242 [1/1] (0.00ns)   --->   "%zext_ln11_15 = zext i8 %tmp_14" [matmul.cpp:11]   --->   Operation 242 'zext' 'zext_ln11_15' <Predicate = (icmp_ln10_15)> <Delay = 0.00>
ST_8 : Operation 243 [1/1] (0.00ns)   --->   "%in1_addr_15 = getelementptr i32 %in1, i64 0, i64 %zext_ln11_15" [matmul.cpp:11]   --->   Operation 243 'getelementptr' 'in1_addr_15' <Predicate = (icmp_ln10_15)> <Delay = 0.00>
ST_8 : Operation 244 [1/2] ( I:0.00ns O:0.00ns )   --->   "%in1_load_12 = load i8 %in1_addr_12" [matmul.cpp:11]   --->   Operation 244 'load' 'in1_load_12' <Predicate = (icmp_ln10_12)> <Delay = 0.00> <CoreInst = "RAM">   --->   Core 81 'RAM' <Latency = 1> <II = 1> <Delay = 3.25> <Storage> <Opcode : 'load' 'store'> <Ports = 2> <Width = 32> <Depth = 256> <RAM>
ST_8 : Operation 245 [1/2] ( I:0.00ns O:0.00ns )   --->   "%in1_load_13 = load i8 %in1_addr_13" [matmul.cpp:11]   --->   Operation 245 'load' 'in1_load_13' <Predicate = (icmp_ln10_13)> <Delay = 0.00> <CoreInst = "RAM">   --->   Core 81 'RAM' <Latency = 1> <II = 1> <Delay = 3.25> <Storage> <Opcode : 'load' 'store'> <Ports = 2> <Width = 32> <Depth = 256> <RAM>
ST_8 : Operation 246 [2/2] (0.00ns)   --->   "%in1_load_14 = load i8 %in1_addr_14" [matmul.cpp:11]   --->   Operation 246 'load' 'in1_load_14' <Predicate = (icmp_ln10_14)> <Delay = 0.00> <CoreInst = "RAM">   --->   Core 81 'RAM' <Latency = 1> <II = 1> <Delay = 3.25> <Storage> <Opcode : 'load' 'store'> <Ports = 2> <Width = 32> <Depth = 256> <RAM>
ST_8 : Operation 247 [2/2] (0.00ns)   --->   "%in1_load_15 = load i8 %in1_addr_15" [matmul.cpp:11]   --->   Operation 247 'load' 'in1_load_15' <Predicate = (icmp_ln10_15)> <Delay = 0.00> <CoreInst = "RAM">   --->   Core 81 'RAM' <Latency = 1> <II = 1> <Delay = 3.25> <Storage> <Opcode : 'load' 'store'> <Ports = 2> <Width = 32> <Depth = 256> <RAM>
ST_8 : Operation 248 [1/1] (0.00ns)   --->   "%sext_ln11_3 = sext i6 %tmp_16_cast" [matmul.cpp:11]   --->   Operation 248 'sext' 'sext_ln11_3' <Predicate = (icmp_ln10_14)> <Delay = 0.00>
ST_8 : Operation 249 [1/1] (0.00ns)   --->   "%zext_ln11_32 = zext i8 %sext_ln11_3" [matmul.cpp:11]   --->   Operation 249 'zext' 'zext_ln11_32' <Predicate = (icmp_ln10_14)> <Delay = 0.00>
ST_8 : Operation 250 [1/1] (0.00ns)   --->   "%in2_addr_14 = getelementptr i32 %in2, i64 0, i64 %zext_ln11_32" [matmul.cpp:11]   --->   Operation 250 'getelementptr' 'in2_addr_14' <Predicate = (icmp_ln10_14)> <Delay = 0.00>
ST_8 : Operation 251 [1/1] (0.97ns)   --->   "%xor_ln11 = xor i1 %bit_sel, i1 1" [matmul.cpp:11]   --->   Operation 251 'xor' 'xor_ln11' <Predicate = (icmp_ln10_15)> <Delay = 0.97> <CoreInst = "LogicGate">   --->   Core 74 'LogicGate' <Latency = 0> <II = 1> <Delay = 0.97> <FuncUnit> <Opcode : 'and' 'or' 'xor'> <InPorts = 2> <OutPorts = 1>
ST_8 : Operation 252 [1/1] (0.00ns)   --->   "%add_ln11_7 = bitconcatenate i5 @_ssdm_op_BitConcatenate.i5.i1.i4, i1 %xor_ln11, i4 %trunc_ln11_1" [matmul.cpp:11]   --->   Operation 252 'bitconcatenate' 'add_ln11_7' <Predicate = (icmp_ln10_15)> <Delay = 0.00>
ST_8 : Operation 253 [1/1] (0.00ns)   --->   "%sext_ln11_4 = sext i5 %add_ln11_7" [matmul.cpp:11]   --->   Operation 253 'sext' 'sext_ln11_4' <Predicate = (icmp_ln10_15)> <Delay = 0.00>
ST_8 : Operation 254 [1/1] (0.00ns)   --->   "%zext_ln11_33 = zext i8 %sext_ln11_4" [matmul.cpp:11]   --->   Operation 254 'zext' 'zext_ln11_33' <Predicate = (icmp_ln10_15)> <Delay = 0.00>
ST_8 : Operation 255 [1/1] (0.00ns)   --->   "%in2_addr_15 = getelementptr i32 %in2, i64 0, i64 %zext_ln11_33" [matmul.cpp:11]   --->   Operation 255 'getelementptr' 'in2_addr_15' <Predicate = (icmp_ln10_15)> <Delay = 0.00>
ST_8 : Operation 256 [1/1] (2.55ns)   --->   "%sum_16 = add i32 %mul_ln11_7, i32 %sum_15" [matmul.cpp:11]   --->   Operation 256 'add' 'sum_16' <Predicate = (icmp_ln10_8)> <Delay = 2.55> <CoreInst = "Adder">   --->   Core 1 'Adder' <Latency = 0> <II = 1> <Delay = 2.55> <FuncUnit> <Opcode : 'add' 'sub'> <InPorts = 2> <OutPorts = 1>
ST_8 : Operation 257 [1/1] (0.69ns)   --->   "%sum_17 = select i1 %icmp_ln10_8, i32 %sum_16, i32 %sum_15" [matmul.cpp:10]   --->   Operation 257 'select' 'sum_17' <Predicate = true> <Delay = 0.69> <CoreInst = "Sel">   --->   Core 73 'Sel' <Latency = 0> <II = 1> <Delay = 0.69> <FuncUnit> <Opcode : 'select'> <InPorts = 3> <OutPorts = 1>
ST_8 : Operation 258 [1/1] (2.55ns)   --->   "%sum_18 = add i32 %mul_ln11_8, i32 %sum_17" [matmul.cpp:11]   --->   Operation 258 'add' 'sum_18' <Predicate = (icmp_ln10_9)> <Delay = 2.55> <CoreInst = "Adder">   --->   Core 1 'Adder' <Latency = 0> <II = 1> <Delay = 2.55> <FuncUnit> <Opcode : 'add' 'sub'> <InPorts = 2> <OutPorts = 1>
ST_8 : Operation 259 [1/1] (0.69ns)   --->   "%sum_19 = select i1 %icmp_ln10_9, i32 %sum_18, i32 %sum_17" [matmul.cpp:10]   --->   Operation 259 'select' 'sum_19' <Predicate = true> <Delay = 0.69> <CoreInst = "Sel">   --->   Core 73 'Sel' <Latency = 0> <II = 1> <Delay = 0.69> <FuncUnit> <Opcode : 'select'> <InPorts = 3> <OutPorts = 1>
ST_8 : Operation 260 [1/2] (6.91ns)   --->   "%mul_ln11_9 = mul i32 %in2_load_10, i32 %in1_load_10" [matmul.cpp:11]   --->   Operation 260 'mul' 'mul_ln11_9' <Predicate = (icmp_ln10_10)> <Delay = 6.91> <CoreInst = "Multiplier">   --->   Core 3 'Multiplier' <Latency = 1> <II = 1> <Delay = 6.91> <FuncUnit> <Opcode : 'mul'> <InPorts = 2> <OutPorts = 1>
ST_8 : Operation 261 [1/2] (6.91ns)   --->   "%mul_ln11_10 = mul i32 %in2_load_11, i32 %in1_load_11" [matmul.cpp:11]   --->   Operation 261 'mul' 'mul_ln11_10' <Predicate = (icmp_ln10_11)> <Delay = 6.91> <CoreInst = "Multiplier">   --->   Core 3 'Multiplier' <Latency = 1> <II = 1> <Delay = 6.91> <FuncUnit> <Opcode : 'mul'> <InPorts = 2> <OutPorts = 1>
ST_8 : Operation 262 [1/2] ( I:0.00ns O:0.00ns )   --->   "%in2_load_12 = load i8 %in2_addr_12" [matmul.cpp:11]   --->   Operation 262 'load' 'in2_load_12' <Predicate = (icmp_ln10_12)> <Delay = 0.00> <CoreInst = "RAM">   --->   Core 81 'RAM' <Latency = 1> <II = 1> <Delay = 3.25> <Storage> <Opcode : 'load' 'store'> <Ports = 2> <Width = 32> <Depth = 256> <RAM>
ST_8 : Operation 263 [2/2] (6.91ns)   --->   "%mul_ln11_11 = mul i32 %in2_load_12, i32 %in1_load_12" [matmul.cpp:11]   --->   Operation 263 'mul' 'mul_ln11_11' <Predicate = (icmp_ln10_12)> <Delay = 6.91> <CoreInst = "Multiplier">   --->   Core 3 'Multiplier' <Latency = 1> <II = 1> <Delay = 6.91> <FuncUnit> <Opcode : 'mul'> <InPorts = 2> <OutPorts = 1>
ST_8 : Operation 264 [1/2] ( I:0.00ns O:0.00ns )   --->   "%in2_load_13 = load i8 %in2_addr_13" [matmul.cpp:11]   --->   Operation 264 'load' 'in2_load_13' <Predicate = (icmp_ln10_13)> <Delay = 0.00> <CoreInst = "RAM">   --->   Core 81 'RAM' <Latency = 1> <II = 1> <Delay = 3.25> <Storage> <Opcode : 'load' 'store'> <Ports = 2> <Width = 32> <Depth = 256> <RAM>
ST_8 : Operation 265 [2/2] (6.91ns)   --->   "%mul_ln11_12 = mul i32 %in2_load_13, i32 %in1_load_13" [matmul.cpp:11]   --->   Operation 265 'mul' 'mul_ln11_12' <Predicate = (icmp_ln10_13)> <Delay = 6.91> <CoreInst = "Multiplier">   --->   Core 3 'Multiplier' <Latency = 1> <II = 1> <Delay = 6.91> <FuncUnit> <Opcode : 'mul'> <InPorts = 2> <OutPorts = 1>
ST_8 : Operation 266 [2/2] (0.00ns)   --->   "%in2_load_14 = load i8 %in2_addr_14" [matmul.cpp:11]   --->   Operation 266 'load' 'in2_load_14' <Predicate = (icmp_ln10_14)> <Delay = 0.00> <CoreInst = "RAM">   --->   Core 81 'RAM' <Latency = 1> <II = 1> <Delay = 3.25> <Storage> <Opcode : 'load' 'store'> <Ports = 2> <Width = 32> <Depth = 256> <RAM>
ST_8 : Operation 267 [2/2] (0.00ns)   --->   "%in2_load_15 = load i8 %in2_addr_15" [matmul.cpp:11]   --->   Operation 267 'load' 'in2_load_15' <Predicate = (icmp_ln10_15)> <Delay = 0.00> <CoreInst = "RAM">   --->   Core 81 'RAM' <Latency = 1> <II = 1> <Delay = 3.25> <Storage> <Opcode : 'load' 'store'> <Ports = 2> <Width = 32> <Depth = 256> <RAM>
ST_8 : Operation 268 [1/1] (1.78ns)   --->   "%j_3 = add i5 %select_ln6, i5 1" [matmul.cpp:7]   --->   Operation 268 'add' 'j_3' <Predicate = true> <Delay = 1.78> <CoreInst = "Adder">   --->   Core 1 'Adder' <Latency = 0> <II = 1> <Delay = 1.78> <FuncUnit> <Opcode : 'add' 'sub'> <InPorts = 2> <OutPorts = 1>
ST_8 : Operation 269 [1/1] (1.91ns)   --->   "%add_ln6_1 = add i8 %indvar_flatten1_load, i8 1" [matmul.cpp:6]   --->   Operation 269 'add' 'add_ln6_1' <Predicate = true> <Delay = 1.91> <CoreInst = "Adder">   --->   Core 1 'Adder' <Latency = 0> <II = 1> <Delay = 1.91> <FuncUnit> <Opcode : 'add' 'sub'> <InPorts = 2> <OutPorts = 1>
ST_8 : Operation 270 [1/1] (1.78ns)   --->   "%icmp_ln7 = icmp_eq  i5 %j_3, i5 16" [matmul.cpp:7]   --->   Operation 270 'icmp' 'icmp_ln7' <Predicate = true> <Delay = 1.78> <CoreInst = "Cmp">   --->   Core 9 'Cmp' <Latency = 0> <II = 1> <Delay = 1.78> <FuncUnit> <Opcode : 'seteq' 'setne' 'setle' 'setge' 'setlt' 'setgt'> <InPorts = 2> <OutPorts = 1>
ST_8 : Operation 271 [1/1] (1.91ns)   --->   "%icmp_ln6 = icmp_eq  i8 %indvar_flatten1_load, i8 255" [matmul.cpp:6]   --->   Operation 271 'icmp' 'icmp_ln6' <Predicate = true> <Delay = 1.91> <CoreInst = "Cmp">   --->   Core 9 'Cmp' <Latency = 0> <II = 1> <Delay = 1.91> <FuncUnit> <Opcode : 'seteq' 'setne' 'setle' 'setge' 'setlt' 'setgt'> <InPorts = 2> <OutPorts = 1>
ST_8 : Operation 272 [1/1] (1.58ns)   --->   "%store_ln7 = store i5 %j_3, i5 %j" [matmul.cpp:7]   --->   Operation 272 'store' 'store_ln7' <Predicate = true> <Delay = 1.58>
ST_8 : Operation 273 [1/1] (1.58ns)   --->   "%store_ln6 = store i8 %add_ln6_1, i8 %indvar_flatten1" [matmul.cpp:6]   --->   Operation 273 'store' 'store_ln6' <Predicate = true> <Delay = 1.58>
ST_8 : Operation 274 [1/1] (0.00ns)   --->   "%br_ln6 = br i1 %icmp_ln6, void %for.inc23, void %for.end25" [matmul.cpp:6]   --->   Operation 274 'br' 'br_ln6' <Predicate = true> <Delay = 0.00>

State 9 <SV = 8> <Delay = 6.91>
ST_9 : Operation 275 [1/2] ( I:0.00ns O:0.00ns )   --->   "%in1_load_14 = load i8 %in1_addr_14" [matmul.cpp:11]   --->   Operation 275 'load' 'in1_load_14' <Predicate = (icmp_ln10_14)> <Delay = 0.00> <CoreInst = "RAM">   --->   Core 81 'RAM' <Latency = 1> <II = 1> <Delay = 3.25> <Storage> <Opcode : 'load' 'store'> <Ports = 2> <Width = 32> <Depth = 256> <RAM>
ST_9 : Operation 276 [1/2] ( I:0.00ns O:0.00ns )   --->   "%in1_load_15 = load i8 %in1_addr_15" [matmul.cpp:11]   --->   Operation 276 'load' 'in1_load_15' <Predicate = (icmp_ln10_15)> <Delay = 0.00> <CoreInst = "RAM">   --->   Core 81 'RAM' <Latency = 1> <II = 1> <Delay = 3.25> <Storage> <Opcode : 'load' 'store'> <Ports = 2> <Width = 32> <Depth = 256> <RAM>
ST_9 : Operation 277 [1/1] (2.55ns)   --->   "%sum_20 = add i32 %mul_ln11_9, i32 %sum_19" [matmul.cpp:11]   --->   Operation 277 'add' 'sum_20' <Predicate = (icmp_ln10_10)> <Delay = 2.55> <CoreInst = "Adder">   --->   Core 1 'Adder' <Latency = 0> <II = 1> <Delay = 2.55> <FuncUnit> <Opcode : 'add' 'sub'> <InPorts = 2> <OutPorts = 1>
ST_9 : Operation 278 [1/1] (0.69ns)   --->   "%sum_21 = select i1 %icmp_ln10_10, i32 %sum_20, i32 %sum_19" [matmul.cpp:10]   --->   Operation 278 'select' 'sum_21' <Predicate = true> <Delay = 0.69> <CoreInst = "Sel">   --->   Core 73 'Sel' <Latency = 0> <II = 1> <Delay = 0.69> <FuncUnit> <Opcode : 'select'> <InPorts = 3> <OutPorts = 1>
ST_9 : Operation 279 [1/1] (2.55ns)   --->   "%sum_22 = add i32 %mul_ln11_10, i32 %sum_21" [matmul.cpp:11]   --->   Operation 279 'add' 'sum_22' <Predicate = (icmp_ln10_11)> <Delay = 2.55> <CoreInst = "Adder">   --->   Core 1 'Adder' <Latency = 0> <II = 1> <Delay = 2.55> <FuncUnit> <Opcode : 'add' 'sub'> <InPorts = 2> <OutPorts = 1>
ST_9 : Operation 280 [1/1] (0.69ns)   --->   "%sum_23 = select i1 %icmp_ln10_11, i32 %sum_22, i32 %sum_21" [matmul.cpp:10]   --->   Operation 280 'select' 'sum_23' <Predicate = true> <Delay = 0.69> <CoreInst = "Sel">   --->   Core 73 'Sel' <Latency = 0> <II = 1> <Delay = 0.69> <FuncUnit> <Opcode : 'select'> <InPorts = 3> <OutPorts = 1>
ST_9 : Operation 281 [1/2] (6.91ns)   --->   "%mul_ln11_11 = mul i32 %in2_load_12, i32 %in1_load_12" [matmul.cpp:11]   --->   Operation 281 'mul' 'mul_ln11_11' <Predicate = (icmp_ln10_12)> <Delay = 6.91> <CoreInst = "Multiplier">   --->   Core 3 'Multiplier' <Latency = 1> <II = 1> <Delay = 6.91> <FuncUnit> <Opcode : 'mul'> <InPorts = 2> <OutPorts = 1>
ST_9 : Operation 282 [1/2] (6.91ns)   --->   "%mul_ln11_12 = mul i32 %in2_load_13, i32 %in1_load_13" [matmul.cpp:11]   --->   Operation 282 'mul' 'mul_ln11_12' <Predicate = (icmp_ln10_13)> <Delay = 6.91> <CoreInst = "Multiplier">   --->   Core 3 'Multiplier' <Latency = 1> <II = 1> <Delay = 6.91> <FuncUnit> <Opcode : 'mul'> <InPorts = 2> <OutPorts = 1>
ST_9 : Operation 283 [1/2] ( I:0.00ns O:0.00ns )   --->   "%in2_load_14 = load i8 %in2_addr_14" [matmul.cpp:11]   --->   Operation 283 'load' 'in2_load_14' <Predicate = (icmp_ln10_14)> <Delay = 0.00> <CoreInst = "RAM">   --->   Core 81 'RAM' <Latency = 1> <II = 1> <Delay = 3.25> <Storage> <Opcode : 'load' 'store'> <Ports = 2> <Width = 32> <Depth = 256> <RAM>
ST_9 : Operation 284 [2/2] (6.91ns)   --->   "%mul_ln11_13 = mul i32 %in2_load_14, i32 %in1_load_14" [matmul.cpp:11]   --->   Operation 284 'mul' 'mul_ln11_13' <Predicate = (icmp_ln10_14)> <Delay = 6.91> <CoreInst = "Multiplier">   --->   Core 3 'Multiplier' <Latency = 1> <II = 1> <Delay = 6.91> <FuncUnit> <Opcode : 'mul'> <InPorts = 2> <OutPorts = 1>
ST_9 : Operation 285 [1/2] ( I:0.00ns O:0.00ns )   --->   "%in2_load_15 = load i8 %in2_addr_15" [matmul.cpp:11]   --->   Operation 285 'load' 'in2_load_15' <Predicate = (icmp_ln10_15)> <Delay = 0.00> <CoreInst = "RAM">   --->   Core 81 'RAM' <Latency = 1> <II = 1> <Delay = 3.25> <Storage> <Opcode : 'load' 'store'> <Ports = 2> <Width = 32> <Depth = 256> <RAM>
ST_9 : Operation 286 [2/2] (6.91ns)   --->   "%mul_ln11_14 = mul i32 %in2_load_15, i32 %in1_load_15" [matmul.cpp:11]   --->   Operation 286 'mul' 'mul_ln11_14' <Predicate = (icmp_ln10_15)> <Delay = 6.91> <CoreInst = "Multiplier">   --->   Core 3 'Multiplier' <Latency = 1> <II = 1> <Delay = 6.91> <FuncUnit> <Opcode : 'mul'> <InPorts = 2> <OutPorts = 1>

State 10 <SV = 9> <Delay = 6.91>
ST_10 : Operation 287 [1/1] (2.55ns)   --->   "%sum_24 = add i32 %mul_ln11_11, i32 %sum_23" [matmul.cpp:11]   --->   Operation 287 'add' 'sum_24' <Predicate = (icmp_ln10_12)> <Delay = 2.55> <CoreInst = "Adder">   --->   Core 1 'Adder' <Latency = 0> <II = 1> <Delay = 2.55> <FuncUnit> <Opcode : 'add' 'sub'> <InPorts = 2> <OutPorts = 1>
ST_10 : Operation 288 [1/1] (0.69ns)   --->   "%sum_25 = select i1 %icmp_ln10_12, i32 %sum_24, i32 %sum_23" [matmul.cpp:10]   --->   Operation 288 'select' 'sum_25' <Predicate = true> <Delay = 0.69> <CoreInst = "Sel">   --->   Core 73 'Sel' <Latency = 0> <II = 1> <Delay = 0.69> <FuncUnit> <Opcode : 'select'> <InPorts = 3> <OutPorts = 1>
ST_10 : Operation 289 [1/1] (2.55ns)   --->   "%sum_26 = add i32 %mul_ln11_12, i32 %sum_25" [matmul.cpp:11]   --->   Operation 289 'add' 'sum_26' <Predicate = (icmp_ln10_13)> <Delay = 2.55> <CoreInst = "Adder">   --->   Core 1 'Adder' <Latency = 0> <II = 1> <Delay = 2.55> <FuncUnit> <Opcode : 'add' 'sub'> <InPorts = 2> <OutPorts = 1>
ST_10 : Operation 290 [1/1] (0.69ns)   --->   "%sum_27 = select i1 %icmp_ln10_13, i32 %sum_26, i32 %sum_25" [matmul.cpp:10]   --->   Operation 290 'select' 'sum_27' <Predicate = true> <Delay = 0.69> <CoreInst = "Sel">   --->   Core 73 'Sel' <Latency = 0> <II = 1> <Delay = 0.69> <FuncUnit> <Opcode : 'select'> <InPorts = 3> <OutPorts = 1>
ST_10 : Operation 291 [1/2] (6.91ns)   --->   "%mul_ln11_13 = mul i32 %in2_load_14, i32 %in1_load_14" [matmul.cpp:11]   --->   Operation 291 'mul' 'mul_ln11_13' <Predicate = (icmp_ln10_14)> <Delay = 6.91> <CoreInst = "Multiplier">   --->   Core 3 'Multiplier' <Latency = 1> <II = 1> <Delay = 6.91> <FuncUnit> <Opcode : 'mul'> <InPorts = 2> <OutPorts = 1>
ST_10 : Operation 292 [1/2] (6.91ns)   --->   "%mul_ln11_14 = mul i32 %in2_load_15, i32 %in1_load_15" [matmul.cpp:11]   --->   Operation 292 'mul' 'mul_ln11_14' <Predicate = (icmp_ln10_15)> <Delay = 6.91> <CoreInst = "Multiplier">   --->   Core 3 'Multiplier' <Latency = 1> <II = 1> <Delay = 6.91> <FuncUnit> <Opcode : 'mul'> <InPorts = 2> <OutPorts = 1>

State 11 <SV = 10> <Delay = 6.50>
ST_11 : Operation 293 [1/1] (0.00ns)   --->   "%specloopname_ln0 = specloopname void @_ssdm_op_SpecLoopName, void @VITIS_LOOP_6_1_VITIS_LOOP_7_2_str"   --->   Operation 293 'specloopname' 'specloopname_ln0' <Predicate = true> <Delay = 0.00>
ST_11 : Operation 294 [1/1] (0.00ns)   --->   "%speclooptripcount_ln0 = speclooptripcount void @_ssdm_op_SpecLoopTripCount, i64 256, i64 256, i64 256"   --->   Operation 294 'speclooptripcount' 'speclooptripcount_ln0' <Predicate = true> <Delay = 0.00>
ST_11 : Operation 295 [1/1] (0.00ns)   --->   "%zext_ln14 = zext i8 %add_ln14" [matmul.cpp:14]   --->   Operation 295 'zext' 'zext_ln14' <Predicate = true> <Delay = 0.00>
ST_11 : Operation 296 [1/1] (0.00ns)   --->   "%out_r_addr = getelementptr i32 %out_r, i64 0, i64 %zext_ln14" [matmul.cpp:14]   --->   Operation 296 'getelementptr' 'out_r_addr' <Predicate = true> <Delay = 0.00>
ST_11 : Operation 297 [1/1] (0.00ns)   --->   "%specpipeline_ln7 = specpipeline void @_ssdm_op_SpecPipeline, i32 4294967295, i32 0, i32 0, i32 0, i32 4294967295, void @empty_0" [matmul.cpp:7]   --->   Operation 297 'specpipeline' 'specpipeline_ln7' <Predicate = true> <Delay = 0.00>
ST_11 : Operation 298 [1/1] (2.55ns)   --->   "%sum_28 = add i32 %mul_ln11_13, i32 %sum_27" [matmul.cpp:11]   --->   Operation 298 'add' 'sum_28' <Predicate = (icmp_ln10_14)> <Delay = 2.55> <CoreInst = "Adder">   --->   Core 1 'Adder' <Latency = 0> <II = 1> <Delay = 2.55> <FuncUnit> <Opcode : 'add' 'sub'> <InPorts = 2> <OutPorts = 1>
ST_11 : Operation 299 [1/1] (0.69ns)   --->   "%sum_29 = select i1 %icmp_ln10_14, i32 %sum_28, i32 %sum_27" [matmul.cpp:10]   --->   Operation 299 'select' 'sum_29' <Predicate = true> <Delay = 0.69> <CoreInst = "Sel">   --->   Core 73 'Sel' <Latency = 0> <II = 1> <Delay = 0.69> <FuncUnit> <Opcode : 'select'> <InPorts = 3> <OutPorts = 1>
ST_11 : Operation 300 [1/1] (2.55ns)   --->   "%sum_30 = add i32 %mul_ln11_14, i32 %sum_29" [matmul.cpp:11]   --->   Operation 300 'add' 'sum_30' <Predicate = (icmp_ln10_15)> <Delay = 2.55> <CoreInst = "Adder">   --->   Core 1 'Adder' <Latency = 0> <II = 1> <Delay = 2.55> <FuncUnit> <Opcode : 'add' 'sub'> <InPorts = 2> <OutPorts = 1>
ST_11 : Operation 301 [1/1] (0.69ns)   --->   "%sum_31 = select i1 %icmp_ln10_15, i32 %sum_30, i32 %sum_29" [matmul.cpp:10]   --->   Operation 301 'select' 'sum_31' <Predicate = true> <Delay = 0.69> <CoreInst = "Sel">   --->   Core 73 'Sel' <Latency = 0> <II = 1> <Delay = 0.69> <FuncUnit> <Opcode : 'select'> <InPorts = 3> <OutPorts = 1>
ST_11 : Operation 302 [1/1] ( I:0.00ns O:0.00ns )   --->   "%store_ln14 = store i32 %sum_31, i8 %out_r_addr" [matmul.cpp:14]   --->   Operation 302 'store' 'store_ln14' <Predicate = true> <Delay = 0.00> <CoreInst = "RAM">   --->   Core 81 'RAM' <Latency = 1> <II = 1> <Delay = 3.25> <Storage> <Opcode : 'load' 'store'> <Ports = 2> <Width = 32> <Depth = 256> <RAM>
ST_11 : Operation 303 [1/1] (1.58ns)   --->   "%ret_ln17 = ret" [matmul.cpp:17]   --->   Operation 303 'ret' 'ret_ln17' <Predicate = (icmp_ln6)> <Delay = 1.58>


============================================================
+ Verbose Summary: Binding
============================================================
STG Binding: 
---------------- STG Properties BEGIN ----------------
- Is combinational: 0
- Is one-state seq: 0
- Is datapath-only: 0
- Is pipelined: 0
- Is top level: 1
Port [ Return ] is wired: 1; IO mode=ap_ctrl_hs:ce=0
Port [ in1]:  wired=1; compound=1; hidden=0; nouse=0; global=0; static=0; extern=0; dir=0; type=1; pingpong=0; private_global=0; MemPort=[11]; IO mode=ap_memory:ce=0
Port [ in2]:  wired=1; compound=1; hidden=0; nouse=0; global=0; static=0; extern=0; dir=0; type=1; pingpong=0; private_global=0; MemPort=[11]; IO mode=ap_memory:ce=0
Port [ out_r]:  wired=1; compound=1; hidden=0; nouse=0; global=0; static=0; extern=0; dir=1; type=1; pingpong=0; private_global=0; MemPort=[03]; IO mode=ap_memory:ce=0
Port [ size]:  wired=1; compound=0; hidden=0; nouse=0; global=0; static=0; extern=0; dir=0; type=0; pingpong=0; private_global=0; IO mode=ap_none:ce=0
---------------- STG Properties END ------------------

---------------- Datapath Model BEGIN ----------------

<LifeTime>
<method=bitvector/>
indvar_flatten1       (alloca           ) [ 011111111000]
i                     (alloca           ) [ 010000000000]
j                     (alloca           ) [ 011111111000]
spectopmodule_ln4     (spectopmodule    ) [ 000000000000]
specinterface_ln0     (specinterface    ) [ 000000000000]
specbitsmap_ln0       (specbitsmap      ) [ 000000000000]
specinterface_ln0     (specinterface    ) [ 000000000000]
specbitsmap_ln0       (specbitsmap      ) [ 000000000000]
specinterface_ln0     (specinterface    ) [ 000000000000]
specbitsmap_ln0       (specbitsmap      ) [ 000000000000]
specbitsmap_ln0       (specbitsmap      ) [ 000000000000]
specinterface_ln0     (specinterface    ) [ 000000000000]
size_read             (read             ) [ 000000000000]
icmp_ln10             (icmp             ) [ 011110000000]
tmp_16                (partselect       ) [ 000000000000]
icmp_ln10_1           (icmp             ) [ 011110000000]
icmp_ln10_2           (icmp             ) [ 001111000000]
tmp_17                (partselect       ) [ 000000000000]
icmp_ln10_3           (icmp             ) [ 001111000000]
icmp_ln10_4           (icmp             ) [ 001111100000]
icmp_ln10_5           (icmp             ) [ 001111100000]
icmp_ln10_6           (icmp             ) [ 001111110000]
tmp_18                (partselect       ) [ 000000000000]
icmp_ln10_7           (icmp             ) [ 001111110000]
icmp_ln10_8           (icmp             ) [ 001111111000]
icmp_ln10_9           (icmp             ) [ 001111111000]
icmp_ln10_10          (icmp             ) [ 011111111100]
icmp_ln10_11          (icmp             ) [ 011111111100]
icmp_ln10_12          (icmp             ) [ 011111111110]
icmp_ln10_13          (icmp             ) [ 011111111110]
icmp_ln10_14          (icmp             ) [ 011111111111]
tmp_19                (partselect       ) [ 000000000000]
icmp_ln10_15          (icmp             ) [ 011111111111]
store_ln7             (store            ) [ 000000000000]
store_ln6             (store            ) [ 000000000000]
store_ln0             (store            ) [ 000000000000]
br_ln0                (br               ) [ 000000000000]
icmp_ln74             (phi              ) [ 010000000000]
i_1                   (load             ) [ 000000000000]
j_1                   (load             ) [ 000000000000]
add_ln6               (add              ) [ 000000000000]
select_ln6            (select           ) [ 001111111000]
i_3                   (select           ) [ 000000000000]
trunc_ln11            (trunc            ) [ 001111111000]
tmp                   (bitconcatenate   ) [ 001111100000]
zext_ln11             (zext             ) [ 000000000000]
in1_addr              (getelementptr    ) [ 001000000000]
tmp_1                 (bitconcatenate   ) [ 000000000000]
zext_ln11_1           (zext             ) [ 000000000000]
in1_addr_1            (getelementptr    ) [ 001000000000]
zext_ln7              (zext             ) [ 000000000000]
zext_ln11_18          (zext             ) [ 001100000000]
in2_addr              (getelementptr    ) [ 001000000000]
add_ln11              (add              ) [ 000000000000]
zext_ln11_19          (zext             ) [ 000000000000]
in2_addr_1            (getelementptr    ) [ 001000000000]
bit_sel               (bitselect        ) [ 001111111000]
trunc_ln11_1          (trunc            ) [ 001111111000]
store_ln6             (store            ) [ 000000000000]
tmp_2                 (bitconcatenate   ) [ 000000000000]
zext_ln11_2           (zext             ) [ 000000000000]
in1_addr_2            (getelementptr    ) [ 000100000000]
tmp_3                 (bitconcatenate   ) [ 000000000000]
zext_ln11_3           (zext             ) [ 000000000000]
in1_addr_3            (getelementptr    ) [ 000100000000]
in1_load              (load             ) [ 000100000000]
in1_load_1            (load             ) [ 000100000000]
zext_ln11_17          (zext             ) [ 000111000000]
tmp_16_cast           (bitconcatenate   ) [ 000111111000]
zext_ln11_20          (zext             ) [ 000000000000]
in2_addr_2            (getelementptr    ) [ 000100000000]
add_ln11_1            (add              ) [ 000000000000]
zext_ln11_21          (zext             ) [ 000000000000]
in2_addr_3            (getelementptr    ) [ 000100000000]
in2_load              (load             ) [ 000100000000]
in2_load_1            (load             ) [ 000100000000]
tmp_4                 (bitconcatenate   ) [ 000000000000]
zext_ln11_4           (zext             ) [ 000000000000]
in1_addr_4            (getelementptr    ) [ 000010000000]
tmp_5                 (bitconcatenate   ) [ 000000000000]
zext_ln11_5           (zext             ) [ 000000000000]
in1_addr_5            (getelementptr    ) [ 000010000000]
in1_load_2            (load             ) [ 000010000000]
in1_load_3            (load             ) [ 000010000000]
tmp_17_cast           (bitconcatenate   ) [ 000011110000]
zext_ln11_22          (zext             ) [ 000000000000]
in2_addr_4            (getelementptr    ) [ 000010000000]
add_ln11_2            (add              ) [ 000011110000]
zext_ln11_23          (zext             ) [ 000000000000]
in2_addr_5            (getelementptr    ) [ 000010000000]
sum                   (mul              ) [ 000010000000]
mul_ln11              (mul              ) [ 000010000000]
in2_load_2            (load             ) [ 000010000000]
in2_load_3            (load             ) [ 000010000000]
tmp_6                 (bitconcatenate   ) [ 000000000000]
zext_ln11_6           (zext             ) [ 000000000000]
in1_addr_6            (getelementptr    ) [ 000001000000]
tmp_7                 (bitconcatenate   ) [ 000000000000]
zext_ln11_7           (zext             ) [ 000000000000]
in1_addr_7            (getelementptr    ) [ 000001000000]
in1_load_4            (load             ) [ 000001000000]
in1_load_5            (load             ) [ 000001000000]
zext_ln11_16          (zext             ) [ 000001100000]
sext_ln11             (sext             ) [ 000000000000]
zext_ln11_24          (zext             ) [ 000000000000]
in2_addr_6            (getelementptr    ) [ 000001000000]
add_ln11_3            (add              ) [ 000000000000]
zext_ln11_25          (zext             ) [ 000000000000]
in2_addr_7            (getelementptr    ) [ 000001000000]
sum_1                 (select           ) [ 000000000000]
sum_2                 (add              ) [ 000000000000]
sum_3                 (select           ) [ 000001000000]
mul_ln11_1            (mul              ) [ 000001000000]
mul_ln11_2            (mul              ) [ 000001000000]
in2_load_4            (load             ) [ 000001000000]
in2_load_5            (load             ) [ 000001000000]
tmp_8                 (bitconcatenate   ) [ 000000000000]
zext_ln11_8           (zext             ) [ 000000000000]
in1_addr_8            (getelementptr    ) [ 000000100000]
tmp_9                 (bitconcatenate   ) [ 000000000000]
zext_ln11_9           (zext             ) [ 000000000000]
in1_addr_9            (getelementptr    ) [ 000000100000]
in1_load_6            (load             ) [ 000000100000]
in1_load_7            (load             ) [ 000000100000]
tmp_19_cast           (bitconcatenate   ) [ 000000000000]
zext_ln11_26          (zext             ) [ 000000000000]
in2_addr_8            (getelementptr    ) [ 000000100000]
add_ln11_4            (add              ) [ 000000000000]
zext_ln11_27          (zext             ) [ 000000000000]
in2_addr_9            (getelementptr    ) [ 000000100000]
sum_4                 (add              ) [ 000000000000]
sum_5                 (select           ) [ 000000000000]
sum_6                 (add              ) [ 000000000000]
sum_7                 (select           ) [ 000000100000]
mul_ln11_3            (mul              ) [ 000000100000]
mul_ln11_4            (mul              ) [ 000000100000]
in2_load_6            (load             ) [ 000000100000]
in2_load_7            (load             ) [ 000000100000]
tmp_s                 (bitconcatenate   ) [ 000000000000]
zext_ln11_10          (zext             ) [ 000000000000]
in1_addr_10           (getelementptr    ) [ 000000010000]
tmp_10                (bitconcatenate   ) [ 000000000000]
zext_ln11_11          (zext             ) [ 000000000000]
in1_addr_11           (getelementptr    ) [ 000000010000]
in1_load_8            (load             ) [ 000000010000]
in1_load_9            (load             ) [ 000000010000]
tmp_20_cast           (bitconcatenate   ) [ 000000000000]
zext_ln11_28          (zext             ) [ 000000000000]
in2_addr_10           (getelementptr    ) [ 000000010000]
add_ln11_5            (add              ) [ 000000000000]
zext_ln11_29          (zext             ) [ 000000000000]
in2_addr_11           (getelementptr    ) [ 000000010000]
add_ln14              (add              ) [ 011100011111]
sum_8                 (add              ) [ 000000000000]
sum_9                 (select           ) [ 000000000000]
sum_10                (add              ) [ 000000000000]
sum_11                (select           ) [ 000000010000]
mul_ln11_5            (mul              ) [ 000000010000]
mul_ln11_6            (mul              ) [ 000000010000]
in2_load_8            (load             ) [ 000000010000]
in2_load_9            (load             ) [ 000000010000]
tmp_11                (bitconcatenate   ) [ 000000000000]
zext_ln11_12          (zext             ) [ 000000000000]
in1_addr_12           (getelementptr    ) [ 000000001000]
tmp_12                (bitconcatenate   ) [ 000000000000]
zext_ln11_13          (zext             ) [ 000000000000]
in1_addr_13           (getelementptr    ) [ 000000001000]
in1_load_10           (load             ) [ 000000001000]
in1_load_11           (load             ) [ 000000001000]
sext_ln11_1           (sext             ) [ 000000000000]
zext_ln11_30          (zext             ) [ 000000000000]
in2_addr_12           (getelementptr    ) [ 000000001000]
sext_ln11_2           (sext             ) [ 000000000000]
zext_ln11_31          (zext             ) [ 000000000000]
in2_addr_13           (getelementptr    ) [ 000000001000]
sum_12                (add              ) [ 000000000000]
sum_13                (select           ) [ 000000000000]
sum_14                (add              ) [ 000000000000]
sum_15                (select           ) [ 000000001000]
mul_ln11_7            (mul              ) [ 000000001000]
mul_ln11_8            (mul              ) [ 000000001000]
in2_load_10           (load             ) [ 000000001000]
in2_load_11           (load             ) [ 000000001000]
indvar_flatten1_load  (load             ) [ 000000000000]
tmp_13                (bitconcatenate   ) [ 000000000000]
zext_ln11_14          (zext             ) [ 000000000000]
in1_addr_14           (getelementptr    ) [ 010000000100]
tmp_14                (bitconcatenate   ) [ 000000000000]
zext_ln11_15          (zext             ) [ 000000000000]
in1_addr_15           (getelementptr    ) [ 010000000100]
in1_load_12           (load             ) [ 010000000100]
in1_load_13           (load             ) [ 010000000100]
sext_ln11_3           (sext             ) [ 000000000000]
zext_ln11_32          (zext             ) [ 000000000000]
in2_addr_14           (getelementptr    ) [ 010000000100]
xor_ln11              (xor              ) [ 000000000000]
add_ln11_7            (bitconcatenate   ) [ 000000000000]
sext_ln11_4           (sext             ) [ 000000000000]
zext_ln11_33          (zext             ) [ 000000000000]
in2_addr_15           (getelementptr    ) [ 010000000100]
sum_16                (add              ) [ 000000000000]
sum_17                (select           ) [ 000000000000]
sum_18                (add              ) [ 000000000000]
sum_19                (select           ) [ 010000000100]
mul_ln11_9            (mul              ) [ 010000000100]
mul_ln11_10           (mul              ) [ 010000000100]
in2_load_12           (load             ) [ 010000000100]
in2_load_13           (load             ) [ 010000000100]
j_3                   (add              ) [ 000000000000]
add_ln6_1             (add              ) [ 000000000000]
icmp_ln7              (icmp             ) [ 010000001000]
icmp_ln6              (icmp             ) [ 011100001111]
store_ln7             (store            ) [ 000000000000]
store_ln6             (store            ) [ 000000000000]
br_ln6                (br               ) [ 010000001000]
in1_load_14           (load             ) [ 001000000010]
in1_load_15           (load             ) [ 001000000010]
sum_20                (add              ) [ 000000000000]
sum_21                (select           ) [ 000000000000]
sum_22                (add              ) [ 000000000000]
sum_23                (select           ) [ 001000000010]
mul_ln11_11           (mul              ) [ 001000000010]
mul_ln11_12           (mul              ) [ 001000000010]
in2_load_14           (load             ) [ 001000000010]
in2_load_15           (load             ) [ 001000000010]
sum_24                (add              ) [ 000000000000]
sum_25                (select           ) [ 000000000000]
sum_26                (add              ) [ 000000000000]
sum_27                (select           ) [ 000100000001]
mul_ln11_13           (mul              ) [ 000100000001]
mul_ln11_14           (mul              ) [ 000100000001]
specloopname_ln0      (specloopname     ) [ 000000000000]
speclooptripcount_ln0 (speclooptripcount) [ 000000000000]
zext_ln14             (zext             ) [ 000000000000]
out_r_addr            (getelementptr    ) [ 000000000000]
specpipeline_ln7      (specpipeline     ) [ 000000000000]
sum_28                (add              ) [ 000000000000]
sum_29                (select           ) [ 000000000000]
sum_30                (add              ) [ 000000000000]
sum_31                (select           ) [ 000000000000]
store_ln14            (store            ) [ 000000000000]
ret_ln17              (ret              ) [ 000000000000]
</LifeTime>

<model>

<comp_list>
<comp id="0" class="1000" name="in1">
<pin_list>
<pin id="1" dir="1" index="0" bw="1" slack="0"/>
</pin_list>
<bind>
<StgValue><ssdm name="in1"/><MemPortTyVec>1 1 </MemPortTyVec>
</StgValue>
</bind>
</comp>

<comp id="2" class="1000" name="in2">
<pin_list>
<pin id="3" dir="1" index="0" bw="1" slack="0"/>
</pin_list>
<bind>
<StgValue><ssdm name="in2"/><MemPortTyVec>1 1 </MemPortTyVec>
</StgValue>
</bind>
</comp>

<comp id="4" class="1000" name="out_r">
<pin_list>
<pin id="5" dir="1" index="0" bw="1" slack="0"/>
</pin_list>
<bind>
<StgValue><ssdm name="out_r"/><MemPortTyVec>0 3 </MemPortTyVec>
</StgValue>
</bind>
</comp>

<comp id="6" class="1000" name="size">
<pin_list>
<pin id="7" dir="1" index="0" bw="1" slack="0"/>
</pin_list>
<bind>
<StgValue><ssdm name="size"/></StgValue>
</bind>
</comp>

<comp id="8" class="1001" name="const_8">
<pin_list>
<pin id="9" dir="1" index="0" bw="1" slack="0"/>
</pin_list>
<bind>
<StgValue><ssdm name=""/></StgValue>
</bind>
</comp>

<comp id="10" class="1001" name="const_10">
<pin_list>
<pin id="11" dir="1" index="0" bw="1" slack="2147483647"/>
</pin_list>
<bind>
<StgValue><ssdm name="_ssdm_op_SpecTopModule"/></StgValue>
</bind>
</comp>

<comp id="12" class="1001" name="const_12">
<pin_list>
<pin id="13" dir="1" index="0" bw="1" slack="2147483647"/>
</pin_list>
<bind>
<StgValue><ssdm name="empty_2"/></StgValue>
</bind>
</comp>

<comp id="14" class="1001" name="const_14">
<pin_list>
<pin id="15" dir="1" index="0" bw="1" slack="2147483647"/>
</pin_list>
<bind>
<StgValue><ssdm name="_ssdm_op_SpecInterface"/></StgValue>
</bind>
</comp>

<comp id="16" class="1001" name="const_16">
<pin_list>
<pin id="17" dir="1" index="0" bw="1" slack="2147483647"/>
</pin_list>
<bind>
<StgValue><ssdm name="empty"/></StgValue>
</bind>
</comp>

<comp id="18" class="1001" name="const_18">
<pin_list>
<pin id="19" dir="1" index="0" bw="1" slack="0"/>
</pin_list>
<bind>
<StgValue><ssdm name=""/></StgValue>
</bind>
</comp>

<comp id="20" class="1001" name="const_20">
<pin_list>
<pin id="21" dir="1" index="0" bw="1" slack="2147483647"/>
</pin_list>
<bind>
<StgValue><ssdm name="empty_0"/></StgValue>
</bind>
</comp>

<comp id="22" class="1001" name="const_22">
<pin_list>
<pin id="23" dir="1" index="0" bw="1" slack="2147483647"/>
</pin_list>
<bind>
<StgValue><ssdm name=""/></StgValue>
</bind>
</comp>

<comp id="24" class="1001" name="const_24">
<pin_list>
<pin id="25" dir="1" index="0" bw="1" slack="2147483647"/>
</pin_list>
<bind>
<StgValue><ssdm name="_ssdm_op_SpecBitsMap"/></StgValue>
</bind>
</comp>

<comp id="26" class="1001" name="const_26">
<pin_list>
<pin id="27" dir="1" index="0" bw="1" slack="2147483647"/>
</pin_list>
<bind>
<StgValue><ssdm name="empty_1"/></StgValue>
</bind>
</comp>

<comp id="28" class="1001" name="const_28">
<pin_list>
<pin id="29" dir="1" index="0" bw="1" slack="0"/>
</pin_list>
<bind>
<StgValue><ssdm name="_ssdm_op_Read.ap_auto.i32"/></StgValue>
</bind>
</comp>

<comp id="30" class="1001" name="const_30">
<pin_list>
<pin id="31" dir="1" index="0" bw="1" slack="0"/>
</pin_list>
<bind>
<StgValue><ssdm name="_ssdm_op_PartSelect.i31.i32.i32.i32"/></StgValue>
</bind>
</comp>

<comp id="32" class="1001" name="const_32">
<pin_list>
<pin id="33" dir="1" index="0" bw="1" slack="0"/>
</pin_list>
<bind>
<StgValue><ssdm name=""/></StgValue>
</bind>
</comp>

<comp id="34" class="1001" name="const_34">
<pin_list>
<pin id="35" dir="1" index="0" bw="1" slack="0"/>
</pin_list>
<bind>
<StgValue><ssdm name=""/></StgValue>
</bind>
</comp>

<comp id="36" class="1001" name="const_36">
<pin_list>
<pin id="37" dir="1" index="0" bw="1" slack="0"/>
</pin_list>
<bind>
<StgValue><ssdm name=""/></StgValue>
</bind>
</comp>

<comp id="38" class="1001" name="const_38">
<pin_list>
<pin id="39" dir="1" index="0" bw="1" slack="0"/>
</pin_list>
<bind>
<StgValue><ssdm name="_ssdm_op_PartSelect.i30.i32.i32.i32"/></StgValue>
</bind>
</comp>

<comp id="40" class="1001" name="const_40">
<pin_list>
<pin id="41" dir="1" index="0" bw="1" slack="0"/>
</pin_list>
<bind>
<StgValue><ssdm name=""/></StgValue>
</bind>
</comp>

<comp id="42" class="1001" name="const_42">
<pin_list>
<pin id="43" dir="1" index="0" bw="1" slack="0"/>
</pin_list>
<bind>
<StgValue><ssdm name=""/></StgValue>
</bind>
</comp>

<comp id="44" class="1001" name="const_44">
<pin_list>
<pin id="45" dir="1" index="0" bw="1" slack="0"/>
</pin_list>
<bind>
<StgValue><ssdm name=""/></StgValue>
</bind>
</comp>

<comp id="46" class="1001" name="const_46">
<pin_list>
<pin id="47" dir="1" index="0" bw="1" slack="0"/>
</pin_list>
<bind>
<StgValue><ssdm name=""/></StgValue>
</bind>
</comp>

<comp id="48" class="1001" name="const_48">
<pin_list>
<pin id="49" dir="1" index="0" bw="1" slack="0"/>
</pin_list>
<bind>
<StgValue><ssdm name="_ssdm_op_PartSelect.i29.i32.i32.i32"/></StgValue>
</bind>
</comp>

<comp id="50" class="1001" name="const_50">
<pin_list>
<pin id="51" dir="1" index="0" bw="1" slack="0"/>
</pin_list>
<bind>
<StgValue><ssdm name=""/></StgValue>
</bind>
</comp>

<comp id="52" class="1001" name="const_52">
<pin_list>
<pin id="53" dir="1" index="0" bw="1" slack="0"/>
</pin_list>
<bind>
<StgValue><ssdm name=""/></StgValue>
</bind>
</comp>

<comp id="54" class="1001" name="const_54">
<pin_list>
<pin id="55" dir="1" index="0" bw="1" slack="0"/>
</pin_list>
<bind>
<StgValue><ssdm name=""/></StgValue>
</bind>
</comp>

<comp id="56" class="1001" name="const_56">
<pin_list>
<pin id="57" dir="1" index="0" bw="1" slack="0"/>
</pin_list>
<bind>
<StgValue><ssdm name=""/></StgValue>
</bind>
</comp>

<comp id="58" class="1001" name="const_58">
<pin_list>
<pin id="59" dir="1" index="0" bw="1" slack="0"/>
</pin_list>
<bind>
<StgValue><ssdm name=""/></StgValue>
</bind>
</comp>

<comp id="60" class="1001" name="const_60">
<pin_list>
<pin id="61" dir="1" index="0" bw="1" slack="0"/>
</pin_list>
<bind>
<StgValue><ssdm name=""/></StgValue>
</bind>
</comp>

<comp id="62" class="1001" name="const_62">
<pin_list>
<pin id="63" dir="1" index="0" bw="1" slack="0"/>
</pin_list>
<bind>
<StgValue><ssdm name=""/></StgValue>
</bind>
</comp>

<comp id="64" class="1001" name="const_64">
<pin_list>
<pin id="65" dir="1" index="0" bw="1" slack="0"/>
</pin_list>
<bind>
<StgValue><ssdm name=""/></StgValue>
</bind>
</comp>

<comp id="66" class="1001" name="const_66">
<pin_list>
<pin id="67" dir="1" index="0" bw="1" slack="0"/>
</pin_list>
<bind>
<StgValue><ssdm name=""/></StgValue>
</bind>
</comp>

<comp id="68" class="1001" name="const_68">
<pin_list>
<pin id="69" dir="1" index="0" bw="1" slack="0"/>
</pin_list>
<bind>
<StgValue><ssdm name="_ssdm_op_PartSelect.i28.i32.i32.i32"/></StgValue>
</bind>
</comp>

<comp id="70" class="1001" name="const_70">
<pin_list>
<pin id="71" dir="1" index="0" bw="1" slack="0"/>
</pin_list>
<bind>
<StgValue><ssdm name=""/></StgValue>
</bind>
</comp>

<comp id="72" class="1001" name="const_72">
<pin_list>
<pin id="73" dir="1" index="0" bw="1" slack="0"/>
</pin_list>
<bind>
<StgValue><ssdm name=""/></StgValue>
</bind>
</comp>

<comp id="74" class="1001" name="const_74">
<pin_list>
<pin id="75" dir="1" index="0" bw="1" slack="0"/>
</pin_list>
<bind>
<StgValue><ssdm name=""/></StgValue>
</bind>
</comp>

<comp id="76" class="1001" name="const_76">
<pin_list>
<pin id="77" dir="1" index="0" bw="1" slack="0"/>
</pin_list>
<bind>
<StgValue><ssdm name=""/></StgValue>
</bind>
</comp>

<comp id="78" class="1001" name="const_78">
<pin_list>
<pin id="79" dir="1" index="0" bw="1" slack="0"/>
</pin_list>
<bind>
<StgValue><ssdm name=""/></StgValue>
</bind>
</comp>

<comp id="80" class="1001" name="const_80">
<pin_list>
<pin id="81" dir="1" index="0" bw="1" slack="0"/>
</pin_list>
<bind>
<StgValue><ssdm name="_ssdm_op_BitConcatenate.i8.i4.i4"/></StgValue>
</bind>
</comp>

<comp id="82" class="1001" name="const_82">
<pin_list>
<pin id="83" dir="1" index="0" bw="1" slack="0"/>
</pin_list>
<bind>
<StgValue><ssdm name=""/></StgValue>
</bind>
</comp>

<comp id="84" class="1001" name="const_84">
<pin_list>
<pin id="85" dir="1" index="0" bw="1" slack="0"/>
</pin_list>
<bind>
<StgValue><ssdm name=""/></StgValue>
</bind>
</comp>

<comp id="86" class="1001" name="const_86">
<pin_list>
<pin id="87" dir="1" index="0" bw="1" slack="0"/>
</pin_list>
<bind>
<StgValue><ssdm name=""/></StgValue>
</bind>
</comp>

<comp id="88" class="1001" name="const_88">
<pin_list>
<pin id="89" dir="1" index="0" bw="1" slack="0"/>
</pin_list>
<bind>
<StgValue><ssdm name=""/></StgValue>
</bind>
</comp>

<comp id="90" class="1001" name="const_90">
<pin_list>
<pin id="91" dir="1" index="0" bw="1" slack="0"/>
</pin_list>
<bind>
<StgValue><ssdm name="_ssdm_op_BitSelect.i1.i5.i5"/></StgValue>
</bind>
</comp>

<comp id="92" class="1001" name="const_92">
<pin_list>
<pin id="93" dir="1" index="0" bw="1" slack="0"/>
</pin_list>
<bind>
<StgValue><ssdm name=""/></StgValue>
</bind>
</comp>

<comp id="94" class="1001" name="const_94">
<pin_list>
<pin id="95" dir="1" index="0" bw="1" slack="0"/>
</pin_list>
<bind>
<StgValue><ssdm name=""/></StgValue>
</bind>
</comp>

<comp id="96" class="1001" name="const_96">
<pin_list>
<pin id="97" dir="1" index="0" bw="1" slack="0"/>
</pin_list>
<bind>
<StgValue><ssdm name=""/></StgValue>
</bind>
</comp>

<comp id="98" class="1001" name="const_98">
<pin_list>
<pin id="99" dir="1" index="0" bw="1" slack="0"/>
</pin_list>
<bind>
<StgValue><ssdm name="_ssdm_op_BitConcatenate.i6.i1.i5"/></StgValue>
</bind>
</comp>

<comp id="100" class="1001" name="const_100">
<pin_list>
<pin id="101" dir="1" index="0" bw="1" slack="0"/>
</pin_list>
<bind>
<StgValue><ssdm name=""/></StgValue>
</bind>
</comp>

<comp id="102" class="1001" name="const_102">
<pin_list>
<pin id="103" dir="1" index="0" bw="1" slack="0"/>
</pin_list>
<bind>
<StgValue><ssdm name=""/></StgValue>
</bind>
</comp>

<comp id="104" class="1001" name="const_104">
<pin_list>
<pin id="105" dir="1" index="0" bw="1" slack="0"/>
</pin_list>
<bind>
<StgValue><ssdm name=""/></StgValue>
</bind>
</comp>

<comp id="106" class="1001" name="const_106">
<pin_list>
<pin id="107" dir="1" index="0" bw="1" slack="0"/>
</pin_list>
<bind>
<StgValue><ssdm name=""/></StgValue>
</bind>
</comp>

<comp id="108" class="1001" name="const_108">
<pin_list>
<pin id="109" dir="1" index="0" bw="1" slack="0"/>
</pin_list>
<bind>
<StgValue><ssdm name="_ssdm_op_BitConcatenate.i7.i1.i6"/></StgValue>
</bind>
</comp>

<comp id="110" class="1001" name="const_110">
<pin_list>
<pin id="111" dir="1" index="0" bw="1" slack="0"/>
</pin_list>
<bind>
<StgValue><ssdm name=""/></StgValue>
</bind>
</comp>

<comp id="112" class="1001" name="const_112">
<pin_list>
<pin id="113" dir="1" index="0" bw="1" slack="0"/>
</pin_list>
<bind>
<StgValue><ssdm name=""/></StgValue>
</bind>
</comp>

<comp id="114" class="1001" name="const_114">
<pin_list>
<pin id="115" dir="1" index="0" bw="1" slack="0"/>
</pin_list>
<bind>
<StgValue><ssdm name=""/></StgValue>
</bind>
</comp>

<comp id="116" class="1001" name="const_116">
<pin_list>
<pin id="117" dir="1" index="0" bw="1" slack="0"/>
</pin_list>
<bind>
<StgValue><ssdm name=""/></StgValue>
</bind>
</comp>

<comp id="118" class="1001" name="const_118">
<pin_list>
<pin id="119" dir="1" index="0" bw="1" slack="0"/>
</pin_list>
<bind>
<StgValue><ssdm name=""/></StgValue>
</bind>
</comp>

<comp id="120" class="1001" name="const_120">
<pin_list>
<pin id="121" dir="1" index="0" bw="1" slack="0"/>
</pin_list>
<bind>
<StgValue><ssdm name=""/></StgValue>
</bind>
</comp>

<comp id="122" class="1001" name="const_122">
<pin_list>
<pin id="123" dir="1" index="0" bw="1" slack="0"/>
</pin_list>
<bind>
<StgValue><ssdm name="_ssdm_op_BitConcatenate.i8.i1.i7"/></StgValue>
</bind>
</comp>

<comp id="124" class="1001" name="const_124">
<pin_list>
<pin id="125" dir="1" index="0" bw="1" slack="0"/>
</pin_list>
<bind>
<StgValue><ssdm name=""/></StgValue>
</bind>
</comp>

<comp id="126" class="1001" name="const_126">
<pin_list>
<pin id="127" dir="1" index="0" bw="1" slack="0"/>
</pin_list>
<bind>
<StgValue><ssdm name=""/></StgValue>
</bind>
</comp>

<comp id="128" class="1001" name="const_128">
<pin_list>
<pin id="129" dir="1" index="0" bw="1" slack="0"/>
</pin_list>
<bind>
<StgValue><ssdm name=""/></StgValue>
</bind>
</comp>

<comp id="130" class="1001" name="const_130">
<pin_list>
<pin id="131" dir="1" index="0" bw="1" slack="0"/>
</pin_list>
<bind>
<StgValue><ssdm name="_ssdm_op_BitConcatenate.i8.i3.i5"/></StgValue>
</bind>
</comp>

<comp id="132" class="1001" name="const_132">
<pin_list>
<pin id="133" dir="1" index="0" bw="1" slack="0"/>
</pin_list>
<bind>
<StgValue><ssdm name=""/></StgValue>
</bind>
</comp>

<comp id="134" class="1001" name="const_134">
<pin_list>
<pin id="135" dir="1" index="0" bw="1" slack="0"/>
</pin_list>
<bind>
<StgValue><ssdm name=""/></StgValue>
</bind>
</comp>

<comp id="136" class="1001" name="const_136">
<pin_list>
<pin id="137" dir="1" index="0" bw="1" slack="0"/>
</pin_list>
<bind>
<StgValue><ssdm name=""/></StgValue>
</bind>
</comp>

<comp id="138" class="1001" name="const_138">
<pin_list>
<pin id="139" dir="1" index="0" bw="1" slack="0"/>
</pin_list>
<bind>
<StgValue><ssdm name=""/></StgValue>
</bind>
</comp>

<comp id="140" class="1001" name="const_140">
<pin_list>
<pin id="141" dir="1" index="0" bw="1" slack="0"/>
</pin_list>
<bind>
<StgValue><ssdm name=""/></StgValue>
</bind>
</comp>

<comp id="142" class="1001" name="const_142">
<pin_list>
<pin id="143" dir="1" index="0" bw="1" slack="0"/>
</pin_list>
<bind>
<StgValue><ssdm name=""/></StgValue>
</bind>
</comp>

<comp id="144" class="1001" name="const_144">
<pin_list>
<pin id="145" dir="1" index="0" bw="1" slack="0"/>
</pin_list>
<bind>
<StgValue><ssdm name="_ssdm_op_BitConcatenate.i5.i1.i4"/></StgValue>
</bind>
</comp>

<comp id="146" class="1001" name="const_146">
<pin_list>
<pin id="147" dir="1" index="0" bw="1" slack="0"/>
</pin_list>
<bind>
<StgValue><ssdm name=""/></StgValue>
</bind>
</comp>

<comp id="148" class="1001" name="const_148">
<pin_list>
<pin id="149" dir="1" index="0" bw="1" slack="0"/>
</pin_list>
<bind>
<StgValue><ssdm name=""/></StgValue>
</bind>
</comp>

<comp id="150" class="1001" name="const_150">
<pin_list>
<pin id="151" dir="1" index="0" bw="1" slack="0"/>
</pin_list>
<bind>
<StgValue><ssdm name=""/></StgValue>
</bind>
</comp>

<comp id="152" class="1001" name="const_152">
<pin_list>
<pin id="153" dir="1" index="0" bw="1" slack="2147483647"/>
</pin_list>
<bind>
<StgValue><ssdm name="_ssdm_op_SpecLoopName"/></StgValue>
</bind>
</comp>

<comp id="154" class="1001" name="const_154">
<pin_list>
<pin id="155" dir="1" index="0" bw="1" slack="2147483647"/>
</pin_list>
<bind>
<StgValue><ssdm name="VITIS_LOOP_6_1_VITIS_LOOP_7_2_str"/></StgValue>
</bind>
</comp>

<comp id="156" class="1001" name="const_156">
<pin_list>
<pin id="157" dir="1" index="0" bw="1" slack="2147483647"/>
</pin_list>
<bind>
<StgValue><ssdm name="_ssdm_op_SpecLoopTripCount"/></StgValue>
</bind>
</comp>

<comp id="158" class="1001" name="const_158">
<pin_list>
<pin id="159" dir="1" index="0" bw="1" slack="2147483647"/>
</pin_list>
<bind>
<StgValue><ssdm name=""/></StgValue>
</bind>
</comp>

<comp id="160" class="1001" name="const_160">
<pin_list>
<pin id="161" dir="1" index="0" bw="1" slack="2147483647"/>
</pin_list>
<bind>
<StgValue><ssdm name="_ssdm_op_SpecPipeline"/></StgValue>
</bind>
</comp>

<comp id="162" class="1004" name="indvar_flatten1_fu_162">
<pin_list>
<pin id="163" dir="0" index="0" bw="1" slack="0"/>
<pin id="164" dir="1" index="1" bw="8" slack="0"/>
</pin_list>
<bind>
<opcode="alloca(26) " fcode="alloca"/>
<opset="indvar_flatten1/1 "/>
</bind>
</comp>

<comp id="166" class="1004" name="i_fu_166">
<pin_list>
<pin id="167" dir="0" index="0" bw="1" slack="0"/>
<pin id="168" dir="1" index="1" bw="5" slack="0"/>
</pin_list>
<bind>
<opcode="alloca(26) " fcode="alloca"/>
<opset="i/1 "/>
</bind>
</comp>

<comp id="170" class="1004" name="j_fu_170">
<pin_list>
<pin id="171" dir="0" index="0" bw="1" slack="0"/>
<pin id="172" dir="1" index="1" bw="5" slack="0"/>
</pin_list>
<bind>
<opcode="alloca(26) " fcode="alloca"/>
<opset="j/1 "/>
</bind>
</comp>

<comp id="174" class="1004" name="size_read_read_fu_174">
<pin_list>
<pin id="175" dir="0" index="0" bw="32" slack="0"/>
<pin id="176" dir="0" index="1" bw="32" slack="0"/>
<pin id="177" dir="1" index="2" bw="32" slack="0"/>
</pin_list>
<bind>
<opcode="read(1150) " fcode="read"/>
<opset="size_read/1 "/>
</bind>
</comp>

<comp id="180" class="1004" name="in1_addr_gep_fu_180">
<pin_list>
<pin id="181" dir="0" index="0" bw="32" slack="0"/>
<pin id="182" dir="0" index="1" bw="1" slack="0"/>
<pin id="183" dir="0" index="2" bw="8" slack="0"/>
<pin id="184" dir="1" index="3" bw="8" slack="0"/>
</pin_list>
<bind>
<opcode="getelementptr(29) " fcode="getelementptr"/>
<opset="in1_addr/1 "/>
</bind>
</comp>

<comp id="187" class="1004" name="in1_addr_1_gep_fu_187">
<pin_list>
<pin id="188" dir="0" index="0" bw="32" slack="0"/>
<pin id="189" dir="0" index="1" bw="1" slack="0"/>
<pin id="190" dir="0" index="2" bw="8" slack="0"/>
<pin id="191" dir="1" index="3" bw="8" slack="0"/>
</pin_list>
<bind>
<opcode="getelementptr(29) " fcode="getelementptr"/>
<opset="in1_addr_1/1 "/>
</bind>
</comp>

<comp id="194" class="1004" name="grp_access_fu_194">
<pin_list>
<pin id="195" dir="0" index="0" bw="8" slack="0"/>
<pin id="196" dir="0" index="1" bw="32" slack="2147483647"/>
<pin id="197" dir="0" index="2" bw="0" slack="0"/>
<pin id="199" dir="0" index="4" bw="8" slack="2147483647"/>
<pin id="200" dir="0" index="5" bw="32" slack="2147483647"/>
<pin id="201" dir="0" index="6" bw="0" slack="2147483647"/>
<pin id="198" dir="1" index="3" bw="32" slack="0"/>
<pin id="202" dir="1" index="7" bw="32" slack="0"/>
</pin_list>
<bind>
<opcode="load(27) " fcode="load"/>
<opset="in1_load/1 in1_load_1/1 in1_load_2/2 in1_load_3/2 in1_load_4/3 in1_load_5/3 in1_load_6/4 in1_load_7/4 in1_load_8/5 in1_load_9/5 in1_load_10/6 in1_load_11/6 in1_load_12/7 in1_load_13/7 in1_load_14/8 in1_load_15/8 "/>
</bind>
</comp>

<comp id="205" class="1004" name="in2_addr_gep_fu_205">
<pin_list>
<pin id="206" dir="0" index="0" bw="32" slack="0"/>
<pin id="207" dir="0" index="1" bw="1" slack="0"/>
<pin id="208" dir="0" index="2" bw="5" slack="0"/>
<pin id="209" dir="1" index="3" bw="8" slack="0"/>
</pin_list>
<bind>
<opcode="getelementptr(29) " fcode="getelementptr"/>
<opset="in2_addr/1 "/>
</bind>
</comp>

<comp id="212" class="1004" name="in2_addr_1_gep_fu_212">
<pin_list>
<pin id="213" dir="0" index="0" bw="32" slack="0"/>
<pin id="214" dir="0" index="1" bw="1" slack="0"/>
<pin id="215" dir="0" index="2" bw="6" slack="0"/>
<pin id="216" dir="1" index="3" bw="8" slack="0"/>
</pin_list>
<bind>
<opcode="getelementptr(29) " fcode="getelementptr"/>
<opset="in2_addr_1/1 "/>
</bind>
</comp>

<comp id="219" class="1004" name="grp_access_fu_219">
<pin_list>
<pin id="220" dir="0" index="0" bw="8" slack="0"/>
<pin id="221" dir="0" index="1" bw="32" slack="2147483647"/>
<pin id="222" dir="0" index="2" bw="0" slack="0"/>
<pin id="224" dir="0" index="4" bw="8" slack="2147483647"/>
<pin id="225" dir="0" index="5" bw="32" slack="2147483647"/>
<pin id="226" dir="0" index="6" bw="0" slack="2147483647"/>
<pin id="223" dir="1" index="3" bw="32" slack="0"/>
<pin id="227" dir="1" index="7" bw="32" slack="0"/>
</pin_list>
<bind>
<opcode="load(27) " fcode="load"/>
<opset="in2_load/1 in2_load_1/1 in2_load_2/2 in2_load_3/2 in2_load_4/3 in2_load_5/3 in2_load_6/4 in2_load_7/4 in2_load_8/5 in2_load_9/5 in2_load_10/6 in2_load_11/6 in2_load_12/7 in2_load_13/7 in2_load_14/8 in2_load_15/8 "/>
</bind>
</comp>

<comp id="230" class="1004" name="in1_addr_2_gep_fu_230">
<pin_list>
<pin id="231" dir="0" index="0" bw="32" slack="0"/>
<pin id="232" dir="0" index="1" bw="1" slack="0"/>
<pin id="233" dir="0" index="2" bw="8" slack="0"/>
<pin id="234" dir="1" index="3" bw="8" slack="0"/>
</pin_list>
<bind>
<opcode="getelementptr(29) " fcode="getelementptr"/>
<opset="in1_addr_2/2 "/>
</bind>
</comp>

<comp id="237" class="1004" name="in1_addr_3_gep_fu_237">
<pin_list>
<pin id="238" dir="0" index="0" bw="32" slack="0"/>
<pin id="239" dir="0" index="1" bw="1" slack="0"/>
<pin id="240" dir="0" index="2" bw="8" slack="0"/>
<pin id="241" dir="1" index="3" bw="8" slack="0"/>
</pin_list>
<bind>
<opcode="getelementptr(29) " fcode="getelementptr"/>
<opset="in1_addr_3/2 "/>
</bind>
</comp>

<comp id="246" class="1004" name="in2_addr_2_gep_fu_246">
<pin_list>
<pin id="247" dir="0" index="0" bw="32" slack="0"/>
<pin id="248" dir="0" index="1" bw="1" slack="0"/>
<pin id="249" dir="0" index="2" bw="6" slack="0"/>
<pin id="250" dir="1" index="3" bw="8" slack="0"/>
</pin_list>
<bind>
<opcode="getelementptr(29) " fcode="getelementptr"/>
<opset="in2_addr_2/2 "/>
</bind>
</comp>

<comp id="253" class="1004" name="in2_addr_3_gep_fu_253">
<pin_list>
<pin id="254" dir="0" index="0" bw="32" slack="0"/>
<pin id="255" dir="0" index="1" bw="1" slack="0"/>
<pin id="256" dir="0" index="2" bw="7" slack="0"/>
<pin id="257" dir="1" index="3" bw="8" slack="0"/>
</pin_list>
<bind>
<opcode="getelementptr(29) " fcode="getelementptr"/>
<opset="in2_addr_3/2 "/>
</bind>
</comp>

<comp id="262" class="1004" name="in1_addr_4_gep_fu_262">
<pin_list>
<pin id="263" dir="0" index="0" bw="32" slack="0"/>
<pin id="264" dir="0" index="1" bw="1" slack="0"/>
<pin id="265" dir="0" index="2" bw="8" slack="0"/>
<pin id="266" dir="1" index="3" bw="8" slack="0"/>
</pin_list>
<bind>
<opcode="getelementptr(29) " fcode="getelementptr"/>
<opset="in1_addr_4/3 "/>
</bind>
</comp>

<comp id="269" class="1004" name="in1_addr_5_gep_fu_269">
<pin_list>
<pin id="270" dir="0" index="0" bw="32" slack="0"/>
<pin id="271" dir="0" index="1" bw="1" slack="0"/>
<pin id="272" dir="0" index="2" bw="8" slack="0"/>
<pin id="273" dir="1" index="3" bw="8" slack="0"/>
</pin_list>
<bind>
<opcode="getelementptr(29) " fcode="getelementptr"/>
<opset="in1_addr_5/3 "/>
</bind>
</comp>

<comp id="278" class="1004" name="in2_addr_4_gep_fu_278">
<pin_list>
<pin id="279" dir="0" index="0" bw="32" slack="0"/>
<pin id="280" dir="0" index="1" bw="1" slack="0"/>
<pin id="281" dir="0" index="2" bw="7" slack="0"/>
<pin id="282" dir="1" index="3" bw="8" slack="0"/>
</pin_list>
<bind>
<opcode="getelementptr(29) " fcode="getelementptr"/>
<opset="in2_addr_4/3 "/>
</bind>
</comp>

<comp id="285" class="1004" name="in2_addr_5_gep_fu_285">
<pin_list>
<pin id="286" dir="0" index="0" bw="32" slack="0"/>
<pin id="287" dir="0" index="1" bw="1" slack="0"/>
<pin id="288" dir="0" index="2" bw="7" slack="0"/>
<pin id="289" dir="1" index="3" bw="8" slack="0"/>
</pin_list>
<bind>
<opcode="getelementptr(29) " fcode="getelementptr"/>
<opset="in2_addr_5/3 "/>
</bind>
</comp>

<comp id="294" class="1004" name="in1_addr_6_gep_fu_294">
<pin_list>
<pin id="295" dir="0" index="0" bw="32" slack="0"/>
<pin id="296" dir="0" index="1" bw="1" slack="0"/>
<pin id="297" dir="0" index="2" bw="8" slack="0"/>
<pin id="298" dir="1" index="3" bw="8" slack="0"/>
</pin_list>
<bind>
<opcode="getelementptr(29) " fcode="getelementptr"/>
<opset="in1_addr_6/4 "/>
</bind>
</comp>

<comp id="301" class="1004" name="in1_addr_7_gep_fu_301">
<pin_list>
<pin id="302" dir="0" index="0" bw="32" slack="0"/>
<pin id="303" dir="0" index="1" bw="1" slack="0"/>
<pin id="304" dir="0" index="2" bw="8" slack="0"/>
<pin id="305" dir="1" index="3" bw="8" slack="0"/>
</pin_list>
<bind>
<opcode="getelementptr(29) " fcode="getelementptr"/>
<opset="in1_addr_7/4 "/>
</bind>
</comp>

<comp id="310" class="1004" name="in2_addr_6_gep_fu_310">
<pin_list>
<pin id="311" dir="0" index="0" bw="32" slack="0"/>
<pin id="312" dir="0" index="1" bw="1" slack="0"/>
<pin id="313" dir="0" index="2" bw="7" slack="0"/>
<pin id="314" dir="1" index="3" bw="8" slack="0"/>
</pin_list>
<bind>
<opcode="getelementptr(29) " fcode="getelementptr"/>
<opset="in2_addr_6/4 "/>
</bind>
</comp>

<comp id="317" class="1004" name="in2_addr_7_gep_fu_317">
<pin_list>
<pin id="318" dir="0" index="0" bw="32" slack="0"/>
<pin id="319" dir="0" index="1" bw="1" slack="0"/>
<pin id="320" dir="0" index="2" bw="8" slack="0"/>
<pin id="321" dir="1" index="3" bw="8" slack="0"/>
</pin_list>
<bind>
<opcode="getelementptr(29) " fcode="getelementptr"/>
<opset="in2_addr_7/4 "/>
</bind>
</comp>

<comp id="326" class="1004" name="in1_addr_8_gep_fu_326">
<pin_list>
<pin id="327" dir="0" index="0" bw="32" slack="0"/>
<pin id="328" dir="0" index="1" bw="1" slack="0"/>
<pin id="329" dir="0" index="2" bw="8" slack="0"/>
<pin id="330" dir="1" index="3" bw="8" slack="0"/>
</pin_list>
<bind>
<opcode="getelementptr(29) " fcode="getelementptr"/>
<opset="in1_addr_8/5 "/>
</bind>
</comp>

<comp id="333" class="1004" name="in1_addr_9_gep_fu_333">
<pin_list>
<pin id="334" dir="0" index="0" bw="32" slack="0"/>
<pin id="335" dir="0" index="1" bw="1" slack="0"/>
<pin id="336" dir="0" index="2" bw="8" slack="0"/>
<pin id="337" dir="1" index="3" bw="8" slack="0"/>
</pin_list>
<bind>
<opcode="getelementptr(29) " fcode="getelementptr"/>
<opset="in1_addr_9/5 "/>
</bind>
</comp>

<comp id="342" class="1004" name="in2_addr_8_gep_fu_342">
<pin_list>
<pin id="343" dir="0" index="0" bw="32" slack="0"/>
<pin id="344" dir="0" index="1" bw="1" slack="0"/>
<pin id="345" dir="0" index="2" bw="8" slack="0"/>
<pin id="346" dir="1" index="3" bw="8" slack="0"/>
</pin_list>
<bind>
<opcode="getelementptr(29) " fcode="getelementptr"/>
<opset="in2_addr_8/5 "/>
</bind>
</comp>

<comp id="349" class="1004" name="in2_addr_9_gep_fu_349">
<pin_list>
<pin id="350" dir="0" index="0" bw="32" slack="0"/>
<pin id="351" dir="0" index="1" bw="1" slack="0"/>
<pin id="352" dir="0" index="2" bw="8" slack="0"/>
<pin id="353" dir="1" index="3" bw="8" slack="0"/>
</pin_list>
<bind>
<opcode="getelementptr(29) " fcode="getelementptr"/>
<opset="in2_addr_9/5 "/>
</bind>
</comp>

<comp id="358" class="1004" name="in1_addr_10_gep_fu_358">
<pin_list>
<pin id="359" dir="0" index="0" bw="32" slack="0"/>
<pin id="360" dir="0" index="1" bw="1" slack="0"/>
<pin id="361" dir="0" index="2" bw="8" slack="0"/>
<pin id="362" dir="1" index="3" bw="8" slack="0"/>
</pin_list>
<bind>
<opcode="getelementptr(29) " fcode="getelementptr"/>
<opset="in1_addr_10/6 "/>
</bind>
</comp>

<comp id="365" class="1004" name="in1_addr_11_gep_fu_365">
<pin_list>
<pin id="366" dir="0" index="0" bw="32" slack="0"/>
<pin id="367" dir="0" index="1" bw="1" slack="0"/>
<pin id="368" dir="0" index="2" bw="8" slack="0"/>
<pin id="369" dir="1" index="3" bw="8" slack="0"/>
</pin_list>
<bind>
<opcode="getelementptr(29) " fcode="getelementptr"/>
<opset="in1_addr_11/6 "/>
</bind>
</comp>

<comp id="374" class="1004" name="in2_addr_10_gep_fu_374">
<pin_list>
<pin id="375" dir="0" index="0" bw="32" slack="0"/>
<pin id="376" dir="0" index="1" bw="1" slack="0"/>
<pin id="377" dir="0" index="2" bw="8" slack="0"/>
<pin id="378" dir="1" index="3" bw="8" slack="0"/>
</pin_list>
<bind>
<opcode="getelementptr(29) " fcode="getelementptr"/>
<opset="in2_addr_10/6 "/>
</bind>
</comp>

<comp id="381" class="1004" name="in2_addr_11_gep_fu_381">
<pin_list>
<pin id="382" dir="0" index="0" bw="32" slack="0"/>
<pin id="383" dir="0" index="1" bw="1" slack="0"/>
<pin id="384" dir="0" index="2" bw="8" slack="0"/>
<pin id="385" dir="1" index="3" bw="8" slack="0"/>
</pin_list>
<bind>
<opcode="getelementptr(29) " fcode="getelementptr"/>
<opset="in2_addr_11/6 "/>
</bind>
</comp>

<comp id="390" class="1004" name="in1_addr_12_gep_fu_390">
<pin_list>
<pin id="391" dir="0" index="0" bw="32" slack="0"/>
<pin id="392" dir="0" index="1" bw="1" slack="0"/>
<pin id="393" dir="0" index="2" bw="8" slack="0"/>
<pin id="394" dir="1" index="3" bw="8" slack="0"/>
</pin_list>
<bind>
<opcode="getelementptr(29) " fcode="getelementptr"/>
<opset="in1_addr_12/7 "/>
</bind>
</comp>

<comp id="397" class="1004" name="in1_addr_13_gep_fu_397">
<pin_list>
<pin id="398" dir="0" index="0" bw="32" slack="0"/>
<pin id="399" dir="0" index="1" bw="1" slack="0"/>
<pin id="400" dir="0" index="2" bw="8" slack="0"/>
<pin id="401" dir="1" index="3" bw="8" slack="0"/>
</pin_list>
<bind>
<opcode="getelementptr(29) " fcode="getelementptr"/>
<opset="in1_addr_13/7 "/>
</bind>
</comp>

<comp id="406" class="1004" name="in2_addr_12_gep_fu_406">
<pin_list>
<pin id="407" dir="0" index="0" bw="32" slack="0"/>
<pin id="408" dir="0" index="1" bw="1" slack="0"/>
<pin id="409" dir="0" index="2" bw="8" slack="0"/>
<pin id="410" dir="1" index="3" bw="8" slack="0"/>
</pin_list>
<bind>
<opcode="getelementptr(29) " fcode="getelementptr"/>
<opset="in2_addr_12/7 "/>
</bind>
</comp>

<comp id="413" class="1004" name="in2_addr_13_gep_fu_413">
<pin_list>
<pin id="414" dir="0" index="0" bw="32" slack="0"/>
<pin id="415" dir="0" index="1" bw="1" slack="0"/>
<pin id="416" dir="0" index="2" bw="8" slack="0"/>
<pin id="417" dir="1" index="3" bw="8" slack="0"/>
</pin_list>
<bind>
<opcode="getelementptr(29) " fcode="getelementptr"/>
<opset="in2_addr_13/7 "/>
</bind>
</comp>

<comp id="422" class="1004" name="in1_addr_14_gep_fu_422">
<pin_list>
<pin id="423" dir="0" index="0" bw="32" slack="0"/>
<pin id="424" dir="0" index="1" bw="1" slack="0"/>
<pin id="425" dir="0" index="2" bw="8" slack="0"/>
<pin id="426" dir="1" index="3" bw="8" slack="0"/>
</pin_list>
<bind>
<opcode="getelementptr(29) " fcode="getelementptr"/>
<opset="in1_addr_14/8 "/>
</bind>
</comp>

<comp id="429" class="1004" name="in1_addr_15_gep_fu_429">
<pin_list>
<pin id="430" dir="0" index="0" bw="32" slack="0"/>
<pin id="431" dir="0" index="1" bw="1" slack="0"/>
<pin id="432" dir="0" index="2" bw="8" slack="0"/>
<pin id="433" dir="1" index="3" bw="8" slack="0"/>
</pin_list>
<bind>
<opcode="getelementptr(29) " fcode="getelementptr"/>
<opset="in1_addr_15/8 "/>
</bind>
</comp>

<comp id="438" class="1004" name="in2_addr_14_gep_fu_438">
<pin_list>
<pin id="439" dir="0" index="0" bw="32" slack="0"/>
<pin id="440" dir="0" index="1" bw="1" slack="0"/>
<pin id="441" dir="0" index="2" bw="8" slack="0"/>
<pin id="442" dir="1" index="3" bw="8" slack="0"/>
</pin_list>
<bind>
<opcode="getelementptr(29) " fcode="getelementptr"/>
<opset="in2_addr_14/8 "/>
</bind>
</comp>

<comp id="445" class="1004" name="in2_addr_15_gep_fu_445">
<pin_list>
<pin id="446" dir="0" index="0" bw="32" slack="0"/>
<pin id="447" dir="0" index="1" bw="1" slack="0"/>
<pin id="448" dir="0" index="2" bw="8" slack="0"/>
<pin id="449" dir="1" index="3" bw="8" slack="0"/>
</pin_list>
<bind>
<opcode="getelementptr(29) " fcode="getelementptr"/>
<opset="in2_addr_15/8 "/>
</bind>
</comp>

<comp id="454" class="1004" name="out_r_addr_gep_fu_454">
<pin_list>
<pin id="455" dir="0" index="0" bw="32" slack="0"/>
<pin id="456" dir="0" index="1" bw="1" slack="0"/>
<pin id="457" dir="0" index="2" bw="8" slack="0"/>
<pin id="458" dir="1" index="3" bw="8" slack="0"/>
</pin_list>
<bind>
<opcode="getelementptr(29) " fcode="getelementptr"/>
<opset="out_r_addr/11 "/>
</bind>
</comp>

<comp id="461" class="1004" name="store_ln14_access_fu_461">
<pin_list>
<pin id="462" dir="0" index="0" bw="8" slack="0"/>
<pin id="463" dir="0" index="1" bw="32" slack="0"/>
<pin id="464" dir="0" index="2" bw="0" slack="2147483647"/>
<pin id="465" dir="1" index="3" bw="32" slack="2147483647"/>
</pin_list>
<bind>
<opcode="store(28) " fcode="store"/>
<opset="store_ln14/11 "/>
</bind>
</comp>

<comp id="467" class="1005" name="icmp_ln74_reg_467">
<pin_list>
<pin id="468" dir="0" index="0" bw="1" slack="2147483647"/>
<pin id="469" dir="1" index="1" bw="1" slack="2147483647"/>
</pin_list>
<bind>
<opset="icmp_ln74 (phireg) "/>
</bind>
</comp>

<comp id="470" class="1004" name="icmp_ln74_phi_fu_470">
<pin_list>
<pin id="471" dir="0" index="0" bw="1" slack="0"/>
<pin id="472" dir="0" index="1" bw="0" slack="2147483647"/>
<pin id="473" dir="0" index="2" bw="1" slack="1"/>
<pin id="474" dir="0" index="3" bw="0" slack="2147483647"/>
<pin id="475" dir="1" index="4" bw="1" slack="0"/>
</pin_list>
<bind>
<opcode="phi(47) " fcode="phi"/>
<opset="icmp_ln74/1 "/>
</bind>
</comp>

<comp id="477" class="1004" name="grp_fu_477">
<pin_list>
<pin id="478" dir="0" index="0" bw="32" slack="0"/>
<pin id="479" dir="0" index="1" bw="32" slack="0"/>
<pin id="480" dir="1" index="2" bw="32" slack="1"/>
</pin_list>
<bind>
<opcode="mul(12) " fcode="mul"/>
<opset="sum/2 mul_ln11_1/3 mul_ln11_3/4 mul_ln11_5/5 mul_ln11_7/6 mul_ln11_9/7 mul_ln11_11/8 mul_ln11_13/9 "/>
</bind>
</comp>

<comp id="483" class="1004" name="grp_fu_483">
<pin_list>
<pin id="484" dir="0" index="0" bw="32" slack="0"/>
<pin id="485" dir="0" index="1" bw="32" slack="0"/>
<pin id="486" dir="1" index="2" bw="32" slack="1"/>
</pin_list>
<bind>
<opcode="mul(12) " fcode="mul"/>
<opset="mul_ln11/2 mul_ln11_2/3 mul_ln11_4/4 mul_ln11_6/5 mul_ln11_8/6 mul_ln11_10/7 mul_ln11_12/8 mul_ln11_14/9 "/>
</bind>
</comp>

<comp id="489" class="1005" name="reg_489">
<pin_list>
<pin id="490" dir="0" index="0" bw="32" slack="1"/>
<pin id="491" dir="1" index="1" bw="32" slack="1"/>
</pin_list>
<bind>
<opset="in1_load in1_load_2 in1_load_4 in1_load_6 in1_load_8 in1_load_10 in1_load_12 in1_load_14 "/>
</bind>
</comp>

<comp id="494" class="1005" name="reg_494">
<pin_list>
<pin id="495" dir="0" index="0" bw="32" slack="1"/>
<pin id="496" dir="1" index="1" bw="32" slack="1"/>
</pin_list>
<bind>
<opset="in1_load_1 in1_load_3 in1_load_5 in1_load_7 in1_load_9 in1_load_11 in1_load_13 in1_load_15 "/>
</bind>
</comp>

<comp id="499" class="1005" name="reg_499">
<pin_list>
<pin id="500" dir="0" index="0" bw="32" slack="1"/>
<pin id="501" dir="1" index="1" bw="32" slack="1"/>
</pin_list>
<bind>
<opset="in2_load in2_load_2 in2_load_4 in2_load_6 in2_load_8 in2_load_10 in2_load_12 in2_load_14 "/>
</bind>
</comp>

<comp id="504" class="1005" name="reg_504">
<pin_list>
<pin id="505" dir="0" index="0" bw="32" slack="1"/>
<pin id="506" dir="1" index="1" bw="32" slack="1"/>
</pin_list>
<bind>
<opset="in2_load_1 in2_load_3 in2_load_5 in2_load_7 in2_load_9 in2_load_11 in2_load_13 in2_load_15 "/>
</bind>
</comp>

<comp id="509" class="1005" name="reg_509">
<pin_list>
<pin id="510" dir="0" index="0" bw="32" slack="1"/>
<pin id="511" dir="1" index="1" bw="32" slack="1"/>
</pin_list>
<bind>
<opset="sum mul_ln11_1 mul_ln11_3 mul_ln11_5 mul_ln11_7 mul_ln11_9 mul_ln11_11 mul_ln11_13 "/>
</bind>
</comp>

<comp id="513" class="1005" name="reg_513">
<pin_list>
<pin id="514" dir="0" index="0" bw="32" slack="1"/>
<pin id="515" dir="1" index="1" bw="32" slack="1"/>
</pin_list>
<bind>
<opset="mul_ln11 mul_ln11_2 mul_ln11_4 mul_ln11_6 mul_ln11_8 mul_ln11_10 mul_ln11_12 mul_ln11_14 "/>
</bind>
</comp>

<comp id="517" class="1004" name="icmp_ln10_fu_517">
<pin_list>
<pin id="518" dir="0" index="0" bw="32" slack="0"/>
<pin id="519" dir="0" index="1" bw="1" slack="0"/>
<pin id="520" dir="1" index="2" bw="1" slack="1"/>
</pin_list>
<bind>
<opcode="icmp(45) " fcode="icmp"/>
<opset="icmp_ln10/1 "/>
</bind>
</comp>

<comp id="523" class="1004" name="tmp_16_fu_523">
<pin_list>
<pin id="524" dir="0" index="0" bw="31" slack="0"/>
<pin id="525" dir="0" index="1" bw="32" slack="0"/>
<pin id="526" dir="0" index="2" bw="1" slack="0"/>
<pin id="527" dir="0" index="3" bw="6" slack="0"/>
<pin id="528" dir="1" index="4" bw="31" slack="0"/>
</pin_list>
<bind>
<opcode="partselect(1002) " fcode="partselect"/>
<opset="tmp_16/1 "/>
</bind>
</comp>

<comp id="533" class="1004" name="icmp_ln10_1_fu_533">
<pin_list>
<pin id="534" dir="0" index="0" bw="31" slack="0"/>
<pin id="535" dir="0" index="1" bw="1" slack="0"/>
<pin id="536" dir="1" index="2" bw="1" slack="1"/>
</pin_list>
<bind>
<opcode="icmp(45) " fcode="icmp"/>
<opset="icmp_ln10_1/1 "/>
</bind>
</comp>

<comp id="539" class="1004" name="icmp_ln10_2_fu_539">
<pin_list>
<pin id="540" dir="0" index="0" bw="32" slack="0"/>
<pin id="541" dir="0" index="1" bw="3" slack="0"/>
<pin id="542" dir="1" index="2" bw="1" slack="1"/>
</pin_list>
<bind>
<opcode="icmp(45) " fcode="icmp"/>
<opset="icmp_ln10_2/1 "/>
</bind>
</comp>

<comp id="545" class="1004" name="tmp_17_fu_545">
<pin_list>
<pin id="546" dir="0" index="0" bw="30" slack="0"/>
<pin id="547" dir="0" index="1" bw="32" slack="0"/>
<pin id="548" dir="0" index="2" bw="3" slack="0"/>
<pin id="549" dir="0" index="3" bw="6" slack="0"/>
<pin id="550" dir="1" index="4" bw="30" slack="0"/>
</pin_list>
<bind>
<opcode="partselect(1002) " fcode="partselect"/>
<opset="tmp_17/1 "/>
</bind>
</comp>

<comp id="555" class="1004" name="icmp_ln10_3_fu_555">
<pin_list>
<pin id="556" dir="0" index="0" bw="30" slack="0"/>
<pin id="557" dir="0" index="1" bw="1" slack="0"/>
<pin id="558" dir="1" index="2" bw="1" slack="1"/>
</pin_list>
<bind>
<opcode="icmp(45) " fcode="icmp"/>
<opset="icmp_ln10_3/1 "/>
</bind>
</comp>

<comp id="561" class="1004" name="icmp_ln10_4_fu_561">
<pin_list>
<pin id="562" dir="0" index="0" bw="32" slack="0"/>
<pin id="563" dir="0" index="1" bw="4" slack="0"/>
<pin id="564" dir="1" index="2" bw="1" slack="2"/>
</pin_list>
<bind>
<opcode="icmp(45) " fcode="icmp"/>
<opset="icmp_ln10_4/1 "/>
</bind>
</comp>

<comp id="567" class="1004" name="icmp_ln10_5_fu_567">
<pin_list>
<pin id="568" dir="0" index="0" bw="32" slack="0"/>
<pin id="569" dir="0" index="1" bw="4" slack="0"/>
<pin id="570" dir="1" index="2" bw="1" slack="2"/>
</pin_list>
<bind>
<opcode="icmp(45) " fcode="icmp"/>
<opset="icmp_ln10_5/1 "/>
</bind>
</comp>

<comp id="573" class="1004" name="icmp_ln10_6_fu_573">
<pin_list>
<pin id="574" dir="0" index="0" bw="32" slack="0"/>
<pin id="575" dir="0" index="1" bw="4" slack="0"/>
<pin id="576" dir="1" index="2" bw="1" slack="3"/>
</pin_list>
<bind>
<opcode="icmp(45) " fcode="icmp"/>
<opset="icmp_ln10_6/1 "/>
</bind>
</comp>

<comp id="579" class="1004" name="tmp_18_fu_579">
<pin_list>
<pin id="580" dir="0" index="0" bw="29" slack="0"/>
<pin id="581" dir="0" index="1" bw="32" slack="0"/>
<pin id="582" dir="0" index="2" bw="3" slack="0"/>
<pin id="583" dir="0" index="3" bw="6" slack="0"/>
<pin id="584" dir="1" index="4" bw="29" slack="0"/>
</pin_list>
<bind>
<opcode="partselect(1002) " fcode="partselect"/>
<opset="tmp_18/1 "/>
</bind>
</comp>

<comp id="589" class="1004" name="icmp_ln10_7_fu_589">
<pin_list>
<pin id="590" dir="0" index="0" bw="29" slack="0"/>
<pin id="591" dir="0" index="1" bw="1" slack="0"/>
<pin id="592" dir="1" index="2" bw="1" slack="3"/>
</pin_list>
<bind>
<opcode="icmp(45) " fcode="icmp"/>
<opset="icmp_ln10_7/1 "/>
</bind>
</comp>

<comp id="595" class="1004" name="icmp_ln10_8_fu_595">
<pin_list>
<pin id="596" dir="0" index="0" bw="32" slack="0"/>
<pin id="597" dir="0" index="1" bw="5" slack="0"/>
<pin id="598" dir="1" index="2" bw="1" slack="4"/>
</pin_list>
<bind>
<opcode="icmp(45) " fcode="icmp"/>
<opset="icmp_ln10_8/1 "/>
</bind>
</comp>

<comp id="601" class="1004" name="icmp_ln10_9_fu_601">
<pin_list>
<pin id="602" dir="0" index="0" bw="32" slack="0"/>
<pin id="603" dir="0" index="1" bw="5" slack="0"/>
<pin id="604" dir="1" index="2" bw="1" slack="4"/>
</pin_list>
<bind>
<opcode="icmp(45) " fcode="icmp"/>
<opset="icmp_ln10_9/1 "/>
</bind>
</comp>

<comp id="607" class="1004" name="icmp_ln10_10_fu_607">
<pin_list>
<pin id="608" dir="0" index="0" bw="32" slack="0"/>
<pin id="609" dir="0" index="1" bw="5" slack="0"/>
<pin id="610" dir="1" index="2" bw="1" slack="5"/>
</pin_list>
<bind>
<opcode="icmp(45) " fcode="icmp"/>
<opset="icmp_ln10_10/1 "/>
</bind>
</comp>

<comp id="613" class="1004" name="icmp_ln10_11_fu_613">
<pin_list>
<pin id="614" dir="0" index="0" bw="32" slack="0"/>
<pin id="615" dir="0" index="1" bw="5" slack="0"/>
<pin id="616" dir="1" index="2" bw="1" slack="5"/>
</pin_list>
<bind>
<opcode="icmp(45) " fcode="icmp"/>
<opset="icmp_ln10_11/1 "/>
</bind>
</comp>

<comp id="619" class="1004" name="icmp_ln10_12_fu_619">
<pin_list>
<pin id="620" dir="0" index="0" bw="32" slack="0"/>
<pin id="621" dir="0" index="1" bw="5" slack="0"/>
<pin id="622" dir="1" index="2" bw="1" slack="6"/>
</pin_list>
<bind>
<opcode="icmp(45) " fcode="icmp"/>
<opset="icmp_ln10_12/1 "/>
</bind>
</comp>

<comp id="625" class="1004" name="icmp_ln10_13_fu_625">
<pin_list>
<pin id="626" dir="0" index="0" bw="32" slack="0"/>
<pin id="627" dir="0" index="1" bw="5" slack="0"/>
<pin id="628" dir="1" index="2" bw="1" slack="6"/>
</pin_list>
<bind>
<opcode="icmp(45) " fcode="icmp"/>
<opset="icmp_ln10_13/1 "/>
</bind>
</comp>

<comp id="631" class="1004" name="icmp_ln10_14_fu_631">
<pin_list>
<pin id="632" dir="0" index="0" bw="32" slack="0"/>
<pin id="633" dir="0" index="1" bw="5" slack="0"/>
<pin id="634" dir="1" index="2" bw="1" slack="7"/>
</pin_list>
<bind>
<opcode="icmp(45) " fcode="icmp"/>
<opset="icmp_ln10_14/1 "/>
</bind>
</comp>

<comp id="637" class="1004" name="tmp_19_fu_637">
<pin_list>
<pin id="638" dir="0" index="0" bw="28" slack="0"/>
<pin id="639" dir="0" index="1" bw="32" slack="0"/>
<pin id="640" dir="0" index="2" bw="4" slack="0"/>
<pin id="641" dir="0" index="3" bw="6" slack="0"/>
<pin id="642" dir="1" index="4" bw="28" slack="0"/>
</pin_list>
<bind>
<opcode="partselect(1002) " fcode="partselect"/>
<opset="tmp_19/1 "/>
</bind>
</comp>

<comp id="647" class="1004" name="icmp_ln10_15_fu_647">
<pin_list>
<pin id="648" dir="0" index="0" bw="28" slack="0"/>
<pin id="649" dir="0" index="1" bw="1" slack="0"/>
<pin id="650" dir="1" index="2" bw="1" slack="7"/>
</pin_list>
<bind>
<opcode="icmp(45) " fcode="icmp"/>
<opset="icmp_ln10_15/1 "/>
</bind>
</comp>

<comp id="653" class="1004" name="store_ln7_store_fu_653">
<pin_list>
<pin id="654" dir="0" index="0" bw="1" slack="0"/>
<pin id="655" dir="0" index="1" bw="5" slack="0"/>
<pin id="656" dir="1" index="2" bw="0" slack="2147483647"/>
</pin_list>
<bind>
<opcode="store(28) " fcode="store"/>
<opset="store_ln7/1 "/>
</bind>
</comp>

<comp id="658" class="1004" name="store_ln6_store_fu_658">
<pin_list>
<pin id="659" dir="0" index="0" bw="1" slack="0"/>
<pin id="660" dir="0" index="1" bw="5" slack="0"/>
<pin id="661" dir="1" index="2" bw="0" slack="2147483647"/>
</pin_list>
<bind>
<opcode="store(28) " fcode="store"/>
<opset="store_ln6/1 "/>
</bind>
</comp>

<comp id="663" class="1004" name="store_ln0_store_fu_663">
<pin_list>
<pin id="664" dir="0" index="0" bw="1" slack="0"/>
<pin id="665" dir="0" index="1" bw="8" slack="0"/>
<pin id="666" dir="1" index="2" bw="0" slack="2147483647"/>
</pin_list>
<bind>
<opcode="store(28) " fcode="store"/>
<opset="store_ln0/1 "/>
</bind>
</comp>

<comp id="668" class="1004" name="i_1_load_fu_668">
<pin_list>
<pin id="669" dir="0" index="0" bw="5" slack="0"/>
<pin id="670" dir="1" index="1" bw="5" slack="0"/>
</pin_list>
<bind>
<opcode="load(27) " fcode="load"/>
<opset="i_1/1 "/>
</bind>
</comp>

<comp id="671" class="1004" name="j_1_load_fu_671">
<pin_list>
<pin id="672" dir="0" index="0" bw="5" slack="0"/>
<pin id="673" dir="1" index="1" bw="5" slack="0"/>
</pin_list>
<bind>
<opcode="load(27) " fcode="load"/>
<opset="j_1/1 "/>
</bind>
</comp>

<comp id="674" class="1004" name="add_ln6_fu_674">
<pin_list>
<pin id="675" dir="0" index="0" bw="5" slack="0"/>
<pin id="676" dir="0" index="1" bw="1" slack="0"/>
<pin id="677" dir="1" index="2" bw="5" slack="0"/>
</pin_list>
<bind>
<opcode="add(8) " fcode="add"/>
<opset="add_ln6/1 "/>
</bind>
</comp>

<comp id="680" class="1004" name="select_ln6_fu_680">
<pin_list>
<pin id="681" dir="0" index="0" bw="1" slack="0"/>
<pin id="682" dir="0" index="1" bw="1" slack="0"/>
<pin id="683" dir="0" index="2" bw="5" slack="0"/>
<pin id="684" dir="1" index="3" bw="5" slack="0"/>
</pin_list>
<bind>
<opcode="select(49) " fcode="select"/>
<opset="select_ln6/1 "/>
</bind>
</comp>

<comp id="688" class="1004" name="i_3_fu_688">
<pin_list>
<pin id="689" dir="0" index="0" bw="1" slack="0"/>
<pin id="690" dir="0" index="1" bw="5" slack="0"/>
<pin id="691" dir="0" index="2" bw="5" slack="0"/>
<pin id="692" dir="1" index="3" bw="5" slack="0"/>
</pin_list>
<bind>
<opcode="select(49) " fcode="select"/>
<opset="i_3/1 "/>
</bind>
</comp>

<comp id="696" class="1004" name="trunc_ln11_fu_696">
<pin_list>
<pin id="697" dir="0" index="0" bw="5" slack="0"/>
<pin id="698" dir="1" index="1" bw="4" slack="0"/>
</pin_list>
<bind>
<opcode="trunc(33) " fcode="trunc"/>
<opset="trunc_ln11/1 "/>
</bind>
</comp>

<comp id="700" class="1004" name="tmp_fu_700">
<pin_list>
<pin id="701" dir="0" index="0" bw="8" slack="0"/>
<pin id="702" dir="0" index="1" bw="4" slack="0"/>
<pin id="703" dir="0" index="2" bw="1" slack="0"/>
<pin id="704" dir="1" index="3" bw="8" slack="0"/>
</pin_list>
<bind>
<opcode="bitconcatenate(1004) " fcode="bitconcatenate"/>
<opset="tmp/1 "/>
</bind>
</comp>

<comp id="708" class="1004" name="zext_ln11_fu_708">
<pin_list>
<pin id="709" dir="0" index="0" bw="8" slack="0"/>
<pin id="710" dir="1" index="1" bw="64" slack="0"/>
</pin_list>
<bind>
<opcode="zext(34) " fcode="zext"/>
<opset="zext_ln11/1 "/>
</bind>
</comp>

<comp id="713" class="1004" name="tmp_1_fu_713">
<pin_list>
<pin id="714" dir="0" index="0" bw="8" slack="0"/>
<pin id="715" dir="0" index="1" bw="4" slack="0"/>
<pin id="716" dir="0" index="2" bw="1" slack="0"/>
<pin id="717" dir="1" index="3" bw="8" slack="0"/>
</pin_list>
<bind>
<opcode="bitconcatenate(1004) " fcode="bitconcatenate"/>
<opset="tmp_1/1 "/>
</bind>
</comp>

<comp id="721" class="1004" name="zext_ln11_1_fu_721">
<pin_list>
<pin id="722" dir="0" index="0" bw="8" slack="0"/>
<pin id="723" dir="1" index="1" bw="64" slack="0"/>
</pin_list>
<bind>
<opcode="zext(34) " fcode="zext"/>
<opset="zext_ln11_1/1 "/>
</bind>
</comp>

<comp id="726" class="1004" name="zext_ln7_fu_726">
<pin_list>
<pin id="727" dir="0" index="0" bw="5" slack="0"/>
<pin id="728" dir="1" index="1" bw="64" slack="0"/>
</pin_list>
<bind>
<opcode="zext(34) " fcode="zext"/>
<opset="zext_ln7/1 "/>
</bind>
</comp>

<comp id="731" class="1004" name="zext_ln11_18_fu_731">
<pin_list>
<pin id="732" dir="0" index="0" bw="5" slack="0"/>
<pin id="733" dir="1" index="1" bw="6" slack="0"/>
</pin_list>
<bind>
<opcode="zext(34) " fcode="zext"/>
<opset="zext_ln11_18/1 "/>
</bind>
</comp>

<comp id="735" class="1004" name="add_ln11_fu_735">
<pin_list>
<pin id="736" dir="0" index="0" bw="5" slack="0"/>
<pin id="737" dir="0" index="1" bw="6" slack="0"/>
<pin id="738" dir="1" index="2" bw="6" slack="0"/>
</pin_list>
<bind>
<opcode="add(8) " fcode="add"/>
<opset="add_ln11/1 "/>
</bind>
</comp>

<comp id="741" class="1004" name="zext_ln11_19_fu_741">
<pin_list>
<pin id="742" dir="0" index="0" bw="6" slack="0"/>
<pin id="743" dir="1" index="1" bw="64" slack="0"/>
</pin_list>
<bind>
<opcode="zext(34) " fcode="zext"/>
<opset="zext_ln11_19/1 "/>
</bind>
</comp>

<comp id="746" class="1004" name="bit_sel_fu_746">
<pin_list>
<pin id="747" dir="0" index="0" bw="1" slack="0"/>
<pin id="748" dir="0" index="1" bw="5" slack="0"/>
<pin id="749" dir="0" index="2" bw="4" slack="0"/>
<pin id="750" dir="1" index="3" bw="1" slack="7"/>
</pin_list>
<bind>
<opcode="bitselect(1000) " fcode="bitselect"/>
<opset="bit_sel/1 "/>
</bind>
</comp>

<comp id="754" class="1004" name="trunc_ln11_1_fu_754">
<pin_list>
<pin id="755" dir="0" index="0" bw="5" slack="0"/>
<pin id="756" dir="1" index="1" bw="4" slack="7"/>
</pin_list>
<bind>
<opcode="trunc(33) " fcode="trunc"/>
<opset="trunc_ln11_1/1 "/>
</bind>
</comp>

<comp id="758" class="1004" name="store_ln6_store_fu_758">
<pin_list>
<pin id="759" dir="0" index="0" bw="5" slack="0"/>
<pin id="760" dir="0" index="1" bw="5" slack="0"/>
<pin id="761" dir="1" index="2" bw="0" slack="2147483647"/>
</pin_list>
<bind>
<opcode="store(28) " fcode="store"/>
<opset="store_ln6/1 "/>
</bind>
</comp>

<comp id="763" class="1004" name="tmp_2_fu_763">
<pin_list>
<pin id="764" dir="0" index="0" bw="8" slack="0"/>
<pin id="765" dir="0" index="1" bw="4" slack="1"/>
<pin id="766" dir="0" index="2" bw="3" slack="0"/>
<pin id="767" dir="1" index="3" bw="8" slack="0"/>
</pin_list>
<bind>
<opcode="bitconcatenate(1004) " fcode="bitconcatenate"/>
<opset="tmp_2/2 "/>
</bind>
</comp>

<comp id="770" class="1004" name="zext_ln11_2_fu_770">
<pin_list>
<pin id="771" dir="0" index="0" bw="8" slack="0"/>
<pin id="772" dir="1" index="1" bw="64" slack="0"/>
</pin_list>
<bind>
<opcode="zext(34) " fcode="zext"/>
<opset="zext_ln11_2/2 "/>
</bind>
</comp>

<comp id="775" class="1004" name="tmp_3_fu_775">
<pin_list>
<pin id="776" dir="0" index="0" bw="8" slack="0"/>
<pin id="777" dir="0" index="1" bw="4" slack="1"/>
<pin id="778" dir="0" index="2" bw="3" slack="0"/>
<pin id="779" dir="1" index="3" bw="8" slack="0"/>
</pin_list>
<bind>
<opcode="bitconcatenate(1004) " fcode="bitconcatenate"/>
<opset="tmp_3/2 "/>
</bind>
</comp>

<comp id="782" class="1004" name="zext_ln11_3_fu_782">
<pin_list>
<pin id="783" dir="0" index="0" bw="8" slack="0"/>
<pin id="784" dir="1" index="1" bw="64" slack="0"/>
</pin_list>
<bind>
<opcode="zext(34) " fcode="zext"/>
<opset="zext_ln11_3/2 "/>
</bind>
</comp>

<comp id="787" class="1004" name="zext_ln11_17_fu_787">
<pin_list>
<pin id="788" dir="0" index="0" bw="5" slack="1"/>
<pin id="789" dir="1" index="1" bw="7" slack="0"/>
</pin_list>
<bind>
<opcode="zext(34) " fcode="zext"/>
<opset="zext_ln11_17/2 "/>
</bind>
</comp>

<comp id="790" class="1004" name="tmp_16_cast_fu_790">
<pin_list>
<pin id="791" dir="0" index="0" bw="6" slack="0"/>
<pin id="792" dir="0" index="1" bw="1" slack="0"/>
<pin id="793" dir="0" index="2" bw="5" slack="1"/>
<pin id="794" dir="1" index="3" bw="6" slack="0"/>
</pin_list>
<bind>
<opcode="bitconcatenate(1004) " fcode="bitconcatenate"/>
<opset="tmp_16_cast/2 "/>
</bind>
</comp>

<comp id="797" class="1004" name="zext_ln11_20_fu_797">
<pin_list>
<pin id="798" dir="0" index="0" bw="6" slack="0"/>
<pin id="799" dir="1" index="1" bw="64" slack="0"/>
</pin_list>
<bind>
<opcode="zext(34) " fcode="zext"/>
<opset="zext_ln11_20/2 "/>
</bind>
</comp>

<comp id="802" class="1004" name="add_ln11_1_fu_802">
<pin_list>
<pin id="803" dir="0" index="0" bw="5" slack="0"/>
<pin id="804" dir="0" index="1" bw="7" slack="0"/>
<pin id="805" dir="1" index="2" bw="7" slack="0"/>
</pin_list>
<bind>
<opcode="add(8) " fcode="add"/>
<opset="add_ln11_1/2 "/>
</bind>
</comp>

<comp id="808" class="1004" name="zext_ln11_21_fu_808">
<pin_list>
<pin id="809" dir="0" index="0" bw="7" slack="0"/>
<pin id="810" dir="1" index="1" bw="64" slack="0"/>
</pin_list>
<bind>
<opcode="zext(34) " fcode="zext"/>
<opset="zext_ln11_21/2 "/>
</bind>
</comp>

<comp id="813" class="1004" name="tmp_4_fu_813">
<pin_list>
<pin id="814" dir="0" index="0" bw="8" slack="0"/>
<pin id="815" dir="0" index="1" bw="4" slack="2"/>
<pin id="816" dir="0" index="2" bw="4" slack="0"/>
<pin id="817" dir="1" index="3" bw="8" slack="0"/>
</pin_list>
<bind>
<opcode="bitconcatenate(1004) " fcode="bitconcatenate"/>
<opset="tmp_4/3 "/>
</bind>
</comp>

<comp id="820" class="1004" name="zext_ln11_4_fu_820">
<pin_list>
<pin id="821" dir="0" index="0" bw="8" slack="0"/>
<pin id="822" dir="1" index="1" bw="64" slack="0"/>
</pin_list>
<bind>
<opcode="zext(34) " fcode="zext"/>
<opset="zext_ln11_4/3 "/>
</bind>
</comp>

<comp id="825" class="1004" name="tmp_5_fu_825">
<pin_list>
<pin id="826" dir="0" index="0" bw="8" slack="0"/>
<pin id="827" dir="0" index="1" bw="4" slack="2"/>
<pin id="828" dir="0" index="2" bw="4" slack="0"/>
<pin id="829" dir="1" index="3" bw="8" slack="0"/>
</pin_list>
<bind>
<opcode="bitconcatenate(1004) " fcode="bitconcatenate"/>
<opset="tmp_5/3 "/>
</bind>
</comp>

<comp id="832" class="1004" name="zext_ln11_5_fu_832">
<pin_list>
<pin id="833" dir="0" index="0" bw="8" slack="0"/>
<pin id="834" dir="1" index="1" bw="64" slack="0"/>
</pin_list>
<bind>
<opcode="zext(34) " fcode="zext"/>
<opset="zext_ln11_5/3 "/>
</bind>
</comp>

<comp id="837" class="1004" name="tmp_17_cast_fu_837">
<pin_list>
<pin id="838" dir="0" index="0" bw="7" slack="0"/>
<pin id="839" dir="0" index="1" bw="1" slack="0"/>
<pin id="840" dir="0" index="2" bw="5" slack="2"/>
<pin id="841" dir="1" index="3" bw="7" slack="0"/>
</pin_list>
<bind>
<opcode="bitconcatenate(1004) " fcode="bitconcatenate"/>
<opset="tmp_17_cast/3 "/>
</bind>
</comp>

<comp id="844" class="1004" name="zext_ln11_22_fu_844">
<pin_list>
<pin id="845" dir="0" index="0" bw="7" slack="0"/>
<pin id="846" dir="1" index="1" bw="64" slack="0"/>
</pin_list>
<bind>
<opcode="zext(34) " fcode="zext"/>
<opset="zext_ln11_22/3 "/>
</bind>
</comp>

<comp id="849" class="1004" name="add_ln11_2_fu_849">
<pin_list>
<pin id="850" dir="0" index="0" bw="5" slack="1"/>
<pin id="851" dir="0" index="1" bw="7" slack="0"/>
<pin id="852" dir="1" index="2" bw="7" slack="0"/>
</pin_list>
<bind>
<opcode="add(8) " fcode="add"/>
<opset="add_ln11_2/3 "/>
</bind>
</comp>

<comp id="854" class="1004" name="zext_ln11_23_fu_854">
<pin_list>
<pin id="855" dir="0" index="0" bw="7" slack="0"/>
<pin id="856" dir="1" index="1" bw="64" slack="0"/>
</pin_list>
<bind>
<opcode="zext(34) " fcode="zext"/>
<opset="zext_ln11_23/3 "/>
</bind>
</comp>

<comp id="859" class="1004" name="tmp_6_fu_859">
<pin_list>
<pin id="860" dir="0" index="0" bw="8" slack="0"/>
<pin id="861" dir="0" index="1" bw="4" slack="3"/>
<pin id="862" dir="0" index="2" bw="4" slack="0"/>
<pin id="863" dir="1" index="3" bw="8" slack="0"/>
</pin_list>
<bind>
<opcode="bitconcatenate(1004) " fcode="bitconcatenate"/>
<opset="tmp_6/4 "/>
</bind>
</comp>

<comp id="866" class="1004" name="zext_ln11_6_fu_866">
<pin_list>
<pin id="867" dir="0" index="0" bw="8" slack="0"/>
<pin id="868" dir="1" index="1" bw="64" slack="0"/>
</pin_list>
<bind>
<opcode="zext(34) " fcode="zext"/>
<opset="zext_ln11_6/4 "/>
</bind>
</comp>

<comp id="871" class="1004" name="tmp_7_fu_871">
<pin_list>
<pin id="872" dir="0" index="0" bw="8" slack="0"/>
<pin id="873" dir="0" index="1" bw="4" slack="3"/>
<pin id="874" dir="0" index="2" bw="4" slack="0"/>
<pin id="875" dir="1" index="3" bw="8" slack="0"/>
</pin_list>
<bind>
<opcode="bitconcatenate(1004) " fcode="bitconcatenate"/>
<opset="tmp_7/4 "/>
</bind>
</comp>

<comp id="878" class="1004" name="zext_ln11_7_fu_878">
<pin_list>
<pin id="879" dir="0" index="0" bw="8" slack="0"/>
<pin id="880" dir="1" index="1" bw="64" slack="0"/>
</pin_list>
<bind>
<opcode="zext(34) " fcode="zext"/>
<opset="zext_ln11_7/4 "/>
</bind>
</comp>

<comp id="883" class="1004" name="zext_ln11_16_fu_883">
<pin_list>
<pin id="884" dir="0" index="0" bw="5" slack="3"/>
<pin id="885" dir="1" index="1" bw="8" slack="0"/>
</pin_list>
<bind>
<opcode="zext(34) " fcode="zext"/>
<opset="zext_ln11_16/4 "/>
</bind>
</comp>

<comp id="886" class="1004" name="sext_ln11_fu_886">
<pin_list>
<pin id="887" dir="0" index="0" bw="6" slack="2"/>
<pin id="888" dir="1" index="1" bw="7" slack="0"/>
</pin_list>
<bind>
<opcode="sext(35) " fcode="sext"/>
<opset="sext_ln11/4 "/>
</bind>
</comp>

<comp id="889" class="1004" name="zext_ln11_24_fu_889">
<pin_list>
<pin id="890" dir="0" index="0" bw="6" slack="0"/>
<pin id="891" dir="1" index="1" bw="64" slack="0"/>
</pin_list>
<bind>
<opcode="zext(34) " fcode="zext"/>
<opset="zext_ln11_24/4 "/>
</bind>
</comp>

<comp id="894" class="1004" name="add_ln11_3_fu_894">
<pin_list>
<pin id="895" dir="0" index="0" bw="5" slack="0"/>
<pin id="896" dir="0" index="1" bw="8" slack="0"/>
<pin id="897" dir="1" index="2" bw="8" slack="0"/>
</pin_list>
<bind>
<opcode="add(8) " fcode="add"/>
<opset="add_ln11_3/4 "/>
</bind>
</comp>

<comp id="900" class="1004" name="zext_ln11_25_fu_900">
<pin_list>
<pin id="901" dir="0" index="0" bw="8" slack="0"/>
<pin id="902" dir="1" index="1" bw="64" slack="0"/>
</pin_list>
<bind>
<opcode="zext(34) " fcode="zext"/>
<opset="zext_ln11_25/4 "/>
</bind>
</comp>

<comp id="905" class="1004" name="sum_1_fu_905">
<pin_list>
<pin id="906" dir="0" index="0" bw="1" slack="3"/>
<pin id="907" dir="0" index="1" bw="32" slack="1"/>
<pin id="908" dir="0" index="2" bw="1" slack="0"/>
<pin id="909" dir="1" index="3" bw="32" slack="0"/>
</pin_list>
<bind>
<opcode="select(49) " fcode="select"/>
<opset="sum_1/4 "/>
</bind>
</comp>

<comp id="912" class="1004" name="sum_2_fu_912">
<pin_list>
<pin id="913" dir="0" index="0" bw="32" slack="1"/>
<pin id="914" dir="0" index="1" bw="32" slack="0"/>
<pin id="915" dir="1" index="2" bw="32" slack="0"/>
</pin_list>
<bind>
<opcode="add(8) " fcode="add"/>
<opset="sum_2/4 "/>
</bind>
</comp>

<comp id="918" class="1004" name="sum_3_fu_918">
<pin_list>
<pin id="919" dir="0" index="0" bw="1" slack="3"/>
<pin id="920" dir="0" index="1" bw="32" slack="0"/>
<pin id="921" dir="0" index="2" bw="32" slack="0"/>
<pin id="922" dir="1" index="3" bw="32" slack="1"/>
</pin_list>
<bind>
<opcode="select(49) " fcode="select"/>
<opset="sum_3/4 "/>
</bind>
</comp>

<comp id="925" class="1004" name="tmp_8_fu_925">
<pin_list>
<pin id="926" dir="0" index="0" bw="8" slack="0"/>
<pin id="927" dir="0" index="1" bw="4" slack="4"/>
<pin id="928" dir="0" index="2" bw="4" slack="0"/>
<pin id="929" dir="1" index="3" bw="8" slack="0"/>
</pin_list>
<bind>
<opcode="bitconcatenate(1004) " fcode="bitconcatenate"/>
<opset="tmp_8/5 "/>
</bind>
</comp>

<comp id="932" class="1004" name="zext_ln11_8_fu_932">
<pin_list>
<pin id="933" dir="0" index="0" bw="8" slack="0"/>
<pin id="934" dir="1" index="1" bw="64" slack="0"/>
</pin_list>
<bind>
<opcode="zext(34) " fcode="zext"/>
<opset="zext_ln11_8/5 "/>
</bind>
</comp>

<comp id="937" class="1004" name="tmp_9_fu_937">
<pin_list>
<pin id="938" dir="0" index="0" bw="8" slack="0"/>
<pin id="939" dir="0" index="1" bw="4" slack="4"/>
<pin id="940" dir="0" index="2" bw="4" slack="0"/>
<pin id="941" dir="1" index="3" bw="8" slack="0"/>
</pin_list>
<bind>
<opcode="bitconcatenate(1004) " fcode="bitconcatenate"/>
<opset="tmp_9/5 "/>
</bind>
</comp>

<comp id="944" class="1004" name="zext_ln11_9_fu_944">
<pin_list>
<pin id="945" dir="0" index="0" bw="8" slack="0"/>
<pin id="946" dir="1" index="1" bw="64" slack="0"/>
</pin_list>
<bind>
<opcode="zext(34) " fcode="zext"/>
<opset="zext_ln11_9/5 "/>
</bind>
</comp>

<comp id="949" class="1004" name="tmp_19_cast_fu_949">
<pin_list>
<pin id="950" dir="0" index="0" bw="8" slack="0"/>
<pin id="951" dir="0" index="1" bw="1" slack="0"/>
<pin id="952" dir="0" index="2" bw="5" slack="3"/>
<pin id="953" dir="1" index="3" bw="8" slack="0"/>
</pin_list>
<bind>
<opcode="bitconcatenate(1004) " fcode="bitconcatenate"/>
<opset="tmp_19_cast/5 "/>
</bind>
</comp>

<comp id="956" class="1004" name="zext_ln11_26_fu_956">
<pin_list>
<pin id="957" dir="0" index="0" bw="8" slack="0"/>
<pin id="958" dir="1" index="1" bw="64" slack="0"/>
</pin_list>
<bind>
<opcode="zext(34) " fcode="zext"/>
<opset="zext_ln11_26/5 "/>
</bind>
</comp>

<comp id="961" class="1004" name="add_ln11_4_fu_961">
<pin_list>
<pin id="962" dir="0" index="0" bw="5" slack="1"/>
<pin id="963" dir="0" index="1" bw="8" slack="0"/>
<pin id="964" dir="1" index="2" bw="8" slack="0"/>
</pin_list>
<bind>
<opcode="add(8) " fcode="add"/>
<opset="add_ln11_4/5 "/>
</bind>
</comp>

<comp id="966" class="1004" name="zext_ln11_27_fu_966">
<pin_list>
<pin id="967" dir="0" index="0" bw="8" slack="0"/>
<pin id="968" dir="1" index="1" bw="64" slack="0"/>
</pin_list>
<bind>
<opcode="zext(34) " fcode="zext"/>
<opset="zext_ln11_27/5 "/>
</bind>
</comp>

<comp id="971" class="1004" name="sum_4_fu_971">
<pin_list>
<pin id="972" dir="0" index="0" bw="32" slack="1"/>
<pin id="973" dir="0" index="1" bw="32" slack="1"/>
<pin id="974" dir="1" index="2" bw="32" slack="0"/>
</pin_list>
<bind>
<opcode="add(8) " fcode="add"/>
<opset="sum_4/5 "/>
</bind>
</comp>

<comp id="976" class="1004" name="sum_5_fu_976">
<pin_list>
<pin id="977" dir="0" index="0" bw="1" slack="4"/>
<pin id="978" dir="0" index="1" bw="32" slack="0"/>
<pin id="979" dir="0" index="2" bw="32" slack="1"/>
<pin id="980" dir="1" index="3" bw="32" slack="0"/>
</pin_list>
<bind>
<opcode="select(49) " fcode="select"/>
<opset="sum_5/5 "/>
</bind>
</comp>

<comp id="982" class="1004" name="sum_6_fu_982">
<pin_list>
<pin id="983" dir="0" index="0" bw="32" slack="1"/>
<pin id="984" dir="0" index="1" bw="32" slack="0"/>
<pin id="985" dir="1" index="2" bw="32" slack="0"/>
</pin_list>
<bind>
<opcode="add(8) " fcode="add"/>
<opset="sum_6/5 "/>
</bind>
</comp>

<comp id="988" class="1004" name="sum_7_fu_988">
<pin_list>
<pin id="989" dir="0" index="0" bw="1" slack="4"/>
<pin id="990" dir="0" index="1" bw="32" slack="0"/>
<pin id="991" dir="0" index="2" bw="32" slack="0"/>
<pin id="992" dir="1" index="3" bw="32" slack="1"/>
</pin_list>
<bind>
<opcode="select(49) " fcode="select"/>
<opset="sum_7/5 "/>
</bind>
</comp>

<comp id="995" class="1004" name="tmp_s_fu_995">
<pin_list>
<pin id="996" dir="0" index="0" bw="8" slack="0"/>
<pin id="997" dir="0" index="1" bw="4" slack="5"/>
<pin id="998" dir="0" index="2" bw="4" slack="0"/>
<pin id="999" dir="1" index="3" bw="8" slack="0"/>
</pin_list>
<bind>
<opcode="bitconcatenate(1004) " fcode="bitconcatenate"/>
<opset="tmp_s/6 "/>
</bind>
</comp>

<comp id="1002" class="1004" name="zext_ln11_10_fu_1002">
<pin_list>
<pin id="1003" dir="0" index="0" bw="8" slack="0"/>
<pin id="1004" dir="1" index="1" bw="64" slack="0"/>
</pin_list>
<bind>
<opcode="zext(34) " fcode="zext"/>
<opset="zext_ln11_10/6 "/>
</bind>
</comp>

<comp id="1007" class="1004" name="tmp_10_fu_1007">
<pin_list>
<pin id="1008" dir="0" index="0" bw="8" slack="0"/>
<pin id="1009" dir="0" index="1" bw="4" slack="5"/>
<pin id="1010" dir="0" index="2" bw="4" slack="0"/>
<pin id="1011" dir="1" index="3" bw="8" slack="0"/>
</pin_list>
<bind>
<opcode="bitconcatenate(1004) " fcode="bitconcatenate"/>
<opset="tmp_10/6 "/>
</bind>
</comp>

<comp id="1014" class="1004" name="zext_ln11_11_fu_1014">
<pin_list>
<pin id="1015" dir="0" index="0" bw="8" slack="0"/>
<pin id="1016" dir="1" index="1" bw="64" slack="0"/>
</pin_list>
<bind>
<opcode="zext(34) " fcode="zext"/>
<opset="zext_ln11_11/6 "/>
</bind>
</comp>

<comp id="1019" class="1004" name="tmp_20_cast_fu_1019">
<pin_list>
<pin id="1020" dir="0" index="0" bw="8" slack="0"/>
<pin id="1021" dir="0" index="1" bw="3" slack="0"/>
<pin id="1022" dir="0" index="2" bw="5" slack="5"/>
<pin id="1023" dir="1" index="3" bw="8" slack="0"/>
</pin_list>
<bind>
<opcode="bitconcatenate(1004) " fcode="bitconcatenate"/>
<opset="tmp_20_cast/6 "/>
</bind>
</comp>

<comp id="1026" class="1004" name="zext_ln11_28_fu_1026">
<pin_list>
<pin id="1027" dir="0" index="0" bw="8" slack="0"/>
<pin id="1028" dir="1" index="1" bw="64" slack="0"/>
</pin_list>
<bind>
<opcode="zext(34) " fcode="zext"/>
<opset="zext_ln11_28/6 "/>
</bind>
</comp>

<comp id="1031" class="1004" name="add_ln11_5_fu_1031">
<pin_list>
<pin id="1032" dir="0" index="0" bw="5" slack="2"/>
<pin id="1033" dir="0" index="1" bw="8" slack="0"/>
<pin id="1034" dir="1" index="2" bw="8" slack="0"/>
</pin_list>
<bind>
<opcode="add(8) " fcode="add"/>
<opset="add_ln11_5/6 "/>
</bind>
</comp>

<comp id="1036" class="1004" name="zext_ln11_29_fu_1036">
<pin_list>
<pin id="1037" dir="0" index="0" bw="8" slack="0"/>
<pin id="1038" dir="1" index="1" bw="64" slack="0"/>
</pin_list>
<bind>
<opcode="zext(34) " fcode="zext"/>
<opset="zext_ln11_29/6 "/>
</bind>
</comp>

<comp id="1041" class="1004" name="add_ln14_fu_1041">
<pin_list>
<pin id="1042" dir="0" index="0" bw="8" slack="5"/>
<pin id="1043" dir="0" index="1" bw="5" slack="2"/>
<pin id="1044" dir="1" index="2" bw="8" slack="5"/>
</pin_list>
<bind>
<opcode="add(8) " fcode="add"/>
<opset="add_ln14/6 "/>
</bind>
</comp>

<comp id="1045" class="1004" name="sum_8_fu_1045">
<pin_list>
<pin id="1046" dir="0" index="0" bw="32" slack="1"/>
<pin id="1047" dir="0" index="1" bw="32" slack="1"/>
<pin id="1048" dir="1" index="2" bw="32" slack="0"/>
</pin_list>
<bind>
<opcode="add(8) " fcode="add"/>
<opset="sum_8/6 "/>
</bind>
</comp>

<comp id="1050" class="1004" name="sum_9_fu_1050">
<pin_list>
<pin id="1051" dir="0" index="0" bw="1" slack="5"/>
<pin id="1052" dir="0" index="1" bw="32" slack="0"/>
<pin id="1053" dir="0" index="2" bw="32" slack="1"/>
<pin id="1054" dir="1" index="3" bw="32" slack="0"/>
</pin_list>
<bind>
<opcode="select(49) " fcode="select"/>
<opset="sum_9/6 "/>
</bind>
</comp>

<comp id="1056" class="1004" name="sum_10_fu_1056">
<pin_list>
<pin id="1057" dir="0" index="0" bw="32" slack="1"/>
<pin id="1058" dir="0" index="1" bw="32" slack="0"/>
<pin id="1059" dir="1" index="2" bw="32" slack="0"/>
</pin_list>
<bind>
<opcode="add(8) " fcode="add"/>
<opset="sum_10/6 "/>
</bind>
</comp>

<comp id="1062" class="1004" name="sum_11_fu_1062">
<pin_list>
<pin id="1063" dir="0" index="0" bw="1" slack="5"/>
<pin id="1064" dir="0" index="1" bw="32" slack="0"/>
<pin id="1065" dir="0" index="2" bw="32" slack="0"/>
<pin id="1066" dir="1" index="3" bw="32" slack="1"/>
</pin_list>
<bind>
<opcode="select(49) " fcode="select"/>
<opset="sum_11/6 "/>
</bind>
</comp>

<comp id="1069" class="1004" name="tmp_11_fu_1069">
<pin_list>
<pin id="1070" dir="0" index="0" bw="8" slack="0"/>
<pin id="1071" dir="0" index="1" bw="4" slack="6"/>
<pin id="1072" dir="0" index="2" bw="3" slack="0"/>
<pin id="1073" dir="1" index="3" bw="8" slack="0"/>
</pin_list>
<bind>
<opcode="bitconcatenate(1004) " fcode="bitconcatenate"/>
<opset="tmp_11/7 "/>
</bind>
</comp>

<comp id="1076" class="1004" name="zext_ln11_12_fu_1076">
<pin_list>
<pin id="1077" dir="0" index="0" bw="8" slack="0"/>
<pin id="1078" dir="1" index="1" bw="64" slack="0"/>
</pin_list>
<bind>
<opcode="zext(34) " fcode="zext"/>
<opset="zext_ln11_12/7 "/>
</bind>
</comp>

<comp id="1081" class="1004" name="tmp_12_fu_1081">
<pin_list>
<pin id="1082" dir="0" index="0" bw="8" slack="0"/>
<pin id="1083" dir="0" index="1" bw="4" slack="6"/>
<pin id="1084" dir="0" index="2" bw="3" slack="0"/>
<pin id="1085" dir="1" index="3" bw="8" slack="0"/>
</pin_list>
<bind>
<opcode="bitconcatenate(1004) " fcode="bitconcatenate"/>
<opset="tmp_12/7 "/>
</bind>
</comp>

<comp id="1088" class="1004" name="zext_ln11_13_fu_1088">
<pin_list>
<pin id="1089" dir="0" index="0" bw="8" slack="0"/>
<pin id="1090" dir="1" index="1" bw="64" slack="0"/>
</pin_list>
<bind>
<opcode="zext(34) " fcode="zext"/>
<opset="zext_ln11_13/7 "/>
</bind>
</comp>

<comp id="1093" class="1004" name="sext_ln11_1_fu_1093">
<pin_list>
<pin id="1094" dir="0" index="0" bw="7" slack="4"/>
<pin id="1095" dir="1" index="1" bw="8" slack="0"/>
</pin_list>
<bind>
<opcode="sext(35) " fcode="sext"/>
<opset="sext_ln11_1/7 "/>
</bind>
</comp>

<comp id="1096" class="1004" name="zext_ln11_30_fu_1096">
<pin_list>
<pin id="1097" dir="0" index="0" bw="7" slack="0"/>
<pin id="1098" dir="1" index="1" bw="64" slack="0"/>
</pin_list>
<bind>
<opcode="zext(34) " fcode="zext"/>
<opset="zext_ln11_30/7 "/>
</bind>
</comp>

<comp id="1101" class="1004" name="sext_ln11_2_fu_1101">
<pin_list>
<pin id="1102" dir="0" index="0" bw="7" slack="4"/>
<pin id="1103" dir="1" index="1" bw="8" slack="0"/>
</pin_list>
<bind>
<opcode="sext(35) " fcode="sext"/>
<opset="sext_ln11_2/7 "/>
</bind>
</comp>

<comp id="1104" class="1004" name="zext_ln11_31_fu_1104">
<pin_list>
<pin id="1105" dir="0" index="0" bw="7" slack="0"/>
<pin id="1106" dir="1" index="1" bw="64" slack="0"/>
</pin_list>
<bind>
<opcode="zext(34) " fcode="zext"/>
<opset="zext_ln11_31/7 "/>
</bind>
</comp>

<comp id="1109" class="1004" name="sum_12_fu_1109">
<pin_list>
<pin id="1110" dir="0" index="0" bw="32" slack="1"/>
<pin id="1111" dir="0" index="1" bw="32" slack="1"/>
<pin id="1112" dir="1" index="2" bw="32" slack="0"/>
</pin_list>
<bind>
<opcode="add(8) " fcode="add"/>
<opset="sum_12/7 "/>
</bind>
</comp>

<comp id="1114" class="1004" name="sum_13_fu_1114">
<pin_list>
<pin id="1115" dir="0" index="0" bw="1" slack="6"/>
<pin id="1116" dir="0" index="1" bw="32" slack="0"/>
<pin id="1117" dir="0" index="2" bw="32" slack="1"/>
<pin id="1118" dir="1" index="3" bw="32" slack="0"/>
</pin_list>
<bind>
<opcode="select(49) " fcode="select"/>
<opset="sum_13/7 "/>
</bind>
</comp>

<comp id="1120" class="1004" name="sum_14_fu_1120">
<pin_list>
<pin id="1121" dir="0" index="0" bw="32" slack="1"/>
<pin id="1122" dir="0" index="1" bw="32" slack="0"/>
<pin id="1123" dir="1" index="2" bw="32" slack="0"/>
</pin_list>
<bind>
<opcode="add(8) " fcode="add"/>
<opset="sum_14/7 "/>
</bind>
</comp>

<comp id="1126" class="1004" name="sum_15_fu_1126">
<pin_list>
<pin id="1127" dir="0" index="0" bw="1" slack="6"/>
<pin id="1128" dir="0" index="1" bw="32" slack="0"/>
<pin id="1129" dir="0" index="2" bw="32" slack="0"/>
<pin id="1130" dir="1" index="3" bw="32" slack="1"/>
</pin_list>
<bind>
<opcode="select(49) " fcode="select"/>
<opset="sum_15/7 "/>
</bind>
</comp>

<comp id="1133" class="1004" name="indvar_flatten1_load_load_fu_1133">
<pin_list>
<pin id="1134" dir="0" index="0" bw="8" slack="7"/>
<pin id="1135" dir="1" index="1" bw="8" slack="0"/>
</pin_list>
<bind>
<opcode="load(27) " fcode="load"/>
<opset="indvar_flatten1_load/8 "/>
</bind>
</comp>

<comp id="1136" class="1004" name="tmp_13_fu_1136">
<pin_list>
<pin id="1137" dir="0" index="0" bw="8" slack="0"/>
<pin id="1138" dir="0" index="1" bw="4" slack="7"/>
<pin id="1139" dir="0" index="2" bw="2" slack="0"/>
<pin id="1140" dir="1" index="3" bw="8" slack="0"/>
</pin_list>
<bind>
<opcode="bitconcatenate(1004) " fcode="bitconcatenate"/>
<opset="tmp_13/8 "/>
</bind>
</comp>

<comp id="1143" class="1004" name="zext_ln11_14_fu_1143">
<pin_list>
<pin id="1144" dir="0" index="0" bw="8" slack="0"/>
<pin id="1145" dir="1" index="1" bw="64" slack="0"/>
</pin_list>
<bind>
<opcode="zext(34) " fcode="zext"/>
<opset="zext_ln11_14/8 "/>
</bind>
</comp>

<comp id="1148" class="1004" name="tmp_14_fu_1148">
<pin_list>
<pin id="1149" dir="0" index="0" bw="8" slack="0"/>
<pin id="1150" dir="0" index="1" bw="4" slack="7"/>
<pin id="1151" dir="0" index="2" bw="1" slack="0"/>
<pin id="1152" dir="1" index="3" bw="8" slack="0"/>
</pin_list>
<bind>
<opcode="bitconcatenate(1004) " fcode="bitconcatenate"/>
<opset="tmp_14/8 "/>
</bind>
</comp>

<comp id="1155" class="1004" name="zext_ln11_15_fu_1155">
<pin_list>
<pin id="1156" dir="0" index="0" bw="8" slack="0"/>
<pin id="1157" dir="1" index="1" bw="64" slack="0"/>
</pin_list>
<bind>
<opcode="zext(34) " fcode="zext"/>
<opset="zext_ln11_15/8 "/>
</bind>
</comp>

<comp id="1160" class="1004" name="sext_ln11_3_fu_1160">
<pin_list>
<pin id="1161" dir="0" index="0" bw="6" slack="6"/>
<pin id="1162" dir="1" index="1" bw="8" slack="0"/>
</pin_list>
<bind>
<opcode="sext(35) " fcode="sext"/>
<opset="sext_ln11_3/8 "/>
</bind>
</comp>

<comp id="1163" class="1004" name="zext_ln11_32_fu_1163">
<pin_list>
<pin id="1164" dir="0" index="0" bw="6" slack="0"/>
<pin id="1165" dir="1" index="1" bw="64" slack="0"/>
</pin_list>
<bind>
<opcode="zext(34) " fcode="zext"/>
<opset="zext_ln11_32/8 "/>
</bind>
</comp>

<comp id="1168" class="1004" name="xor_ln11_fu_1168">
<pin_list>
<pin id="1169" dir="0" index="0" bw="1" slack="7"/>
<pin id="1170" dir="0" index="1" bw="1" slack="0"/>
<pin id="1171" dir="1" index="2" bw="1" slack="0"/>
</pin_list>
<bind>
<opcode="xor(25) " fcode="xor"/>
<opset="xor_ln11/8 "/>
</bind>
</comp>

<comp id="1173" class="1004" name="add_ln11_7_fu_1173">
<pin_list>
<pin id="1174" dir="0" index="0" bw="5" slack="0"/>
<pin id="1175" dir="0" index="1" bw="1" slack="0"/>
<pin id="1176" dir="0" index="2" bw="4" slack="7"/>
<pin id="1177" dir="1" index="3" bw="5" slack="0"/>
</pin_list>
<bind>
<opcode="bitconcatenate(1004) " fcode="bitconcatenate"/>
<opset="add_ln11_7/8 "/>
</bind>
</comp>

<comp id="1180" class="1004" name="sext_ln11_4_fu_1180">
<pin_list>
<pin id="1181" dir="0" index="0" bw="5" slack="0"/>
<pin id="1182" dir="1" index="1" bw="8" slack="0"/>
</pin_list>
<bind>
<opcode="sext(35) " fcode="sext"/>
<opset="sext_ln11_4/8 "/>
</bind>
</comp>

<comp id="1184" class="1004" name="zext_ln11_33_fu_1184">
<pin_list>
<pin id="1185" dir="0" index="0" bw="5" slack="0"/>
<pin id="1186" dir="1" index="1" bw="64" slack="0"/>
</pin_list>
<bind>
<opcode="zext(34) " fcode="zext"/>
<opset="zext_ln11_33/8 "/>
</bind>
</comp>

<comp id="1189" class="1004" name="sum_16_fu_1189">
<pin_list>
<pin id="1190" dir="0" index="0" bw="32" slack="1"/>
<pin id="1191" dir="0" index="1" bw="32" slack="1"/>
<pin id="1192" dir="1" index="2" bw="32" slack="0"/>
</pin_list>
<bind>
<opcode="add(8) " fcode="add"/>
<opset="sum_16/8 "/>
</bind>
</comp>

<comp id="1194" class="1004" name="sum_17_fu_1194">
<pin_list>
<pin id="1195" dir="0" index="0" bw="1" slack="7"/>
<pin id="1196" dir="0" index="1" bw="32" slack="0"/>
<pin id="1197" dir="0" index="2" bw="32" slack="1"/>
<pin id="1198" dir="1" index="3" bw="32" slack="0"/>
</pin_list>
<bind>
<opcode="select(49) " fcode="select"/>
<opset="sum_17/8 "/>
</bind>
</comp>

<comp id="1200" class="1004" name="sum_18_fu_1200">
<pin_list>
<pin id="1201" dir="0" index="0" bw="32" slack="1"/>
<pin id="1202" dir="0" index="1" bw="32" slack="0"/>
<pin id="1203" dir="1" index="2" bw="32" slack="0"/>
</pin_list>
<bind>
<opcode="add(8) " fcode="add"/>
<opset="sum_18/8 "/>
</bind>
</comp>

<comp id="1206" class="1004" name="sum_19_fu_1206">
<pin_list>
<pin id="1207" dir="0" index="0" bw="1" slack="7"/>
<pin id="1208" dir="0" index="1" bw="32" slack="0"/>
<pin id="1209" dir="0" index="2" bw="32" slack="0"/>
<pin id="1210" dir="1" index="3" bw="32" slack="1"/>
</pin_list>
<bind>
<opcode="select(49) " fcode="select"/>
<opset="sum_19/8 "/>
</bind>
</comp>

<comp id="1213" class="1004" name="j_3_fu_1213">
<pin_list>
<pin id="1214" dir="0" index="0" bw="5" slack="7"/>
<pin id="1215" dir="0" index="1" bw="1" slack="0"/>
<pin id="1216" dir="1" index="2" bw="5" slack="0"/>
</pin_list>
<bind>
<opcode="add(8) " fcode="add"/>
<opset="j_3/8 "/>
</bind>
</comp>

<comp id="1218" class="1004" name="add_ln6_1_fu_1218">
<pin_list>
<pin id="1219" dir="0" index="0" bw="8" slack="0"/>
<pin id="1220" dir="0" index="1" bw="1" slack="0"/>
<pin id="1221" dir="1" index="2" bw="8" slack="0"/>
</pin_list>
<bind>
<opcode="add(8) " fcode="add"/>
<opset="add_ln6_1/8 "/>
</bind>
</comp>

<comp id="1224" class="1004" name="icmp_ln7_fu_1224">
<pin_list>
<pin id="1225" dir="0" index="0" bw="5" slack="0"/>
<pin id="1226" dir="0" index="1" bw="5" slack="0"/>
<pin id="1227" dir="1" index="2" bw="1" slack="1"/>
</pin_list>
<bind>
<opcode="icmp(45) " fcode="icmp"/>
<opset="icmp_ln7/8 "/>
</bind>
</comp>

<comp id="1230" class="1004" name="icmp_ln6_fu_1230">
<pin_list>
<pin id="1231" dir="0" index="0" bw="8" slack="0"/>
<pin id="1232" dir="0" index="1" bw="1" slack="0"/>
<pin id="1233" dir="1" index="2" bw="1" slack="1"/>
</pin_list>
<bind>
<opcode="icmp(45) " fcode="icmp"/>
<opset="icmp_ln6/8 "/>
</bind>
</comp>

<comp id="1236" class="1004" name="store_ln7_store_fu_1236">
<pin_list>
<pin id="1237" dir="0" index="0" bw="5" slack="0"/>
<pin id="1238" dir="0" index="1" bw="5" slack="7"/>
<pin id="1239" dir="1" index="2" bw="0" slack="2147483647"/>
</pin_list>
<bind>
<opcode="store(28) " fcode="store"/>
<opset="store_ln7/8 "/>
</bind>
</comp>

<comp id="1241" class="1004" name="store_ln6_store_fu_1241">
<pin_list>
<pin id="1242" dir="0" index="0" bw="8" slack="0"/>
<pin id="1243" dir="0" index="1" bw="8" slack="7"/>
<pin id="1244" dir="1" index="2" bw="0" slack="2147483647"/>
</pin_list>
<bind>
<opcode="store(28) " fcode="store"/>
<opset="store_ln6/8 "/>
</bind>
</comp>

<comp id="1246" class="1004" name="sum_20_fu_1246">
<pin_list>
<pin id="1247" dir="0" index="0" bw="32" slack="1"/>
<pin id="1248" dir="0" index="1" bw="32" slack="1"/>
<pin id="1249" dir="1" index="2" bw="32" slack="0"/>
</pin_list>
<bind>
<opcode="add(8) " fcode="add"/>
<opset="sum_20/9 "/>
</bind>
</comp>

<comp id="1251" class="1004" name="sum_21_fu_1251">
<pin_list>
<pin id="1252" dir="0" index="0" bw="1" slack="8"/>
<pin id="1253" dir="0" index="1" bw="32" slack="0"/>
<pin id="1254" dir="0" index="2" bw="32" slack="1"/>
<pin id="1255" dir="1" index="3" bw="32" slack="0"/>
</pin_list>
<bind>
<opcode="select(49) " fcode="select"/>
<opset="sum_21/9 "/>
</bind>
</comp>

<comp id="1257" class="1004" name="sum_22_fu_1257">
<pin_list>
<pin id="1258" dir="0" index="0" bw="32" slack="1"/>
<pin id="1259" dir="0" index="1" bw="32" slack="0"/>
<pin id="1260" dir="1" index="2" bw="32" slack="0"/>
</pin_list>
<bind>
<opcode="add(8) " fcode="add"/>
<opset="sum_22/9 "/>
</bind>
</comp>

<comp id="1263" class="1004" name="sum_23_fu_1263">
<pin_list>
<pin id="1264" dir="0" index="0" bw="1" slack="8"/>
<pin id="1265" dir="0" index="1" bw="32" slack="0"/>
<pin id="1266" dir="0" index="2" bw="32" slack="0"/>
<pin id="1267" dir="1" index="3" bw="32" slack="1"/>
</pin_list>
<bind>
<opcode="select(49) " fcode="select"/>
<opset="sum_23/9 "/>
</bind>
</comp>

<comp id="1270" class="1004" name="sum_24_fu_1270">
<pin_list>
<pin id="1271" dir="0" index="0" bw="32" slack="1"/>
<pin id="1272" dir="0" index="1" bw="32" slack="1"/>
<pin id="1273" dir="1" index="2" bw="32" slack="0"/>
</pin_list>
<bind>
<opcode="add(8) " fcode="add"/>
<opset="sum_24/10 "/>
</bind>
</comp>

<comp id="1275" class="1004" name="sum_25_fu_1275">
<pin_list>
<pin id="1276" dir="0" index="0" bw="1" slack="9"/>
<pin id="1277" dir="0" index="1" bw="32" slack="0"/>
<pin id="1278" dir="0" index="2" bw="32" slack="1"/>
<pin id="1279" dir="1" index="3" bw="32" slack="0"/>
</pin_list>
<bind>
<opcode="select(49) " fcode="select"/>
<opset="sum_25/10 "/>
</bind>
</comp>

<comp id="1281" class="1004" name="sum_26_fu_1281">
<pin_list>
<pin id="1282" dir="0" index="0" bw="32" slack="1"/>
<pin id="1283" dir="0" index="1" bw="32" slack="0"/>
<pin id="1284" dir="1" index="2" bw="32" slack="0"/>
</pin_list>
<bind>
<opcode="add(8) " fcode="add"/>
<opset="sum_26/10 "/>
</bind>
</comp>

<comp id="1287" class="1004" name="sum_27_fu_1287">
<pin_list>
<pin id="1288" dir="0" index="0" bw="1" slack="9"/>
<pin id="1289" dir="0" index="1" bw="32" slack="0"/>
<pin id="1290" dir="0" index="2" bw="32" slack="0"/>
<pin id="1291" dir="1" index="3" bw="32" slack="1"/>
</pin_list>
<bind>
<opcode="select(49) " fcode="select"/>
<opset="sum_27/10 "/>
</bind>
</comp>

<comp id="1294" class="1004" name="zext_ln14_fu_1294">
<pin_list>
<pin id="1295" dir="0" index="0" bw="8" slack="5"/>
<pin id="1296" dir="1" index="1" bw="64" slack="0"/>
</pin_list>
<bind>
<opcode="zext(34) " fcode="zext"/>
<opset="zext_ln14/11 "/>
</bind>
</comp>

<comp id="1298" class="1004" name="sum_28_fu_1298">
<pin_list>
<pin id="1299" dir="0" index="0" bw="32" slack="1"/>
<pin id="1300" dir="0" index="1" bw="32" slack="1"/>
<pin id="1301" dir="1" index="2" bw="32" slack="0"/>
</pin_list>
<bind>
<opcode="add(8) " fcode="add"/>
<opset="sum_28/11 "/>
</bind>
</comp>

<comp id="1303" class="1004" name="sum_29_fu_1303">
<pin_list>
<pin id="1304" dir="0" index="0" bw="1" slack="10"/>
<pin id="1305" dir="0" index="1" bw="32" slack="0"/>
<pin id="1306" dir="0" index="2" bw="32" slack="1"/>
<pin id="1307" dir="1" index="3" bw="32" slack="0"/>
</pin_list>
<bind>
<opcode="select(49) " fcode="select"/>
<opset="sum_29/11 "/>
</bind>
</comp>

<comp id="1309" class="1004" name="sum_30_fu_1309">
<pin_list>
<pin id="1310" dir="0" index="0" bw="32" slack="1"/>
<pin id="1311" dir="0" index="1" bw="32" slack="0"/>
<pin id="1312" dir="1" index="2" bw="32" slack="0"/>
</pin_list>
<bind>
<opcode="add(8) " fcode="add"/>
<opset="sum_30/11 "/>
</bind>
</comp>

<comp id="1315" class="1004" name="sum_31_fu_1315">
<pin_list>
<pin id="1316" dir="0" index="0" bw="1" slack="10"/>
<pin id="1317" dir="0" index="1" bw="32" slack="0"/>
<pin id="1318" dir="0" index="2" bw="32" slack="0"/>
<pin id="1319" dir="1" index="3" bw="32" slack="0"/>
</pin_list>
<bind>
<opcode="select(49) " fcode="select"/>
<opset="sum_31/11 "/>
</bind>
</comp>

<comp id="1323" class="1005" name="indvar_flatten1_reg_1323">
<pin_list>
<pin id="1324" dir="0" index="0" bw="8" slack="0"/>
<pin id="1325" dir="1" index="1" bw="8" slack="0"/>
</pin_list>
<bind>
<opset="indvar_flatten1 "/>
</bind>
</comp>

<comp id="1330" class="1005" name="i_reg_1330">
<pin_list>
<pin id="1331" dir="0" index="0" bw="5" slack="0"/>
<pin id="1332" dir="1" index="1" bw="5" slack="0"/>
</pin_list>
<bind>
<opset="i "/>
</bind>
</comp>

<comp id="1337" class="1005" name="j_reg_1337">
<pin_list>
<pin id="1338" dir="0" index="0" bw="5" slack="0"/>
<pin id="1339" dir="1" index="1" bw="5" slack="0"/>
</pin_list>
<bind>
<opset="j "/>
</bind>
</comp>

<comp id="1344" class="1005" name="icmp_ln10_reg_1344">
<pin_list>
<pin id="1345" dir="0" index="0" bw="1" slack="1"/>
<pin id="1346" dir="1" index="1" bw="1" slack="3"/>
</pin_list>
<bind>
<opset="icmp_ln10 "/>
</bind>
</comp>

<comp id="1349" class="1005" name="icmp_ln10_1_reg_1349">
<pin_list>
<pin id="1350" dir="0" index="0" bw="1" slack="1"/>
<pin id="1351" dir="1" index="1" bw="1" slack="3"/>
</pin_list>
<bind>
<opset="icmp_ln10_1 "/>
</bind>
</comp>

<comp id="1354" class="1005" name="icmp_ln10_2_reg_1354">
<pin_list>
<pin id="1355" dir="0" index="0" bw="1" slack="1"/>
<pin id="1356" dir="1" index="1" bw="1" slack="4"/>
</pin_list>
<bind>
<opset="icmp_ln10_2 "/>
</bind>
</comp>

<comp id="1359" class="1005" name="icmp_ln10_3_reg_1359">
<pin_list>
<pin id="1360" dir="0" index="0" bw="1" slack="1"/>
<pin id="1361" dir="1" index="1" bw="1" slack="4"/>
</pin_list>
<bind>
<opset="icmp_ln10_3 "/>
</bind>
</comp>

<comp id="1364" class="1005" name="icmp_ln10_4_reg_1364">
<pin_list>
<pin id="1365" dir="0" index="0" bw="1" slack="2"/>
<pin id="1366" dir="1" index="1" bw="1" slack="5"/>
</pin_list>
<bind>
<opset="icmp_ln10_4 "/>
</bind>
</comp>

<comp id="1369" class="1005" name="icmp_ln10_5_reg_1369">
<pin_list>
<pin id="1370" dir="0" index="0" bw="1" slack="2"/>
<pin id="1371" dir="1" index="1" bw="1" slack="5"/>
</pin_list>
<bind>
<opset="icmp_ln10_5 "/>
</bind>
</comp>

<comp id="1374" class="1005" name="icmp_ln10_6_reg_1374">
<pin_list>
<pin id="1375" dir="0" index="0" bw="1" slack="3"/>
<pin id="1376" dir="1" index="1" bw="1" slack="6"/>
</pin_list>
<bind>
<opset="icmp_ln10_6 "/>
</bind>
</comp>

<comp id="1379" class="1005" name="icmp_ln10_7_reg_1379">
<pin_list>
<pin id="1380" dir="0" index="0" bw="1" slack="3"/>
<pin id="1381" dir="1" index="1" bw="1" slack="6"/>
</pin_list>
<bind>
<opset="icmp_ln10_7 "/>
</bind>
</comp>

<comp id="1384" class="1005" name="icmp_ln10_8_reg_1384">
<pin_list>
<pin id="1385" dir="0" index="0" bw="1" slack="4"/>
<pin id="1386" dir="1" index="1" bw="1" slack="7"/>
</pin_list>
<bind>
<opset="icmp_ln10_8 "/>
</bind>
</comp>

<comp id="1389" class="1005" name="icmp_ln10_9_reg_1389">
<pin_list>
<pin id="1390" dir="0" index="0" bw="1" slack="4"/>
<pin id="1391" dir="1" index="1" bw="1" slack="7"/>
</pin_list>
<bind>
<opset="icmp_ln10_9 "/>
</bind>
</comp>

<comp id="1394" class="1005" name="icmp_ln10_10_reg_1394">
<pin_list>
<pin id="1395" dir="0" index="0" bw="1" slack="5"/>
<pin id="1396" dir="1" index="1" bw="1" slack="8"/>
</pin_list>
<bind>
<opset="icmp_ln10_10 "/>
</bind>
</comp>

<comp id="1399" class="1005" name="icmp_ln10_11_reg_1399">
<pin_list>
<pin id="1400" dir="0" index="0" bw="1" slack="5"/>
<pin id="1401" dir="1" index="1" bw="1" slack="8"/>
</pin_list>
<bind>
<opset="icmp_ln10_11 "/>
</bind>
</comp>

<comp id="1404" class="1005" name="icmp_ln10_12_reg_1404">
<pin_list>
<pin id="1405" dir="0" index="0" bw="1" slack="6"/>
<pin id="1406" dir="1" index="1" bw="1" slack="9"/>
</pin_list>
<bind>
<opset="icmp_ln10_12 "/>
</bind>
</comp>

<comp id="1409" class="1005" name="icmp_ln10_13_reg_1409">
<pin_list>
<pin id="1410" dir="0" index="0" bw="1" slack="6"/>
<pin id="1411" dir="1" index="1" bw="1" slack="9"/>
</pin_list>
<bind>
<opset="icmp_ln10_13 "/>
</bind>
</comp>

<comp id="1414" class="1005" name="icmp_ln10_14_reg_1414">
<pin_list>
<pin id="1415" dir="0" index="0" bw="1" slack="7"/>
<pin id="1416" dir="1" index="1" bw="1" slack="10"/>
</pin_list>
<bind>
<opset="icmp_ln10_14 "/>
</bind>
</comp>

<comp id="1419" class="1005" name="icmp_ln10_15_reg_1419">
<pin_list>
<pin id="1420" dir="0" index="0" bw="1" slack="7"/>
<pin id="1421" dir="1" index="1" bw="1" slack="10"/>
</pin_list>
<bind>
<opset="icmp_ln10_15 "/>
</bind>
</comp>

<comp id="1424" class="1005" name="select_ln6_reg_1424">
<pin_list>
<pin id="1425" dir="0" index="0" bw="5" slack="1"/>
<pin id="1426" dir="1" index="1" bw="5" slack="1"/>
</pin_list>
<bind>
<opset="select_ln6 "/>
</bind>
</comp>

<comp id="1433" class="1005" name="trunc_ln11_reg_1433">
<pin_list>
<pin id="1434" dir="0" index="0" bw="4" slack="1"/>
<pin id="1435" dir="1" index="1" bw="4" slack="1"/>
</pin_list>
<bind>
<opset="trunc_ln11 "/>
</bind>
</comp>

<comp id="1451" class="1005" name="tmp_reg_1451">
<pin_list>
<pin id="1452" dir="0" index="0" bw="8" slack="5"/>
<pin id="1453" dir="1" index="1" bw="8" slack="5"/>
</pin_list>
<bind>
<opset="tmp "/>
</bind>
</comp>

<comp id="1456" class="1005" name="in1_addr_reg_1456">
<pin_list>
<pin id="1457" dir="0" index="0" bw="8" slack="1"/>
<pin id="1458" dir="1" index="1" bw="8" slack="1"/>
</pin_list>
<bind>
<opset="in1_addr "/>
</bind>
</comp>

<comp id="1461" class="1005" name="in1_addr_1_reg_1461">
<pin_list>
<pin id="1462" dir="0" index="0" bw="8" slack="1"/>
<pin id="1463" dir="1" index="1" bw="8" slack="1"/>
</pin_list>
<bind>
<opset="in1_addr_1 "/>
</bind>
</comp>

<comp id="1466" class="1005" name="zext_ln11_18_reg_1466">
<pin_list>
<pin id="1467" dir="0" index="0" bw="6" slack="2"/>
<pin id="1468" dir="1" index="1" bw="6" slack="2"/>
</pin_list>
<bind>
<opset="zext_ln11_18 "/>
</bind>
</comp>

<comp id="1471" class="1005" name="in2_addr_reg_1471">
<pin_list>
<pin id="1472" dir="0" index="0" bw="8" slack="1"/>
<pin id="1473" dir="1" index="1" bw="8" slack="1"/>
</pin_list>
<bind>
<opset="in2_addr "/>
</bind>
</comp>

<comp id="1476" class="1005" name="in2_addr_1_reg_1476">
<pin_list>
<pin id="1477" dir="0" index="0" bw="8" slack="1"/>
<pin id="1478" dir="1" index="1" bw="8" slack="1"/>
</pin_list>
<bind>
<opset="in2_addr_1 "/>
</bind>
</comp>

<comp id="1481" class="1005" name="bit_sel_reg_1481">
<pin_list>
<pin id="1482" dir="0" index="0" bw="1" slack="7"/>
<pin id="1483" dir="1" index="1" bw="1" slack="7"/>
</pin_list>
<bind>
<opset="bit_sel "/>
</bind>
</comp>

<comp id="1486" class="1005" name="trunc_ln11_1_reg_1486">
<pin_list>
<pin id="1487" dir="0" index="0" bw="4" slack="7"/>
<pin id="1488" dir="1" index="1" bw="4" slack="7"/>
</pin_list>
<bind>
<opset="trunc_ln11_1 "/>
</bind>
</comp>

<comp id="1491" class="1005" name="in1_addr_2_reg_1491">
<pin_list>
<pin id="1492" dir="0" index="0" bw="8" slack="1"/>
<pin id="1493" dir="1" index="1" bw="8" slack="1"/>
</pin_list>
<bind>
<opset="in1_addr_2 "/>
</bind>
</comp>

<comp id="1496" class="1005" name="in1_addr_3_reg_1496">
<pin_list>
<pin id="1497" dir="0" index="0" bw="8" slack="1"/>
<pin id="1498" dir="1" index="1" bw="8" slack="1"/>
</pin_list>
<bind>
<opset="in1_addr_3 "/>
</bind>
</comp>

<comp id="1501" class="1005" name="zext_ln11_17_reg_1501">
<pin_list>
<pin id="1502" dir="0" index="0" bw="7" slack="1"/>
<pin id="1503" dir="1" index="1" bw="7" slack="1"/>
</pin_list>
<bind>
<opset="zext_ln11_17 "/>
</bind>
</comp>

<comp id="1507" class="1005" name="tmp_16_cast_reg_1507">
<pin_list>
<pin id="1508" dir="0" index="0" bw="6" slack="2"/>
<pin id="1509" dir="1" index="1" bw="6" slack="2"/>
</pin_list>
<bind>
<opset="tmp_16_cast "/>
</bind>
</comp>

<comp id="1513" class="1005" name="in2_addr_2_reg_1513">
<pin_list>
<pin id="1514" dir="0" index="0" bw="8" slack="1"/>
<pin id="1515" dir="1" index="1" bw="8" slack="1"/>
</pin_list>
<bind>
<opset="in2_addr_2 "/>
</bind>
</comp>

<comp id="1518" class="1005" name="in2_addr_3_reg_1518">
<pin_list>
<pin id="1519" dir="0" index="0" bw="8" slack="1"/>
<pin id="1520" dir="1" index="1" bw="8" slack="1"/>
</pin_list>
<bind>
<opset="in2_addr_3 "/>
</bind>
</comp>

<comp id="1523" class="1005" name="in1_addr_4_reg_1523">
<pin_list>
<pin id="1524" dir="0" index="0" bw="8" slack="1"/>
<pin id="1525" dir="1" index="1" bw="8" slack="1"/>
</pin_list>
<bind>
<opset="in1_addr_4 "/>
</bind>
</comp>

<comp id="1528" class="1005" name="in1_addr_5_reg_1528">
<pin_list>
<pin id="1529" dir="0" index="0" bw="8" slack="1"/>
<pin id="1530" dir="1" index="1" bw="8" slack="1"/>
</pin_list>
<bind>
<opset="in1_addr_5 "/>
</bind>
</comp>

<comp id="1533" class="1005" name="tmp_17_cast_reg_1533">
<pin_list>
<pin id="1534" dir="0" index="0" bw="7" slack="4"/>
<pin id="1535" dir="1" index="1" bw="7" slack="4"/>
</pin_list>
<bind>
<opset="tmp_17_cast "/>
</bind>
</comp>

<comp id="1538" class="1005" name="in2_addr_4_reg_1538">
<pin_list>
<pin id="1539" dir="0" index="0" bw="8" slack="1"/>
<pin id="1540" dir="1" index="1" bw="8" slack="1"/>
</pin_list>
<bind>
<opset="in2_addr_4 "/>
</bind>
</comp>

<comp id="1543" class="1005" name="add_ln11_2_reg_1543">
<pin_list>
<pin id="1544" dir="0" index="0" bw="7" slack="4"/>
<pin id="1545" dir="1" index="1" bw="7" slack="4"/>
</pin_list>
<bind>
<opset="add_ln11_2 "/>
</bind>
</comp>

<comp id="1548" class="1005" name="in2_addr_5_reg_1548">
<pin_list>
<pin id="1549" dir="0" index="0" bw="8" slack="1"/>
<pin id="1550" dir="1" index="1" bw="8" slack="1"/>
</pin_list>
<bind>
<opset="in2_addr_5 "/>
</bind>
</comp>

<comp id="1553" class="1005" name="in1_addr_6_reg_1553">
<pin_list>
<pin id="1554" dir="0" index="0" bw="8" slack="1"/>
<pin id="1555" dir="1" index="1" bw="8" slack="1"/>
</pin_list>
<bind>
<opset="in1_addr_6 "/>
</bind>
</comp>

<comp id="1558" class="1005" name="in1_addr_7_reg_1558">
<pin_list>
<pin id="1559" dir="0" index="0" bw="8" slack="1"/>
<pin id="1560" dir="1" index="1" bw="8" slack="1"/>
</pin_list>
<bind>
<opset="in1_addr_7 "/>
</bind>
</comp>

<comp id="1563" class="1005" name="zext_ln11_16_reg_1563">
<pin_list>
<pin id="1564" dir="0" index="0" bw="8" slack="1"/>
<pin id="1565" dir="1" index="1" bw="8" slack="1"/>
</pin_list>
<bind>
<opset="zext_ln11_16 "/>
</bind>
</comp>

<comp id="1570" class="1005" name="in2_addr_6_reg_1570">
<pin_list>
<pin id="1571" dir="0" index="0" bw="8" slack="1"/>
<pin id="1572" dir="1" index="1" bw="8" slack="1"/>
</pin_list>
<bind>
<opset="in2_addr_6 "/>
</bind>
</comp>

<comp id="1575" class="1005" name="in2_addr_7_reg_1575">
<pin_list>
<pin id="1576" dir="0" index="0" bw="8" slack="1"/>
<pin id="1577" dir="1" index="1" bw="8" slack="1"/>
</pin_list>
<bind>
<opset="in2_addr_7 "/>
</bind>
</comp>

<comp id="1580" class="1005" name="sum_3_reg_1580">
<pin_list>
<pin id="1581" dir="0" index="0" bw="32" slack="1"/>
<pin id="1582" dir="1" index="1" bw="32" slack="1"/>
</pin_list>
<bind>
<opset="sum_3 "/>
</bind>
</comp>

<comp id="1586" class="1005" name="in1_addr_8_reg_1586">
<pin_list>
<pin id="1587" dir="0" index="0" bw="8" slack="1"/>
<pin id="1588" dir="1" index="1" bw="8" slack="1"/>
</pin_list>
<bind>
<opset="in1_addr_8 "/>
</bind>
</comp>

<comp id="1591" class="1005" name="in1_addr_9_reg_1591">
<pin_list>
<pin id="1592" dir="0" index="0" bw="8" slack="1"/>
<pin id="1593" dir="1" index="1" bw="8" slack="1"/>
</pin_list>
<bind>
<opset="in1_addr_9 "/>
</bind>
</comp>

<comp id="1596" class="1005" name="in2_addr_8_reg_1596">
<pin_list>
<pin id="1597" dir="0" index="0" bw="8" slack="1"/>
<pin id="1598" dir="1" index="1" bw="8" slack="1"/>
</pin_list>
<bind>
<opset="in2_addr_8 "/>
</bind>
</comp>

<comp id="1601" class="1005" name="in2_addr_9_reg_1601">
<pin_list>
<pin id="1602" dir="0" index="0" bw="8" slack="1"/>
<pin id="1603" dir="1" index="1" bw="8" slack="1"/>
</pin_list>
<bind>
<opset="in2_addr_9 "/>
</bind>
</comp>

<comp id="1606" class="1005" name="sum_7_reg_1606">
<pin_list>
<pin id="1607" dir="0" index="0" bw="32" slack="1"/>
<pin id="1608" dir="1" index="1" bw="32" slack="1"/>
</pin_list>
<bind>
<opset="sum_7 "/>
</bind>
</comp>

<comp id="1612" class="1005" name="in1_addr_10_reg_1612">
<pin_list>
<pin id="1613" dir="0" index="0" bw="8" slack="1"/>
<pin id="1614" dir="1" index="1" bw="8" slack="1"/>
</pin_list>
<bind>
<opset="in1_addr_10 "/>
</bind>
</comp>

<comp id="1617" class="1005" name="in1_addr_11_reg_1617">
<pin_list>
<pin id="1618" dir="0" index="0" bw="8" slack="1"/>
<pin id="1619" dir="1" index="1" bw="8" slack="1"/>
</pin_list>
<bind>
<opset="in1_addr_11 "/>
</bind>
</comp>

<comp id="1622" class="1005" name="in2_addr_10_reg_1622">
<pin_list>
<pin id="1623" dir="0" index="0" bw="8" slack="1"/>
<pin id="1624" dir="1" index="1" bw="8" slack="1"/>
</pin_list>
<bind>
<opset="in2_addr_10 "/>
</bind>
</comp>

<comp id="1627" class="1005" name="in2_addr_11_reg_1627">
<pin_list>
<pin id="1628" dir="0" index="0" bw="8" slack="1"/>
<pin id="1629" dir="1" index="1" bw="8" slack="1"/>
</pin_list>
<bind>
<opset="in2_addr_11 "/>
</bind>
</comp>

<comp id="1632" class="1005" name="add_ln14_reg_1632">
<pin_list>
<pin id="1633" dir="0" index="0" bw="8" slack="5"/>
<pin id="1634" dir="1" index="1" bw="8" slack="5"/>
</pin_list>
<bind>
<opset="add_ln14 "/>
</bind>
</comp>

<comp id="1637" class="1005" name="sum_11_reg_1637">
<pin_list>
<pin id="1638" dir="0" index="0" bw="32" slack="1"/>
<pin id="1639" dir="1" index="1" bw="32" slack="1"/>
</pin_list>
<bind>
<opset="sum_11 "/>
</bind>
</comp>

<comp id="1643" class="1005" name="in1_addr_12_reg_1643">
<pin_list>
<pin id="1644" dir="0" index="0" bw="8" slack="1"/>
<pin id="1645" dir="1" index="1" bw="8" slack="1"/>
</pin_list>
<bind>
<opset="in1_addr_12 "/>
</bind>
</comp>

<comp id="1648" class="1005" name="in1_addr_13_reg_1648">
<pin_list>
<pin id="1649" dir="0" index="0" bw="8" slack="1"/>
<pin id="1650" dir="1" index="1" bw="8" slack="1"/>
</pin_list>
<bind>
<opset="in1_addr_13 "/>
</bind>
</comp>

<comp id="1653" class="1005" name="in2_addr_12_reg_1653">
<pin_list>
<pin id="1654" dir="0" index="0" bw="8" slack="1"/>
<pin id="1655" dir="1" index="1" bw="8" slack="1"/>
</pin_list>
<bind>
<opset="in2_addr_12 "/>
</bind>
</comp>

<comp id="1658" class="1005" name="in2_addr_13_reg_1658">
<pin_list>
<pin id="1659" dir="0" index="0" bw="8" slack="1"/>
<pin id="1660" dir="1" index="1" bw="8" slack="1"/>
</pin_list>
<bind>
<opset="in2_addr_13 "/>
</bind>
</comp>

<comp id="1663" class="1005" name="sum_15_reg_1663">
<pin_list>
<pin id="1664" dir="0" index="0" bw="32" slack="1"/>
<pin id="1665" dir="1" index="1" bw="32" slack="1"/>
</pin_list>
<bind>
<opset="sum_15 "/>
</bind>
</comp>

<comp id="1669" class="1005" name="in1_addr_14_reg_1669">
<pin_list>
<pin id="1670" dir="0" index="0" bw="8" slack="1"/>
<pin id="1671" dir="1" index="1" bw="8" slack="1"/>
</pin_list>
<bind>
<opset="in1_addr_14 "/>
</bind>
</comp>

<comp id="1674" class="1005" name="in1_addr_15_reg_1674">
<pin_list>
<pin id="1675" dir="0" index="0" bw="8" slack="1"/>
<pin id="1676" dir="1" index="1" bw="8" slack="1"/>
</pin_list>
<bind>
<opset="in1_addr_15 "/>
</bind>
</comp>

<comp id="1679" class="1005" name="in2_addr_14_reg_1679">
<pin_list>
<pin id="1680" dir="0" index="0" bw="8" slack="1"/>
<pin id="1681" dir="1" index="1" bw="8" slack="1"/>
</pin_list>
<bind>
<opset="in2_addr_14 "/>
</bind>
</comp>

<comp id="1684" class="1005" name="in2_addr_15_reg_1684">
<pin_list>
<pin id="1685" dir="0" index="0" bw="8" slack="1"/>
<pin id="1686" dir="1" index="1" bw="8" slack="1"/>
</pin_list>
<bind>
<opset="in2_addr_15 "/>
</bind>
</comp>

<comp id="1689" class="1005" name="sum_19_reg_1689">
<pin_list>
<pin id="1690" dir="0" index="0" bw="32" slack="1"/>
<pin id="1691" dir="1" index="1" bw="32" slack="1"/>
</pin_list>
<bind>
<opset="sum_19 "/>
</bind>
</comp>

<comp id="1695" class="1005" name="icmp_ln7_reg_1695">
<pin_list>
<pin id="1696" dir="0" index="0" bw="1" slack="1"/>
<pin id="1697" dir="1" index="1" bw="1" slack="1"/>
</pin_list>
<bind>
<opset="icmp_ln7 "/>
</bind>
</comp>

<comp id="1700" class="1005" name="icmp_ln6_reg_1700">
<pin_list>
<pin id="1701" dir="0" index="0" bw="1" slack="1"/>
<pin id="1702" dir="1" index="1" bw="1" slack="2147483647"/>
</pin_list>
<bind>
<opset="icmp_ln6 "/>
</bind>
</comp>

<comp id="1704" class="1005" name="sum_23_reg_1704">
<pin_list>
<pin id="1705" dir="0" index="0" bw="32" slack="1"/>
<pin id="1706" dir="1" index="1" bw="32" slack="1"/>
</pin_list>
<bind>
<opset="sum_23 "/>
</bind>
</comp>

<comp id="1710" class="1005" name="sum_27_reg_1710">
<pin_list>
<pin id="1711" dir="0" index="0" bw="32" slack="1"/>
<pin id="1712" dir="1" index="1" bw="32" slack="1"/>
</pin_list>
<bind>
<opset="sum_27 "/>
</bind>
</comp>

</comp_list>

<net_list>
<net id="165"><net_src comp="8" pin="0"/><net_sink comp="162" pin=0"/></net>

<net id="169"><net_src comp="8" pin="0"/><net_sink comp="166" pin=0"/></net>

<net id="173"><net_src comp="8" pin="0"/><net_sink comp="170" pin=0"/></net>

<net id="178"><net_src comp="28" pin="0"/><net_sink comp="174" pin=0"/></net>

<net id="179"><net_src comp="6" pin="0"/><net_sink comp="174" pin=1"/></net>

<net id="185"><net_src comp="0" pin="0"/><net_sink comp="180" pin=0"/></net>

<net id="186"><net_src comp="84" pin="0"/><net_sink comp="180" pin=1"/></net>

<net id="192"><net_src comp="0" pin="0"/><net_sink comp="187" pin=0"/></net>

<net id="193"><net_src comp="84" pin="0"/><net_sink comp="187" pin=1"/></net>

<net id="203"><net_src comp="180" pin="3"/><net_sink comp="194" pin=2"/></net>

<net id="204"><net_src comp="187" pin="3"/><net_sink comp="194" pin=0"/></net>

<net id="210"><net_src comp="2" pin="0"/><net_sink comp="205" pin=0"/></net>

<net id="211"><net_src comp="84" pin="0"/><net_sink comp="205" pin=1"/></net>

<net id="217"><net_src comp="2" pin="0"/><net_sink comp="212" pin=0"/></net>

<net id="218"><net_src comp="84" pin="0"/><net_sink comp="212" pin=1"/></net>

<net id="228"><net_src comp="205" pin="3"/><net_sink comp="219" pin=2"/></net>

<net id="229"><net_src comp="212" pin="3"/><net_sink comp="219" pin=0"/></net>

<net id="235"><net_src comp="0" pin="0"/><net_sink comp="230" pin=0"/></net>

<net id="236"><net_src comp="84" pin="0"/><net_sink comp="230" pin=1"/></net>

<net id="242"><net_src comp="0" pin="0"/><net_sink comp="237" pin=0"/></net>

<net id="243"><net_src comp="84" pin="0"/><net_sink comp="237" pin=1"/></net>

<net id="244"><net_src comp="230" pin="3"/><net_sink comp="194" pin=2"/></net>

<net id="245"><net_src comp="237" pin="3"/><net_sink comp="194" pin=0"/></net>

<net id="251"><net_src comp="2" pin="0"/><net_sink comp="246" pin=0"/></net>

<net id="252"><net_src comp="84" pin="0"/><net_sink comp="246" pin=1"/></net>

<net id="258"><net_src comp="2" pin="0"/><net_sink comp="253" pin=0"/></net>

<net id="259"><net_src comp="84" pin="0"/><net_sink comp="253" pin=1"/></net>

<net id="260"><net_src comp="246" pin="3"/><net_sink comp="219" pin=2"/></net>

<net id="261"><net_src comp="253" pin="3"/><net_sink comp="219" pin=0"/></net>

<net id="267"><net_src comp="0" pin="0"/><net_sink comp="262" pin=0"/></net>

<net id="268"><net_src comp="84" pin="0"/><net_sink comp="262" pin=1"/></net>

<net id="274"><net_src comp="0" pin="0"/><net_sink comp="269" pin=0"/></net>

<net id="275"><net_src comp="84" pin="0"/><net_sink comp="269" pin=1"/></net>

<net id="276"><net_src comp="262" pin="3"/><net_sink comp="194" pin=2"/></net>

<net id="277"><net_src comp="269" pin="3"/><net_sink comp="194" pin=0"/></net>

<net id="283"><net_src comp="2" pin="0"/><net_sink comp="278" pin=0"/></net>

<net id="284"><net_src comp="84" pin="0"/><net_sink comp="278" pin=1"/></net>

<net id="290"><net_src comp="2" pin="0"/><net_sink comp="285" pin=0"/></net>

<net id="291"><net_src comp="84" pin="0"/><net_sink comp="285" pin=1"/></net>

<net id="292"><net_src comp="278" pin="3"/><net_sink comp="219" pin=2"/></net>

<net id="293"><net_src comp="285" pin="3"/><net_sink comp="219" pin=0"/></net>

<net id="299"><net_src comp="0" pin="0"/><net_sink comp="294" pin=0"/></net>

<net id="300"><net_src comp="84" pin="0"/><net_sink comp="294" pin=1"/></net>

<net id="306"><net_src comp="0" pin="0"/><net_sink comp="301" pin=0"/></net>

<net id="307"><net_src comp="84" pin="0"/><net_sink comp="301" pin=1"/></net>

<net id="308"><net_src comp="294" pin="3"/><net_sink comp="194" pin=2"/></net>

<net id="309"><net_src comp="301" pin="3"/><net_sink comp="194" pin=0"/></net>

<net id="315"><net_src comp="2" pin="0"/><net_sink comp="310" pin=0"/></net>

<net id="316"><net_src comp="84" pin="0"/><net_sink comp="310" pin=1"/></net>

<net id="322"><net_src comp="2" pin="0"/><net_sink comp="317" pin=0"/></net>

<net id="323"><net_src comp="84" pin="0"/><net_sink comp="317" pin=1"/></net>

<net id="324"><net_src comp="310" pin="3"/><net_sink comp="219" pin=2"/></net>

<net id="325"><net_src comp="317" pin="3"/><net_sink comp="219" pin=0"/></net>

<net id="331"><net_src comp="0" pin="0"/><net_sink comp="326" pin=0"/></net>

<net id="332"><net_src comp="84" pin="0"/><net_sink comp="326" pin=1"/></net>

<net id="338"><net_src comp="0" pin="0"/><net_sink comp="333" pin=0"/></net>

<net id="339"><net_src comp="84" pin="0"/><net_sink comp="333" pin=1"/></net>

<net id="340"><net_src comp="326" pin="3"/><net_sink comp="194" pin=2"/></net>

<net id="341"><net_src comp="333" pin="3"/><net_sink comp="194" pin=0"/></net>

<net id="347"><net_src comp="2" pin="0"/><net_sink comp="342" pin=0"/></net>

<net id="348"><net_src comp="84" pin="0"/><net_sink comp="342" pin=1"/></net>

<net id="354"><net_src comp="2" pin="0"/><net_sink comp="349" pin=0"/></net>

<net id="355"><net_src comp="84" pin="0"/><net_sink comp="349" pin=1"/></net>

<net id="356"><net_src comp="342" pin="3"/><net_sink comp="219" pin=2"/></net>

<net id="357"><net_src comp="349" pin="3"/><net_sink comp="219" pin=0"/></net>

<net id="363"><net_src comp="0" pin="0"/><net_sink comp="358" pin=0"/></net>

<net id="364"><net_src comp="84" pin="0"/><net_sink comp="358" pin=1"/></net>

<net id="370"><net_src comp="0" pin="0"/><net_sink comp="365" pin=0"/></net>

<net id="371"><net_src comp="84" pin="0"/><net_sink comp="365" pin=1"/></net>

<net id="372"><net_src comp="358" pin="3"/><net_sink comp="194" pin=2"/></net>

<net id="373"><net_src comp="365" pin="3"/><net_sink comp="194" pin=0"/></net>

<net id="379"><net_src comp="2" pin="0"/><net_sink comp="374" pin=0"/></net>

<net id="380"><net_src comp="84" pin="0"/><net_sink comp="374" pin=1"/></net>

<net id="386"><net_src comp="2" pin="0"/><net_sink comp="381" pin=0"/></net>

<net id="387"><net_src comp="84" pin="0"/><net_sink comp="381" pin=1"/></net>

<net id="388"><net_src comp="374" pin="3"/><net_sink comp="219" pin=2"/></net>

<net id="389"><net_src comp="381" pin="3"/><net_sink comp="219" pin=0"/></net>

<net id="395"><net_src comp="0" pin="0"/><net_sink comp="390" pin=0"/></net>

<net id="396"><net_src comp="84" pin="0"/><net_sink comp="390" pin=1"/></net>

<net id="402"><net_src comp="0" pin="0"/><net_sink comp="397" pin=0"/></net>

<net id="403"><net_src comp="84" pin="0"/><net_sink comp="397" pin=1"/></net>

<net id="404"><net_src comp="390" pin="3"/><net_sink comp="194" pin=2"/></net>

<net id="405"><net_src comp="397" pin="3"/><net_sink comp="194" pin=0"/></net>

<net id="411"><net_src comp="2" pin="0"/><net_sink comp="406" pin=0"/></net>

<net id="412"><net_src comp="84" pin="0"/><net_sink comp="406" pin=1"/></net>

<net id="418"><net_src comp="2" pin="0"/><net_sink comp="413" pin=0"/></net>

<net id="419"><net_src comp="84" pin="0"/><net_sink comp="413" pin=1"/></net>

<net id="420"><net_src comp="406" pin="3"/><net_sink comp="219" pin=2"/></net>

<net id="421"><net_src comp="413" pin="3"/><net_sink comp="219" pin=0"/></net>

<net id="427"><net_src comp="0" pin="0"/><net_sink comp="422" pin=0"/></net>

<net id="428"><net_src comp="84" pin="0"/><net_sink comp="422" pin=1"/></net>

<net id="434"><net_src comp="0" pin="0"/><net_sink comp="429" pin=0"/></net>

<net id="435"><net_src comp="84" pin="0"/><net_sink comp="429" pin=1"/></net>

<net id="436"><net_src comp="422" pin="3"/><net_sink comp="194" pin=2"/></net>

<net id="437"><net_src comp="429" pin="3"/><net_sink comp="194" pin=0"/></net>

<net id="443"><net_src comp="2" pin="0"/><net_sink comp="438" pin=0"/></net>

<net id="444"><net_src comp="84" pin="0"/><net_sink comp="438" pin=1"/></net>

<net id="450"><net_src comp="2" pin="0"/><net_sink comp="445" pin=0"/></net>

<net id="451"><net_src comp="84" pin="0"/><net_sink comp="445" pin=1"/></net>

<net id="452"><net_src comp="438" pin="3"/><net_sink comp="219" pin=2"/></net>

<net id="453"><net_src comp="445" pin="3"/><net_sink comp="219" pin=0"/></net>

<net id="459"><net_src comp="4" pin="0"/><net_sink comp="454" pin=0"/></net>

<net id="460"><net_src comp="84" pin="0"/><net_sink comp="454" pin=1"/></net>

<net id="466"><net_src comp="454" pin="3"/><net_sink comp="461" pin=0"/></net>

<net id="476"><net_src comp="76" pin="0"/><net_sink comp="470" pin=0"/></net>

<net id="481"><net_src comp="219" pin="7"/><net_sink comp="477" pin=0"/></net>

<net id="482"><net_src comp="194" pin="7"/><net_sink comp="477" pin=1"/></net>

<net id="487"><net_src comp="219" pin="3"/><net_sink comp="483" pin=0"/></net>

<net id="488"><net_src comp="194" pin="3"/><net_sink comp="483" pin=1"/></net>

<net id="492"><net_src comp="194" pin="7"/><net_sink comp="489" pin=0"/></net>

<net id="493"><net_src comp="489" pin="1"/><net_sink comp="477" pin=1"/></net>

<net id="497"><net_src comp="194" pin="3"/><net_sink comp="494" pin=0"/></net>

<net id="498"><net_src comp="494" pin="1"/><net_sink comp="483" pin=1"/></net>

<net id="502"><net_src comp="219" pin="7"/><net_sink comp="499" pin=0"/></net>

<net id="503"><net_src comp="499" pin="1"/><net_sink comp="477" pin=0"/></net>

<net id="507"><net_src comp="219" pin="3"/><net_sink comp="504" pin=0"/></net>

<net id="508"><net_src comp="504" pin="1"/><net_sink comp="483" pin=0"/></net>

<net id="512"><net_src comp="477" pin="2"/><net_sink comp="509" pin=0"/></net>

<net id="516"><net_src comp="483" pin="2"/><net_sink comp="513" pin=0"/></net>

<net id="521"><net_src comp="174" pin="2"/><net_sink comp="517" pin=0"/></net>

<net id="522"><net_src comp="18" pin="0"/><net_sink comp="517" pin=1"/></net>

<net id="529"><net_src comp="30" pin="0"/><net_sink comp="523" pin=0"/></net>

<net id="530"><net_src comp="174" pin="2"/><net_sink comp="523" pin=1"/></net>

<net id="531"><net_src comp="8" pin="0"/><net_sink comp="523" pin=2"/></net>

<net id="532"><net_src comp="32" pin="0"/><net_sink comp="523" pin=3"/></net>

<net id="537"><net_src comp="523" pin="4"/><net_sink comp="533" pin=0"/></net>

<net id="538"><net_src comp="34" pin="0"/><net_sink comp="533" pin=1"/></net>

<net id="543"><net_src comp="174" pin="2"/><net_sink comp="539" pin=0"/></net>

<net id="544"><net_src comp="36" pin="0"/><net_sink comp="539" pin=1"/></net>

<net id="551"><net_src comp="38" pin="0"/><net_sink comp="545" pin=0"/></net>

<net id="552"><net_src comp="174" pin="2"/><net_sink comp="545" pin=1"/></net>

<net id="553"><net_src comp="36" pin="0"/><net_sink comp="545" pin=2"/></net>

<net id="554"><net_src comp="32" pin="0"/><net_sink comp="545" pin=3"/></net>

<net id="559"><net_src comp="545" pin="4"/><net_sink comp="555" pin=0"/></net>

<net id="560"><net_src comp="40" pin="0"/><net_sink comp="555" pin=1"/></net>

<net id="565"><net_src comp="174" pin="2"/><net_sink comp="561" pin=0"/></net>

<net id="566"><net_src comp="42" pin="0"/><net_sink comp="561" pin=1"/></net>

<net id="571"><net_src comp="174" pin="2"/><net_sink comp="567" pin=0"/></net>

<net id="572"><net_src comp="44" pin="0"/><net_sink comp="567" pin=1"/></net>

<net id="577"><net_src comp="174" pin="2"/><net_sink comp="573" pin=0"/></net>

<net id="578"><net_src comp="46" pin="0"/><net_sink comp="573" pin=1"/></net>

<net id="585"><net_src comp="48" pin="0"/><net_sink comp="579" pin=0"/></net>

<net id="586"><net_src comp="174" pin="2"/><net_sink comp="579" pin=1"/></net>

<net id="587"><net_src comp="50" pin="0"/><net_sink comp="579" pin=2"/></net>

<net id="588"><net_src comp="32" pin="0"/><net_sink comp="579" pin=3"/></net>

<net id="593"><net_src comp="579" pin="4"/><net_sink comp="589" pin=0"/></net>

<net id="594"><net_src comp="52" pin="0"/><net_sink comp="589" pin=1"/></net>

<net id="599"><net_src comp="174" pin="2"/><net_sink comp="595" pin=0"/></net>

<net id="600"><net_src comp="54" pin="0"/><net_sink comp="595" pin=1"/></net>

<net id="605"><net_src comp="174" pin="2"/><net_sink comp="601" pin=0"/></net>

<net id="606"><net_src comp="56" pin="0"/><net_sink comp="601" pin=1"/></net>

<net id="611"><net_src comp="174" pin="2"/><net_sink comp="607" pin=0"/></net>

<net id="612"><net_src comp="58" pin="0"/><net_sink comp="607" pin=1"/></net>

<net id="617"><net_src comp="174" pin="2"/><net_sink comp="613" pin=0"/></net>

<net id="618"><net_src comp="60" pin="0"/><net_sink comp="613" pin=1"/></net>

<net id="623"><net_src comp="174" pin="2"/><net_sink comp="619" pin=0"/></net>

<net id="624"><net_src comp="62" pin="0"/><net_sink comp="619" pin=1"/></net>

<net id="629"><net_src comp="174" pin="2"/><net_sink comp="625" pin=0"/></net>

<net id="630"><net_src comp="64" pin="0"/><net_sink comp="625" pin=1"/></net>

<net id="635"><net_src comp="174" pin="2"/><net_sink comp="631" pin=0"/></net>

<net id="636"><net_src comp="66" pin="0"/><net_sink comp="631" pin=1"/></net>

<net id="643"><net_src comp="68" pin="0"/><net_sink comp="637" pin=0"/></net>

<net id="644"><net_src comp="174" pin="2"/><net_sink comp="637" pin=1"/></net>

<net id="645"><net_src comp="42" pin="0"/><net_sink comp="637" pin=2"/></net>

<net id="646"><net_src comp="32" pin="0"/><net_sink comp="637" pin=3"/></net>

<net id="651"><net_src comp="637" pin="4"/><net_sink comp="647" pin=0"/></net>

<net id="652"><net_src comp="70" pin="0"/><net_sink comp="647" pin=1"/></net>

<net id="657"><net_src comp="72" pin="0"/><net_sink comp="653" pin=0"/></net>

<net id="662"><net_src comp="72" pin="0"/><net_sink comp="658" pin=0"/></net>

<net id="667"><net_src comp="74" pin="0"/><net_sink comp="663" pin=0"/></net>

<net id="678"><net_src comp="668" pin="1"/><net_sink comp="674" pin=0"/></net>

<net id="679"><net_src comp="78" pin="0"/><net_sink comp="674" pin=1"/></net>

<net id="685"><net_src comp="470" pin="4"/><net_sink comp="680" pin=0"/></net>

<net id="686"><net_src comp="72" pin="0"/><net_sink comp="680" pin=1"/></net>

<net id="687"><net_src comp="671" pin="1"/><net_sink comp="680" pin=2"/></net>

<net id="693"><net_src comp="470" pin="4"/><net_sink comp="688" pin=0"/></net>

<net id="694"><net_src comp="674" pin="2"/><net_sink comp="688" pin=1"/></net>

<net id="695"><net_src comp="668" pin="1"/><net_sink comp="688" pin=2"/></net>

<net id="699"><net_src comp="688" pin="3"/><net_sink comp="696" pin=0"/></net>

<net id="705"><net_src comp="80" pin="0"/><net_sink comp="700" pin=0"/></net>

<net id="706"><net_src comp="696" pin="1"/><net_sink comp="700" pin=1"/></net>

<net id="707"><net_src comp="82" pin="0"/><net_sink comp="700" pin=2"/></net>

<net id="711"><net_src comp="700" pin="3"/><net_sink comp="708" pin=0"/></net>

<net id="712"><net_src comp="708" pin="1"/><net_sink comp="180" pin=2"/></net>

<net id="718"><net_src comp="80" pin="0"/><net_sink comp="713" pin=0"/></net>

<net id="719"><net_src comp="696" pin="1"/><net_sink comp="713" pin=1"/></net>

<net id="720"><net_src comp="86" pin="0"/><net_sink comp="713" pin=2"/></net>

<net id="724"><net_src comp="713" pin="3"/><net_sink comp="721" pin=0"/></net>

<net id="725"><net_src comp="721" pin="1"/><net_sink comp="187" pin=2"/></net>

<net id="729"><net_src comp="680" pin="3"/><net_sink comp="726" pin=0"/></net>

<net id="730"><net_src comp="726" pin="1"/><net_sink comp="205" pin=2"/></net>

<net id="734"><net_src comp="680" pin="3"/><net_sink comp="731" pin=0"/></net>

<net id="739"><net_src comp="731" pin="1"/><net_sink comp="735" pin=0"/></net>

<net id="740"><net_src comp="88" pin="0"/><net_sink comp="735" pin=1"/></net>

<net id="744"><net_src comp="735" pin="2"/><net_sink comp="741" pin=0"/></net>

<net id="745"><net_src comp="741" pin="1"/><net_sink comp="212" pin=2"/></net>

<net id="751"><net_src comp="90" pin="0"/><net_sink comp="746" pin=0"/></net>

<net id="752"><net_src comp="680" pin="3"/><net_sink comp="746" pin=1"/></net>

<net id="753"><net_src comp="92" pin="0"/><net_sink comp="746" pin=2"/></net>

<net id="757"><net_src comp="680" pin="3"/><net_sink comp="754" pin=0"/></net>

<net id="762"><net_src comp="688" pin="3"/><net_sink comp="758" pin=0"/></net>

<net id="768"><net_src comp="80" pin="0"/><net_sink comp="763" pin=0"/></net>

<net id="769"><net_src comp="94" pin="0"/><net_sink comp="763" pin=2"/></net>

<net id="773"><net_src comp="763" pin="3"/><net_sink comp="770" pin=0"/></net>

<net id="774"><net_src comp="770" pin="1"/><net_sink comp="230" pin=2"/></net>

<net id="780"><net_src comp="80" pin="0"/><net_sink comp="775" pin=0"/></net>

<net id="781"><net_src comp="96" pin="0"/><net_sink comp="775" pin=2"/></net>

<net id="785"><net_src comp="775" pin="3"/><net_sink comp="782" pin=0"/></net>

<net id="786"><net_src comp="782" pin="1"/><net_sink comp="237" pin=2"/></net>

<net id="795"><net_src comp="98" pin="0"/><net_sink comp="790" pin=0"/></net>

<net id="796"><net_src comp="100" pin="0"/><net_sink comp="790" pin=1"/></net>

<net id="800"><net_src comp="790" pin="3"/><net_sink comp="797" pin=0"/></net>

<net id="801"><net_src comp="797" pin="1"/><net_sink comp="246" pin=2"/></net>

<net id="806"><net_src comp="787" pin="1"/><net_sink comp="802" pin=0"/></net>

<net id="807"><net_src comp="102" pin="0"/><net_sink comp="802" pin=1"/></net>

<net id="811"><net_src comp="802" pin="2"/><net_sink comp="808" pin=0"/></net>

<net id="812"><net_src comp="808" pin="1"/><net_sink comp="253" pin=2"/></net>

<net id="818"><net_src comp="80" pin="0"/><net_sink comp="813" pin=0"/></net>

<net id="819"><net_src comp="104" pin="0"/><net_sink comp="813" pin=2"/></net>

<net id="823"><net_src comp="813" pin="3"/><net_sink comp="820" pin=0"/></net>

<net id="824"><net_src comp="820" pin="1"/><net_sink comp="262" pin=2"/></net>

<net id="830"><net_src comp="80" pin="0"/><net_sink comp="825" pin=0"/></net>

<net id="831"><net_src comp="106" pin="0"/><net_sink comp="825" pin=2"/></net>

<net id="835"><net_src comp="825" pin="3"/><net_sink comp="832" pin=0"/></net>

<net id="836"><net_src comp="832" pin="1"/><net_sink comp="269" pin=2"/></net>

<net id="842"><net_src comp="108" pin="0"/><net_sink comp="837" pin=0"/></net>

<net id="843"><net_src comp="100" pin="0"/><net_sink comp="837" pin=1"/></net>

<net id="847"><net_src comp="837" pin="3"/><net_sink comp="844" pin=0"/></net>

<net id="848"><net_src comp="844" pin="1"/><net_sink comp="278" pin=2"/></net>

<net id="853"><net_src comp="110" pin="0"/><net_sink comp="849" pin=1"/></net>

<net id="857"><net_src comp="849" pin="2"/><net_sink comp="854" pin=0"/></net>

<net id="858"><net_src comp="854" pin="1"/><net_sink comp="285" pin=2"/></net>

<net id="864"><net_src comp="80" pin="0"/><net_sink comp="859" pin=0"/></net>

<net id="865"><net_src comp="112" pin="0"/><net_sink comp="859" pin=2"/></net>

<net id="869"><net_src comp="859" pin="3"/><net_sink comp="866" pin=0"/></net>

<net id="870"><net_src comp="866" pin="1"/><net_sink comp="294" pin=2"/></net>

<net id="876"><net_src comp="80" pin="0"/><net_sink comp="871" pin=0"/></net>

<net id="877"><net_src comp="114" pin="0"/><net_sink comp="871" pin=2"/></net>

<net id="881"><net_src comp="871" pin="3"/><net_sink comp="878" pin=0"/></net>

<net id="882"><net_src comp="878" pin="1"/><net_sink comp="301" pin=2"/></net>

<net id="892"><net_src comp="886" pin="1"/><net_sink comp="889" pin=0"/></net>

<net id="893"><net_src comp="889" pin="1"/><net_sink comp="310" pin=2"/></net>

<net id="898"><net_src comp="883" pin="1"/><net_sink comp="894" pin=0"/></net>

<net id="899"><net_src comp="116" pin="0"/><net_sink comp="894" pin=1"/></net>

<net id="903"><net_src comp="894" pin="2"/><net_sink comp="900" pin=0"/></net>

<net id="904"><net_src comp="900" pin="1"/><net_sink comp="317" pin=2"/></net>

<net id="910"><net_src comp="509" pin="1"/><net_sink comp="905" pin=1"/></net>

<net id="911"><net_src comp="18" pin="0"/><net_sink comp="905" pin=2"/></net>

<net id="916"><net_src comp="513" pin="1"/><net_sink comp="912" pin=0"/></net>

<net id="917"><net_src comp="905" pin="3"/><net_sink comp="912" pin=1"/></net>

<net id="923"><net_src comp="912" pin="2"/><net_sink comp="918" pin=1"/></net>

<net id="924"><net_src comp="905" pin="3"/><net_sink comp="918" pin=2"/></net>

<net id="930"><net_src comp="80" pin="0"/><net_sink comp="925" pin=0"/></net>

<net id="931"><net_src comp="118" pin="0"/><net_sink comp="925" pin=2"/></net>

<net id="935"><net_src comp="925" pin="3"/><net_sink comp="932" pin=0"/></net>

<net id="936"><net_src comp="932" pin="1"/><net_sink comp="326" pin=2"/></net>

<net id="942"><net_src comp="80" pin="0"/><net_sink comp="937" pin=0"/></net>

<net id="943"><net_src comp="120" pin="0"/><net_sink comp="937" pin=2"/></net>

<net id="947"><net_src comp="937" pin="3"/><net_sink comp="944" pin=0"/></net>

<net id="948"><net_src comp="944" pin="1"/><net_sink comp="333" pin=2"/></net>

<net id="954"><net_src comp="122" pin="0"/><net_sink comp="949" pin=0"/></net>

<net id="955"><net_src comp="100" pin="0"/><net_sink comp="949" pin=1"/></net>

<net id="959"><net_src comp="949" pin="3"/><net_sink comp="956" pin=0"/></net>

<net id="960"><net_src comp="956" pin="1"/><net_sink comp="342" pin=2"/></net>

<net id="965"><net_src comp="124" pin="0"/><net_sink comp="961" pin=1"/></net>

<net id="969"><net_src comp="961" pin="2"/><net_sink comp="966" pin=0"/></net>

<net id="970"><net_src comp="966" pin="1"/><net_sink comp="349" pin=2"/></net>

<net id="975"><net_src comp="509" pin="1"/><net_sink comp="971" pin=0"/></net>

<net id="981"><net_src comp="971" pin="2"/><net_sink comp="976" pin=1"/></net>

<net id="986"><net_src comp="513" pin="1"/><net_sink comp="982" pin=0"/></net>

<net id="987"><net_src comp="976" pin="3"/><net_sink comp="982" pin=1"/></net>

<net id="993"><net_src comp="982" pin="2"/><net_sink comp="988" pin=1"/></net>

<net id="994"><net_src comp="976" pin="3"/><net_sink comp="988" pin=2"/></net>

<net id="1000"><net_src comp="80" pin="0"/><net_sink comp="995" pin=0"/></net>

<net id="1001"><net_src comp="126" pin="0"/><net_sink comp="995" pin=2"/></net>

<net id="1005"><net_src comp="995" pin="3"/><net_sink comp="1002" pin=0"/></net>

<net id="1006"><net_src comp="1002" pin="1"/><net_sink comp="358" pin=2"/></net>

<net id="1012"><net_src comp="80" pin="0"/><net_sink comp="1007" pin=0"/></net>

<net id="1013"><net_src comp="128" pin="0"/><net_sink comp="1007" pin=2"/></net>

<net id="1017"><net_src comp="1007" pin="3"/><net_sink comp="1014" pin=0"/></net>

<net id="1018"><net_src comp="1014" pin="1"/><net_sink comp="365" pin=2"/></net>

<net id="1024"><net_src comp="130" pin="0"/><net_sink comp="1019" pin=0"/></net>

<net id="1025"><net_src comp="132" pin="0"/><net_sink comp="1019" pin=1"/></net>

<net id="1029"><net_src comp="1019" pin="3"/><net_sink comp="1026" pin=0"/></net>

<net id="1030"><net_src comp="1026" pin="1"/><net_sink comp="374" pin=2"/></net>

<net id="1035"><net_src comp="134" pin="0"/><net_sink comp="1031" pin=1"/></net>

<net id="1039"><net_src comp="1031" pin="2"/><net_sink comp="1036" pin=0"/></net>

<net id="1040"><net_src comp="1036" pin="1"/><net_sink comp="381" pin=2"/></net>

<net id="1049"><net_src comp="509" pin="1"/><net_sink comp="1045" pin=0"/></net>

<net id="1055"><net_src comp="1045" pin="2"/><net_sink comp="1050" pin=1"/></net>

<net id="1060"><net_src comp="513" pin="1"/><net_sink comp="1056" pin=0"/></net>

<net id="1061"><net_src comp="1050" pin="3"/><net_sink comp="1056" pin=1"/></net>

<net id="1067"><net_src comp="1056" pin="2"/><net_sink comp="1062" pin=1"/></net>

<net id="1068"><net_src comp="1050" pin="3"/><net_sink comp="1062" pin=2"/></net>

<net id="1074"><net_src comp="80" pin="0"/><net_sink comp="1069" pin=0"/></net>

<net id="1075"><net_src comp="136" pin="0"/><net_sink comp="1069" pin=2"/></net>

<net id="1079"><net_src comp="1069" pin="3"/><net_sink comp="1076" pin=0"/></net>

<net id="1080"><net_src comp="1076" pin="1"/><net_sink comp="390" pin=2"/></net>

<net id="1086"><net_src comp="80" pin="0"/><net_sink comp="1081" pin=0"/></net>

<net id="1087"><net_src comp="138" pin="0"/><net_sink comp="1081" pin=2"/></net>

<net id="1091"><net_src comp="1081" pin="3"/><net_sink comp="1088" pin=0"/></net>

<net id="1092"><net_src comp="1088" pin="1"/><net_sink comp="397" pin=2"/></net>

<net id="1099"><net_src comp="1093" pin="1"/><net_sink comp="1096" pin=0"/></net>

<net id="1100"><net_src comp="1096" pin="1"/><net_sink comp="406" pin=2"/></net>

<net id="1107"><net_src comp="1101" pin="1"/><net_sink comp="1104" pin=0"/></net>

<net id="1108"><net_src comp="1104" pin="1"/><net_sink comp="413" pin=2"/></net>

<net id="1113"><net_src comp="509" pin="1"/><net_sink comp="1109" pin=0"/></net>

<net id="1119"><net_src comp="1109" pin="2"/><net_sink comp="1114" pin=1"/></net>

<net id="1124"><net_src comp="513" pin="1"/><net_sink comp="1120" pin=0"/></net>

<net id="1125"><net_src comp="1114" pin="3"/><net_sink comp="1120" pin=1"/></net>

<net id="1131"><net_src comp="1120" pin="2"/><net_sink comp="1126" pin=1"/></net>

<net id="1132"><net_src comp="1114" pin="3"/><net_sink comp="1126" pin=2"/></net>

<net id="1141"><net_src comp="80" pin="0"/><net_sink comp="1136" pin=0"/></net>

<net id="1142"><net_src comp="140" pin="0"/><net_sink comp="1136" pin=2"/></net>

<net id="1146"><net_src comp="1136" pin="3"/><net_sink comp="1143" pin=0"/></net>

<net id="1147"><net_src comp="1143" pin="1"/><net_sink comp="422" pin=2"/></net>

<net id="1153"><net_src comp="80" pin="0"/><net_sink comp="1148" pin=0"/></net>

<net id="1154"><net_src comp="142" pin="0"/><net_sink comp="1148" pin=2"/></net>

<net id="1158"><net_src comp="1148" pin="3"/><net_sink comp="1155" pin=0"/></net>

<net id="1159"><net_src comp="1155" pin="1"/><net_sink comp="429" pin=2"/></net>

<net id="1166"><net_src comp="1160" pin="1"/><net_sink comp="1163" pin=0"/></net>

<net id="1167"><net_src comp="1163" pin="1"/><net_sink comp="438" pin=2"/></net>

<net id="1172"><net_src comp="100" pin="0"/><net_sink comp="1168" pin=1"/></net>

<net id="1178"><net_src comp="144" pin="0"/><net_sink comp="1173" pin=0"/></net>

<net id="1179"><net_src comp="1168" pin="2"/><net_sink comp="1173" pin=1"/></net>

<net id="1183"><net_src comp="1173" pin="3"/><net_sink comp="1180" pin=0"/></net>

<net id="1187"><net_src comp="1180" pin="1"/><net_sink comp="1184" pin=0"/></net>

<net id="1188"><net_src comp="1184" pin="1"/><net_sink comp="445" pin=2"/></net>

<net id="1193"><net_src comp="509" pin="1"/><net_sink comp="1189" pin=0"/></net>

<net id="1199"><net_src comp="1189" pin="2"/><net_sink comp="1194" pin=1"/></net>

<net id="1204"><net_src comp="513" pin="1"/><net_sink comp="1200" pin=0"/></net>

<net id="1205"><net_src comp="1194" pin="3"/><net_sink comp="1200" pin=1"/></net>

<net id="1211"><net_src comp="1200" pin="2"/><net_sink comp="1206" pin=1"/></net>

<net id="1212"><net_src comp="1194" pin="3"/><net_sink comp="1206" pin=2"/></net>

<net id="1217"><net_src comp="78" pin="0"/><net_sink comp="1213" pin=1"/></net>

<net id="1222"><net_src comp="1133" pin="1"/><net_sink comp="1218" pin=0"/></net>

<net id="1223"><net_src comp="146" pin="0"/><net_sink comp="1218" pin=1"/></net>

<net id="1228"><net_src comp="1213" pin="2"/><net_sink comp="1224" pin=0"/></net>

<net id="1229"><net_src comp="148" pin="0"/><net_sink comp="1224" pin=1"/></net>

<net id="1234"><net_src comp="1133" pin="1"/><net_sink comp="1230" pin=0"/></net>

<net id="1235"><net_src comp="150" pin="0"/><net_sink comp="1230" pin=1"/></net>

<net id="1240"><net_src comp="1213" pin="2"/><net_sink comp="1236" pin=0"/></net>

<net id="1245"><net_src comp="1218" pin="2"/><net_sink comp="1241" pin=0"/></net>

<net id="1250"><net_src comp="509" pin="1"/><net_sink comp="1246" pin=0"/></net>

<net id="1256"><net_src comp="1246" pin="2"/><net_sink comp="1251" pin=1"/></net>

<net id="1261"><net_src comp="513" pin="1"/><net_sink comp="1257" pin=0"/></net>

<net id="1262"><net_src comp="1251" pin="3"/><net_sink comp="1257" pin=1"/></net>

<net id="1268"><net_src comp="1257" pin="2"/><net_sink comp="1263" pin=1"/></net>

<net id="1269"><net_src comp="1251" pin="3"/><net_sink comp="1263" pin=2"/></net>

<net id="1274"><net_src comp="509" pin="1"/><net_sink comp="1270" pin=0"/></net>

<net id="1280"><net_src comp="1270" pin="2"/><net_sink comp="1275" pin=1"/></net>

<net id="1285"><net_src comp="513" pin="1"/><net_sink comp="1281" pin=0"/></net>

<net id="1286"><net_src comp="1275" pin="3"/><net_sink comp="1281" pin=1"/></net>

<net id="1292"><net_src comp="1281" pin="2"/><net_sink comp="1287" pin=1"/></net>

<net id="1293"><net_src comp="1275" pin="3"/><net_sink comp="1287" pin=2"/></net>

<net id="1297"><net_src comp="1294" pin="1"/><net_sink comp="454" pin=2"/></net>

<net id="1302"><net_src comp="509" pin="1"/><net_sink comp="1298" pin=0"/></net>

<net id="1308"><net_src comp="1298" pin="2"/><net_sink comp="1303" pin=1"/></net>

<net id="1313"><net_src comp="513" pin="1"/><net_sink comp="1309" pin=0"/></net>

<net id="1314"><net_src comp="1303" pin="3"/><net_sink comp="1309" pin=1"/></net>

<net id="1320"><net_src comp="1309" pin="2"/><net_sink comp="1315" pin=1"/></net>

<net id="1321"><net_src comp="1303" pin="3"/><net_sink comp="1315" pin=2"/></net>

<net id="1322"><net_src comp="1315" pin="3"/><net_sink comp="461" pin=1"/></net>

<net id="1326"><net_src comp="162" pin="1"/><net_sink comp="1323" pin=0"/></net>

<net id="1327"><net_src comp="1323" pin="1"/><net_sink comp="663" pin=1"/></net>

<net id="1328"><net_src comp="1323" pin="1"/><net_sink comp="1133" pin=0"/></net>

<net id="1329"><net_src comp="1323" pin="1"/><net_sink comp="1241" pin=1"/></net>

<net id="1333"><net_src comp="166" pin="1"/><net_sink comp="1330" pin=0"/></net>

<net id="1334"><net_src comp="1330" pin="1"/><net_sink comp="658" pin=1"/></net>

<net id="1335"><net_src comp="1330" pin="1"/><net_sink comp="668" pin=0"/></net>

<net id="1336"><net_src comp="1330" pin="1"/><net_sink comp="758" pin=1"/></net>

<net id="1340"><net_src comp="170" pin="1"/><net_sink comp="1337" pin=0"/></net>

<net id="1341"><net_src comp="1337" pin="1"/><net_sink comp="653" pin=1"/></net>

<net id="1342"><net_src comp="1337" pin="1"/><net_sink comp="671" pin=0"/></net>

<net id="1343"><net_src comp="1337" pin="1"/><net_sink comp="1236" pin=1"/></net>

<net id="1347"><net_src comp="517" pin="2"/><net_sink comp="1344" pin=0"/></net>

<net id="1348"><net_src comp="1344" pin="1"/><net_sink comp="905" pin=0"/></net>

<net id="1352"><net_src comp="533" pin="2"/><net_sink comp="1349" pin=0"/></net>

<net id="1353"><net_src comp="1349" pin="1"/><net_sink comp="918" pin=0"/></net>

<net id="1357"><net_src comp="539" pin="2"/><net_sink comp="1354" pin=0"/></net>

<net id="1358"><net_src comp="1354" pin="1"/><net_sink comp="976" pin=0"/></net>

<net id="1362"><net_src comp="555" pin="2"/><net_sink comp="1359" pin=0"/></net>

<net id="1363"><net_src comp="1359" pin="1"/><net_sink comp="988" pin=0"/></net>

<net id="1367"><net_src comp="561" pin="2"/><net_sink comp="1364" pin=0"/></net>

<net id="1368"><net_src comp="1364" pin="1"/><net_sink comp="1050" pin=0"/></net>

<net id="1372"><net_src comp="567" pin="2"/><net_sink comp="1369" pin=0"/></net>

<net id="1373"><net_src comp="1369" pin="1"/><net_sink comp="1062" pin=0"/></net>

<net id="1377"><net_src comp="573" pin="2"/><net_sink comp="1374" pin=0"/></net>

<net id="1378"><net_src comp="1374" pin="1"/><net_sink comp="1114" pin=0"/></net>

<net id="1382"><net_src comp="589" pin="2"/><net_sink comp="1379" pin=0"/></net>

<net id="1383"><net_src comp="1379" pin="1"/><net_sink comp="1126" pin=0"/></net>

<net id="1387"><net_src comp="595" pin="2"/><net_sink comp="1384" pin=0"/></net>

<net id="1388"><net_src comp="1384" pin="1"/><net_sink comp="1194" pin=0"/></net>

<net id="1392"><net_src comp="601" pin="2"/><net_sink comp="1389" pin=0"/></net>

<net id="1393"><net_src comp="1389" pin="1"/><net_sink comp="1206" pin=0"/></net>

<net id="1397"><net_src comp="607" pin="2"/><net_sink comp="1394" pin=0"/></net>

<net id="1398"><net_src comp="1394" pin="1"/><net_sink comp="1251" pin=0"/></net>

<net id="1402"><net_src comp="613" pin="2"/><net_sink comp="1399" pin=0"/></net>

<net id="1403"><net_src comp="1399" pin="1"/><net_sink comp="1263" pin=0"/></net>

<net id="1407"><net_src comp="619" pin="2"/><net_sink comp="1404" pin=0"/></net>

<net id="1408"><net_src comp="1404" pin="1"/><net_sink comp="1275" pin=0"/></net>

<net id="1412"><net_src comp="625" pin="2"/><net_sink comp="1409" pin=0"/></net>

<net id="1413"><net_src comp="1409" pin="1"/><net_sink comp="1287" pin=0"/></net>

<net id="1417"><net_src comp="631" pin="2"/><net_sink comp="1414" pin=0"/></net>

<net id="1418"><net_src comp="1414" pin="1"/><net_sink comp="1303" pin=0"/></net>

<net id="1422"><net_src comp="647" pin="2"/><net_sink comp="1419" pin=0"/></net>

<net id="1423"><net_src comp="1419" pin="1"/><net_sink comp="1315" pin=0"/></net>

<net id="1427"><net_src comp="680" pin="3"/><net_sink comp="1424" pin=0"/></net>

<net id="1428"><net_src comp="1424" pin="1"/><net_sink comp="787" pin=0"/></net>

<net id="1429"><net_src comp="1424" pin="1"/><net_sink comp="790" pin=2"/></net>

<net id="1430"><net_src comp="1424" pin="1"/><net_sink comp="883" pin=0"/></net>

<net id="1431"><net_src comp="1424" pin="1"/><net_sink comp="1019" pin=2"/></net>

<net id="1432"><net_src comp="1424" pin="1"/><net_sink comp="1213" pin=0"/></net>

<net id="1436"><net_src comp="696" pin="1"/><net_sink comp="1433" pin=0"/></net>

<net id="1437"><net_src comp="1433" pin="1"/><net_sink comp="763" pin=1"/></net>

<net id="1438"><net_src comp="1433" pin="1"/><net_sink comp="775" pin=1"/></net>

<net id="1439"><net_src comp="1433" pin="1"/><net_sink comp="813" pin=1"/></net>

<net id="1440"><net_src comp="1433" pin="1"/><net_sink comp="825" pin=1"/></net>

<net id="1441"><net_src comp="1433" pin="1"/><net_sink comp="859" pin=1"/></net>

<net id="1442"><net_src comp="1433" pin="1"/><net_sink comp="871" pin=1"/></net>

<net id="1443"><net_src comp="1433" pin="1"/><net_sink comp="925" pin=1"/></net>

<net id="1444"><net_src comp="1433" pin="1"/><net_sink comp="937" pin=1"/></net>

<net id="1445"><net_src comp="1433" pin="1"/><net_sink comp="995" pin=1"/></net>

<net id="1446"><net_src comp="1433" pin="1"/><net_sink comp="1007" pin=1"/></net>

<net id="1447"><net_src comp="1433" pin="1"/><net_sink comp="1069" pin=1"/></net>

<net id="1448"><net_src comp="1433" pin="1"/><net_sink comp="1081" pin=1"/></net>

<net id="1449"><net_src comp="1433" pin="1"/><net_sink comp="1136" pin=1"/></net>

<net id="1450"><net_src comp="1433" pin="1"/><net_sink comp="1148" pin=1"/></net>

<net id="1454"><net_src comp="700" pin="3"/><net_sink comp="1451" pin=0"/></net>

<net id="1455"><net_src comp="1451" pin="1"/><net_sink comp="1041" pin=0"/></net>

<net id="1459"><net_src comp="180" pin="3"/><net_sink comp="1456" pin=0"/></net>

<net id="1460"><net_src comp="1456" pin="1"/><net_sink comp="194" pin=2"/></net>

<net id="1464"><net_src comp="187" pin="3"/><net_sink comp="1461" pin=0"/></net>

<net id="1465"><net_src comp="1461" pin="1"/><net_sink comp="194" pin=0"/></net>

<net id="1469"><net_src comp="731" pin="1"/><net_sink comp="1466" pin=0"/></net>

<net id="1470"><net_src comp="1466" pin="1"/><net_sink comp="837" pin=2"/></net>

<net id="1474"><net_src comp="205" pin="3"/><net_sink comp="1471" pin=0"/></net>

<net id="1475"><net_src comp="1471" pin="1"/><net_sink comp="219" pin=2"/></net>

<net id="1479"><net_src comp="212" pin="3"/><net_sink comp="1476" pin=0"/></net>

<net id="1480"><net_src comp="1476" pin="1"/><net_sink comp="219" pin=0"/></net>

<net id="1484"><net_src comp="746" pin="3"/><net_sink comp="1481" pin=0"/></net>

<net id="1485"><net_src comp="1481" pin="1"/><net_sink comp="1168" pin=0"/></net>

<net id="1489"><net_src comp="754" pin="1"/><net_sink comp="1486" pin=0"/></net>

<net id="1490"><net_src comp="1486" pin="1"/><net_sink comp="1173" pin=2"/></net>

<net id="1494"><net_src comp="230" pin="3"/><net_sink comp="1491" pin=0"/></net>

<net id="1495"><net_src comp="1491" pin="1"/><net_sink comp="194" pin=2"/></net>

<net id="1499"><net_src comp="237" pin="3"/><net_sink comp="1496" pin=0"/></net>

<net id="1500"><net_src comp="1496" pin="1"/><net_sink comp="194" pin=0"/></net>

<net id="1504"><net_src comp="787" pin="1"/><net_sink comp="1501" pin=0"/></net>

<net id="1505"><net_src comp="1501" pin="1"/><net_sink comp="849" pin=0"/></net>

<net id="1506"><net_src comp="1501" pin="1"/><net_sink comp="949" pin=2"/></net>

<net id="1510"><net_src comp="790" pin="3"/><net_sink comp="1507" pin=0"/></net>

<net id="1511"><net_src comp="1507" pin="1"/><net_sink comp="886" pin=0"/></net>

<net id="1512"><net_src comp="1507" pin="1"/><net_sink comp="1160" pin=0"/></net>

<net id="1516"><net_src comp="246" pin="3"/><net_sink comp="1513" pin=0"/></net>

<net id="1517"><net_src comp="1513" pin="1"/><net_sink comp="219" pin=2"/></net>

<net id="1521"><net_src comp="253" pin="3"/><net_sink comp="1518" pin=0"/></net>

<net id="1522"><net_src comp="1518" pin="1"/><net_sink comp="219" pin=0"/></net>

<net id="1526"><net_src comp="262" pin="3"/><net_sink comp="1523" pin=0"/></net>

<net id="1527"><net_src comp="1523" pin="1"/><net_sink comp="194" pin=2"/></net>

<net id="1531"><net_src comp="269" pin="3"/><net_sink comp="1528" pin=0"/></net>

<net id="1532"><net_src comp="1528" pin="1"/><net_sink comp="194" pin=0"/></net>

<net id="1536"><net_src comp="837" pin="3"/><net_sink comp="1533" pin=0"/></net>

<net id="1537"><net_src comp="1533" pin="1"/><net_sink comp="1093" pin=0"/></net>

<net id="1541"><net_src comp="278" pin="3"/><net_sink comp="1538" pin=0"/></net>

<net id="1542"><net_src comp="1538" pin="1"/><net_sink comp="219" pin=2"/></net>

<net id="1546"><net_src comp="849" pin="2"/><net_sink comp="1543" pin=0"/></net>

<net id="1547"><net_src comp="1543" pin="1"/><net_sink comp="1101" pin=0"/></net>

<net id="1551"><net_src comp="285" pin="3"/><net_sink comp="1548" pin=0"/></net>

<net id="1552"><net_src comp="1548" pin="1"/><net_sink comp="219" pin=0"/></net>

<net id="1556"><net_src comp="294" pin="3"/><net_sink comp="1553" pin=0"/></net>

<net id="1557"><net_src comp="1553" pin="1"/><net_sink comp="194" pin=2"/></net>

<net id="1561"><net_src comp="301" pin="3"/><net_sink comp="1558" pin=0"/></net>

<net id="1562"><net_src comp="1558" pin="1"/><net_sink comp="194" pin=0"/></net>

<net id="1566"><net_src comp="883" pin="1"/><net_sink comp="1563" pin=0"/></net>

<net id="1567"><net_src comp="1563" pin="1"/><net_sink comp="961" pin=0"/></net>

<net id="1568"><net_src comp="1563" pin="1"/><net_sink comp="1031" pin=0"/></net>

<net id="1569"><net_src comp="1563" pin="1"/><net_sink comp="1041" pin=1"/></net>

<net id="1573"><net_src comp="310" pin="3"/><net_sink comp="1570" pin=0"/></net>

<net id="1574"><net_src comp="1570" pin="1"/><net_sink comp="219" pin=2"/></net>

<net id="1578"><net_src comp="317" pin="3"/><net_sink comp="1575" pin=0"/></net>

<net id="1579"><net_src comp="1575" pin="1"/><net_sink comp="219" pin=0"/></net>

<net id="1583"><net_src comp="918" pin="3"/><net_sink comp="1580" pin=0"/></net>

<net id="1584"><net_src comp="1580" pin="1"/><net_sink comp="971" pin=1"/></net>

<net id="1585"><net_src comp="1580" pin="1"/><net_sink comp="976" pin=2"/></net>

<net id="1589"><net_src comp="326" pin="3"/><net_sink comp="1586" pin=0"/></net>

<net id="1590"><net_src comp="1586" pin="1"/><net_sink comp="194" pin=2"/></net>

<net id="1594"><net_src comp="333" pin="3"/><net_sink comp="1591" pin=0"/></net>

<net id="1595"><net_src comp="1591" pin="1"/><net_sink comp="194" pin=0"/></net>

<net id="1599"><net_src comp="342" pin="3"/><net_sink comp="1596" pin=0"/></net>

<net id="1600"><net_src comp="1596" pin="1"/><net_sink comp="219" pin=2"/></net>

<net id="1604"><net_src comp="349" pin="3"/><net_sink comp="1601" pin=0"/></net>

<net id="1605"><net_src comp="1601" pin="1"/><net_sink comp="219" pin=0"/></net>

<net id="1609"><net_src comp="988" pin="3"/><net_sink comp="1606" pin=0"/></net>

<net id="1610"><net_src comp="1606" pin="1"/><net_sink comp="1045" pin=1"/></net>

<net id="1611"><net_src comp="1606" pin="1"/><net_sink comp="1050" pin=2"/></net>

<net id="1615"><net_src comp="358" pin="3"/><net_sink comp="1612" pin=0"/></net>

<net id="1616"><net_src comp="1612" pin="1"/><net_sink comp="194" pin=2"/></net>

<net id="1620"><net_src comp="365" pin="3"/><net_sink comp="1617" pin=0"/></net>

<net id="1621"><net_src comp="1617" pin="1"/><net_sink comp="194" pin=0"/></net>

<net id="1625"><net_src comp="374" pin="3"/><net_sink comp="1622" pin=0"/></net>

<net id="1626"><net_src comp="1622" pin="1"/><net_sink comp="219" pin=2"/></net>

<net id="1630"><net_src comp="381" pin="3"/><net_sink comp="1627" pin=0"/></net>

<net id="1631"><net_src comp="1627" pin="1"/><net_sink comp="219" pin=0"/></net>

<net id="1635"><net_src comp="1041" pin="2"/><net_sink comp="1632" pin=0"/></net>

<net id="1636"><net_src comp="1632" pin="1"/><net_sink comp="1294" pin=0"/></net>

<net id="1640"><net_src comp="1062" pin="3"/><net_sink comp="1637" pin=0"/></net>

<net id="1641"><net_src comp="1637" pin="1"/><net_sink comp="1109" pin=1"/></net>

<net id="1642"><net_src comp="1637" pin="1"/><net_sink comp="1114" pin=2"/></net>

<net id="1646"><net_src comp="390" pin="3"/><net_sink comp="1643" pin=0"/></net>

<net id="1647"><net_src comp="1643" pin="1"/><net_sink comp="194" pin=2"/></net>

<net id="1651"><net_src comp="397" pin="3"/><net_sink comp="1648" pin=0"/></net>

<net id="1652"><net_src comp="1648" pin="1"/><net_sink comp="194" pin=0"/></net>

<net id="1656"><net_src comp="406" pin="3"/><net_sink comp="1653" pin=0"/></net>

<net id="1657"><net_src comp="1653" pin="1"/><net_sink comp="219" pin=2"/></net>

<net id="1661"><net_src comp="413" pin="3"/><net_sink comp="1658" pin=0"/></net>

<net id="1662"><net_src comp="1658" pin="1"/><net_sink comp="219" pin=0"/></net>

<net id="1666"><net_src comp="1126" pin="3"/><net_sink comp="1663" pin=0"/></net>

<net id="1667"><net_src comp="1663" pin="1"/><net_sink comp="1189" pin=1"/></net>

<net id="1668"><net_src comp="1663" pin="1"/><net_sink comp="1194" pin=2"/></net>

<net id="1672"><net_src comp="422" pin="3"/><net_sink comp="1669" pin=0"/></net>

<net id="1673"><net_src comp="1669" pin="1"/><net_sink comp="194" pin=2"/></net>

<net id="1677"><net_src comp="429" pin="3"/><net_sink comp="1674" pin=0"/></net>

<net id="1678"><net_src comp="1674" pin="1"/><net_sink comp="194" pin=0"/></net>

<net id="1682"><net_src comp="438" pin="3"/><net_sink comp="1679" pin=0"/></net>

<net id="1683"><net_src comp="1679" pin="1"/><net_sink comp="219" pin=2"/></net>

<net id="1687"><net_src comp="445" pin="3"/><net_sink comp="1684" pin=0"/></net>

<net id="1688"><net_src comp="1684" pin="1"/><net_sink comp="219" pin=0"/></net>

<net id="1692"><net_src comp="1206" pin="3"/><net_sink comp="1689" pin=0"/></net>

<net id="1693"><net_src comp="1689" pin="1"/><net_sink comp="1246" pin=1"/></net>

<net id="1694"><net_src comp="1689" pin="1"/><net_sink comp="1251" pin=2"/></net>

<net id="1698"><net_src comp="1224" pin="2"/><net_sink comp="1695" pin=0"/></net>

<net id="1699"><net_src comp="1695" pin="1"/><net_sink comp="470" pin=2"/></net>

<net id="1703"><net_src comp="1230" pin="2"/><net_sink comp="1700" pin=0"/></net>

<net id="1707"><net_src comp="1263" pin="3"/><net_sink comp="1704" pin=0"/></net>

<net id="1708"><net_src comp="1704" pin="1"/><net_sink comp="1270" pin=1"/></net>

<net id="1709"><net_src comp="1704" pin="1"/><net_sink comp="1275" pin=2"/></net>

<net id="1713"><net_src comp="1287" pin="3"/><net_sink comp="1710" pin=0"/></net>

<net id="1714"><net_src comp="1710" pin="1"/><net_sink comp="1298" pin=1"/></net>

<net id="1715"><net_src comp="1710" pin="1"/><net_sink comp="1303" pin=2"/></net>

</net_list>

</model> 
---------------- Datapath Model END ------------------

* FSMD analyzer results:
  - Output states:
	Port: out_r | {11 }
 - Input state : 
	Port: matmul : in1 | {1 2 3 4 5 6 7 8 9 }
	Port: matmul : in2 | {1 2 3 4 5 6 7 8 9 }
	Port: matmul : size | {1 }
  - Chain level:
	State 1
		icmp_ln10_1 : 1
		icmp_ln10_3 : 1
		icmp_ln10_7 : 1
		icmp_ln10_15 : 1
		store_ln7 : 1
		store_ln6 : 1
		store_ln0 : 1
		icmp_ln74 : 1
		i_1 : 1
		j_1 : 1
		add_ln6 : 2
		select_ln6 : 2
		i_3 : 3
		trunc_ln11 : 4
		tmp : 5
		zext_ln11 : 6
		in1_addr : 7
		tmp_1 : 5
		zext_ln11_1 : 6
		in1_addr_1 : 7
		in1_load : 8
		in1_load_1 : 8
		zext_ln7 : 3
		zext_ln11_18 : 3
		in2_addr : 4
		add_ln11 : 4
		zext_ln11_19 : 5
		in2_addr_1 : 6
		bit_sel : 3
		trunc_ln11_1 : 3
		in2_load : 5
		in2_load_1 : 7
		store_ln6 : 4
	State 2
		zext_ln11_2 : 1
		in1_addr_2 : 2
		zext_ln11_3 : 1
		in1_addr_3 : 2
		in1_load_2 : 3
		in1_load_3 : 3
		zext_ln11_20 : 1
		in2_addr_2 : 2
		add_ln11_1 : 1
		zext_ln11_21 : 2
		in2_addr_3 : 3
		sum : 1
		mul_ln11 : 1
		in2_load_2 : 3
		in2_load_3 : 4
	State 3
		zext_ln11_4 : 1
		in1_addr_4 : 2
		zext_ln11_5 : 1
		in1_addr_5 : 2
		in1_load_4 : 3
		in1_load_5 : 3
		zext_ln11_22 : 1
		in2_addr_4 : 2
		zext_ln11_23 : 1
		in2_addr_5 : 2
		mul_ln11_1 : 1
		mul_ln11_2 : 1
		in2_load_4 : 3
		in2_load_5 : 3
	State 4
		zext_ln11_6 : 1
		in1_addr_6 : 2
		zext_ln11_7 : 1
		in1_addr_7 : 2
		in1_load_6 : 3
		in1_load_7 : 3
		zext_ln11_24 : 1
		in2_addr_6 : 2
		add_ln11_3 : 1
		zext_ln11_25 : 2
		in2_addr_7 : 3
		sum_2 : 1
		sum_3 : 2
		mul_ln11_3 : 1
		mul_ln11_4 : 1
		in2_load_6 : 3
		in2_load_7 : 4
	State 5
		zext_ln11_8 : 1
		in1_addr_8 : 2
		zext_ln11_9 : 1
		in1_addr_9 : 2
		in1_load_8 : 3
		in1_load_9 : 3
		zext_ln11_26 : 1
		in2_addr_8 : 2
		zext_ln11_27 : 1
		in2_addr_9 : 2
		sum_5 : 1
		sum_6 : 2
		sum_7 : 3
		mul_ln11_5 : 1
		mul_ln11_6 : 1
		in2_load_8 : 3
		in2_load_9 : 3
	State 6
		zext_ln11_10 : 1
		in1_addr_10 : 2
		zext_ln11_11 : 1
		in1_addr_11 : 2
		in1_load_10 : 3
		in1_load_11 : 3
		zext_ln11_28 : 1
		in2_addr_10 : 2
		zext_ln11_29 : 1
		in2_addr_11 : 2
		sum_9 : 1
		sum_10 : 2
		sum_11 : 3
		mul_ln11_7 : 1
		mul_ln11_8 : 1
		in2_load_10 : 3
		in2_load_11 : 3
	State 7
		zext_ln11_12 : 1
		in1_addr_12 : 2
		zext_ln11_13 : 1
		in1_addr_13 : 2
		in1_load_12 : 3
		in1_load_13 : 3
		zext_ln11_30 : 1
		in2_addr_12 : 2
		zext_ln11_31 : 1
		in2_addr_13 : 2
		sum_13 : 1
		sum_14 : 2
		sum_15 : 3
		mul_ln11_9 : 1
		mul_ln11_10 : 1
		in2_load_12 : 3
		in2_load_13 : 3
	State 8
		zext_ln11_14 : 1
		in1_addr_14 : 2
		zext_ln11_15 : 1
		in1_addr_15 : 2
		in1_load_14 : 3
		in1_load_15 : 3
		zext_ln11_32 : 1
		in2_addr_14 : 2
		sext_ln11_4 : 1
		zext_ln11_33 : 2
		in2_addr_15 : 3
		sum_17 : 1
		sum_18 : 2
		sum_19 : 3
		mul_ln11_11 : 1
		mul_ln11_12 : 1
		in2_load_14 : 3
		in2_load_15 : 4
		add_ln6_1 : 1
		icmp_ln7 : 1
		icmp_ln6 : 1
		store_ln7 : 1
		store_ln6 : 2
		br_ln6 : 2
	State 9
		sum_21 : 1
		sum_22 : 2
		sum_23 : 3
		mul_ln11_13 : 1
		mul_ln11_14 : 1
	State 10
		sum_25 : 1
		sum_26 : 2
		sum_27 : 3
	State 11
		out_r_addr : 1
		sum_29 : 1
		sum_30 : 2
		sum_31 : 3
		store_ln14 : 4


============================================================
+ Verbose Summary: Datapath Resource usage 
============================================================

* Functional unit list:
|----------|-----------------------|---------|---------|---------|
| Operation|    Functional Unit    |   DSP   |    FF   |   LUT   |
|----------|-----------------------|---------|---------|---------|
|          |     add_ln6_fu_674    |    0    |    0    |    13   |
|          |    add_ln11_fu_735    |    0    |    0    |    14   |
|          |   add_ln11_1_fu_802   |    0    |    0    |    14   |
|          |   add_ln11_2_fu_849   |    0    |    0    |    14   |
|          |   add_ln11_3_fu_894   |    0    |    0    |    15   |
|          |      sum_2_fu_912     |    0    |    0    |    39   |
|          |   add_ln11_4_fu_961   |    0    |    0    |    15   |
|          |      sum_4_fu_971     |    0    |    0    |    39   |
|          |      sum_6_fu_982     |    0    |    0    |    39   |
|          |   add_ln11_5_fu_1031  |    0    |    0    |    15   |
|          |    add_ln14_fu_1041   |    0    |    0    |    15   |
|          |     sum_8_fu_1045     |    0    |    0    |    39   |
|    add   |     sum_10_fu_1056    |    0    |    0    |    39   |
|          |     sum_12_fu_1109    |    0    |    0    |    39   |
|          |     sum_14_fu_1120    |    0    |    0    |    39   |
|          |     sum_16_fu_1189    |    0    |    0    |    39   |
|          |     sum_18_fu_1200    |    0    |    0    |    39   |
|          |      j_3_fu_1213      |    0    |    0    |    13   |
|          |   add_ln6_1_fu_1218   |    0    |    0    |    15   |
|          |     sum_20_fu_1246    |    0    |    0    |    39   |
|          |     sum_22_fu_1257    |    0    |    0    |    39   |
|          |     sum_24_fu_1270    |    0    |    0    |    39   |
|          |     sum_26_fu_1281    |    0    |    0    |    39   |
|          |     sum_28_fu_1298    |    0    |    0    |    39   |
|          |     sum_30_fu_1309    |    0    |    0    |    39   |
|----------|-----------------------|---------|---------|---------|
|          |    icmp_ln10_fu_517   |    0    |    0    |    39   |
|          |   icmp_ln10_1_fu_533  |    0    |    0    |    38   |
|          |   icmp_ln10_2_fu_539  |    0    |    0    |    39   |
|          |   icmp_ln10_3_fu_555  |    0    |    0    |    37   |
|          |   icmp_ln10_4_fu_561  |    0    |    0    |    39   |
|          |   icmp_ln10_5_fu_567  |    0    |    0    |    39   |
|          |   icmp_ln10_6_fu_573  |    0    |    0    |    39   |
|          |   icmp_ln10_7_fu_589  |    0    |    0    |    36   |
|   icmp   |   icmp_ln10_8_fu_595  |    0    |    0    |    39   |
|          |   icmp_ln10_9_fu_601  |    0    |    0    |    39   |
|          |  icmp_ln10_10_fu_607  |    0    |    0    |    39   |
|          |  icmp_ln10_11_fu_613  |    0    |    0    |    39   |
|          |  icmp_ln10_12_fu_619  |    0    |    0    |    39   |
|          |  icmp_ln10_13_fu_625  |    0    |    0    |    39   |
|          |  icmp_ln10_14_fu_631  |    0    |    0    |    39   |
|          |  icmp_ln10_15_fu_647  |    0    |    0    |    35   |
|          |    icmp_ln7_fu_1224   |    0    |    0    |    13   |
|          |    icmp_ln6_fu_1230   |    0    |    0    |    15   |
|----------|-----------------------|---------|---------|---------|
|          |   select_ln6_fu_680   |    0    |    0    |    5    |
|          |       i_3_fu_688      |    0    |    0    |    5    |
|          |      sum_1_fu_905     |    0    |    0    |    32   |
|          |      sum_3_fu_918     |    0    |    0    |    32   |
|          |      sum_5_fu_976     |    0    |    0    |    32   |
|          |      sum_7_fu_988     |    0    |    0    |    32   |
|          |     sum_9_fu_1050     |    0    |    0    |    32   |
|          |     sum_11_fu_1062    |    0    |    0    |    32   |
|  select  |     sum_13_fu_1114    |    0    |    0    |    32   |
|          |     sum_15_fu_1126    |    0    |    0    |    32   |
|          |     sum_17_fu_1194    |    0    |    0    |    32   |
|          |     sum_19_fu_1206    |    0    |    0    |    32   |
|          |     sum_21_fu_1251    |    0    |    0    |    32   |
|          |     sum_23_fu_1263    |    0    |    0    |    32   |
|          |     sum_25_fu_1275    |    0    |    0    |    32   |
|          |     sum_27_fu_1287    |    0    |    0    |    32   |
|          |     sum_29_fu_1303    |    0    |    0    |    32   |
|          |     sum_31_fu_1315    |    0    |    0    |    32   |
|----------|-----------------------|---------|---------|---------|
|    mul   |       grp_fu_477      |    3    |   165   |    50   |
|          |       grp_fu_483      |    3    |   165   |    50   |
|----------|-----------------------|---------|---------|---------|
|    xor   |    xor_ln11_fu_1168   |    0    |    0    |    2    |
|----------|-----------------------|---------|---------|---------|
|   read   | size_read_read_fu_174 |    0    |    0    |    0    |
|----------|-----------------------|---------|---------|---------|
|          |     tmp_16_fu_523     |    0    |    0    |    0    |
|partselect|     tmp_17_fu_545     |    0    |    0    |    0    |
|          |     tmp_18_fu_579     |    0    |    0    |    0    |
|          |     tmp_19_fu_637     |    0    |    0    |    0    |
|----------|-----------------------|---------|---------|---------|
|   trunc  |   trunc_ln11_fu_696   |    0    |    0    |    0    |
|          |  trunc_ln11_1_fu_754  |    0    |    0    |    0    |
|----------|-----------------------|---------|---------|---------|
|          |       tmp_fu_700      |    0    |    0    |    0    |
|          |      tmp_1_fu_713     |    0    |    0    |    0    |
|          |      tmp_2_fu_763     |    0    |    0    |    0    |
|          |      tmp_3_fu_775     |    0    |    0    |    0    |
|          |   tmp_16_cast_fu_790  |    0    |    0    |    0    |
|          |      tmp_4_fu_813     |    0    |    0    |    0    |
|          |      tmp_5_fu_825     |    0    |    0    |    0    |
|          |   tmp_17_cast_fu_837  |    0    |    0    |    0    |
|          |      tmp_6_fu_859     |    0    |    0    |    0    |
|          |      tmp_7_fu_871     |    0    |    0    |    0    |
|bitconcatenate|      tmp_8_fu_925     |    0    |    0    |    0    |
|          |      tmp_9_fu_937     |    0    |    0    |    0    |
|          |   tmp_19_cast_fu_949  |    0    |    0    |    0    |
|          |      tmp_s_fu_995     |    0    |    0    |    0    |
|          |     tmp_10_fu_1007    |    0    |    0    |    0    |
|          |  tmp_20_cast_fu_1019  |    0    |    0    |    0    |
|          |     tmp_11_fu_1069    |    0    |    0    |    0    |
|          |     tmp_12_fu_1081    |    0    |    0    |    0    |
|          |     tmp_13_fu_1136    |    0    |    0    |    0    |
|          |     tmp_14_fu_1148    |    0    |    0    |    0    |
|          |   add_ln11_7_fu_1173  |    0    |    0    |    0    |
|----------|-----------------------|---------|---------|---------|
|          |    zext_ln11_fu_708   |    0    |    0    |    0    |
|          |   zext_ln11_1_fu_721  |    0    |    0    |    0    |
|          |    zext_ln7_fu_726    |    0    |    0    |    0    |
|          |  zext_ln11_18_fu_731  |    0    |    0    |    0    |
|          |  zext_ln11_19_fu_741  |    0    |    0    |    0    |
|          |   zext_ln11_2_fu_770  |    0    |    0    |    0    |
|          |   zext_ln11_3_fu_782  |    0    |    0    |    0    |
|          |  zext_ln11_17_fu_787  |    0    |    0    |    0    |
|          |  zext_ln11_20_fu_797  |    0    |    0    |    0    |
|          |  zext_ln11_21_fu_808  |    0    |    0    |    0    |
|          |   zext_ln11_4_fu_820  |    0    |    0    |    0    |
|          |   zext_ln11_5_fu_832  |    0    |    0    |    0    |
|          |  zext_ln11_22_fu_844  |    0    |    0    |    0    |
|          |  zext_ln11_23_fu_854  |    0    |    0    |    0    |
|          |   zext_ln11_6_fu_866  |    0    |    0    |    0    |
|          |   zext_ln11_7_fu_878  |    0    |    0    |    0    |
|          |  zext_ln11_16_fu_883  |    0    |    0    |    0    |
|   zext   |  zext_ln11_24_fu_889  |    0    |    0    |    0    |
|          |  zext_ln11_25_fu_900  |    0    |    0    |    0    |
|          |   zext_ln11_8_fu_932  |    0    |    0    |    0    |
|          |   zext_ln11_9_fu_944  |    0    |    0    |    0    |
|          |  zext_ln11_26_fu_956  |    0    |    0    |    0    |
|          |  zext_ln11_27_fu_966  |    0    |    0    |    0    |
|          |  zext_ln11_10_fu_1002 |    0    |    0    |    0    |
|          |  zext_ln11_11_fu_1014 |    0    |    0    |    0    |
|          |  zext_ln11_28_fu_1026 |    0    |    0    |    0    |
|          |  zext_ln11_29_fu_1036 |    0    |    0    |    0    |
|          |  zext_ln11_12_fu_1076 |    0    |    0    |    0    |
|          |  zext_ln11_13_fu_1088 |    0    |    0    |    0    |
|          |  zext_ln11_30_fu_1096 |    0    |    0    |    0    |
|          |  zext_ln11_31_fu_1104 |    0    |    0    |    0    |
|          |  zext_ln11_14_fu_1143 |    0    |    0    |    0    |
|          |  zext_ln11_15_fu_1155 |    0    |    0    |    0    |
|          |  zext_ln11_32_fu_1163 |    0    |    0    |    0    |
|          |  zext_ln11_33_fu_1184 |    0    |    0    |    0    |
|          |   zext_ln14_fu_1294   |    0    |    0    |    0    |
|----------|-----------------------|---------|---------|---------|
| bitselect|     bit_sel_fu_746    |    0    |    0    |    0    |
|----------|-----------------------|---------|---------|---------|
|          |    sext_ln11_fu_886   |    0    |    0    |    0    |
|          |  sext_ln11_1_fu_1093  |    0    |    0    |    0    |
|   sext   |  sext_ln11_2_fu_1101  |    0    |    0    |    0    |
|          |  sext_ln11_3_fu_1160  |    0    |    0    |    0    |
|          |  sext_ln11_4_fu_1180  |    0    |    0    |    0    |
|----------|-----------------------|---------|---------|---------|
|   Total  |                       |    6    |   330   |   1994  |
|----------|-----------------------|---------|---------|---------|

Memories:
N/A

* Register list:
+------------------------+--------+
|                        |   FF   |
+------------------------+--------+
|   add_ln11_2_reg_1543  |    7   |
|    add_ln14_reg_1632   |    8   |
|    bit_sel_reg_1481    |    1   |
|       i_reg_1330       |    5   |
|  icmp_ln10_10_reg_1394 |    1   |
|  icmp_ln10_11_reg_1399 |    1   |
|  icmp_ln10_12_reg_1404 |    1   |
|  icmp_ln10_13_reg_1409 |    1   |
|  icmp_ln10_14_reg_1414 |    1   |
|  icmp_ln10_15_reg_1419 |    1   |
|  icmp_ln10_1_reg_1349  |    1   |
|  icmp_ln10_2_reg_1354  |    1   |
|  icmp_ln10_3_reg_1359  |    1   |
|  icmp_ln10_4_reg_1364  |    1   |
|  icmp_ln10_5_reg_1369  |    1   |
|  icmp_ln10_6_reg_1374  |    1   |
|  icmp_ln10_7_reg_1379  |    1   |
|  icmp_ln10_8_reg_1384  |    1   |
|  icmp_ln10_9_reg_1389  |    1   |
|   icmp_ln10_reg_1344   |    1   |
|    icmp_ln6_reg_1700   |    1   |
|    icmp_ln74_reg_467   |    1   |
|    icmp_ln7_reg_1695   |    1   |
|  in1_addr_10_reg_1612  |    8   |
|  in1_addr_11_reg_1617  |    8   |
|  in1_addr_12_reg_1643  |    8   |
|  in1_addr_13_reg_1648  |    8   |
|  in1_addr_14_reg_1669  |    8   |
|  in1_addr_15_reg_1674  |    8   |
|   in1_addr_1_reg_1461  |    8   |
|   in1_addr_2_reg_1491  |    8   |
|   in1_addr_3_reg_1496  |    8   |
|   in1_addr_4_reg_1523  |    8   |
|   in1_addr_5_reg_1528  |    8   |
|   in1_addr_6_reg_1553  |    8   |
|   in1_addr_7_reg_1558  |    8   |
|   in1_addr_8_reg_1586  |    8   |
|   in1_addr_9_reg_1591  |    8   |
|    in1_addr_reg_1456   |    8   |
|  in2_addr_10_reg_1622  |    8   |
|  in2_addr_11_reg_1627  |    8   |
|  in2_addr_12_reg_1653  |    8   |
|  in2_addr_13_reg_1658  |    8   |
|  in2_addr_14_reg_1679  |    8   |
|  in2_addr_15_reg_1684  |    8   |
|   in2_addr_1_reg_1476  |    8   |
|   in2_addr_2_reg_1513  |    8   |
|   in2_addr_3_reg_1518  |    8   |
|   in2_addr_4_reg_1538  |    8   |
|   in2_addr_5_reg_1548  |    8   |
|   in2_addr_6_reg_1570  |    8   |
|   in2_addr_7_reg_1575  |    8   |
|   in2_addr_8_reg_1596  |    8   |
|   in2_addr_9_reg_1601  |    8   |
|    in2_addr_reg_1471   |    8   |
|indvar_flatten1_reg_1323|    8   |
|       j_reg_1337       |    5   |
|         reg_489        |   32   |
|         reg_494        |   32   |
|         reg_499        |   32   |
|         reg_504        |   32   |
|         reg_509        |   32   |
|         reg_513        |   32   |
|   select_ln6_reg_1424  |    5   |
|     sum_11_reg_1637    |   32   |
|     sum_15_reg_1663    |   32   |
|     sum_19_reg_1689    |   32   |
|     sum_23_reg_1704    |   32   |
|     sum_27_reg_1710    |   32   |
|     sum_3_reg_1580     |   32   |
|     sum_7_reg_1606     |   32   |
|  tmp_16_cast_reg_1507  |    6   |
|  tmp_17_cast_reg_1533  |    7   |
|      tmp_reg_1451      |    8   |
|  trunc_ln11_1_reg_1486 |    4   |
|   trunc_ln11_reg_1433  |    4   |
|  zext_ln11_16_reg_1563 |    8   |
|  zext_ln11_17_reg_1501 |    7   |
|  zext_ln11_18_reg_1466 |    6   |
+------------------------+--------+
|          Total         |   780  |
+------------------------+--------+

* Multiplexer (MUX) list: 
|-------------------|------|------|------|--------||---------||---------||---------|
|        Comp       |  Pin | Size |  BW  | S x BW ||  Delay  ||    FF   ||   LUT   |
|-------------------|------|------|------|--------||---------||---------||---------|
| grp_access_fu_194 |  p0  |  16  |   8  |   128  ||    0    ||    65   |
| grp_access_fu_194 |  p2  |  16  |   0  |    0   ||    0    ||    65   |
| grp_access_fu_219 |  p0  |  16  |   8  |   128  ||    0    ||    65   |
| grp_access_fu_219 |  p2  |  16  |   0  |    0   ||    0    ||    65   |
|     grp_fu_477    |  p0  |   2  |  32  |   64   ||    0    ||    9    |
|     grp_fu_477    |  p1  |   2  |  32  |   64   ||    0    ||    9    |
|     grp_fu_483    |  p0  |   2  |  32  |   64   ||    0    ||    9    |
|     grp_fu_483    |  p1  |   2  |  32  |   64   ||    0    ||    9    |
|-------------------|------|------|------|--------||---------||---------||---------|
|       Total       |      |      |      |   512  ||  14.608 ||    0    ||   296   |
|-------------------|------|------|------|--------||---------||---------||---------|



* Summary:
+-----------+--------+--------+--------+--------+
|           |   DSP  |  Delay |   FF   |   LUT  |
+-----------+--------+--------+--------+--------+
|  Function |    6   |    -   |   330  |  1994  |
|   Memory  |    -   |    -   |    -   |    -   |
|Multiplexer|    -   |   14   |    0   |   296  |
|  Register |    -   |    -   |   780  |    -   |
+-----------+--------+--------+--------+--------+
|   Total   |    6   |   14   |  1110  |  2290  |
+-----------+--------+--------+--------+--------+
